"Year","Tariff group of provider","Deferred entry","Main scheme applicant","Main scheme application","Applicants","Accepted applicants","Acceptance rate"
"2006","Lower tariff","Not deferred","Not main scheme applicant","Not main scheme application","21525","21215","0.986"
"2007","Lower tariff","Not deferred","Not main scheme applicant","Not main scheme application","23455","23050","0.983"
"2008","Lower tariff","Not deferred","Not main scheme applicant","Not main scheme application","28050","27215","0.97"
"2009","Lower tariff","Not deferred","Not main scheme applicant","Not main scheme application","27520","26145","0.9500000000000001"
"2010","Lower tariff","Not deferred","Not main scheme applicant","Not main scheme application","18675","17505","0.937"
"2011","Lower tariff","Not deferred","Not main scheme applicant","Not main scheme application","15065","13650","0.906"
"2012","Lower tariff","Not deferred","Not main scheme applicant","Not main scheme application","19805","18110","0.914"
"2013","Lower tariff","Not deferred","Not main scheme applicant","Not main scheme application","23925","22325","0.933"
"2014","Lower tariff","Not deferred","Not main scheme applicant","Not main scheme application","26330","24705","0.9380000000000001"
"2015","Lower tariff","Not deferred","Not main scheme applicant","Not main scheme application","27415","25660","0.936"
"2016","Lower tariff","Not deferred","Not main scheme applicant","Not main scheme application","26040","24295","0.933"
"2017","Lower tariff","Not deferred","Not main scheme applicant","Not main scheme application","31100","28800","0.926"
"2018","Lower tariff","Not deferred","Not main scheme applicant","Not main scheme application","38745","36645","0.9460000000000001"
"2019","Lower tariff","Not deferred","Not main scheme applicant","Not main scheme application","46885","44175","0.9420000000000001"
"2020","Lower tariff","Not deferred","Not main scheme applicant","Not main scheme application","48640","45430","0.934"
"2021","Lower tariff","Not deferred","Not main scheme applicant","Not main scheme application","48275","45150","0.935"
"2022","Lower tariff","Not deferred","Not main scheme applicant","Not main scheme application","58155","54350","0.935"
"2023","Lower tariff","Not deferred","Not main scheme applicant","Not main scheme application","56545","52145","0.922"
"2006","Higher tariff","Not deferred","Not main scheme applicant","Not main scheme application","3030","2920","0.965"
"2007","Higher tariff","Not deferred","Not main scheme applicant","Not main scheme application","3090","2955","0.9570000000000001"
"2008","Higher tariff","Not deferred","Not main scheme applicant","Not main scheme application","3455","3290","0.9530000000000001"
"2009","Higher tariff","Not deferred","Not main scheme applicant","Not main scheme application","3075","2840","0.925"
"2010","Higher tariff","Not deferred","Not main scheme applicant","Not main scheme application","2240","2090","0.932"
"2011","Higher tariff","Not deferred","Not main scheme applicant","Not main scheme application","2310","2150","0.929"
"2012","Higher tariff","Not deferred","Not main scheme applicant","Not main scheme application","2690","2510","0.932"
"2013","Higher tariff","Not deferred","Not main scheme applicant","Not main scheme application","2975","2815","0.9460000000000001"
"2014","Higher tariff","Not deferred","Not main scheme applicant","Not main scheme application","2745","2560","0.932"
"2015","Higher tariff","Not deferred","Not main scheme applicant","Not main scheme application","3005","2820","0.937"
"2016","Higher tariff","Not deferred","Not main scheme applicant","Not main scheme application","3150","2930","0.93"
"2017","Higher tariff","Not deferred","Not main scheme applicant","Not main scheme application","3400","3105","0.914"
"2018","Higher tariff","Not deferred","Not main scheme applicant","Not main scheme application","3700","3380","0.913"
"2019","Higher tariff","Not deferred","Not main scheme applicant","Not main scheme application","4010","3710","0.925"
"2020","Higher tariff","Not deferred","Not main scheme applicant","Not main scheme application","4640","4125","0.889"
"2021","Higher tariff","Not deferred","Not main scheme applicant","Not main scheme application","3125","2860","0.915"
"2022","Higher tariff","Not deferred","Not main scheme applicant","Not main scheme application","3385","2945","0.87"
"2023","Higher tariff","Not deferred","Not main scheme applicant","Not main scheme application","3360","2950","0.878"
"2006","Medium tariff","Not deferred","Not main scheme applicant","Not main scheme application","9305","9080","0.976"
"2007","Medium tariff","Not deferred","Not main scheme applicant","Not main scheme application","9805","9600","0.979"
"2008","Medium tariff","Not deferred","Not main scheme applicant","Not main scheme application","12040","11755","0.977"
"2009","Medium tariff","Not deferred","Not main scheme applicant","Not main scheme application","10585","10100","0.9540000000000001"
"2010","Medium tariff","Not deferred","Not main scheme applicant","Not main scheme application","11420","11040","0.966"
"2011","Medium tariff","Not deferred","Not main scheme applicant","Not main scheme application","7935","7600","0.9580000000000001"
"2012","Medium tariff","Not deferred","Not main scheme applicant","Not main scheme application","9290","8815","0.9490000000000001"
"2013","Medium tariff","Not deferred","Not main scheme applicant","Not main scheme application","8805","8320","0.9450000000000001"
"2014","Medium tariff","Not deferred","Not main scheme applicant","Not main scheme application","6375","5865","0.92"
"2015","Medium tariff","Not deferred","Not main scheme applicant","Not main scheme application","9215","8575","0.93"
"2016","Medium tariff","Not deferred","Not main scheme applicant","Not main scheme application","9375","8750","0.933"
"2017","Medium tariff","Not deferred","Not main scheme applicant","Not main scheme application","10900","10130","0.93"
"2018","Medium tariff","Not deferred","Not main scheme applicant","Not main scheme application","11805","11005","0.932"
"2019","Medium tariff","Not deferred","Not main scheme applicant","Not main scheme application","12845","11855","0.923"
"2020","Medium tariff","Not deferred","Not main scheme applicant","Not main scheme application","15710","14370","0.915"
"2021","Medium tariff","Not deferred","Not main scheme applicant","Not main scheme application","12130","11025","0.909"
"2022","Medium tariff","Not deferred","Not main scheme applicant","Not main scheme application","15975","14380","0.9"
"2023","Medium tariff","Not deferred","Not main scheme applicant","Not main scheme application","23845","21810","0.915"
"2006","Lower tariff","Deferred","Not main scheme applicant","Not main scheme application","305","305","0.99"
"2007","Lower tariff","Deferred","Not main scheme applicant","Not main scheme application","315","310","0.981"
"2008","Lower tariff","Deferred","Not main scheme applicant","Not main scheme application","405","400","0.98"
"2009","Lower tariff","Deferred","Not main scheme applicant","Not main scheme application","540","405","0.751"
"2010","Lower tariff","Deferred","Not main scheme applicant","Not main scheme application","200","200","0.99"
"2011","Lower tariff","Deferred","Not main scheme applicant","Not main scheme application","80","75","0.975"
"2012","Lower tariff","Deferred","Not main scheme applicant","Not main scheme application","190","185","0.984"
"2013","Lower tariff","Deferred","Not main scheme applicant","Not main scheme application","260","255","0.981"
"2014","Lower tariff","Deferred","Not main scheme applicant","Not main scheme application","290","280","0.9590000000000001"
"2015","Lower tariff","Deferred","Not main scheme applicant","Not main scheme application","285","275","0.972"
"2016","Lower tariff","Deferred","Not main scheme applicant","Not main scheme application","265","255","0.9590000000000001"
"2017","Lower tariff","Deferred","Not main scheme applicant","Not main scheme application","375","365","0.976"
"2018","Lower tariff","Deferred","Not main scheme applicant","Not main scheme application","500","490","0.976"
"2019","Lower tariff","Deferred","Not main scheme applicant","Not main scheme application","435","420","0.968"
"2020","Lower tariff","Deferred","Not main scheme applicant","Not main scheme application","640","530","0.8310000000000001"
"2021","Lower tariff","Deferred","Not main scheme applicant","Not main scheme application","405","345","0.854"
"2022","Lower tariff","Deferred","Not main scheme applicant","Not main scheme application","360","265","0.739"
"2023","Lower tariff","Deferred","Not main scheme applicant","Not main scheme application","415","345","0.8310000000000001"
"2006","Higher tariff","Deferred","Not main scheme applicant","Not main scheme application","60","60","1"
"2007","Higher tariff","Deferred","Not main scheme applicant","Not main scheme application","60","55","0.9480000000000001"
"2008","Higher tariff","Deferred","Not main scheme applicant","Not main scheme application","75","75","0.973"
"2009","Higher tariff","Deferred","Not main scheme applicant","Not main scheme application","95","80","0.871"
"2010","Higher tariff","Deferred","Not main scheme applicant","Not main scheme application","40","40","0.9500000000000001"
"2011","Higher tariff","Deferred","Not main scheme applicant","Not main scheme application","20","20","1"
"2012","Higher tariff","Deferred","Not main scheme applicant","Not main scheme application","35","35","0.9460000000000001"
"2013","Higher tariff","Deferred","Not main scheme applicant","Not main scheme application","40","40","0.974"
"2014","Higher tariff","Deferred","Not main scheme applicant","Not main scheme application","50","45","0.9580000000000001"
"2015","Higher tariff","Deferred","Not main scheme applicant","Not main scheme application","55","55","0.965"
"2016","Higher tariff","Deferred","Not main scheme applicant","Not main scheme application","50","45","0.918"
"2017","Higher tariff","Deferred","Not main scheme applicant","Not main scheme application","65","65","0.969"
"2018","Higher tariff","Deferred","Not main scheme applicant","Not main scheme application","80","70","0.923"
"2019","Higher tariff","Deferred","Not main scheme applicant","Not main scheme application","90","90","0.989"
"2020","Higher tariff","Deferred","Not main scheme applicant","Not main scheme application","180","165","0.912"
"2021","Higher tariff","Deferred","Not main scheme applicant","Not main scheme application","75","65","0.89"
"2022","Higher tariff","Deferred","Not main scheme applicant","Not main scheme application","50","40","0.765"
"2023","Higher tariff","Deferred","Not main scheme applicant","Not main scheme application","70","55","0.8"
"2006","Medium tariff","Deferred","Not main scheme applicant","Not main scheme application","180","180","0.989"
"2007","Medium tariff","Deferred","Not main scheme applicant","Not main scheme application","175","175","0.977"
"2008","Medium tariff","Deferred","Not main scheme applicant","Not main scheme application","200","195","0.975"
"2009","Medium tariff","Deferred","Not main scheme applicant","Not main scheme application","150","130","0.849"
"2010","Medium tariff","Deferred","Not main scheme applicant","Not main scheme application","115","110","0.965"
"2011","Medium tariff","Deferred","Not main scheme applicant","Not main scheme application","70","70","0.972"
"2012","Medium tariff","Deferred","Not main scheme applicant","Not main scheme application","105","105","0.981"
"2013","Medium tariff","Deferred","Not main scheme applicant","Not main scheme application","145","145","0.986"
"2014","Medium tariff","Deferred","Not main scheme applicant","Not main scheme application","130","125","0.961"
"2015","Medium tariff","Deferred","Not main scheme applicant","Not main scheme application","125","120","0.984"
"2016","Medium tariff","Deferred","Not main scheme applicant","Not main scheme application","125","125","0.976"
"2017","Medium tariff","Deferred","Not main scheme applicant","Not main scheme application","205","200","0.98"
"2018","Medium tariff","Deferred","Not main scheme applicant","Not main scheme application","230","225","0.974"
"2019","Medium tariff","Deferred","Not main scheme applicant","Not main scheme application","255","245","0.961"
"2020","Medium tariff","Deferred","Not main scheme applicant","Not main scheme application","420","380","0.909"
"2021","Medium tariff","Deferred","Not main scheme applicant","Not main scheme application","240","215","0.891"
"2022","Medium tariff","Deferred","Not main scheme applicant","Not main scheme application","280","230","0.8290000000000001"
"2023","Medium tariff","Deferred","Not main scheme applicant","Not main scheme application","285","250","0.867"
"2006","Lower tariff","Not deferred","Main scheme applicant","Not main scheme application","15310","14305","0.934"
"2007","Lower tariff","Not deferred","Main scheme applicant","Not main scheme application","16310","15140","0.928"
"2008","Lower tariff","Not deferred","Main scheme applicant","Not main scheme application","19505","17940","0.92"
"2009","Lower tariff","Not deferred","Main scheme applicant","Not main scheme application","26350","22120","0.839"
"2010","Lower tariff","Not deferred","Main scheme applicant","Not main scheme application","35125","27680","0.788"
"2011","Lower tariff","Not deferred","Main scheme applicant","Not main scheme application","44850","34040","0.759"
"2012","Lower tariff","Not deferred","Main scheme applicant","Not main scheme application","35605","28075","0.788"
"2013","Lower tariff","Not deferred","Main scheme applicant","Not main scheme application","33665","27245","0.809"
"2014","Lower tariff","Not deferred","Main scheme applicant","Not main scheme application","35880","29110","0.811"
"2015","Lower tariff","Not deferred","Main scheme applicant","Not main scheme application","34620","28300","0.8170000000000001"
"2016","Lower tariff","Not deferred","Main scheme applicant","Not main scheme application","32645","26570","0.8140000000000001"
"2017","Lower tariff","Not deferred","Main scheme applicant","Not main scheme application","29005","24325","0.839"
"2018","Lower tariff","Not deferred","Main scheme applicant","Not main scheme application","25755","22155","0.86"
"2019","Lower tariff","Not deferred","Main scheme applicant","Not main scheme application","26865","23340","0.869"
"2020","Lower tariff","Not deferred","Main scheme applicant","Not main scheme application","21715","18820","0.867"
"2021","Lower tariff","Not deferred","Main scheme applicant","Not main scheme application","23645","19790","0.837"
"2022","Lower tariff","Not deferred","Main scheme applicant","Not main scheme application","28835","23695","0.8220000000000001"
"2023","Lower tariff","Not deferred","Main scheme applicant","Not main scheme application","28485","23970","0.841"
"2006","Higher tariff","Not deferred","Main scheme applicant","Not main scheme application","5960","5565","0.933"
"2007","Higher tariff","Not deferred","Main scheme applicant","Not main scheme application","6380","5855","0.918"
"2008","Higher tariff","Not deferred","Main scheme applicant","Not main scheme application","6990","6275","0.898"
"2009","Higher tariff","Not deferred","Main scheme applicant","Not main scheme application","6835","5660","0.8280000000000001"
"2010","Higher tariff","Not deferred","Main scheme applicant","Not main scheme application","6480","4880","0.753"
"2011","Higher tariff","Not deferred","Main scheme applicant","Not main scheme application","6200","4375","0.705"
"2012","Higher tariff","Not deferred","Main scheme applicant","Not main scheme application","9175","7270","0.792"
"2013","Higher tariff","Not deferred","Main scheme applicant","Not main scheme application","9900","7815","0.789"
"2014","Higher tariff","Not deferred","Main scheme applicant","Not main scheme application","10450","8625","0.8260000000000001"
"2015","Higher tariff","Not deferred","Main scheme applicant","Not main scheme application","11640","9650","0.8290000000000001"
"2016","Higher tariff","Not deferred","Main scheme applicant","Not main scheme application","12230","10380","0.849"
"2017","Higher tariff","Not deferred","Main scheme applicant","Not main scheme application","12385","10520","0.849"
"2018","Higher tariff","Not deferred","Main scheme applicant","Not main scheme application","13145","11285","0.858"
"2019","Higher tariff","Not deferred","Main scheme applicant","Not main scheme application","15130","13085","0.865"
"2020","Higher tariff","Not deferred","Main scheme applicant","Not main scheme application","20880","18745","0.898"
"2021","Higher tariff","Not deferred","Main scheme applicant","Not main scheme application","9830","7890","0.802"
"2022","Higher tariff","Not deferred","Main scheme applicant","Not main scheme application","12000","9235","0.77"
"2023","Higher tariff","Not deferred","Main scheme applicant","Not main scheme application","13790","11175","0.81"
"2006","Medium tariff","Not deferred","Main scheme applicant","Not main scheme application","11580","10865","0.9380000000000001"
"2007","Medium tariff","Not deferred","Main scheme applicant","Not main scheme application","12140","11330","0.933"
"2008","Medium tariff","Not deferred","Main scheme applicant","Not main scheme application","14125","13035","0.923"
"2009","Medium tariff","Not deferred","Main scheme applicant","Not main scheme application","15685","13380","0.853"
"2010","Medium tariff","Not deferred","Main scheme applicant","Not main scheme application","16185","12620","0.78"
"2011","Medium tariff","Not deferred","Main scheme applicant","Not main scheme application","18545","14125","0.762"
"2012","Medium tariff","Not deferred","Main scheme applicant","Not main scheme application","20140","16010","0.795"
"2013","Medium tariff","Not deferred","Main scheme applicant","Not main scheme application","18640","14935","0.801"
"2014","Medium tariff","Not deferred","Main scheme applicant","Not main scheme application","21065","16925","0.804"
"2015","Medium tariff","Not deferred","Main scheme applicant","Not main scheme application","22350","18215","0.8150000000000001"
"2016","Medium tariff","Not deferred","Main scheme applicant","Not main scheme application","23710","19865","0.838"
"2017","Medium tariff","Not deferred","Main scheme applicant","Not main scheme application","23935","20615","0.861"
"2018","Medium tariff","Not deferred","Main scheme applicant","Not main scheme application","22885","20020","0.875"
"2019","Medium tariff","Not deferred","Main scheme applicant","Not main scheme application","23570","20630","0.875"
"2020","Medium tariff","Not deferred","Main scheme applicant","Not main scheme application","23450","20965","0.894"
"2021","Medium tariff","Not deferred","Main scheme applicant","Not main scheme application","20435","17690","0.866"
"2022","Medium tariff","Not deferred","Main scheme applicant","Not main scheme application","25795","22035","0.854"
"2023","Medium tariff","Not deferred","Main scheme applicant","Not main scheme application","27450","23900","0.871"
"2006","Lower tariff","Deferred","Main scheme applicant","Not main scheme application","580","495","0.853"
"2007","Lower tariff","Deferred","Main scheme applicant","Not main scheme application","395","380","0.9550000000000001"
"2008","Lower tariff","Deferred","Main scheme applicant","Not main scheme application","585","485","0.8300000000000001"
"2009","Lower tariff","Deferred","Main scheme applicant","Not main scheme application","1100","685","0.622"
"2010","Lower tariff","Deferred","Main scheme applicant","Not main scheme application","535","495","0.925"
"2011","Lower tariff","Deferred","Main scheme applicant","Not main scheme application","265","240","0.902"
"2012","Lower tariff","Deferred","Main scheme applicant","Not main scheme application","530","475","0.9"
"2013","Lower tariff","Deferred","Main scheme applicant","Not main scheme application","570","535","0.937"
"2014","Lower tariff","Deferred","Main scheme applicant","Not main scheme application","1035","720","0.6930000000000001"
"2015","Lower tariff","Deferred","Main scheme applicant","Not main scheme application","675","640","0.9470000000000001"
"2016","Lower tariff","Deferred","Main scheme applicant","Not main scheme application","1145","600","0.524"
"2017","Lower tariff","Deferred","Main scheme applicant","Not main scheme application","785","650","0.8260000000000001"
"2018","Lower tariff","Deferred","Main scheme applicant","Not main scheme application","675","560","0.8300000000000001"
"2019","Lower tariff","Deferred","Main scheme applicant","Not main scheme application","630","510","0.811"
"2020","Lower tariff","Deferred","Main scheme applicant","Not main scheme application","795","575","0.724"
"2021","Lower tariff","Deferred","Main scheme applicant","Not main scheme application","820","580","0.708"
"2022","Lower tariff","Deferred","Main scheme applicant","Not main scheme application","940","555","0.592"
"2023","Lower tariff","Deferred","Main scheme applicant","Not main scheme application","790","525","0.664"
"2006","Higher tariff","Deferred","Main scheme applicant","Not main scheme application","460","385","0.834"
"2007","Higher tariff","Deferred","Main scheme applicant","Not main scheme application","370","360","0.973"
"2008","Higher tariff","Deferred","Main scheme applicant","Not main scheme application","495","405","0.8240000000000001"
"2009","Higher tariff","Deferred","Main scheme applicant","Not main scheme application","655","550","0.836"
"2010","Higher tariff","Deferred","Main scheme applicant","Not main scheme application","295","270","0.925"
"2011","Higher tariff","Deferred","Main scheme applicant","Not main scheme application","160","150","0.9560000000000001"
"2012","Higher tariff","Deferred","Main scheme applicant","Not main scheme application","390","365","0.936"
"2013","Higher tariff","Deferred","Main scheme applicant","Not main scheme application","365","345","0.9450000000000001"
"2014","Higher tariff","Deferred","Main scheme applicant","Not main scheme application","630","385","0.609"
"2015","Higher tariff","Deferred","Main scheme applicant","Not main scheme application","370","345","0.932"
"2016","Higher tariff","Deferred","Main scheme applicant","Not main scheme application","865","370","0.428"
"2017","Higher tariff","Deferred","Main scheme applicant","Not main scheme application","680","425","0.622"
"2018","Higher tariff","Deferred","Main scheme applicant","Not main scheme application","745","500","0.67"
"2019","Higher tariff","Deferred","Main scheme applicant","Not main scheme application","835","580","0.6950000000000001"
"2020","Higher tariff","Deferred","Main scheme applicant","Not main scheme application","2770","2575","0.93"
"2021","Higher tariff","Deferred","Main scheme applicant","Not main scheme application","685","525","0.762"
"2022","Higher tariff","Deferred","Main scheme applicant","Not main scheme application","605","425","0.7000000000000001"
"2023","Higher tariff","Deferred","Main scheme applicant","Not main scheme application","570","415","0.728"
"2006","Medium tariff","Deferred","Main scheme applicant","Not main scheme application","490","440","0.9"
"2007","Medium tariff","Deferred","Main scheme applicant","Not main scheme application","400","390","0.968"
"2008","Medium tariff","Deferred","Main scheme applicant","Not main scheme application","555","450","0.81"
"2009","Medium tariff","Deferred","Main scheme applicant","Not main scheme application","675","475","0.706"
"2010","Medium tariff","Deferred","Main scheme applicant","Not main scheme application","440","410","0.936"
"2011","Medium tariff","Deferred","Main scheme applicant","Not main scheme application","215","200","0.9440000000000001"
"2012","Medium tariff","Deferred","Main scheme applicant","Not main scheme application","445","420","0.9460000000000001"
"2013","Medium tariff","Deferred","Main scheme applicant","Not main scheme application","470","450","0.9550000000000001"
"2014","Medium tariff","Deferred","Main scheme applicant","Not main scheme application","730","530","0.725"
"2015","Medium tariff","Deferred","Main scheme applicant","Not main scheme application","645","605","0.935"
"2016","Medium tariff","Deferred","Main scheme applicant","Not main scheme application","990","625","0.635"
"2017","Medium tariff","Deferred","Main scheme applicant","Not main scheme application","940","785","0.837"
"2018","Medium tariff","Deferred","Main scheme applicant","Not main scheme application","790","640","0.8150000000000001"
"2019","Medium tariff","Deferred","Main scheme applicant","Not main scheme application","890","755","0.851"
"2020","Medium tariff","Deferred","Main scheme applicant","Not main scheme application","1320","1185","0.9"
"2021","Medium tariff","Deferred","Main scheme applicant","Not main scheme application","810","635","0.786"
"2022","Medium tariff","Deferred","Main scheme applicant","Not main scheme application","970","730","0.754"
"2023","Medium tariff","Deferred","Main scheme applicant","Not main scheme application","1125","920","0.8160000000000001"
"2006","Lower tariff","Not deferred","Main scheme applicant","Main scheme application","265850","112955","0.425"
"2007","Lower tariff","Not deferred","Main scheme applicant","Main scheme application","280345","118880","0.424"
"2008","Lower tariff","Not deferred","Main scheme applicant","Main scheme application","295555","131325","0.444"
"2009","Lower tariff","Not deferred","Main scheme applicant","Main scheme application","329470","147295","0.447"
"2010","Lower tariff","Not deferred","Main scheme applicant","Main scheme application","378765","153430","0.405"
"2011","Lower tariff","Not deferred","Main scheme applicant","Main scheme application","405080","165650","0.40900000000000003"
"2012","Lower tariff","Not deferred","Main scheme applicant","Main scheme application","363160","141585","0.39"
"2013","Lower tariff","Not deferred","Main scheme applicant","Main scheme application","369750","151235","0.40900000000000003"
"2014","Lower tariff","Not deferred","Main scheme applicant","Main scheme application","382600","155620","0.40700000000000003"
"2015","Lower tariff","Not deferred","Main scheme applicant","Main scheme application","383390","156665","0.40900000000000003"
"2016","Lower tariff","Not deferred","Main scheme applicant","Main scheme application","378625","153765","0.406"
"2017","Lower tariff","Not deferred","Main scheme applicant","Main scheme application","353510","145610","0.41200000000000003"
"2018","Lower tariff","Not deferred","Main scheme applicant","Main scheme application","337710","142335","0.421"
"2019","Lower tariff","Not deferred","Main scheme applicant","Main scheme application","332875","138240","0.41500000000000004"
"2020","Lower tariff","Not deferred","Main scheme applicant","Main scheme application","339370","143190","0.422"
"2021","Lower tariff","Not deferred","Main scheme applicant","Main scheme application","354435","138345","0.39"
"2022","Lower tariff","Not deferred","Main scheme applicant","Main scheme application","362970","137740","0.379"
"2023","Lower tariff","Not deferred","Main scheme applicant","Main scheme application","350550","127780","0.365"
"2006","Higher tariff","Not deferred","Main scheme applicant","Main scheme application","244115","92560","0.379"
"2007","Higher tariff","Not deferred","Main scheme applicant","Main scheme application","257855","97560","0.378"
"2008","Higher tariff","Not deferred","Main scheme applicant","Main scheme application","270745","104445","0.386"
"2009","Higher tariff","Not deferred","Main scheme applicant","Main scheme application","288625","106475","0.369"
"2010","Higher tariff","Not deferred","Main scheme applicant","Main scheme application","315995","107030","0.339"
"2011","Higher tariff","Not deferred","Main scheme applicant","Main scheme application","324260","110210","0.34"
"2012","Higher tariff","Not deferred","Main scheme applicant","Main scheme application","305390","105580","0.34600000000000003"
"2013","Higher tariff","Not deferred","Main scheme applicant","Main scheme application","320130","113040","0.353"
"2014","Higher tariff","Not deferred","Main scheme applicant","Main scheme application","334035","116285","0.34800000000000003"
"2015","Higher tariff","Not deferred","Main scheme applicant","Main scheme application","351990","123925","0.352"
"2016","Higher tariff","Not deferred","Main scheme applicant","Main scheme application","361490","127210","0.352"
"2017","Higher tariff","Not deferred","Main scheme applicant","Main scheme application","359300","126695","0.353"
"2018","Higher tariff","Not deferred","Main scheme applicant","Main scheme application","357840","125855","0.352"
"2019","Higher tariff","Not deferred","Main scheme applicant","Main scheme application","365040","126965","0.34800000000000003"
"2020","Higher tariff","Not deferred","Main scheme applicant","Main scheme application","376545","137690","0.366"
"2021","Higher tariff","Not deferred","Main scheme applicant","Main scheme application","403355","151320","0.375"
"2022","Higher tariff","Not deferred","Main scheme applicant","Main scheme application","411685","139050","0.338"
"2023","Higher tariff","Not deferred","Main scheme applicant","Main scheme application","404670","137260","0.339"
"2006","Medium tariff","Not deferred","Main scheme applicant","Main scheme application","286890","93350","0.325"
"2007","Medium tariff","Not deferred","Main scheme applicant","Main scheme application","307040","100740","0.328"
"2008","Medium tariff","Not deferred","Main scheme applicant","Main scheme application","320670","111065","0.34600000000000003"
"2009","Medium tariff","Not deferred","Main scheme applicant","Main scheme application","352895","117765","0.334"
"2010","Medium tariff","Not deferred","Main scheme applicant","Main scheme application","405905","121780","0.3"
"2011","Medium tariff","Not deferred","Main scheme applicant","Main scheme application","431690","127020","0.294"
"2012","Medium tariff","Not deferred","Main scheme applicant","Main scheme application","390375","112760","0.289"
"2013","Medium tariff","Not deferred","Main scheme applicant","Main scheme application","406260","122345","0.301"
"2014","Medium tariff","Not deferred","Main scheme applicant","Main scheme application","421410","125315","0.297"
"2015","Medium tariff","Not deferred","Main scheme applicant","Main scheme application","432310","129645","0.3"
"2016","Medium tariff","Not deferred","Main scheme applicant","Main scheme application","433365","132390","0.305"
"2017","Medium tariff","Not deferred","Main scheme applicant","Main scheme application","415930","132990","0.32"
"2018","Medium tariff","Not deferred","Main scheme applicant","Main scheme application","405110","130330","0.322"
"2019","Medium tariff","Not deferred","Main scheme applicant","Main scheme application","401970","128910","0.321"
"2020","Medium tariff","Not deferred","Main scheme applicant","Main scheme application","405595","131415","0.324"
"2021","Medium tariff","Not deferred","Main scheme applicant","Main scheme application","421615","131205","0.311"
"2022","Medium tariff","Not deferred","Main scheme applicant","Main scheme application","430070","128780","0.299"
"2023","Medium tariff","Not deferred","Main scheme applicant","Main scheme application","417140","120275","0.28800000000000003"
"2006","Lower tariff","Deferred","Main scheme applicant","Main scheme application","17070","7440","0.436"
"2007","Lower tariff","Deferred","Main scheme applicant","Main scheme application","17190","7615","0.443"
"2008","Lower tariff","Deferred","Main scheme applicant","Main scheme application","17890","8415","0.47000000000000003"
"2009","Lower tariff","Deferred","Main scheme applicant","Main scheme application","18400","8750","0.47600000000000003"
"2010","Lower tariff","Deferred","Main scheme applicant","Main scheme application","21580","9090","0.421"
"2011","Lower tariff","Deferred","Main scheme applicant","Main scheme application","12095","4125","0.341"
"2012","Lower tariff","Deferred","Main scheme applicant","Main scheme application","16805","7630","0.454"
"2013","Lower tariff","Deferred","Main scheme applicant","Main scheme application","16750","8415","0.502"
"2014","Lower tariff","Deferred","Main scheme applicant","Main scheme application","17735","9090","0.512"
"2015","Lower tariff","Deferred","Main scheme applicant","Main scheme application","18245","9460","0.519"
"2016","Lower tariff","Deferred","Main scheme applicant","Main scheme application","18075","9175","0.508"
"2017","Lower tariff","Deferred","Main scheme applicant","Main scheme application","17225","9170","0.532"
"2018","Lower tariff","Deferred","Main scheme applicant","Main scheme application","16020","8485","0.53"
"2019","Lower tariff","Deferred","Main scheme applicant","Main scheme application","15445","8230","0.533"
"2020","Lower tariff","Deferred","Main scheme applicant","Main scheme application","16360","8815","0.539"
"2021","Lower tariff","Deferred","Main scheme applicant","Main scheme application","18600","9060","0.487"
"2022","Lower tariff","Deferred","Main scheme applicant","Main scheme application","17875","8215","0.46"
"2023","Lower tariff","Deferred","Main scheme applicant","Main scheme application","18055","8355","0.463"
"2006","Higher tariff","Deferred","Main scheme applicant","Main scheme application","21765","10590","0.487"
"2007","Higher tariff","Deferred","Main scheme applicant","Main scheme application","21515","10590","0.492"
"2008","Higher tariff","Deferred","Main scheme applicant","Main scheme application","21930","10795","0.492"
"2009","Higher tariff","Deferred","Main scheme applicant","Main scheme application","21745","10215","0.47000000000000003"
"2010","Higher tariff","Deferred","Main scheme applicant","Main scheme application","22375","9660","0.432"
"2011","Higher tariff","Deferred","Main scheme applicant","Main scheme application","13210","4480","0.339"
"2012","Higher tariff","Deferred","Main scheme applicant","Main scheme application","17545","7530","0.429"
"2013","Higher tariff","Deferred","Main scheme applicant","Main scheme application","16570","7560","0.456"
"2014","Higher tariff","Deferred","Main scheme applicant","Main scheme application","17320","7945","0.459"
"2015","Higher tariff","Deferred","Main scheme applicant","Main scheme application","18825","8540","0.454"
"2016","Higher tariff","Deferred","Main scheme applicant","Main scheme application","18570","8430","0.454"
"2017","Higher tariff","Deferred","Main scheme applicant","Main scheme application","19555","9080","0.464"
"2018","Higher tariff","Deferred","Main scheme applicant","Main scheme application","18520","9205","0.497"
"2019","Higher tariff","Deferred","Main scheme applicant","Main scheme application","18970","9525","0.502"
"2020","Higher tariff","Deferred","Main scheme applicant","Main scheme application","20570","11025","0.536"
"2021","Higher tariff","Deferred","Main scheme applicant","Main scheme application","23930","13995","0.585"
"2022","Higher tariff","Deferred","Main scheme applicant","Main scheme application","20880","10360","0.496"
"2023","Higher tariff","Deferred","Main scheme applicant","Main scheme application","21950","10970","0.5"
"2006","Medium tariff","Deferred","Main scheme applicant","Main scheme application","20760","8175","0.394"
"2007","Medium tariff","Deferred","Main scheme applicant","Main scheme application","21265","8445","0.397"
"2008","Medium tariff","Deferred","Main scheme applicant","Main scheme application","21290","9055","0.425"
"2009","Medium tariff","Deferred","Main scheme applicant","Main scheme application","21495","8785","0.40900000000000003"
"2010","Medium tariff","Deferred","Main scheme applicant","Main scheme application","23290","9000","0.387"
"2011","Medium tariff","Deferred","Main scheme applicant","Main scheme application","12945","3850","0.298"
"2012","Medium tariff","Deferred","Main scheme applicant","Main scheme application","18435","7450","0.404"
"2013","Medium tariff","Deferred","Main scheme applicant","Main scheme application","17650","7795","0.442"
"2014","Medium tariff","Deferred","Main scheme applicant","Main scheme application","18175","8245","0.454"
"2015","Medium tariff","Deferred","Main scheme applicant","Main scheme application","19265","8760","0.455"
"2016","Medium tariff","Deferred","Main scheme applicant","Main scheme application","19605","9395","0.47900000000000004"
"2017","Medium tariff","Deferred","Main scheme applicant","Main scheme application","20190","10360","0.513"
"2018","Medium tariff","Deferred","Main scheme applicant","Main scheme application","19475","10180","0.523"
"2019","Medium tariff","Deferred","Main scheme applicant","Main scheme application","19470","9960","0.512"
"2020","Medium tariff","Deferred","Main scheme applicant","Main scheme application","19725","10470","0.531"
"2021","Medium tariff","Deferred","Main scheme applicant","Main scheme application","21905","11370","0.519"
"2022","Medium tariff","Deferred","Main scheme applicant","Main scheme application","20600","10145","0.492"
"2023","Medium tariff","Deferred","Main scheme applicant","Main scheme application","22705","11365","0.501"
"2006","All","Not deferred","Not main scheme applicant","Not main scheme application","33860","33220","0.981"
"2007","All","Not deferred","Not main scheme applicant","Not main scheme application","36350","35605","0.979"
"2008","All","Not deferred","Not main scheme applicant","Not main scheme application","43540","42265","0.971"
"2009","All","Not deferred","Not main scheme applicant","Not main scheme application","41180","39090","0.9490000000000001"
"2010","All","Not deferred","Not main scheme applicant","Not main scheme application","32340","30635","0.9470000000000001"
"2011","All","Not deferred","Not main scheme applicant","Not main scheme application","25310","23395","0.924"
"2012","All","Not deferred","Not main scheme applicant","Not main scheme application","31785","29435","0.926"
"2013","All","Not deferred","Not main scheme applicant","Not main scheme application","35705","33455","0.937"
"2014","All","Not deferred","Not main scheme applicant","Not main scheme application","35450","33130","0.935"
"2015","All","Not deferred","Not main scheme applicant","Not main scheme application","39635","37055","0.935"
"2016","All","Not deferred","Not main scheme applicant","Not main scheme application","38570","35975","0.933"
"2017","All","Not deferred","Not main scheme applicant","Not main scheme application","45395","42035","0.926"
"2018","All","Not deferred","Not main scheme applicant","Not main scheme application","54250","51025","0.9410000000000001"
"2019","All","Not deferred","Not main scheme applicant","Not main scheme application","63740","59740","0.937"
"2020","All","Not deferred","Not main scheme applicant","Not main scheme application","68990","63925","0.927"
"2021","All","Not deferred","Not main scheme applicant","Not main scheme application","63525","59035","0.929"
"2022","All","Not deferred","Not main scheme applicant","Not main scheme application","77515","71675","0.925"
"2023","All","Not deferred","Not main scheme applicant","Not main scheme application","83750","76905","0.918"
"2006","All","Deferred","Not main scheme applicant","Not main scheme application","550","545","0.991"
"2007","All","Deferred","Not main scheme applicant","Not main scheme application","550","540","0.976"
"2008","All","Deferred","Not main scheme applicant","Not main scheme application","680","665","0.978"
"2009","All","Deferred","Not main scheme applicant","Not main scheme application","785","615","0.784"
"2010","All","Deferred","Not main scheme applicant","Not main scheme application","355","345","0.977"
"2011","All","Deferred","Not main scheme applicant","Not main scheme application","170","165","0.976"
"2012","All","Deferred","Not main scheme applicant","Not main scheme application","330","325","0.979"
"2013","All","Deferred","Not main scheme applicant","Not main scheme application","440","435","0.982"
"2014","All","Deferred","Not main scheme applicant","Not main scheme application","465","450","0.9590000000000001"
"2015","All","Deferred","Not main scheme applicant","Not main scheme application","465","450","0.974"
"2016","All","Deferred","Not main scheme applicant","Not main scheme application","445","425","0.9590000000000001"
"2017","All","Deferred","Not main scheme applicant","Not main scheme application","640","625","0.977"
"2018","All","Deferred","Not main scheme applicant","Not main scheme application","810","785","0.97"
"2019","All","Deferred","Not main scheme applicant","Not main scheme application","780","755","0.968"
"2020","All","Deferred","Not main scheme applicant","Not main scheme application","1240","1080","0.869"
"2021","All","Deferred","Not main scheme applicant","Not main scheme application","715","620","0.87"
"2022","All","Deferred","Not main scheme applicant","Not main scheme application","690","535","0.777"
"2023","All","Deferred","Not main scheme applicant","Not main scheme application","770","650","0.842"
"2006","All","Not deferred","Main scheme applicant","Not main scheme application","32855","30735","0.936"
"2007","All","Not deferred","Main scheme applicant","Not main scheme application","34825","32325","0.928"
"2008","All","Not deferred","Main scheme applicant","Not main scheme application","40620","37250","0.917"
"2009","All","Not deferred","Main scheme applicant","Not main scheme application","48845","41160","0.843"
"2010","All","Not deferred","Main scheme applicant","Not main scheme application","57770","45175","0.782"
"2011","All","Not deferred","Main scheme applicant","Not main scheme application","69570","52540","0.755"
"2012","All","Not deferred","Main scheme applicant","Not main scheme application","64845","51355","0.792"
"2013","All","Not deferred","Main scheme applicant","Not main scheme application","62135","49995","0.805"
"2014","All","Not deferred","Main scheme applicant","Not main scheme application","67335","54665","0.812"
"2015","All","Not deferred","Main scheme applicant","Not main scheme application","68555","56170","0.8190000000000001"
"2016","All","Not deferred","Main scheme applicant","Not main scheme application","68540","56810","0.8290000000000001"
"2017","All","Not deferred","Main scheme applicant","Not main scheme application","65285","55460","0.849"
"2018","All","Not deferred","Main scheme applicant","Not main scheme application","61755","53455","0.866"
"2019","All","Not deferred","Main scheme applicant","Not main scheme application","65550","57060","0.87"
"2020","All","Not deferred","Main scheme applicant","Not main scheme application","66035","58530","0.886"
"2021","All","Not deferred","Main scheme applicant","Not main scheme application","53895","45370","0.842"
"2022","All","Not deferred","Main scheme applicant","Not main scheme application","66630","54965","0.8250000000000001"
"2023","All","Not deferred","Main scheme applicant","Not main scheme application","69725","59045","0.847"
"2006","All","Deferred","Main scheme applicant","Not main scheme application","1525","1315","0.862"
"2007","All","Deferred","Main scheme applicant","Not main scheme application","1170","1130","0.965"
"2008","All","Deferred","Main scheme applicant","Not main scheme application","1635","1340","0.8210000000000001"
"2009","All","Deferred","Main scheme applicant","Not main scheme application","2430","1710","0.7030000000000001"
"2010","All","Deferred","Main scheme applicant","Not main scheme application","1265","1180","0.93"
"2011","All","Deferred","Main scheme applicant","Not main scheme application","635","590","0.929"
"2012","All","Deferred","Main scheme applicant","Not main scheme application","1365","1265","0.925"
"2013","All","Deferred","Main scheme applicant","Not main scheme application","1405","1325","0.9450000000000001"
"2014","All","Deferred","Main scheme applicant","Not main scheme application","2400","1630","0.681"
"2015","All","Deferred","Main scheme applicant","Not main scheme application","1695","1590","0.9390000000000001"
"2016","All","Deferred","Main scheme applicant","Not main scheme application","3000","1595","0.533"
"2017","All","Deferred","Main scheme applicant","Not main scheme application","2405","1860","0.773"
"2018","All","Deferred","Main scheme applicant","Not main scheme application","2210","1700","0.771"
"2019","All","Deferred","Main scheme applicant","Not main scheme application","2355","1850","0.785"
"2020","All","Deferred","Main scheme applicant","Not main scheme application","4880","4335","0.888"
"2021","All","Deferred","Main scheme applicant","Not main scheme application","2315","1740","0.751"
"2022","All","Deferred","Main scheme applicant","Not main scheme application","2520","1715","0.68"
"2023","All","Deferred","Main scheme applicant","Not main scheme application","2485","1855","0.748"
"2006","All","Not deferred","Main scheme applicant","Main scheme application","444655","298865","0.672"
"2007","All","Not deferred","Main scheme applicant","Main scheme application","470760","317180","0.674"
"2008","All","Not deferred","Main scheme applicant","Main scheme application","515355","346840","0.673"
"2009","All","Not deferred","Main scheme applicant","Main scheme application","567345","371535","0.655"
"2010","All","Not deferred","Main scheme applicant","Main scheme application","636100","382240","0.601"
"2011","All","Not deferred","Main scheme applicant","Main scheme application","657175","402880","0.613"
"2012","All","Not deferred","Main scheme applicant","Main scheme application","600820","359925","0.599"
"2013","All","Not deferred","Main scheme applicant","Main scheme application","621090","386620","0.622"
"2014","All","Not deferred","Main scheme applicant","Main scheme application","644195","397220","0.617"
"2015","All","Not deferred","Main scheme applicant","Main scheme application","657540","410240","0.624"
"2016","All","Not deferred","Main scheme applicant","Main scheme application","659900","413365","0.626"
"2017","All","Not deferred","Main scheme applicant","Main scheme application","634575","405300","0.639"
"2018","All","Not deferred","Main scheme applicant","Main scheme application","622000","398520","0.641"
"2019","All","Not deferred","Main scheme applicant","Main scheme application","623075","394120","0.633"
"2020","All","Not deferred","Main scheme applicant","Main scheme application","639050","412295","0.645"
"2021","All","Not deferred","Main scheme applicant","Main scheme application","665770","420865","0.632"
"2022","All","Not deferred","Main scheme applicant","Main scheme application","669870","405570","0.605"
"2023","All","Not deferred","Main scheme applicant","Main scheme application","653130","385315","0.59"
"2006","All","Deferred","Main scheme applicant","Main scheme application","38900","26205","0.674"
"2007","All","Deferred","Main scheme applicant","Main scheme application","39870","26655","0.669"
"2008","All","Deferred","Main scheme applicant","Main scheme application","42790","28265","0.661"
"2009","All","Deferred","Main scheme applicant","Main scheme application","43570","27750","0.637"
"2010","All","Deferred","Main scheme applicant","Main scheme application","49030","27750","0.5660000000000001"
"2011","All","Deferred","Main scheme applicant","Main scheme application","28280","12460","0.441"
"2012","All","Deferred","Main scheme applicant","Main scheme application","38595","22610","0.586"
"2013","All","Deferred","Main scheme applicant","Main scheme application","38125","23765","0.623"
"2014","All","Deferred","Main scheme applicant","Main scheme application","40415","25275","0.625"
"2015","All","Deferred","Main scheme applicant","Main scheme application","42615","26760","0.628"
"2016","All","Deferred","Main scheme applicant","Main scheme application","42635","27000","0.633"
"2017","All","Deferred","Main scheme applicant","Main scheme application","43210","28610","0.662"
"2018","All","Deferred","Main scheme applicant","Main scheme application","40470","27870","0.6890000000000001"
"2019","All","Deferred","Main scheme applicant","Main scheme application","40325","27720","0.687"
"2020","All","Deferred","Main scheme applicant","Main scheme application","44050","30310","0.6880000000000001"
"2021","All","Deferred","Main scheme applicant","Main scheme application","48440","34425","0.711"
"2022","All","Deferred","Main scheme applicant","Main scheme application","45115","28720","0.637"
"2023","All","Deferred","Main scheme applicant","Main scheme application","47000","30695","0.653"
"2006","Lower tariff","All","Not main scheme applicant","Not main scheme application","21835","21520","0.986"
"2007","Lower tariff","All","Not main scheme applicant","Not main scheme application","23770","23360","0.983"
"2008","Lower tariff","All","Not main scheme applicant","Not main scheme application","28455","27615","0.971"
"2009","Lower tariff","All","Not main scheme applicant","Not main scheme application","28060","26550","0.9460000000000001"
"2010","Lower tariff","All","Not main scheme applicant","Not main scheme application","18875","17705","0.9380000000000001"
"2011","Lower tariff","All","Not main scheme applicant","Not main scheme application","15145","13725","0.906"
"2012","Lower tariff","All","Not main scheme applicant","Not main scheme application","19990","18295","0.915"
"2013","Lower tariff","All","Not main scheme applicant","Not main scheme application","24180","22575","0.934"
"2014","Lower tariff","All","Not main scheme applicant","Not main scheme application","26620","24980","0.9390000000000001"
"2015","Lower tariff","All","Not main scheme applicant","Not main scheme application","27695","25940","0.936"
"2016","Lower tariff","All","Not main scheme applicant","Not main scheme application","26310","24550","0.933"
"2017","Lower tariff","All","Not main scheme applicant","Not main scheme application","31470","29165","0.927"
"2018","Lower tariff","All","Not main scheme applicant","Not main scheme application","39245","37135","0.9460000000000001"
"2019","Lower tariff","All","Not main scheme applicant","Not main scheme application","47320","44595","0.9420000000000001"
"2020","Lower tariff","All","Not main scheme applicant","Not main scheme application","49280","45960","0.933"
"2021","Lower tariff","All","Not main scheme applicant","Not main scheme application","48675","45495","0.935"
"2022","Lower tariff","All","Not main scheme applicant","Not main scheme application","58515","54615","0.933"
"2023","Lower tariff","All","Not main scheme applicant","Not main scheme application","56960","52490","0.922"
"2006","Higher tariff","All","Not main scheme applicant","Not main scheme application","3090","2985","0.965"
"2007","Higher tariff","All","Not main scheme applicant","Not main scheme application","3150","3010","0.9560000000000001"
"2008","Higher tariff","All","Not main scheme applicant","Not main scheme application","3530","3365","0.9530000000000001"
"2009","Higher tariff","All","Not main scheme applicant","Not main scheme application","3165","2925","0.923"
"2010","Higher tariff","All","Not main scheme applicant","Not main scheme application","2280","2125","0.932"
"2011","Higher tariff","All","Not main scheme applicant","Not main scheme application","2330","2170","0.93"
"2012","Higher tariff","All","Not main scheme applicant","Not main scheme application","2730","2545","0.932"
"2013","Higher tariff","All","Not main scheme applicant","Not main scheme application","3015","2850","0.9460000000000001"
"2014","Higher tariff","All","Not main scheme applicant","Not main scheme application","2795","2605","0.932"
"2015","Higher tariff","All","Not main scheme applicant","Not main scheme application","3065","2875","0.9380000000000001"
"2016","Higher tariff","All","Not main scheme applicant","Not main scheme application","3200","2975","0.93"
"2017","Higher tariff","All","Not main scheme applicant","Not main scheme application","3465","3170","0.915"
"2018","Higher tariff","All","Not main scheme applicant","Not main scheme application","3780","3450","0.913"
"2019","Higher tariff","All","Not main scheme applicant","Not main scheme application","4100","3800","0.926"
"2020","Higher tariff","All","Not main scheme applicant","Not main scheme application","4825","4290","0.89"
"2021","Higher tariff","All","Not main scheme applicant","Not main scheme application","3195","2925","0.914"
"2022","Higher tariff","All","Not main scheme applicant","Not main scheme application","3440","2985","0.868"
"2023","Higher tariff","All","Not main scheme applicant","Not main scheme application","3430","3005","0.876"
"2006","Medium tariff","All","Not main scheme applicant","Not main scheme application","9490","9260","0.976"
"2007","Medium tariff","All","Not main scheme applicant","Not main scheme application","9985","9775","0.979"
"2008","Medium tariff","All","Not main scheme applicant","Not main scheme application","12240","11950","0.977"
"2009","Medium tariff","All","Not main scheme applicant","Not main scheme application","10740","10230","0.9530000000000001"
"2010","Medium tariff","All","Not main scheme applicant","Not main scheme application","11535","11150","0.966"
"2011","Medium tariff","All","Not main scheme applicant","Not main scheme application","8005","7665","0.9580000000000001"
"2012","Medium tariff","All","Not main scheme applicant","Not main scheme application","9395","8920","0.9490000000000001"
"2013","Medium tariff","All","Not main scheme applicant","Not main scheme application","8950","8465","0.9460000000000001"
"2014","Medium tariff","All","Not main scheme applicant","Not main scheme application","6505","5990","0.921"
"2015","Medium tariff","All","Not main scheme applicant","Not main scheme application","9340","8695","0.931"
"2016","Medium tariff","All","Not main scheme applicant","Not main scheme application","9500","8875","0.934"
"2017","Medium tariff","All","Not main scheme applicant","Not main scheme application","11100","10330","0.93"
"2018","Medium tariff","All","Not main scheme applicant","Not main scheme application","12035","11230","0.933"
"2019","Medium tariff","All","Not main scheme applicant","Not main scheme application","13100","12100","0.924"
"2020","Medium tariff","All","Not main scheme applicant","Not main scheme application","16130","14750","0.914"
"2021","Medium tariff","All","Not main scheme applicant","Not main scheme application","12370","11240","0.909"
"2022","Medium tariff","All","Not main scheme applicant","Not main scheme application","16255","14610","0.899"
"2023","Medium tariff","All","Not main scheme applicant","Not main scheme application","24130","22055","0.914"
"2006","Lower tariff","All","Main scheme applicant","Not main scheme application","15890","14800","0.931"
"2007","Lower tariff","All","Main scheme applicant","Not main scheme application","16705","15520","0.929"
"2008","Lower tariff","All","Main scheme applicant","Not main scheme application","20085","18425","0.917"
"2009","Lower tariff","All","Main scheme applicant","Not main scheme application","27450","22805","0.8310000000000001"
"2010","Lower tariff","All","Main scheme applicant","Not main scheme application","35660","28170","0.79"
"2011","Lower tariff","All","Main scheme applicant","Not main scheme application","45115","34280","0.76"
"2012","Lower tariff","All","Main scheme applicant","Not main scheme application","36135","28550","0.79"
"2013","Lower tariff","All","Main scheme applicant","Not main scheme application","34235","27780","0.811"
"2014","Lower tariff","All","Main scheme applicant","Not main scheme application","36915","29830","0.808"
"2015","Lower tariff","All","Main scheme applicant","Not main scheme application","35295","28940","0.8200000000000001"
"2016","Lower tariff","All","Main scheme applicant","Not main scheme application","33795","27170","0.804"
"2017","Lower tariff","All","Main scheme applicant","Not main scheme application","29790","24975","0.838"
"2018","Lower tariff","All","Main scheme applicant","Not main scheme application","26430","22715","0.859"
"2019","Lower tariff","All","Main scheme applicant","Not main scheme application","27495","23855","0.868"
"2020","Lower tariff","All","Main scheme applicant","Not main scheme application","22510","19395","0.862"
"2021","Lower tariff","All","Main scheme applicant","Not main scheme application","24465","20375","0.833"
"2022","Lower tariff","All","Main scheme applicant","Not main scheme application","29775","24250","0.8140000000000001"
"2023","Lower tariff","All","Main scheme applicant","Not main scheme application","29275","24495","0.837"
"2006","Higher tariff","All","Main scheme applicant","Not main scheme application","6420","5945","0.926"
"2007","Higher tariff","All","Main scheme applicant","Not main scheme application","6750","6215","0.921"
"2008","Higher tariff","All","Main scheme applicant","Not main scheme application","7480","6680","0.893"
"2009","Higher tariff","All","Main scheme applicant","Not main scheme application","7490","6210","0.8290000000000001"
"2010","Higher tariff","All","Main scheme applicant","Not main scheme application","6770","5155","0.761"
"2011","Higher tariff","All","Main scheme applicant","Not main scheme application","6360","4525","0.712"
"2012","Higher tariff","All","Main scheme applicant","Not main scheme application","9565","7635","0.798"
"2013","Higher tariff","All","Main scheme applicant","Not main scheme application","10265","8160","0.795"
"2014","Higher tariff","All","Main scheme applicant","Not main scheme application","11080","9010","0.8130000000000001"
"2015","Higher tariff","All","Main scheme applicant","Not main scheme application","12010","9995","0.8320000000000001"
"2016","Higher tariff","All","Main scheme applicant","Not main scheme application","13090","10745","0.8210000000000001"
"2017","Higher tariff","All","Main scheme applicant","Not main scheme application","13065","10945","0.837"
"2018","Higher tariff","All","Main scheme applicant","Not main scheme application","13890","11785","0.848"
"2019","Higher tariff","All","Main scheme applicant","Not main scheme application","15965","13665","0.856"
"2020","Higher tariff","All","Main scheme applicant","Not main scheme application","23650","21320","0.902"
"2021","Higher tariff","All","Main scheme applicant","Not main scheme application","10515","8410","0.8"
"2022","Higher tariff","All","Main scheme applicant","Not main scheme application","12610","9660","0.766"
"2023","Higher tariff","All","Main scheme applicant","Not main scheme application","14360","11590","0.807"
"2006","Medium tariff","All","Main scheme applicant","Not main scheme application","12065","11305","0.937"
"2007","Medium tariff","All","Main scheme applicant","Not main scheme application","12540","11720","0.934"
"2008","Medium tariff","All","Main scheme applicant","Not main scheme application","14685","13485","0.918"
"2009","Medium tariff","All","Main scheme applicant","Not main scheme application","16360","13855","0.847"
"2010","Medium tariff","All","Main scheme applicant","Not main scheme application","16625","13030","0.784"
"2011","Medium tariff","All","Main scheme applicant","Not main scheme application","18755","14325","0.764"
"2012","Medium tariff","All","Main scheme applicant","Not main scheme application","20585","16435","0.798"
"2013","Medium tariff","All","Main scheme applicant","Not main scheme application","19110","15385","0.805"
"2014","Medium tariff","All","Main scheme applicant","Not main scheme application","21795","17455","0.801"
"2015","Medium tariff","All","Main scheme applicant","Not main scheme application","22995","18820","0.8180000000000001"
"2016","Medium tariff","All","Main scheme applicant","Not main scheme application","24700","20490","0.8300000000000001"
"2017","Medium tariff","All","Main scheme applicant","Not main scheme application","24875","21400","0.86"
"2018","Medium tariff","All","Main scheme applicant","Not main scheme application","23675","20660","0.873"
"2019","Medium tariff","All","Main scheme applicant","Not main scheme application","24460","21385","0.874"
"2020","Medium tariff","All","Main scheme applicant","Not main scheme application","24770","22150","0.894"
"2021","Medium tariff","All","Main scheme applicant","Not main scheme application","21245","18330","0.863"
"2022","Medium tariff","All","Main scheme applicant","Not main scheme application","26765","22765","0.851"
"2023","Medium tariff","All","Main scheme applicant","Not main scheme application","28575","24820","0.869"
"2006","Lower tariff","All","Main scheme applicant","Main scheme application","277535","120400","0.434"
"2007","Lower tariff","All","Main scheme applicant","Main scheme application","291675","126495","0.434"
"2008","Lower tariff","All","Main scheme applicant","Main scheme application","306970","139745","0.455"
"2009","Lower tariff","All","Main scheme applicant","Main scheme application","341040","156045","0.458"
"2010","Lower tariff","All","Main scheme applicant","Main scheme application","390500","162520","0.41600000000000004"
"2011","Lower tariff","All","Main scheme applicant","Main scheme application","410890","169780","0.41300000000000003"
"2012","Lower tariff","All","Main scheme applicant","Main scheme application","371680","149215","0.401"
"2013","Lower tariff","All","Main scheme applicant","Main scheme application","377970","159645","0.422"
"2014","Lower tariff","All","Main scheme applicant","Main scheme application","391115","164710","0.421"
"2015","Lower tariff","All","Main scheme applicant","Main scheme application","392235","166125","0.424"
"2016","Lower tariff","All","Main scheme applicant","Main scheme application","387385","162940","0.421"
"2017","Lower tariff","All","Main scheme applicant","Main scheme application","362215","154780","0.427"
"2018","Lower tariff","All","Main scheme applicant","Main scheme application","346270","150820","0.436"
"2019","Lower tariff","All","Main scheme applicant","Main scheme application","341110","146475","0.429"
"2020","Lower tariff","All","Main scheme applicant","Main scheme application","347250","152005","0.438"
"2021","Lower tariff","All","Main scheme applicant","Main scheme application","363655","147405","0.405"
"2022","Lower tariff","All","Main scheme applicant","Main scheme application","371100","145955","0.393"
"2023","Lower tariff","All","Main scheme applicant","Main scheme application","359060","136135","0.379"
"2006","Higher tariff","All","Main scheme applicant","Main scheme application","260275","103150","0.396"
"2007","Higher tariff","All","Main scheme applicant","Main scheme application","273595","108150","0.395"
"2008","Higher tariff","All","Main scheme applicant","Main scheme application","286440","115240","0.402"
"2009","Higher tariff","All","Main scheme applicant","Main scheme application","304055","116690","0.384"
"2010","Higher tariff","All","Main scheme applicant","Main scheme application","330865","116690","0.353"
"2011","Higher tariff","All","Main scheme applicant","Main scheme application","332620","114690","0.34500000000000003"
"2012","Higher tariff","All","Main scheme applicant","Main scheme application","316670","113110","0.357"
"2013","Higher tariff","All","Main scheme applicant","Main scheme application","330310","120600","0.365"
"2014","Higher tariff","All","Main scheme applicant","Main scheme application","344420","124230","0.361"
"2015","Higher tariff","All","Main scheme applicant","Main scheme application","363150","132465","0.365"
"2016","Higher tariff","All","Main scheme applicant","Main scheme application","372215","135640","0.364"
"2017","Higher tariff","All","Main scheme applicant","Main scheme application","370405","135775","0.367"
"2018","Higher tariff","All","Main scheme applicant","Main scheme application","368600","135055","0.366"
"2019","Higher tariff","All","Main scheme applicant","Main scheme application","376105","136490","0.363"
"2020","Higher tariff","All","Main scheme applicant","Main scheme application","386625","148715","0.385"
"2021","Higher tariff","All","Main scheme applicant","Main scheme application","415825","165315","0.398"
"2022","Higher tariff","All","Main scheme applicant","Main scheme application","422645","149405","0.354"
"2023","Higher tariff","All","Main scheme applicant","Main scheme application","416320","148230","0.356"
"2006","Medium tariff","All","Main scheme applicant","Main scheme application","303325","101525","0.335"
"2007","Medium tariff","All","Main scheme applicant","Main scheme application","323235","109185","0.338"
"2008","Medium tariff","All","Main scheme applicant","Main scheme application","336685","120120","0.357"
"2009","Medium tariff","All","Main scheme applicant","Main scheme application","368975","126550","0.343"
"2010","Medium tariff","All","Main scheme applicant","Main scheme application","422135","130785","0.31"
"2011","Medium tariff","All","Main scheme applicant","Main scheme application","440215","130875","0.297"
"2012","Medium tariff","All","Main scheme applicant","Main scheme application","402760","120210","0.298"
"2013","Medium tariff","All","Main scheme applicant","Main scheme application","417770","130140","0.312"
"2014","Medium tariff","All","Main scheme applicant","Main scheme application","432780","133560","0.309"
"2015","Medium tariff","All","Main scheme applicant","Main scheme application","444265","138410","0.312"
"2016","Medium tariff","All","Main scheme applicant","Main scheme application","445275","141790","0.318"
"2017","Medium tariff","All","Main scheme applicant","Main scheme application","427965","143350","0.335"
"2018","Medium tariff","All","Main scheme applicant","Main scheme application","416935","140510","0.337"
"2019","Medium tariff","All","Main scheme applicant","Main scheme application","413820","138875","0.336"
"2020","Medium tariff","All","Main scheme applicant","Main scheme application","416850","141885","0.34"
"2021","Medium tariff","All","Main scheme applicant","Main scheme application","435060","142575","0.328"
"2022","Medium tariff","All","Main scheme applicant","Main scheme application","442035","138925","0.314"
"2023","Medium tariff","All","Main scheme applicant","Main scheme application","430120","131645","0.306"
"2006","All","All","Not main scheme applicant","Not main scheme application","34415","33765","0.981"
"2007","All","All","Not main scheme applicant","Not main scheme application","36905","36145","0.979"
"2008","All","All","Not main scheme applicant","Not main scheme application","44225","42930","0.971"
"2009","All","All","Not main scheme applicant","Not main scheme application","41965","39705","0.9460000000000001"
"2010","All","All","Not main scheme applicant","Not main scheme application","32690","30980","0.9480000000000001"
"2011","All","All","Not main scheme applicant","Not main scheme application","25480","23560","0.925"
"2012","All","All","Not main scheme applicant","Not main scheme application","32115","29760","0.927"
"2013","All","All","Not main scheme applicant","Not main scheme application","36145","33890","0.9380000000000001"
"2014","All","All","Not main scheme applicant","Not main scheme application","35920","33575","0.935"
"2015","All","All","Not main scheme applicant","Not main scheme application","40100","37505","0.935"
"2016","All","All","Not main scheme applicant","Not main scheme application","39010","36400","0.933"
"2017","All","All","Not main scheme applicant","Not main scheme application","46035","42665","0.927"
"2018","All","All","Not main scheme applicant","Not main scheme application","55060","51815","0.9410000000000001"
"2019","All","All","Not main scheme applicant","Not main scheme application","64520","60495","0.9380000000000001"
"2020","All","All","Not main scheme applicant","Not main scheme application","70235","65005","0.926"
"2021","All","All","Not main scheme applicant","Not main scheme application","64240","59655","0.929"
"2022","All","All","Not main scheme applicant","Not main scheme application","78210","72210","0.923"
"2023","All","All","Not main scheme applicant","Not main scheme application","84520","77555","0.918"
"2006","All","All","Main scheme applicant","Not main scheme application","34380","32055","0.932"
"2007","All","All","Main scheme applicant","Not main scheme application","35995","33455","0.929"
"2008","All","All","Main scheme applicant","Not main scheme application","42255","38590","0.913"
"2009","All","All","Main scheme applicant","Not main scheme application","51280","42870","0.836"
"2010","All","All","Main scheme applicant","Not main scheme application","59035","46355","0.785"
"2011","All","All","Main scheme applicant","Not main scheme application","70210","53130","0.757"
"2012","All","All","Main scheme applicant","Not main scheme application","66210","52615","0.795"
"2013","All","All","Main scheme applicant","Not main scheme application","63535","51320","0.808"
"2014","All","All","Main scheme applicant","Not main scheme application","69735","56295","0.807"
"2015","All","All","Main scheme applicant","Not main scheme application","70250","57760","0.8220000000000001"
"2016","All","All","Main scheme applicant","Not main scheme application","71535","58410","0.8170000000000001"
"2017","All","All","Main scheme applicant","Not main scheme application","67690","57320","0.847"
"2018","All","All","Main scheme applicant","Not main scheme application","63965","55160","0.862"
"2019","All","All","Main scheme applicant","Not main scheme application","67905","58905","0.867"
"2020","All","All","Main scheme applicant","Not main scheme application","70915","62865","0.886"
"2021","All","All","Main scheme applicant","Not main scheme application","56210","47110","0.838"
"2022","All","All","Main scheme applicant","Not main scheme application","69145","56680","0.8200000000000001"
"2023","All","All","Main scheme applicant","Not main scheme application","72210","60900","0.843"
"2006","All","All","Main scheme applicant","Main scheme application","467200","325070","0.6960000000000001"
"2007","All","All","Main scheme applicant","Main scheme application","492740","343835","0.6980000000000001"
"2008","All","All","Main scheme applicant","Main scheme application","538110","375105","0.6970000000000001"
"2009","All","All","Main scheme applicant","Main scheme application","590185","399285","0.677"
"2010","All","All","Main scheme applicant","Main scheme application","657955","409995","0.623"
"2011","All","All","Main scheme applicant","Main scheme application","667950","415340","0.622"
"2012","All","All","Main scheme applicant","Main scheme application","616520","382535","0.62"
"2013","All","All","Main scheme applicant","Main scheme application","635780","410385","0.645"
"2014","All","All","Main scheme applicant","Main scheme application","658895","422495","0.641"
"2015","All","All","Main scheme applicant","Main scheme application","672900","437000","0.649"
"2016","All","All","Main scheme applicant","Main scheme application","674740","440370","0.653"
"2017","All","All","Main scheme applicant","Main scheme application","649565","433905","0.668"
"2018","All","All","Main scheme applicant","Main scheme application","636820","426390","0.67"
"2019","All","All","Main scheme applicant","Main scheme application","637950","421835","0.661"
"2020","All","All","Main scheme applicant","Main scheme application","652675","442605","0.678"
"2021","All","All","Main scheme applicant","Main scheme application","681880","455290","0.668"
"2022","All","All","Main scheme applicant","Main scheme application","683530","434285","0.635"
"2023","All","All","Main scheme applicant","Main scheme application","667505","416010","0.623"
"2006","Lower tariff","Not deferred","All","Not main scheme application","36840","35525","0.964"
"2007","Lower tariff","Not deferred","All","Not main scheme application","39760","38190","0.96"
"2008","Lower tariff","Not deferred","All","Not main scheme application","47550","45160","0.9500000000000001"
"2009","Lower tariff","Not deferred","All","Not main scheme application","53870","48265","0.896"
"2010","Lower tariff","Not deferred","All","Not main scheme application","53800","45185","0.84"
"2011","Lower tariff","Not deferred","All","Not main scheme application","59920","47690","0.796"
"2012","Lower tariff","Not deferred","All","Not main scheme application","55410","46185","0.833"
"2013","Lower tariff","Not deferred","All","Not main scheme application","57590","49570","0.861"
"2014","Lower tariff","Not deferred","All","Not main scheme application","62205","53815","0.865"
"2015","Lower tariff","Not deferred","All","Not main scheme application","62035","53965","0.87"
"2016","Lower tariff","Not deferred","All","Not main scheme application","58690","50865","0.867"
"2017","Lower tariff","Not deferred","All","Not main scheme application","60105","53125","0.884"
"2018","Lower tariff","Not deferred","All","Not main scheme application","64495","58795","0.912"
"2019","Lower tariff","Not deferred","All","Not main scheme application","73750","67515","0.915"
"2020","Lower tariff","Not deferred","All","Not main scheme application","70355","64250","0.913"
"2021","Lower tariff","Not deferred","All","Not main scheme application","71920","64940","0.903"
"2022","Lower tariff","Not deferred","All","Not main scheme application","86990","78040","0.897"
"2023","Lower tariff","Not deferred","All","Not main scheme application","85030","76115","0.895"
"2006","Higher tariff","Not deferred","All","Not main scheme application","8990","8485","0.9440000000000001"
"2007","Higher tariff","Not deferred","All","Not main scheme application","9470","8810","0.93"
"2008","Higher tariff","Not deferred","All","Not main scheme application","10445","9565","0.916"
"2009","Higher tariff","Not deferred","All","Not main scheme application","9910","8500","0.858"
"2010","Higher tariff","Not deferred","All","Not main scheme application","8720","6970","0.799"
"2011","Higher tariff","Not deferred","All","Not main scheme application","8510","6520","0.766"
"2012","Higher tariff","Not deferred","All","Not main scheme application","11870","9775","0.8240000000000001"
"2013","Higher tariff","Not deferred","All","Not main scheme application","12875","10625","0.8250000000000001"
"2014","Higher tariff","Not deferred","All","Not main scheme application","13195","11185","0.848"
"2015","Higher tariff","Not deferred","All","Not main scheme application","14650","12470","0.851"
"2016","Higher tariff","Not deferred","All","Not main scheme application","15380","13310","0.865"
"2017","Higher tariff","Not deferred","All","Not main scheme application","15785","13625","0.863"
"2018","Higher tariff","Not deferred","All","Not main scheme application","16845","14665","0.87"
"2019","Higher tariff","Not deferred","All","Not main scheme application","19140","16795","0.877"
"2020","Higher tariff","Not deferred","All","Not main scheme application","25520","22870","0.896"
"2021","Higher tariff","Not deferred","All","Not main scheme application","12955","10745","0.8290000000000001"
"2022","Higher tariff","Not deferred","All","Not main scheme application","15390","12185","0.792"
"2023","Higher tariff","Not deferred","All","Not main scheme application","17150","14125","0.8230000000000001"
"2006","Medium tariff","Not deferred","All","Not main scheme application","20885","19945","0.9550000000000001"
"2007","Medium tariff","Not deferred","All","Not main scheme application","21945","20930","0.9540000000000001"
"2008","Medium tariff","Not deferred","All","Not main scheme application","26165","24790","0.9470000000000001"
"2009","Medium tariff","Not deferred","All","Not main scheme application","26270","23480","0.894"
"2010","Medium tariff","Not deferred","All","Not main scheme application","27610","23655","0.857"
"2011","Medium tariff","Not deferred","All","Not main scheme application","26475","21725","0.8200000000000001"
"2012","Medium tariff","Not deferred","All","Not main scheme application","29430","24825","0.844"
"2013","Medium tariff","Not deferred","All","Not main scheme application","27445","23255","0.847"
"2014","Medium tariff","Not deferred","All","Not main scheme application","27440","22795","0.8310000000000001"
"2015","Medium tariff","Not deferred","All","Not main scheme application","31565","26790","0.849"
"2016","Medium tariff","Not deferred","All","Not main scheme application","33085","28615","0.865"
"2017","Medium tariff","Not deferred","All","Not main scheme application","34835","30745","0.883"
"2018","Medium tariff","Not deferred","All","Not main scheme application","34690","31025","0.894"
"2019","Medium tariff","Not deferred","All","Not main scheme application","36415","32485","0.892"
"2020","Medium tariff","Not deferred","All","Not main scheme application","39160","35330","0.902"
"2021","Medium tariff","Not deferred","All","Not main scheme application","32565","28715","0.882"
"2022","Medium tariff","Not deferred","All","Not main scheme application","41765","36415","0.872"
"2023","Medium tariff","Not deferred","All","Not main scheme application","51290","45710","0.891"
"2006","Lower tariff","Deferred","All","Not main scheme application","885","800","0.901"
"2007","Lower tariff","Deferred","All","Not main scheme application","715","690","0.966"
"2008","Lower tariff","Deferred","All","Not main scheme application","990","885","0.892"
"2009","Lower tariff","Deferred","All","Not main scheme application","1640","1090","0.665"
"2010","Lower tariff","Deferred","All","Not main scheme application","735","690","0.9430000000000001"
"2011","Lower tariff","Deferred","All","Not main scheme application","345","315","0.919"
"2012","Lower tariff","Deferred","All","Not main scheme application","720","665","0.922"
"2013","Lower tariff","Deferred","All","Not main scheme application","825","785","0.9500000000000001"
"2014","Lower tariff","Deferred","All","Not main scheme application","1325","995","0.751"
"2015","Lower tariff","Deferred","All","Not main scheme application","960","915","0.9540000000000001"
"2016","Lower tariff","Deferred","All","Not main scheme application","1415","855","0.606"
"2017","Lower tariff","Deferred","All","Not main scheme application","1160","1015","0.874"
"2018","Lower tariff","Deferred","All","Not main scheme application","1180","1050","0.892"
"2019","Lower tariff","Deferred","All","Not main scheme application","1065","935","0.875"
"2020","Lower tariff","Deferred","All","Not main scheme application","1435","1105","0.772"
"2021","Lower tariff","Deferred","All","Not main scheme application","1225","925","0.756"
"2022","Lower tariff","Deferred","All","Not main scheme application","1300","825","0.633"
"2023","Lower tariff","Deferred","All","Not main scheme application","1205","870","0.722"
"2006","Higher tariff","Deferred","All","Not main scheme application","520","445","0.854"
"2007","Higher tariff","Deferred","All","Not main scheme application","430","415","0.97"
"2008","Higher tariff","Deferred","All","Not main scheme application","570","480","0.843"
"2009","Higher tariff","Deferred","All","Not main scheme application","750","630","0.84"
"2010","Higher tariff","Deferred","All","Not main scheme application","335","310","0.928"
"2011","Higher tariff","Deferred","All","Not main scheme application","180","170","0.961"
"2012","Higher tariff","Deferred","All","Not main scheme application","425","400","0.937"
"2013","Higher tariff","Deferred","All","Not main scheme application","405","385","0.9480000000000001"
"2014","Higher tariff","Deferred","All","Not main scheme application","680","430","0.633"
"2015","Higher tariff","Deferred","All","Not main scheme application","425","400","0.937"
"2016","Higher tariff","Deferred","All","Not main scheme application","910","415","0.454"
"2017","Higher tariff","Deferred","All","Not main scheme application","745","485","0.652"
"2018","Higher tariff","Deferred","All","Not main scheme application","820","570","0.6940000000000001"
"2019","Higher tariff","Deferred","All","Not main scheme application","925","670","0.724"
"2020","Higher tariff","Deferred","All","Not main scheme application","2950","2740","0.929"
"2021","Higher tariff","Deferred","All","Not main scheme application","760","590","0.775"
"2022","Higher tariff","Deferred","All","Not main scheme application","660","465","0.705"
"2023","Higher tariff","Deferred","All","Not main scheme application","640","470","0.736"
"2006","Medium tariff","Deferred","All","Not main scheme application","670","620","0.924"
"2007","Medium tariff","Deferred","All","Not main scheme application","580","560","0.971"
"2008","Medium tariff","Deferred","All","Not main scheme application","760","645","0.854"
"2009","Medium tariff","Deferred","All","Not main scheme application","825","605","0.732"
"2010","Medium tariff","Deferred","All","Not main scheme application","555","520","0.9420000000000001"
"2011","Medium tariff","Deferred","All","Not main scheme application","285","270","0.9510000000000001"
"2012","Medium tariff","Deferred","All","Not main scheme application","550","525","0.9530000000000001"
"2013","Medium tariff","Deferred","All","Not main scheme application","615","590","0.963"
"2014","Medium tariff","Deferred","All","Not main scheme application","860","655","0.76"
"2015","Medium tariff","Deferred","All","Not main scheme application","770","725","0.9430000000000001"
"2016","Medium tariff","Deferred","All","Not main scheme application","1115","750","0.674"
"2017","Medium tariff","Deferred","All","Not main scheme application","1140","985","0.862"
"2018","Medium tariff","Deferred","All","Not main scheme application","1020","865","0.851"
"2019","Medium tariff","Deferred","All","Not main scheme application","1140","1000","0.876"
"2020","Medium tariff","Deferred","All","Not main scheme application","1735","1565","0.902"
"2021","Medium tariff","Deferred","All","Not main scheme application","1050","850","0.81"
"2022","Medium tariff","Deferred","All","Not main scheme application","1250","965","0.77"
"2023","Medium tariff","Deferred","All","Not main scheme application","1415","1170","0.8270000000000001"
"2006","Lower tariff","Not deferred","All","Main scheme application","265850","112955","0.425"
"2007","Lower tariff","Not deferred","All","Main scheme application","280345","118880","0.424"
"2008","Lower tariff","Not deferred","All","Main scheme application","295555","131325","0.444"
"2009","Lower tariff","Not deferred","All","Main scheme application","329470","147295","0.447"
"2010","Lower tariff","Not deferred","All","Main scheme application","378765","153430","0.405"
"2011","Lower tariff","Not deferred","All","Main scheme application","405080","165650","0.40900000000000003"
"2012","Lower tariff","Not deferred","All","Main scheme application","363160","141585","0.39"
"2013","Lower tariff","Not deferred","All","Main scheme application","369750","151235","0.40900000000000003"
"2014","Lower tariff","Not deferred","All","Main scheme application","382600","155620","0.40700000000000003"
"2015","Lower tariff","Not deferred","All","Main scheme application","383390","156665","0.40900000000000003"
"2016","Lower tariff","Not deferred","All","Main scheme application","378625","153765","0.406"
"2017","Lower tariff","Not deferred","All","Main scheme application","353510","145610","0.41200000000000003"
"2018","Lower tariff","Not deferred","All","Main scheme application","337710","142335","0.421"
"2019","Lower tariff","Not deferred","All","Main scheme application","332875","138240","0.41500000000000004"
"2020","Lower tariff","Not deferred","All","Main scheme application","339370","143190","0.422"
"2021","Lower tariff","Not deferred","All","Main scheme application","354435","138345","0.39"
"2022","Lower tariff","Not deferred","All","Main scheme application","362970","137740","0.379"
"2023","Lower tariff","Not deferred","All","Main scheme application","350550","127780","0.365"
"2006","Higher tariff","Not deferred","All","Main scheme application","244115","92560","0.379"
"2007","Higher tariff","Not deferred","All","Main scheme application","257855","97560","0.378"
"2008","Higher tariff","Not deferred","All","Main scheme application","270745","104445","0.386"
"2009","Higher tariff","Not deferred","All","Main scheme application","288625","106475","0.369"
"2010","Higher tariff","Not deferred","All","Main scheme application","315995","107030","0.339"
"2011","Higher tariff","Not deferred","All","Main scheme application","324260","110210","0.34"
"2012","Higher tariff","Not deferred","All","Main scheme application","305390","105580","0.34600000000000003"
"2013","Higher tariff","Not deferred","All","Main scheme application","320130","113040","0.353"
"2014","Higher tariff","Not deferred","All","Main scheme application","334035","116285","0.34800000000000003"
"2015","Higher tariff","Not deferred","All","Main scheme application","351990","123925","0.352"
"2016","Higher tariff","Not deferred","All","Main scheme application","361490","127210","0.352"
"2017","Higher tariff","Not deferred","All","Main scheme application","359300","126695","0.353"
"2018","Higher tariff","Not deferred","All","Main scheme application","357840","125855","0.352"
"2019","Higher tariff","Not deferred","All","Main scheme application","365040","126965","0.34800000000000003"
"2020","Higher tariff","Not deferred","All","Main scheme application","376545","137690","0.366"
"2021","Higher tariff","Not deferred","All","Main scheme application","403355","151320","0.375"
"2022","Higher tariff","Not deferred","All","Main scheme application","411685","139050","0.338"
"2023","Higher tariff","Not deferred","All","Main scheme application","404670","137260","0.339"
"2006","Medium tariff","Not deferred","All","Main scheme application","286890","93350","0.325"
"2007","Medium tariff","Not deferred","All","Main scheme application","307040","100740","0.328"
"2008","Medium tariff","Not deferred","All","Main scheme application","320670","111065","0.34600000000000003"
"2009","Medium tariff","Not deferred","All","Main scheme application","352895","117765","0.334"
"2010","Medium tariff","Not deferred","All","Main scheme application","405905","121780","0.3"
"2011","Medium tariff","Not deferred","All","Main scheme application","431690","127020","0.294"
"2012","Medium tariff","Not deferred","All","Main scheme application","390375","112760","0.289"
"2013","Medium tariff","Not deferred","All","Main scheme application","406260","122345","0.301"
"2014","Medium tariff","Not deferred","All","Main scheme application","421410","125315","0.297"
"2015","Medium tariff","Not deferred","All","Main scheme application","432310","129645","0.3"
"2016","Medium tariff","Not deferred","All","Main scheme application","433365","132390","0.305"
"2017","Medium tariff","Not deferred","All","Main scheme application","415930","132990","0.32"
"2018","Medium tariff","Not deferred","All","Main scheme application","405110","130330","0.322"
"2019","Medium tariff","Not deferred","All","Main scheme application","401970","128910","0.321"
"2020","Medium tariff","Not deferred","All","Main scheme application","405595","131415","0.324"
"2021","Medium tariff","Not deferred","All","Main scheme application","421615","131205","0.311"
"2022","Medium tariff","Not deferred","All","Main scheme application","430070","128780","0.299"
"2023","Medium tariff","Not deferred","All","Main scheme application","417140","120275","0.28800000000000003"
"2006","Lower tariff","Deferred","All","Main scheme application","17070","7440","0.436"
"2007","Lower tariff","Deferred","All","Main scheme application","17190","7615","0.443"
"2008","Lower tariff","Deferred","All","Main scheme application","17890","8415","0.47000000000000003"
"2009","Lower tariff","Deferred","All","Main scheme application","18400","8750","0.47600000000000003"
"2010","Lower tariff","Deferred","All","Main scheme application","21580","9090","0.421"
"2011","Lower tariff","Deferred","All","Main scheme application","12095","4125","0.341"
"2012","Lower tariff","Deferred","All","Main scheme application","16805","7630","0.454"
"2013","Lower tariff","Deferred","All","Main scheme application","16750","8415","0.502"
"2014","Lower tariff","Deferred","All","Main scheme application","17735","9090","0.512"
"2015","Lower tariff","Deferred","All","Main scheme application","18245","9460","0.519"
"2016","Lower tariff","Deferred","All","Main scheme application","18075","9175","0.508"
"2017","Lower tariff","Deferred","All","Main scheme application","17225","9170","0.532"
"2018","Lower tariff","Deferred","All","Main scheme application","16020","8485","0.53"
"2019","Lower tariff","Deferred","All","Main scheme application","15445","8230","0.533"
"2020","Lower tariff","Deferred","All","Main scheme application","16360","8815","0.539"
"2021","Lower tariff","Deferred","All","Main scheme application","18600","9060","0.487"
"2022","Lower tariff","Deferred","All","Main scheme application","17875","8215","0.46"
"2023","Lower tariff","Deferred","All","Main scheme application","18055","8355","0.463"
"2006","Higher tariff","Deferred","All","Main scheme application","21765","10590","0.487"
"2007","Higher tariff","Deferred","All","Main scheme application","21515","10590","0.492"
"2008","Higher tariff","Deferred","All","Main scheme application","21930","10795","0.492"
"2009","Higher tariff","Deferred","All","Main scheme application","21745","10215","0.47000000000000003"
"2010","Higher tariff","Deferred","All","Main scheme application","22375","9660","0.432"
"2011","Higher tariff","Deferred","All","Main scheme application","13210","4480","0.339"
"2012","Higher tariff","Deferred","All","Main scheme application","17545","7530","0.429"
"2013","Higher tariff","Deferred","All","Main scheme application","16570","7560","0.456"
"2014","Higher tariff","Deferred","All","Main scheme application","17320","7945","0.459"
"2015","Higher tariff","Deferred","All","Main scheme application","18825","8540","0.454"
"2016","Higher tariff","Deferred","All","Main scheme application","18570","8430","0.454"
"2017","Higher tariff","Deferred","All","Main scheme application","19555","9080","0.464"
"2018","Higher tariff","Deferred","All","Main scheme application","18520","9205","0.497"
"2019","Higher tariff","Deferred","All","Main scheme application","18970","9525","0.502"
"2020","Higher tariff","Deferred","All","Main scheme application","20570","11025","0.536"
"2021","Higher tariff","Deferred","All","Main scheme application","23930","13995","0.585"
"2022","Higher tariff","Deferred","All","Main scheme application","20880","10360","0.496"
"2023","Higher tariff","Deferred","All","Main scheme application","21950","10970","0.5"
"2006","Medium tariff","Deferred","All","Main scheme application","20760","8175","0.394"
"2007","Medium tariff","Deferred","All","Main scheme application","21265","8445","0.397"
"2008","Medium tariff","Deferred","All","Main scheme application","21290","9055","0.425"
"2009","Medium tariff","Deferred","All","Main scheme application","21495","8785","0.40900000000000003"
"2010","Medium tariff","Deferred","All","Main scheme application","23290","9000","0.387"
"2011","Medium tariff","Deferred","All","Main scheme application","12945","3850","0.298"
"2012","Medium tariff","Deferred","All","Main scheme application","18435","7450","0.404"
"2013","Medium tariff","Deferred","All","Main scheme application","17650","7795","0.442"
"2014","Medium tariff","Deferred","All","Main scheme application","18175","8245","0.454"
"2015","Medium tariff","Deferred","All","Main scheme application","19265","8760","0.455"
"2016","Medium tariff","Deferred","All","Main scheme application","19605","9395","0.47900000000000004"
"2017","Medium tariff","Deferred","All","Main scheme application","20190","10360","0.513"
"2018","Medium tariff","Deferred","All","Main scheme application","19475","10180","0.523"
"2019","Medium tariff","Deferred","All","Main scheme application","19470","9960","0.512"
"2020","Medium tariff","Deferred","All","Main scheme application","19725","10470","0.531"
"2021","Medium tariff","Deferred","All","Main scheme application","21905","11370","0.519"
"2022","Medium tariff","Deferred","All","Main scheme application","20600","10145","0.492"
"2023","Medium tariff","Deferred","All","Main scheme application","22705","11365","0.501"
"2006","All","Not deferred","All","Not main scheme application","66715","63955","0.9590000000000001"
"2007","All","Not deferred","All","Not main scheme application","71180","67930","0.9540000000000001"
"2008","All","Not deferred","All","Not main scheme application","84160","79515","0.9450000000000001"
"2009","All","Not deferred","All","Not main scheme application","90025","80245","0.891"
"2010","All","Not deferred","All","Not main scheme application","90105","75810","0.841"
"2011","All","Not deferred","All","Not main scheme application","94880","75930","0.8"
"2012","All","Not deferred","All","Not main scheme application","96630","80785","0.836"
"2013","All","Not deferred","All","Not main scheme application","97835","83455","0.853"
"2014","All","Not deferred","All","Not main scheme application","102785","87790","0.854"
"2015","All","Not deferred","All","Not main scheme application","108190","93225","0.862"
"2016","All","Not deferred","All","Not main scheme application","107105","92785","0.866"
"2017","All","Not deferred","All","Not main scheme application","110680","97495","0.881"
"2018","All","Not deferred","All","Not main scheme application","116005","104485","0.901"
"2019","All","Not deferred","All","Not main scheme application","129290","116795","0.903"
"2020","All","Not deferred","All","Not main scheme application","135030","122455","0.907"
"2021","All","Not deferred","All","Not main scheme application","117420","104405","0.889"
"2022","All","Not deferred","All","Not main scheme application","144145","126640","0.879"
"2023","All","Not deferred","All","Not main scheme application","153475","135950","0.886"
"2006","All","Deferred","All","Not main scheme application","2080","1865","0.897"
"2007","All","Deferred","All","Not main scheme application","1720","1665","0.969"
"2008","All","Deferred","All","Not main scheme application","2315","2010","0.867"
"2009","All","Deferred","All","Not main scheme application","3215","2325","0.723"
"2010","All","Deferred","All","Not main scheme application","1620","1525","0.9400000000000001"
"2011","All","Deferred","All","Not main scheme application","805","760","0.9390000000000001"
"2012","All","Deferred","All","Not main scheme application","1695","1590","0.936"
"2013","All","Deferred","All","Not main scheme application","1845","1760","0.9540000000000001"
"2014","All","Deferred","All","Not main scheme application","2865","2080","0.726"
"2015","All","Deferred","All","Not main scheme application","2155","2040","0.9470000000000001"
"2016","All","Deferred","All","Not main scheme application","3440","2020","0.588"
"2017","All","Deferred","All","Not main scheme application","3045","2485","0.8160000000000001"
"2018","All","Deferred","All","Not main scheme application","3020","2490","0.8240000000000001"
"2019","All","Deferred","All","Not main scheme application","3135","2605","0.8310000000000001"
"2020","All","Deferred","All","Not main scheme application","6120","5415","0.884"
"2021","All","Deferred","All","Not main scheme application","3030","2365","0.779"
"2022","All","Deferred","All","Not main scheme application","3210","2250","0.7010000000000001"
"2023","All","Deferred","All","Not main scheme application","3255","2505","0.77"
"2006","All","Not deferred","All","Main scheme application","444655","298865","0.672"
"2007","All","Not deferred","All","Main scheme application","470760","317180","0.674"
"2008","All","Not deferred","All","Main scheme application","515355","346840","0.673"
"2009","All","Not deferred","All","Main scheme application","567345","371535","0.655"
"2010","All","Not deferred","All","Main scheme application","636100","382240","0.601"
"2011","All","Not deferred","All","Main scheme application","657175","402880","0.613"
"2012","All","Not deferred","All","Main scheme application","600820","359925","0.599"
"2013","All","Not deferred","All","Main scheme application","621090","386620","0.622"
"2014","All","Not deferred","All","Main scheme application","644195","397220","0.617"
"2015","All","Not deferred","All","Main scheme application","657540","410240","0.624"
"2016","All","Not deferred","All","Main scheme application","659900","413365","0.626"
"2017","All","Not deferred","All","Main scheme application","634575","405300","0.639"
"2018","All","Not deferred","All","Main scheme application","622000","398520","0.641"
"2019","All","Not deferred","All","Main scheme application","623075","394120","0.633"
"2020","All","Not deferred","All","Main scheme application","639050","412295","0.645"
"2021","All","Not deferred","All","Main scheme application","665770","420865","0.632"
"2022","All","Not deferred","All","Main scheme application","669870","405570","0.605"
"2023","All","Not deferred","All","Main scheme application","653130","385315","0.59"
"2006","All","Deferred","All","Main scheme application","38900","26205","0.674"
"2007","All","Deferred","All","Main scheme application","39870","26655","0.669"
"2008","All","Deferred","All","Main scheme application","42790","28265","0.661"
"2009","All","Deferred","All","Main scheme application","43570","27750","0.637"
"2010","All","Deferred","All","Main scheme application","49030","27750","0.5660000000000001"
"2011","All","Deferred","All","Main scheme application","28280","12460","0.441"
"2012","All","Deferred","All","Main scheme application","38595","22610","0.586"
"2013","All","Deferred","All","Main scheme application","38125","23765","0.623"
"2014","All","Deferred","All","Main scheme application","40415","25275","0.625"
"2015","All","Deferred","All","Main scheme application","42615","26760","0.628"
"2016","All","Deferred","All","Main scheme application","42635","27000","0.633"
"2017","All","Deferred","All","Main scheme application","43210","28610","0.662"
"2018","All","Deferred","All","Main scheme application","40470","27870","0.6890000000000001"
"2019","All","Deferred","All","Main scheme application","40325","27720","0.687"
"2020","All","Deferred","All","Main scheme application","44050","30310","0.6880000000000001"
"2021","All","Deferred","All","Main scheme application","48440","34425","0.711"
"2022","All","Deferred","All","Main scheme application","45115","28720","0.637"
"2023","All","Deferred","All","Main scheme application","47000","30695","0.653"
"2006","Lower tariff","All","All","Not main scheme application","37725","36320","0.963"
"2007","Lower tariff","All","All","Not main scheme application","40475","38880","0.961"
"2008","Lower tariff","All","All","Not main scheme application","48540","46040","0.9490000000000001"
"2009","Lower tariff","All","All","Not main scheme application","55510","49355","0.889"
"2010","Lower tariff","All","All","Not main scheme application","54535","45875","0.841"
"2011","Lower tariff","All","All","Not main scheme application","60260","48005","0.797"
"2012","Lower tariff","All","All","Not main scheme application","56130","46845","0.835"
"2013","Lower tariff","All","All","Not main scheme application","58415","50355","0.862"
"2014","Lower tariff","All","All","Not main scheme application","63530","54810","0.863"
"2015","Lower tariff","All","All","Not main scheme application","62995","54880","0.871"
"2016","Lower tariff","All","All","Not main scheme application","60105","51720","0.861"
"2017","Lower tariff","All","All","Not main scheme application","61265","54140","0.884"
"2018","Lower tariff","All","All","Not main scheme application","65675","59850","0.911"
"2019","Lower tariff","All","All","Not main scheme application","74815","68450","0.915"
"2020","Lower tariff","All","All","Not main scheme application","71790","65360","0.91"
"2021","Lower tariff","All","All","Not main scheme application","73145","65865","0.901"
"2022","Lower tariff","All","All","Not main scheme application","88290","78865","0.893"
"2023","Lower tariff","All","All","Not main scheme application","86235","76985","0.893"
"2006","Higher tariff","All","All","Not main scheme application","9510","8930","0.9390000000000001"
"2007","Higher tariff","All","All","Not main scheme application","9900","9225","0.932"
"2008","Higher tariff","All","All","Not main scheme application","11010","10045","0.912"
"2009","Higher tariff","All","All","Not main scheme application","10660","9130","0.857"
"2010","Higher tariff","All","All","Not main scheme application","9055","7280","0.804"
"2011","Higher tariff","All","All","Not main scheme application","8690","6695","0.77"
"2012","Higher tariff","All","All","Not main scheme application","12295","10175","0.8280000000000001"
"2013","Higher tariff","All","All","Not main scheme application","13280","11010","0.8290000000000001"
"2014","Higher tariff","All","All","Not main scheme application","13875","11615","0.837"
"2015","Higher tariff","All","All","Not main scheme application","15075","12870","0.854"
"2016","Higher tariff","All","All","Not main scheme application","16295","13725","0.842"
"2017","Higher tariff","All","All","Not main scheme application","16530","14110","0.854"
"2018","Higher tariff","All","All","Not main scheme application","17665","15235","0.862"
"2019","Higher tariff","All","All","Not main scheme application","20070","17465","0.87"
"2020","Higher tariff","All","All","Not main scheme application","28470","25610","0.9"
"2021","Higher tariff","All","All","Not main scheme application","13715","11335","0.8270000000000001"
"2022","Higher tariff","All","All","Not main scheme application","16045","12645","0.788"
"2023","Higher tariff","All","All","Not main scheme application","17790","14595","0.8200000000000001"
"2006","Medium tariff","All","All","Not main scheme application","21555","20565","0.9540000000000001"
"2007","Medium tariff","All","All","Not main scheme application","22525","21495","0.9540000000000001"
"2008","Medium tariff","All","All","Not main scheme application","26925","25435","0.9450000000000001"
"2009","Medium tariff","All","All","Not main scheme application","27100","24085","0.889"
"2010","Medium tariff","All","All","Not main scheme application","28160","24180","0.859"
"2011","Medium tariff","All","All","Not main scheme application","26760","21995","0.8220000000000001"
"2012","Medium tariff","All","All","Not main scheme application","29980","25350","0.846"
"2013","Medium tariff","All","All","Not main scheme application","28060","23850","0.85"
"2014","Medium tariff","All","All","Not main scheme application","28300","23445","0.8280000000000001"
"2015","Medium tariff","All","All","Not main scheme application","32335","27515","0.851"
"2016","Medium tariff","All","All","Not main scheme application","34200","29365","0.859"
"2017","Medium tariff","All","All","Not main scheme application","35975","31730","0.882"
"2018","Medium tariff","All","All","Not main scheme application","35710","31890","0.893"
"2019","Medium tariff","All","All","Not main scheme application","37555","33485","0.892"
"2020","Medium tariff","All","All","Not main scheme application","40900","36900","0.902"
"2021","Medium tariff","All","All","Not main scheme application","33610","29565","0.88"
"2022","Medium tariff","All","All","Not main scheme application","43015","37380","0.869"
"2023","Medium tariff","All","All","Not main scheme application","52705","46880","0.889"
"2006","Lower tariff","All","All","Main scheme application","277535","120400","0.434"
"2007","Lower tariff","All","All","Main scheme application","291675","126495","0.434"
"2008","Lower tariff","All","All","Main scheme application","306970","139745","0.455"
"2009","Lower tariff","All","All","Main scheme application","341040","156045","0.458"
"2010","Lower tariff","All","All","Main scheme application","390500","162520","0.41600000000000004"
"2011","Lower tariff","All","All","Main scheme application","410890","169780","0.41300000000000003"
"2012","Lower tariff","All","All","Main scheme application","371680","149215","0.401"
"2013","Lower tariff","All","All","Main scheme application","377970","159645","0.422"
"2014","Lower tariff","All","All","Main scheme application","391115","164710","0.421"
"2015","Lower tariff","All","All","Main scheme application","392235","166125","0.424"
"2016","Lower tariff","All","All","Main scheme application","387385","162940","0.421"
"2017","Lower tariff","All","All","Main scheme application","362215","154780","0.427"
"2018","Lower tariff","All","All","Main scheme application","346270","150820","0.436"
"2019","Lower tariff","All","All","Main scheme application","341110","146475","0.429"
"2020","Lower tariff","All","All","Main scheme application","347250","152005","0.438"
"2021","Lower tariff","All","All","Main scheme application","363655","147405","0.405"
"2022","Lower tariff","All","All","Main scheme application","371100","145955","0.393"
"2023","Lower tariff","All","All","Main scheme application","359060","136135","0.379"
"2006","Higher tariff","All","All","Main scheme application","260275","103150","0.396"
"2007","Higher tariff","All","All","Main scheme application","273595","108150","0.395"
"2008","Higher tariff","All","All","Main scheme application","286440","115240","0.402"
"2009","Higher tariff","All","All","Main scheme application","304055","116690","0.384"
"2010","Higher tariff","All","All","Main scheme application","330865","116690","0.353"
"2011","Higher tariff","All","All","Main scheme application","332620","114690","0.34500000000000003"
"2012","Higher tariff","All","All","Main scheme application","316670","113110","0.357"
"2013","Higher tariff","All","All","Main scheme application","330310","120600","0.365"
"2014","Higher tariff","All","All","Main scheme application","344420","124230","0.361"
"2015","Higher tariff","All","All","Main scheme application","363150","132465","0.365"
"2016","Higher tariff","All","All","Main scheme application","372215","135640","0.364"
"2017","Higher tariff","All","All","Main scheme application","370405","135775","0.367"
"2018","Higher tariff","All","All","Main scheme application","368600","135055","0.366"
"2019","Higher tariff","All","All","Main scheme application","376105","136490","0.363"
"2020","Higher tariff","All","All","Main scheme application","386625","148715","0.385"
"2021","Higher tariff","All","All","Main scheme application","415825","165315","0.398"
"2022","Higher tariff","All","All","Main scheme application","422645","149405","0.354"
"2023","Higher tariff","All","All","Main scheme application","416320","148230","0.356"
"2006","Medium tariff","All","All","Main scheme application","303325","101525","0.335"
"2007","Medium tariff","All","All","Main scheme application","323235","109185","0.338"
"2008","Medium tariff","All","All","Main scheme application","336685","120120","0.357"
"2009","Medium tariff","All","All","Main scheme application","368975","126550","0.343"
"2010","Medium tariff","All","All","Main scheme application","422135","130785","0.31"
"2011","Medium tariff","All","All","Main scheme application","440215","130875","0.297"
"2012","Medium tariff","All","All","Main scheme application","402760","120210","0.298"
"2013","Medium tariff","All","All","Main scheme application","417770","130140","0.312"
"2014","Medium tariff","All","All","Main scheme application","432780","133560","0.309"
"2015","Medium tariff","All","All","Main scheme application","444265","138410","0.312"
"2016","Medium tariff","All","All","Main scheme application","445275","141790","0.318"
"2017","Medium tariff","All","All","Main scheme application","427965","143350","0.335"
"2018","Medium tariff","All","All","Main scheme application","416935","140510","0.337"
"2019","Medium tariff","All","All","Main scheme application","413820","138875","0.336"
"2020","Medium tariff","All","All","Main scheme application","416850","141885","0.34"
"2021","Medium tariff","All","All","Main scheme application","435060","142575","0.328"
"2022","Medium tariff","All","All","Main scheme application","442035","138925","0.314"
"2023","Medium tariff","All","All","Main scheme application","430120","131645","0.306"
"2006","All","All","All","Not main scheme application","68795","65820","0.9570000000000001"
"2007","All","All","All","Not main scheme application","72900","69595","0.9550000000000001"
"2008","All","All","All","Not main scheme application","86475","81520","0.9430000000000001"
"2009","All","All","All","Not main scheme application","93240","82570","0.886"
"2010","All","All","All","Not main scheme application","91725","77335","0.843"
"2011","All","All","All","Not main scheme application","95690","76690","0.801"
"2012","All","All","All","Not main scheme application","98325","82375","0.838"
"2013","All","All","All","Not main scheme application","99680","85215","0.855"
"2014","All","All","All","Not main scheme application","105650","89870","0.851"
"2015","All","All","All","Not main scheme application","110350","95265","0.863"
"2016","All","All","All","Not main scheme application","110545","94810","0.858"
"2017","All","All","All","Not main scheme application","113725","99980","0.879"
"2018","All","All","All","Not main scheme application","119025","106970","0.899"
"2019","All","All","All","Not main scheme application","132425","119400","0.902"
"2020","All","All","All","Not main scheme application","141150","127870","0.906"
"2021","All","All","All","Not main scheme application","120455","106770","0.886"
"2022","All","All","All","Not main scheme application","147355","128890","0.875"
"2023","All","All","All","Not main scheme application","156730","138455","0.883"
"2006","All","All","All","Main scheme application","467200","325070","0.6960000000000001"
"2007","All","All","All","Main scheme application","492740","343835","0.6980000000000001"
"2008","All","All","All","Main scheme application","538110","375105","0.6970000000000001"
"2009","All","All","All","Main scheme application","590185","399285","0.677"
"2010","All","All","All","Main scheme application","657955","409995","0.623"
"2011","All","All","All","Main scheme application","667950","415340","0.622"
"2012","All","All","All","Main scheme application","616520","382535","0.62"
"2013","All","All","All","Main scheme application","635780","410385","0.645"
"2014","All","All","All","Main scheme application","658895","422495","0.641"
"2015","All","All","All","Main scheme application","672900","437000","0.649"
"2016","All","All","All","Main scheme application","674740","440370","0.653"
"2017","All","All","All","Main scheme application","649565","433905","0.668"
"2018","All","All","All","Main scheme application","636820","426390","0.67"
"2019","All","All","All","Main scheme application","637950","421835","0.661"
"2020","All","All","All","Main scheme application","652675","442605","0.678"
"2021","All","All","All","Main scheme application","681880","455290","0.668"
"2022","All","All","All","Main scheme application","683530","434285","0.635"
"2023","All","All","All","Main scheme application","667505","416010","0.623"
"2006","Lower tariff","Not deferred","Not main scheme applicant","All","21525","21215","0.986"
"2007","Lower tariff","Not deferred","Not main scheme applicant","All","23455","23050","0.983"
"2008","Lower tariff","Not deferred","Not main scheme applicant","All","28050","27215","0.97"
"2009","Lower tariff","Not deferred","Not main scheme applicant","All","27520","26145","0.9500000000000001"
"2010","Lower tariff","Not deferred","Not main scheme applicant","All","18675","17505","0.937"
"2011","Lower tariff","Not deferred","Not main scheme applicant","All","15065","13650","0.906"
"2012","Lower tariff","Not deferred","Not main scheme applicant","All","19805","18110","0.914"
"2013","Lower tariff","Not deferred","Not main scheme applicant","All","23925","22325","0.933"
"2014","Lower tariff","Not deferred","Not main scheme applicant","All","26330","24705","0.9380000000000001"
"2015","Lower tariff","Not deferred","Not main scheme applicant","All","27415","25660","0.936"
"2016","Lower tariff","Not deferred","Not main scheme applicant","All","26040","24295","0.933"
"2017","Lower tariff","Not deferred","Not main scheme applicant","All","31100","28800","0.926"
"2018","Lower tariff","Not deferred","Not main scheme applicant","All","38745","36645","0.9460000000000001"
"2019","Lower tariff","Not deferred","Not main scheme applicant","All","46885","44175","0.9420000000000001"
"2020","Lower tariff","Not deferred","Not main scheme applicant","All","48640","45430","0.934"
"2021","Lower tariff","Not deferred","Not main scheme applicant","All","48275","45150","0.935"
"2022","Lower tariff","Not deferred","Not main scheme applicant","All","58155","54350","0.935"
"2023","Lower tariff","Not deferred","Not main scheme applicant","All","56545","52145","0.922"
"2006","Higher tariff","Not deferred","Not main scheme applicant","All","3030","2920","0.965"
"2007","Higher tariff","Not deferred","Not main scheme applicant","All","3090","2955","0.9570000000000001"
"2008","Higher tariff","Not deferred","Not main scheme applicant","All","3455","3290","0.9530000000000001"
"2009","Higher tariff","Not deferred","Not main scheme applicant","All","3075","2840","0.925"
"2010","Higher tariff","Not deferred","Not main scheme applicant","All","2240","2090","0.932"
"2011","Higher tariff","Not deferred","Not main scheme applicant","All","2310","2150","0.929"
"2012","Higher tariff","Not deferred","Not main scheme applicant","All","2690","2510","0.932"
"2013","Higher tariff","Not deferred","Not main scheme applicant","All","2975","2815","0.9460000000000001"
"2014","Higher tariff","Not deferred","Not main scheme applicant","All","2745","2560","0.932"
"2015","Higher tariff","Not deferred","Not main scheme applicant","All","3005","2820","0.937"
"2016","Higher tariff","Not deferred","Not main scheme applicant","All","3150","2930","0.93"
"2017","Higher tariff","Not deferred","Not main scheme applicant","All","3400","3105","0.914"
"2018","Higher tariff","Not deferred","Not main scheme applicant","All","3700","3380","0.913"
"2019","Higher tariff","Not deferred","Not main scheme applicant","All","4010","3710","0.925"
"2020","Higher tariff","Not deferred","Not main scheme applicant","All","4640","4125","0.889"
"2021","Higher tariff","Not deferred","Not main scheme applicant","All","3125","2860","0.915"
"2022","Higher tariff","Not deferred","Not main scheme applicant","All","3385","2945","0.87"
"2023","Higher tariff","Not deferred","Not main scheme applicant","All","3360","2950","0.878"
"2006","Medium tariff","Not deferred","Not main scheme applicant","All","9305","9080","0.976"
"2007","Medium tariff","Not deferred","Not main scheme applicant","All","9805","9600","0.979"
"2008","Medium tariff","Not deferred","Not main scheme applicant","All","12040","11755","0.977"
"2009","Medium tariff","Not deferred","Not main scheme applicant","All","10585","10100","0.9540000000000001"
"2010","Medium tariff","Not deferred","Not main scheme applicant","All","11420","11040","0.966"
"2011","Medium tariff","Not deferred","Not main scheme applicant","All","7935","7600","0.9580000000000001"
"2012","Medium tariff","Not deferred","Not main scheme applicant","All","9290","8815","0.9490000000000001"
"2013","Medium tariff","Not deferred","Not main scheme applicant","All","8805","8320","0.9450000000000001"
"2014","Medium tariff","Not deferred","Not main scheme applicant","All","6375","5865","0.92"
"2015","Medium tariff","Not deferred","Not main scheme applicant","All","9215","8575","0.93"
"2016","Medium tariff","Not deferred","Not main scheme applicant","All","9375","8750","0.933"
"2017","Medium tariff","Not deferred","Not main scheme applicant","All","10900","10130","0.93"
"2018","Medium tariff","Not deferred","Not main scheme applicant","All","11805","11005","0.932"
"2019","Medium tariff","Not deferred","Not main scheme applicant","All","12845","11855","0.923"
"2020","Medium tariff","Not deferred","Not main scheme applicant","All","15710","14370","0.915"
"2021","Medium tariff","Not deferred","Not main scheme applicant","All","12130","11025","0.909"
"2022","Medium tariff","Not deferred","Not main scheme applicant","All","15975","14380","0.9"
"2023","Medium tariff","Not deferred","Not main scheme applicant","All","23845","21810","0.915"
"2006","Lower tariff","Deferred","Not main scheme applicant","All","305","305","0.99"
"2007","Lower tariff","Deferred","Not main scheme applicant","All","315","310","0.981"
"2008","Lower tariff","Deferred","Not main scheme applicant","All","405","400","0.98"
"2009","Lower tariff","Deferred","Not main scheme applicant","All","540","405","0.751"
"2010","Lower tariff","Deferred","Not main scheme applicant","All","200","200","0.99"
"2011","Lower tariff","Deferred","Not main scheme applicant","All","80","75","0.975"
"2012","Lower tariff","Deferred","Not main scheme applicant","All","190","185","0.984"
"2013","Lower tariff","Deferred","Not main scheme applicant","All","260","255","0.981"
"2014","Lower tariff","Deferred","Not main scheme applicant","All","290","280","0.9590000000000001"
"2015","Lower tariff","Deferred","Not main scheme applicant","All","285","275","0.972"
"2016","Lower tariff","Deferred","Not main scheme applicant","All","265","255","0.9590000000000001"
"2017","Lower tariff","Deferred","Not main scheme applicant","All","375","365","0.976"
"2018","Lower tariff","Deferred","Not main scheme applicant","All","500","490","0.976"
"2019","Lower tariff","Deferred","Not main scheme applicant","All","435","420","0.968"
"2020","Lower tariff","Deferred","Not main scheme applicant","All","640","530","0.8310000000000001"
"2021","Lower tariff","Deferred","Not main scheme applicant","All","405","345","0.854"
"2022","Lower tariff","Deferred","Not main scheme applicant","All","360","265","0.739"
"2023","Lower tariff","Deferred","Not main scheme applicant","All","415","345","0.8310000000000001"
"2006","Higher tariff","Deferred","Not main scheme applicant","All","60","60","1"
"2007","Higher tariff","Deferred","Not main scheme applicant","All","60","55","0.9480000000000001"
"2008","Higher tariff","Deferred","Not main scheme applicant","All","75","75","0.973"
"2009","Higher tariff","Deferred","Not main scheme applicant","All","95","80","0.871"
"2010","Higher tariff","Deferred","Not main scheme applicant","All","40","40","0.9500000000000001"
"2011","Higher tariff","Deferred","Not main scheme applicant","All","20","20","1"
"2012","Higher tariff","Deferred","Not main scheme applicant","All","35","35","0.9460000000000001"
"2013","Higher tariff","Deferred","Not main scheme applicant","All","40","40","0.974"
"2014","Higher tariff","Deferred","Not main scheme applicant","All","50","45","0.9580000000000001"
"2015","Higher tariff","Deferred","Not main scheme applicant","All","55","55","0.965"
"2016","Higher tariff","Deferred","Not main scheme applicant","All","50","45","0.918"
"2017","Higher tariff","Deferred","Not main scheme applicant","All","65","65","0.969"
"2018","Higher tariff","Deferred","Not main scheme applicant","All","80","70","0.923"
"2019","Higher tariff","Deferred","Not main scheme applicant","All","90","90","0.989"
"2020","Higher tariff","Deferred","Not main scheme applicant","All","180","165","0.912"
"2021","Higher tariff","Deferred","Not main scheme applicant","All","75","65","0.89"
"2022","Higher tariff","Deferred","Not main scheme applicant","All","50","40","0.765"
"2023","Higher tariff","Deferred","Not main scheme applicant","All","70","55","0.8"
"2006","Medium tariff","Deferred","Not main scheme applicant","All","180","180","0.989"
"2007","Medium tariff","Deferred","Not main scheme applicant","All","175","175","0.977"
"2008","Medium tariff","Deferred","Not main scheme applicant","All","200","195","0.975"
"2009","Medium tariff","Deferred","Not main scheme applicant","All","150","130","0.849"
"2010","Medium tariff","Deferred","Not main scheme applicant","All","115","110","0.965"
"2011","Medium tariff","Deferred","Not main scheme applicant","All","70","70","0.972"
"2012","Medium tariff","Deferred","Not main scheme applicant","All","105","105","0.981"
"2013","Medium tariff","Deferred","Not main scheme applicant","All","145","145","0.986"
"2014","Medium tariff","Deferred","Not main scheme applicant","All","130","125","0.961"
"2015","Medium tariff","Deferred","Not main scheme applicant","All","125","120","0.984"
"2016","Medium tariff","Deferred","Not main scheme applicant","All","125","125","0.976"
"2017","Medium tariff","Deferred","Not main scheme applicant","All","205","200","0.98"
"2018","Medium tariff","Deferred","Not main scheme applicant","All","230","225","0.974"
"2019","Medium tariff","Deferred","Not main scheme applicant","All","255","245","0.961"
"2020","Medium tariff","Deferred","Not main scheme applicant","All","420","380","0.909"
"2021","Medium tariff","Deferred","Not main scheme applicant","All","240","215","0.891"
"2022","Medium tariff","Deferred","Not main scheme applicant","All","280","230","0.8290000000000001"
"2023","Medium tariff","Deferred","Not main scheme applicant","All","285","250","0.867"
"2006","Lower tariff","Not deferred","Main scheme applicant","All","267525","127265","0.47600000000000003"
"2007","Lower tariff","Not deferred","Main scheme applicant","All","282290","134020","0.47500000000000003"
"2008","Lower tariff","Not deferred","Main scheme applicant","All","298365","149270","0.5"
"2009","Lower tariff","Not deferred","Main scheme applicant","All","334135","169410","0.507"
"2010","Lower tariff","Not deferred","Main scheme applicant","All","384545","181110","0.47100000000000003"
"2011","Lower tariff","Not deferred","Main scheme applicant","All","411830","199690","0.485"
"2012","Lower tariff","Not deferred","Main scheme applicant","All","366775","169660","0.463"
"2013","Lower tariff","Not deferred","Main scheme applicant","All","373620","178480","0.47800000000000004"
"2014","Lower tariff","Not deferred","Main scheme applicant","All","387095","184735","0.47700000000000004"
"2015","Lower tariff","Not deferred","Main scheme applicant","All","387880","184970","0.47700000000000004"
"2016","Lower tariff","Not deferred","Main scheme applicant","All","382870","180330","0.47100000000000003"
"2017","Lower tariff","Not deferred","Main scheme applicant","All","357830","169935","0.47500000000000003"
"2018","Lower tariff","Not deferred","Main scheme applicant","All","342065","164490","0.481"
"2019","Lower tariff","Not deferred","Main scheme applicant","All","337715","161585","0.47800000000000004"
"2020","Lower tariff","Not deferred","Main scheme applicant","All","342435","162010","0.47300000000000003"
"2021","Lower tariff","Not deferred","Main scheme applicant","All","357705","158135","0.442"
"2022","Lower tariff","Not deferred","Main scheme applicant","All","367670","161435","0.439"
"2023","Lower tariff","Not deferred","Main scheme applicant","All","355295","151750","0.427"
"2006","Higher tariff","Not deferred","Main scheme applicant","All","244435","98120","0.401"
"2007","Higher tariff","Not deferred","Main scheme applicant","All","258180","103410","0.401"
"2008","Higher tariff","Not deferred","Main scheme applicant","All","271140","110720","0.40800000000000003"
"2009","Higher tariff","Not deferred","Main scheme applicant","All","289020","112135","0.388"
"2010","Higher tariff","Not deferred","Main scheme applicant","All","316365","111910","0.354"
"2011","Higher tariff","Not deferred","Main scheme applicant","All","324775","114580","0.353"
"2012","Higher tariff","Not deferred","Main scheme applicant","All","306110","112850","0.369"
"2013","Higher tariff","Not deferred","Main scheme applicant","All","321005","120855","0.376"
"2014","Higher tariff","Not deferred","Main scheme applicant","All","334715","124910","0.373"
"2015","Higher tariff","Not deferred","Main scheme applicant","All","352815","133575","0.379"
"2016","Higher tariff","Not deferred","Main scheme applicant","All","362140","137590","0.38"
"2017","Higher tariff","Not deferred","Main scheme applicant","All","359915","137215","0.381"
"2018","Higher tariff","Not deferred","Main scheme applicant","All","358425","137140","0.383"
"2019","Higher tariff","Not deferred","Main scheme applicant","All","365730","140050","0.383"
"2020","Higher tariff","Not deferred","Main scheme applicant","All","377370","156435","0.41500000000000004"
"2021","Higher tariff","Not deferred","Main scheme applicant","All","404010","159210","0.394"
"2022","Higher tariff","Not deferred","Main scheme applicant","All","412205","148285","0.36"
"2023","Higher tariff","Not deferred","Main scheme applicant","All","405260","148435","0.366"
"2006","Medium tariff","Not deferred","Main scheme applicant","All","288545","104215","0.361"
"2007","Medium tariff","Not deferred","Main scheme applicant","All","308705","112070","0.363"
"2008","Medium tariff","Not deferred","Main scheme applicant","All","323025","124100","0.384"
"2009","Medium tariff","Not deferred","Main scheme applicant","All","355500","131145","0.369"
"2010","Medium tariff","Not deferred","Main scheme applicant","All","408595","134400","0.329"
"2011","Medium tariff","Not deferred","Main scheme applicant","All","434775","141145","0.325"
"2012","Medium tariff","Not deferred","Main scheme applicant","All","393480","128770","0.327"
"2013","Medium tariff","Not deferred","Main scheme applicant","All","408930","137280","0.336"
"2014","Medium tariff","Not deferred","Main scheme applicant","All","424400","142240","0.335"
"2015","Medium tariff","Not deferred","Main scheme applicant","All","435390","147865","0.34"
"2016","Medium tariff","Not deferred","Main scheme applicant","All","436545","152255","0.34900000000000003"
"2017","Medium tariff","Not deferred","Main scheme applicant","All","419500","153605","0.366"
"2018","Medium tariff","Not deferred","Main scheme applicant","All","408590","150350","0.368"
"2019","Medium tariff","Not deferred","Main scheme applicant","All","405825","149540","0.368"
"2020","Medium tariff","Not deferred","Main scheme applicant","All","408775","152375","0.373"
"2021","Medium tariff","Not deferred","Main scheme applicant","All","424700","148895","0.35100000000000003"
"2022","Medium tariff","Not deferred","Main scheme applicant","All","434680","150815","0.34700000000000003"
"2023","Medium tariff","Not deferred","Main scheme applicant","All","421780","144175","0.342"
"2006","Lower tariff","Deferred","Main scheme applicant","All","17515","7935","0.453"
"2007","Lower tariff","Deferred","Main scheme applicant","All","17480","7995","0.457"
"2008","Lower tariff","Deferred","Main scheme applicant","All","18310","8900","0.486"
"2009","Lower tariff","Deferred","Main scheme applicant","All","19290","9435","0.489"
"2010","Lower tariff","Deferred","Main scheme applicant","All","21980","9580","0.436"
"2011","Lower tariff","Deferred","Main scheme applicant","All","12335","4365","0.354"
"2012","Lower tariff","Deferred","Main scheme applicant","All","17215","8105","0.47100000000000003"
"2013","Lower tariff","Deferred","Main scheme applicant","All","17205","8945","0.52"
"2014","Lower tariff","Deferred","Main scheme applicant","All","18605","9805","0.527"
"2015","Lower tariff","Deferred","Main scheme applicant","All","18795","10100","0.537"
"2016","Lower tariff","Deferred","Main scheme applicant","All","19060","9775","0.513"
"2017","Lower tariff","Deferred","Main scheme applicant","All","17905","9820","0.548"
"2018","Lower tariff","Deferred","Main scheme applicant","All","16580","9050","0.546"
"2019","Lower tariff","Deferred","Main scheme applicant","All","15965","8745","0.548"
"2020","Lower tariff","Deferred","Main scheme applicant","All","17025","9390","0.552"
"2021","Lower tariff","Deferred","Main scheme applicant","All","19255","9640","0.501"
"2022","Lower tariff","Deferred","Main scheme applicant","All","18665","8775","0.47000000000000003"
"2023","Lower tariff","Deferred","Main scheme applicant","All","18715","8880","0.47400000000000003"
"2006","Higher tariff","Deferred","Main scheme applicant","All","21975","10975","0.499"
"2007","Higher tariff","Deferred","Main scheme applicant","All","21670","10950","0.505"
"2008","Higher tariff","Deferred","Main scheme applicant","All","22190","11200","0.505"
"2009","Higher tariff","Deferred","Main scheme applicant","All","22165","10765","0.486"
"2010","Higher tariff","Deferred","Main scheme applicant","All","22555","9935","0.44"
"2011","Higher tariff","Deferred","Main scheme applicant","All","13315","4635","0.34800000000000003"
"2012","Higher tariff","Deferred","Main scheme applicant","All","17755","7895","0.445"
"2013","Higher tariff","Deferred","Main scheme applicant","All","16780","7905","0.47100000000000003"
"2014","Higher tariff","Deferred","Main scheme applicant","All","17765","8325","0.46900000000000003"
"2015","Higher tariff","Deferred","Main scheme applicant","All","19040","8885","0.467"
"2016","Higher tariff","Deferred","Main scheme applicant","All","19240","8800","0.457"
"2017","Higher tariff","Deferred","Main scheme applicant","All","20035","9505","0.47400000000000003"
"2018","Higher tariff","Deferred","Main scheme applicant","All","19005","9700","0.511"
"2019","Higher tariff","Deferred","Main scheme applicant","All","19550","10105","0.517"
"2020","Higher tariff","Deferred","Main scheme applicant","All","22395","13600","0.607"
"2021","Higher tariff","Deferred","Main scheme applicant","All","24460","14520","0.594"
"2022","Higher tariff","Deferred","Main scheme applicant","All","21315","10785","0.506"
"2023","Higher tariff","Deferred","Main scheme applicant","All","22340","11385","0.51"
"2006","Medium tariff","Deferred","Main scheme applicant","All","21070","8615","0.40900000000000003"
"2007","Medium tariff","Deferred","Main scheme applicant","All","21510","8835","0.41100000000000003"
"2008","Medium tariff","Deferred","Main scheme applicant","All","21685","9505","0.438"
"2009","Medium tariff","Deferred","Main scheme applicant","All","21970","9260","0.422"
"2010","Medium tariff","Deferred","Main scheme applicant","All","23610","9415","0.399"
"2011","Medium tariff","Deferred","Main scheme applicant","All","13120","4055","0.309"
"2012","Medium tariff","Deferred","Main scheme applicant","All","18750","7875","0.42"
"2013","Medium tariff","Deferred","Main scheme applicant","All","18015","8240","0.457"
"2014","Medium tariff","Deferred","Main scheme applicant","All","18750","8775","0.468"
"2015","Medium tariff","Deferred","Main scheme applicant","All","19755","9365","0.47400000000000003"
"2016","Medium tariff","Deferred","Main scheme applicant","All","20405","10025","0.491"
"2017","Medium tariff","Deferred","Main scheme applicant","All","20910","11145","0.533"
"2018","Medium tariff","Deferred","Main scheme applicant","All","20085","10825","0.539"
"2019","Medium tariff","Deferred","Main scheme applicant","All","20160","10720","0.532"
"2020","Medium tariff","Deferred","Main scheme applicant","All","20725","11655","0.5630000000000001"
"2021","Medium tariff","Deferred","Main scheme applicant","All","22555","12005","0.532"
"2022","Medium tariff","Deferred","Main scheme applicant","All","21420","10875","0.508"
"2023","Medium tariff","Deferred","Main scheme applicant","All","23610","12285","0.52"
"2006","All","Not deferred","Not main scheme applicant","All","33860","33220","0.981"
"2007","All","Not deferred","Not main scheme applicant","All","36350","35605","0.979"
"2008","All","Not deferred","Not main scheme applicant","All","43540","42265","0.971"
"2009","All","Not deferred","Not main scheme applicant","All","41180","39090","0.9490000000000001"
"2010","All","Not deferred","Not main scheme applicant","All","32340","30635","0.9470000000000001"
"2011","All","Not deferred","Not main scheme applicant","All","25310","23395","0.924"
"2012","All","Not deferred","Not main scheme applicant","All","31785","29435","0.926"
"2013","All","Not deferred","Not main scheme applicant","All","35705","33455","0.937"
"2014","All","Not deferred","Not main scheme applicant","All","35450","33130","0.935"
"2015","All","Not deferred","Not main scheme applicant","All","39635","37055","0.935"
"2016","All","Not deferred","Not main scheme applicant","All","38570","35975","0.933"
"2017","All","Not deferred","Not main scheme applicant","All","45395","42035","0.926"
"2018","All","Not deferred","Not main scheme applicant","All","54250","51025","0.9410000000000001"
"2019","All","Not deferred","Not main scheme applicant","All","63740","59740","0.937"
"2020","All","Not deferred","Not main scheme applicant","All","68990","63925","0.927"
"2021","All","Not deferred","Not main scheme applicant","All","63525","59035","0.929"
"2022","All","Not deferred","Not main scheme applicant","All","77515","71675","0.925"
"2023","All","Not deferred","Not main scheme applicant","All","83750","76905","0.918"
"2006","All","Deferred","Not main scheme applicant","All","550","545","0.991"
"2007","All","Deferred","Not main scheme applicant","All","550","540","0.976"
"2008","All","Deferred","Not main scheme applicant","All","680","665","0.978"
"2009","All","Deferred","Not main scheme applicant","All","785","615","0.784"
"2010","All","Deferred","Not main scheme applicant","All","355","345","0.977"
"2011","All","Deferred","Not main scheme applicant","All","170","165","0.976"
"2012","All","Deferred","Not main scheme applicant","All","330","325","0.979"
"2013","All","Deferred","Not main scheme applicant","All","440","435","0.982"
"2014","All","Deferred","Not main scheme applicant","All","465","450","0.9590000000000001"
"2015","All","Deferred","Not main scheme applicant","All","465","450","0.974"
"2016","All","Deferred","Not main scheme applicant","All","445","425","0.9590000000000001"
"2017","All","Deferred","Not main scheme applicant","All","640","625","0.977"
"2018","All","Deferred","Not main scheme applicant","All","810","785","0.97"
"2019","All","Deferred","Not main scheme applicant","All","780","755","0.968"
"2020","All","Deferred","Not main scheme applicant","All","1240","1080","0.869"
"2021","All","Deferred","Not main scheme applicant","All","715","620","0.87"
"2022","All","Deferred","Not main scheme applicant","All","690","535","0.777"
"2023","All","Deferred","Not main scheme applicant","All","770","650","0.842"
"2006","All","Not deferred","Main scheme applicant","All","444990","329600","0.741"
"2007","All","Not deferred","Main scheme applicant","All","471075","349505","0.742"
"2008","All","Not deferred","Main scheme applicant","All","515740","384085","0.745"
"2009","All","Not deferred","Main scheme applicant","All","567675","412690","0.727"
"2010","All","Not deferred","Main scheme applicant","All","636490","427420","0.672"
"2011","All","Not deferred","Main scheme applicant","All","657505","455420","0.6930000000000001"
"2012","All","Not deferred","Main scheme applicant","All","601275","411280","0.684"
"2013","All","Not deferred","Main scheme applicant","All","621485","436615","0.7030000000000001"
"2014","All","Not deferred","Main scheme applicant","All","644560","451885","0.7010000000000001"
"2015","All","Not deferred","Main scheme applicant","All","657955","466410","0.709"
"2016","All","Not deferred","Main scheme applicant","All","660270","470180","0.712"
"2017","All","Not deferred","Main scheme applicant","All","634945","460760","0.726"
"2018","All","Not deferred","Main scheme applicant","All","622355","451975","0.726"
"2019","All","Not deferred","Main scheme applicant","All","623485","451175","0.724"
"2020","All","Not deferred","Main scheme applicant","All","639575","470825","0.736"
"2021","All","Not deferred","Main scheme applicant","All","666030","466240","0.7000000000000001"
"2022","All","Not deferred","Main scheme applicant","All","670130","460535","0.687"
"2023","All","Not deferred","Main scheme applicant","All","653460","444360","0.68"
"2006","All","Deferred","Main scheme applicant","All","39805","27525","0.6910000000000001"
"2007","All","Deferred","Main scheme applicant","All","40525","27780","0.686"
"2008","All","Deferred","Main scheme applicant","All","43800","29610","0.676"
"2009","All","Deferred","Main scheme applicant","All","45275","29460","0.651"
"2010","All","Deferred","Main scheme applicant","All","49885","28930","0.58"
"2011","All","Deferred","Main scheme applicant","All","28790","13050","0.453"
"2012","All","Deferred","Main scheme applicant","All","39505","23875","0.604"
"2013","All","Deferred","Main scheme applicant","All","39115","25090","0.641"
"2014","All","Deferred","Main scheme applicant","All","42230","26910","0.637"
"2015","All","Deferred","Main scheme applicant","All","43800","28350","0.647"
"2016","All","Deferred","Main scheme applicant","All","44995","28600","0.636"
"2017","All","Deferred","Main scheme applicant","All","44980","30465","0.677"
"2018","All","Deferred","Main scheme applicant","All","42025","29575","0.704"
"2019","All","Deferred","Main scheme applicant","All","42005","29565","0.704"
"2020","All","Deferred","Main scheme applicant","All","47425","34645","0.731"
"2021","All","Deferred","Main scheme applicant","All","50185","36165","0.721"
"2022","All","Deferred","Main scheme applicant","All","47050","30430","0.647"
"2023","All","Deferred","Main scheme applicant","All","48820","32550","0.667"
"2006","Lower tariff","All","Not main scheme applicant","All","21835","21520","0.986"
"2007","Lower tariff","All","Not main scheme applicant","All","23770","23360","0.983"
"2008","Lower tariff","All","Not main scheme applicant","All","28455","27615","0.971"
"2009","Lower tariff","All","Not main scheme applicant","All","28060","26550","0.9460000000000001"
"2010","Lower tariff","All","Not main scheme applicant","All","18875","17705","0.9380000000000001"
"2011","Lower tariff","All","Not main scheme applicant","All","15145","13725","0.906"
"2012","Lower tariff","All","Not main scheme applicant","All","19990","18295","0.915"
"2013","Lower tariff","All","Not main scheme applicant","All","24180","22575","0.934"
"2014","Lower tariff","All","Not main scheme applicant","All","26620","24980","0.9390000000000001"
"2015","Lower tariff","All","Not main scheme applicant","All","27695","25940","0.936"
"2016","Lower tariff","All","Not main scheme applicant","All","26310","24550","0.933"
"2017","Lower tariff","All","Not main scheme applicant","All","31470","29165","0.927"
"2018","Lower tariff","All","Not main scheme applicant","All","39245","37135","0.9460000000000001"
"2019","Lower tariff","All","Not main scheme applicant","All","47320","44595","0.9420000000000001"
"2020","Lower tariff","All","Not main scheme applicant","All","49280","45960","0.933"
"2021","Lower tariff","All","Not main scheme applicant","All","48675","45495","0.935"
"2022","Lower tariff","All","Not main scheme applicant","All","58515","54615","0.933"
"2023","Lower tariff","All","Not main scheme applicant","All","56960","52490","0.922"
"2006","Higher tariff","All","Not main scheme applicant","All","3090","2985","0.965"
"2007","Higher tariff","All","Not main scheme applicant","All","3150","3010","0.9560000000000001"
"2008","Higher tariff","All","Not main scheme applicant","All","3530","3365","0.9530000000000001"
"2009","Higher tariff","All","Not main scheme applicant","All","3165","2925","0.923"
"2010","Higher tariff","All","Not main scheme applicant","All","2280","2125","0.932"
"2011","Higher tariff","All","Not main scheme applicant","All","2330","2170","0.93"
"2012","Higher tariff","All","Not main scheme applicant","All","2730","2545","0.932"
"2013","Higher tariff","All","Not main scheme applicant","All","3015","2850","0.9460000000000001"
"2014","Higher tariff","All","Not main scheme applicant","All","2795","2605","0.932"
"2015","Higher tariff","All","Not main scheme applicant","All","3065","2875","0.9380000000000001"
"2016","Higher tariff","All","Not main scheme applicant","All","3200","2975","0.93"
"2017","Higher tariff","All","Not main scheme applicant","All","3465","3170","0.915"
"2018","Higher tariff","All","Not main scheme applicant","All","3780","3450","0.913"
"2019","Higher tariff","All","Not main scheme applicant","All","4100","3800","0.926"
"2020","Higher tariff","All","Not main scheme applicant","All","4825","4290","0.89"
"2021","Higher tariff","All","Not main scheme applicant","All","3195","2925","0.914"
"2022","Higher tariff","All","Not main scheme applicant","All","3440","2985","0.868"
"2023","Higher tariff","All","Not main scheme applicant","All","3430","3005","0.876"
"2006","Medium tariff","All","Not main scheme applicant","All","9490","9260","0.976"
"2007","Medium tariff","All","Not main scheme applicant","All","9985","9775","0.979"
"2008","Medium tariff","All","Not main scheme applicant","All","12240","11950","0.977"
"2009","Medium tariff","All","Not main scheme applicant","All","10740","10230","0.9530000000000001"
"2010","Medium tariff","All","Not main scheme applicant","All","11535","11150","0.966"
"2011","Medium tariff","All","Not main scheme applicant","All","8005","7665","0.9580000000000001"
"2012","Medium tariff","All","Not main scheme applicant","All","9395","8920","0.9490000000000001"
"2013","Medium tariff","All","Not main scheme applicant","All","8950","8465","0.9460000000000001"
"2014","Medium tariff","All","Not main scheme applicant","All","6505","5990","0.921"
"2015","Medium tariff","All","Not main scheme applicant","All","9340","8695","0.931"
"2016","Medium tariff","All","Not main scheme applicant","All","9500","8875","0.934"
"2017","Medium tariff","All","Not main scheme applicant","All","11100","10330","0.93"
"2018","Medium tariff","All","Not main scheme applicant","All","12035","11230","0.933"
"2019","Medium tariff","All","Not main scheme applicant","All","13100","12100","0.924"
"2020","Medium tariff","All","Not main scheme applicant","All","16130","14750","0.914"
"2021","Medium tariff","All","Not main scheme applicant","All","12370","11240","0.909"
"2022","Medium tariff","All","Not main scheme applicant","All","16255","14610","0.899"
"2023","Medium tariff","All","Not main scheme applicant","All","24130","22055","0.914"
"2006","Lower tariff","All","Main scheme applicant","All","279150","135200","0.484"
"2007","Lower tariff","All","Main scheme applicant","All","293560","142015","0.484"
"2008","Lower tariff","All","Main scheme applicant","All","309675","158170","0.511"
"2009","Lower tariff","All","Main scheme applicant","All","345680","178845","0.517"
"2010","Lower tariff","All","Main scheme applicant","All","396120","190690","0.481"
"2011","Lower tariff","All","Main scheme applicant","All","417475","204055","0.489"
"2012","Lower tariff","All","Main scheme applicant","All","375145","177765","0.47400000000000003"
"2013","Lower tariff","All","Main scheme applicant","All","381700","187425","0.491"
"2014","Lower tariff","All","Main scheme applicant","All","395540","194540","0.492"
"2015","Lower tariff","All","Main scheme applicant","All","396585","195070","0.492"
"2016","Lower tariff","All","Main scheme applicant","All","391595","190110","0.485"
"2017","Lower tariff","All","Main scheme applicant","All","366515","179755","0.49"
"2018","Lower tariff","All","Main scheme applicant","All","350580","173535","0.495"
"2019","Lower tariff","All","Main scheme applicant","All","345910","170330","0.492"
"2020","Lower tariff","All","Main scheme applicant","All","350265","171400","0.489"
"2021","Lower tariff","All","Main scheme applicant","All","366910","167775","0.457"
"2022","Lower tariff","All","Main scheme applicant","All","375815","170205","0.453"
"2023","Lower tariff","All","Main scheme applicant","All","363800","160630","0.442"
"2006","Higher tariff","All","Main scheme applicant","All","260515","109095","0.419"
"2007","Higher tariff","All","Main scheme applicant","All","273855","114365","0.418"
"2008","Higher tariff","All","Main scheme applicant","All","286775","121920","0.425"
"2009","Higher tariff","All","Main scheme applicant","All","304415","122900","0.404"
"2010","Higher tariff","All","Main scheme applicant","All","331185","121845","0.368"
"2011","Higher tariff","All","Main scheme applicant","All","333070","119215","0.358"
"2012","Higher tariff","All","Main scheme applicant","All","317295","120740","0.381"
"2013","Higher tariff","All","Main scheme applicant","All","331120","128760","0.389"
"2014","Higher tariff","All","Main scheme applicant","All","345050","133240","0.386"
"2015","Higher tariff","All","Main scheme applicant","All","363885","142460","0.391"
"2016","Higher tariff","All","Main scheme applicant","All","372840","146390","0.393"
"2017","Higher tariff","All","Main scheme applicant","All","370960","146720","0.396"
"2018","Higher tariff","All","Main scheme applicant","All","369135","146840","0.398"
"2019","Higher tariff","All","Main scheme applicant","All","376705","150155","0.399"
"2020","Higher tariff","All","Main scheme applicant","All","387280","170035","0.439"
"2021","Higher tariff","All","Main scheme applicant","All","416450","173725","0.417"
"2022","Higher tariff","All","Main scheme applicant","All","423135","159070","0.376"
"2023","Higher tariff","All","Main scheme applicant","All","416835","159820","0.383"
"2006","Medium tariff","All","Main scheme applicant","All","304905","112830","0.37"
"2007","Medium tariff","All","Main scheme applicant","All","324800","120905","0.372"
"2008","Medium tariff","All","Main scheme applicant","All","338960","133605","0.394"
"2009","Medium tariff","All","Main scheme applicant","All","371560","140405","0.378"
"2010","Medium tariff","All","Main scheme applicant","All","424750","143815","0.339"
"2011","Medium tariff","All","Main scheme applicant","All","443210","145200","0.328"
"2012","Medium tariff","All","Main scheme applicant","All","405735","136645","0.337"
"2013","Medium tariff","All","Main scheme applicant","All","420370","145525","0.34600000000000003"
"2014","Medium tariff","All","Main scheme applicant","All","435705","151015","0.34700000000000003"
"2015","Medium tariff","All","Main scheme applicant","All","447260","157230","0.352"
"2016","Medium tariff","All","Main scheme applicant","All","448430","162280","0.362"
"2017","Medium tariff","All","Main scheme applicant","All","431485","164750","0.382"
"2018","Medium tariff","All","Main scheme applicant","All","420370","161175","0.383"
"2019","Medium tariff","All","Main scheme applicant","All","417640","160260","0.384"
"2020","Medium tariff","All","Main scheme applicant","All","419930","164035","0.391"
"2021","Medium tariff","All","Main scheme applicant","All","438120","160900","0.367"
"2022","Medium tariff","All","Main scheme applicant","All","446675","161690","0.362"
"2023","Medium tariff","All","Main scheme applicant","All","434775","156465","0.36"
"2006","All","All","Not main scheme applicant","All","34415","33765","0.981"
"2007","All","All","Not main scheme applicant","All","36905","36145","0.979"
"2008","All","All","Not main scheme applicant","All","44225","42930","0.971"
"2009","All","All","Not main scheme applicant","All","41965","39705","0.9460000000000001"
"2010","All","All","Not main scheme applicant","All","32690","30980","0.9480000000000001"
"2011","All","All","Not main scheme applicant","All","25480","23560","0.925"
"2012","All","All","Not main scheme applicant","All","32115","29760","0.927"
"2013","All","All","Not main scheme applicant","All","36145","33890","0.9380000000000001"
"2014","All","All","Not main scheme applicant","All","35920","33575","0.935"
"2015","All","All","Not main scheme applicant","All","40100","37505","0.935"
"2016","All","All","Not main scheme applicant","All","39010","36400","0.933"
"2017","All","All","Not main scheme applicant","All","46035","42665","0.927"
"2018","All","All","Not main scheme applicant","All","55060","51815","0.9410000000000001"
"2019","All","All","Not main scheme applicant","All","64520","60495","0.9380000000000001"
"2020","All","All","Not main scheme applicant","All","70235","65005","0.926"
"2021","All","All","Not main scheme applicant","All","64240","59655","0.929"
"2022","All","All","Not main scheme applicant","All","78210","72210","0.923"
"2023","All","All","Not main scheme applicant","All","84520","77555","0.918"
"2006","All","All","Main scheme applicant","All","467200","357125","0.764"
"2007","All","All","Main scheme applicant","All","492740","377285","0.766"
"2008","All","All","Main scheme applicant","All","538110","413695","0.769"
"2009","All","All","Main scheme applicant","All","590185","442150","0.749"
"2010","All","All","Main scheme applicant","All","657955","456350","0.6940000000000001"
"2011","All","All","Main scheme applicant","All","667950","468470","0.7010000000000001"
"2012","All","All","Main scheme applicant","All","616520","435150","0.706"
"2013","All","All","Main scheme applicant","All","635780","461705","0.726"
"2014","All","All","Main scheme applicant","All","658895","478790","0.727"
"2015","All","All","Main scheme applicant","All","672900","494760","0.735"
"2016","All","All","Main scheme applicant","All","674740","498775","0.739"
"2017","All","All","Main scheme applicant","All","649565","491225","0.756"
"2018","All","All","Main scheme applicant","All","636820","481550","0.756"
"2019","All","All","Main scheme applicant","All","637950","480745","0.754"
"2020","All","All","Main scheme applicant","All","652675","505470","0.774"
"2021","All","All","Main scheme applicant","All","681880","502405","0.737"
"2022","All","All","Main scheme applicant","All","683530","490965","0.718"
"2023","All","All","Main scheme applicant","All","667505","476910","0.714"
"2006","Lower tariff","Not deferred","All","All","289050","148480","0.514"
"2007","Lower tariff","Not deferred","All","All","305745","157070","0.514"
"2008","Lower tariff","Not deferred","All","All","326410","176485","0.541"
"2009","Lower tariff","Not deferred","All","All","361655","195555","0.541"
"2010","Lower tariff","Not deferred","All","All","403220","198615","0.493"
"2011","Lower tariff","Not deferred","All","All","426900","213340","0.5"
"2012","Lower tariff","Not deferred","All","All","386580","187765","0.486"
"2013","Lower tariff","Not deferred","All","All","397545","200800","0.505"
"2014","Lower tariff","Not deferred","All","All","413425","209435","0.507"
"2015","Lower tariff","Not deferred","All","All","415295","210630","0.507"
"2016","Lower tariff","Not deferred","All","All","408915","204625","0.5"
"2017","Lower tariff","Not deferred","All","All","388925","198735","0.511"
"2018","Lower tariff","Not deferred","All","All","380810","201130","0.528"
"2019","Lower tariff","Not deferred","All","All","384600","205760","0.535"
"2020","Lower tariff","Not deferred","All","All","391080","207440","0.53"
"2021","Lower tariff","Not deferred","All","All","405980","203285","0.501"
"2022","Lower tariff","Not deferred","All","All","425825","215780","0.507"
"2023","Lower tariff","Not deferred","All","All","411840","203900","0.495"
"2006","Higher tariff","Not deferred","All","All","247465","101045","0.40800000000000003"
"2007","Higher tariff","Not deferred","All","All","261270","106370","0.40700000000000003"
"2008","Higher tariff","Not deferred","All","All","274595","114010","0.41500000000000004"
"2009","Higher tariff","Not deferred","All","All","292095","114980","0.394"
"2010","Higher tariff","Not deferred","All","All","318605","114000","0.358"
"2011","Higher tariff","Not deferred","All","All","327085","116730","0.357"
"2012","Higher tariff","Not deferred","All","All","308800","115360","0.374"
"2013","Higher tariff","Not deferred","All","All","323980","123670","0.382"
"2014","Higher tariff","Not deferred","All","All","337460","127470","0.378"
"2015","Higher tariff","Not deferred","All","All","355820","136395","0.383"
"2016","Higher tariff","Not deferred","All","All","365295","140520","0.385"
"2017","Higher tariff","Not deferred","All","All","363310","140320","0.386"
"2018","Higher tariff","Not deferred","All","All","362125","140515","0.388"
"2019","Higher tariff","Not deferred","All","All","369740","143760","0.389"
"2020","Higher tariff","Not deferred","All","All","382015","160560","0.42"
"2021","Higher tariff","Not deferred","All","All","407135","162065","0.398"
"2022","Higher tariff","Not deferred","All","All","415590","151230","0.364"
"2023","Higher tariff","Not deferred","All","All","408620","151380","0.37"
"2006","Medium tariff","Not deferred","All","All","297855","113300","0.38"
"2007","Medium tariff","Not deferred","All","All","318510","121670","0.382"
"2008","Medium tariff","Not deferred","All","All","335065","135855","0.405"
"2009","Medium tariff","Not deferred","All","All","366085","141245","0.386"
"2010","Medium tariff","Not deferred","All","All","420015","145440","0.34600000000000003"
"2011","Medium tariff","Not deferred","All","All","442710","148745","0.336"
"2012","Medium tariff","Not deferred","All","All","402770","137590","0.342"
"2013","Medium tariff","Not deferred","All","All","417735","145600","0.34900000000000003"
"2014","Medium tariff","Not deferred","All","All","430775","148105","0.34400000000000003"
"2015","Medium tariff","Not deferred","All","All","444605","156440","0.352"
"2016","Medium tariff","Not deferred","All","All","445920","161005","0.361"
"2017","Medium tariff","Not deferred","All","All","430400","163735","0.38"
"2018","Medium tariff","Not deferred","All","All","420395","161355","0.384"
"2019","Medium tariff","Not deferred","All","All","418670","161395","0.385"
"2020","Medium tariff","Not deferred","All","All","424485","166745","0.393"
"2021","Medium tariff","Not deferred","All","All","436830","159920","0.366"
"2022","Medium tariff","Not deferred","All","All","450650","165195","0.367"
"2023","Medium tariff","Not deferred","All","All","445625","165985","0.372"
"2006","Lower tariff","Deferred","All","All","17820","8240","0.462"
"2007","Lower tariff","Deferred","All","All","17795","8305","0.467"
"2008","Lower tariff","Deferred","All","All","18715","9300","0.497"
"2009","Lower tariff","Deferred","All","All","19830","9840","0.496"
"2010","Lower tariff","Deferred","All","All","22180","9780","0.441"
"2011","Lower tariff","Deferred","All","All","12415","4445","0.358"
"2012","Lower tariff","Deferred","All","All","17405","8295","0.47700000000000004"
"2013","Lower tariff","Deferred","All","All","17465","9200","0.527"
"2014","Lower tariff","Deferred","All","All","18895","10085","0.534"
"2015","Lower tariff","Deferred","All","All","19080","10375","0.544"
"2016","Lower tariff","Deferred","All","All","19325","10035","0.519"
"2017","Lower tariff","Deferred","All","All","18280","10185","0.557"
"2018","Lower tariff","Deferred","All","All","17085","9540","0.558"
"2019","Lower tariff","Deferred","All","All","16400","9165","0.559"
"2020","Lower tariff","Deferred","All","All","17665","9920","0.562"
"2021","Lower tariff","Deferred","All","All","19655","9985","0.508"
"2022","Lower tariff","Deferred","All","All","19025","9040","0.47500000000000003"
"2023","Lower tariff","Deferred","All","All","19130","9225","0.482"
"2006","Higher tariff","Deferred","All","All","22035","11035","0.501"
"2007","Higher tariff","Deferred","All","All","21730","11005","0.507"
"2008","Higher tariff","Deferred","All","All","22265","11275","0.506"
"2009","Higher tariff","Deferred","All","All","22255","10845","0.487"
"2010","Higher tariff","Deferred","All","All","22595","9970","0.441"
"2011","Higher tariff","Deferred","All","All","13335","4655","0.34900000000000003"
"2012","Higher tariff","Deferred","All","All","17790","7930","0.446"
"2013","Higher tariff","Deferred","All","All","16820","7940","0.47200000000000003"
"2014","Higher tariff","Deferred","All","All","17810","8375","0.47000000000000003"
"2015","Higher tariff","Deferred","All","All","19095","8940","0.468"
"2016","Higher tariff","Deferred","All","All","19290","8845","0.458"
"2017","Higher tariff","Deferred","All","All","20100","9565","0.47600000000000003"
"2018","Higher tariff","Deferred","All","All","19080","9775","0.512"
"2019","Higher tariff","Deferred","All","All","19640","10195","0.519"
"2020","Higher tariff","Deferred","All","All","22580","13765","0.61"
"2021","Higher tariff","Deferred","All","All","24530","14585","0.595"
"2022","Higher tariff","Deferred","All","All","21365","10825","0.507"
"2023","Higher tariff","Deferred","All","All","22410","11440","0.511"
"2006","Medium tariff","Deferred","All","All","21255","8795","0.41400000000000003"
"2007","Medium tariff","Deferred","All","All","21690","9010","0.41500000000000004"
"2008","Medium tariff","Deferred","All","All","21885","9700","0.443"
"2009","Medium tariff","Deferred","All","All","22120","9390","0.424"
"2010","Medium tariff","Deferred","All","All","23725","9525","0.401"
"2011","Medium tariff","Deferred","All","All","13190","4120","0.313"
"2012","Medium tariff","Deferred","All","All","18855","7975","0.423"
"2013","Medium tariff","Deferred","All","All","18160","8385","0.462"
"2014","Medium tariff","Deferred","All","All","18880","8900","0.47100000000000003"
"2015","Medium tariff","Deferred","All","All","19880","9490","0.47700000000000004"
"2016","Medium tariff","Deferred","All","All","20535","10150","0.494"
"2017","Medium tariff","Deferred","All","All","21115","11345","0.537"
"2018","Medium tariff","Deferred","All","All","20315","11045","0.544"
"2019","Medium tariff","Deferred","All","All","20410","10960","0.537"
"2020","Medium tariff","Deferred","All","All","21140","12040","0.5690000000000001"
"2021","Medium tariff","Deferred","All","All","22795","12220","0.536"
"2022","Medium tariff","Deferred","All","All","21700","11105","0.512"
"2023","Medium tariff","Deferred","All","All","23900","12535","0.525"
"2006","All","Not deferred","All","All","478850","362820","0.758"
"2007","All","Not deferred","All","All","507425","385110","0.759"
"2008","All","Not deferred","All","All","559285","426350","0.762"
"2009","All","Not deferred","All","All","608855","451780","0.742"
"2010","All","Not deferred","All","All","668825","458055","0.685"
"2011","All","Not deferred","All","All","682815","478810","0.7010000000000001"
"2012","All","Not deferred","All","All","633060","440715","0.6960000000000001"
"2013","All","Not deferred","All","All","657190","470070","0.715"
"2014","All","Not deferred","All","All","680010","485010","0.713"
"2015","All","Not deferred","All","All","697590","503460","0.722"
"2016","All","Not deferred","All","All","698840","506155","0.724"
"2017","All","Not deferred","All","All","680340","502795","0.739"
"2018","All","Not deferred","All","All","676605","503005","0.743"
"2019","All","Not deferred","All","All","687225","510915","0.743"
"2020","All","Not deferred","All","All","708565","534750","0.755"
"2021","All","Not deferred","All","All","729555","525270","0.72"
"2022","All","Not deferred","All","All","747645","532210","0.712"
"2023","All","Not deferred","All","All","737210","521265","0.707"
"2006","All","Deferred","All","All","40355","28070","0.6960000000000001"
"2007","All","Deferred","All","All","41075","28320","0.6890000000000001"
"2008","All","Deferred","All","All","44480","30275","0.681"
"2009","All","Deferred","All","All","46060","30075","0.653"
"2010","All","Deferred","All","All","50240","29275","0.583"
"2011","All","Deferred","All","All","28960","13220","0.456"
"2012","All","Deferred","All","All","39835","24195","0.607"
"2013","All","Deferred","All","All","39560","25525","0.645"
"2014","All","Deferred","All","All","42700","27355","0.641"
"2015","All","Deferred","All","All","44265","28805","0.651"
"2016","All","Deferred","All","All","45440","29025","0.639"
"2017","All","Deferred","All","All","45620","31095","0.682"
"2018","All","Deferred","All","All","42835","30360","0.709"
"2019","All","Deferred","All","All","42785","30325","0.709"
"2020","All","Deferred","All","All","48665","35725","0.734"
"2021","All","Deferred","All","All","50900","36790","0.723"
"2022","All","Deferred","All","All","47740","30970","0.649"
"2023","All","Deferred","All","All","49590","33200","0.669"
"2006","Lower tariff","All","All","All","300985","156720","0.521"
"2007","Lower tariff","All","All","All","317330","165375","0.521"
"2008","Lower tariff","All","All","All","338130","185785","0.549"
"2009","Lower tariff","All","All","All","373735","205400","0.55"
"2010","Lower tariff","All","All","All","414995","208395","0.502"
"2011","Lower tariff","All","All","All","432620","217780","0.503"
"2012","Lower tariff","All","All","All","395135","196060","0.496"
"2013","Lower tariff","All","All","All","405880","210000","0.517"
"2014","Lower tariff","All","All","All","422160","219520","0.52"
"2015","Lower tariff","All","All","All","424285","221005","0.521"
"2016","Lower tariff","All","All","All","417900","214660","0.514"
"2017","Lower tariff","All","All","All","397985","208920","0.525"
"2018","Lower tariff","All","All","All","389825","210670","0.54"
"2019","Lower tariff","All","All","All","393230","214925","0.547"
"2020","Lower tariff","All","All","All","399545","217365","0.544"
"2021","Lower tariff","All","All","All","415585","213270","0.513"
"2022","Lower tariff","All","All","All","434335","224820","0.518"
"2023","Lower tariff","All","All","All","420765","213120","0.507"
"2006","Higher tariff","All","All","All","263610","112080","0.425"
"2007","Higher tariff","All","All","All","277000","117375","0.424"
"2008","Higher tariff","All","All","All","290305","125285","0.432"
"2009","Higher tariff","All","All","All","307580","125825","0.40900000000000003"
"2010","Higher tariff","All","All","All","333470","123970","0.372"
"2011","Higher tariff","All","All","All","335405","121380","0.362"
"2012","Higher tariff","All","All","All","320025","123285","0.385"
"2013","Higher tariff","All","All","All","334135","131610","0.394"
"2014","Higher tariff","All","All","All","347845","135840","0.391"
"2015","Higher tariff","All","All","All","366945","145335","0.396"
"2016","Higher tariff","All","All","All","376040","149365","0.397"
"2017","Higher tariff","All","All","All","374420","149890","0.4"
"2018","Higher tariff","All","All","All","372915","150290","0.403"
"2019","Higher tariff","All","All","All","380805","153955","0.404"
"2020","Higher tariff","All","All","All","392105","174325","0.445"
"2021","Higher tariff","All","All","All","419645","176650","0.421"
"2022","Higher tariff","All","All","All","426575","162055","0.38"
"2023","Higher tariff","All","All","All","420265","162825","0.387"
"2006","Medium tariff","All","All","All","314390","122090","0.388"
"2007","Medium tariff","All","All","All","334780","130680","0.39"
"2008","Medium tariff","All","All","All","351200","145555","0.41400000000000003"
"2009","Medium tariff","All","All","All","382300","150635","0.394"
"2010","Medium tariff","All","All","All","436285","154960","0.355"
"2011","Medium tariff","All","All","All","451215","152865","0.339"
"2012","Medium tariff","All","All","All","415130","145565","0.35100000000000003"
"2013","Medium tariff","All","All","All","429320","153985","0.359"
"2014","Medium tariff","All","All","All","442210","157005","0.355"
"2015","Medium tariff","All","All","All","456600","165925","0.363"
"2016","Medium tariff","All","All","All","457930","171155","0.374"
"2017","Medium tariff","All","All","All","442590","175080","0.396"
"2018","Medium tariff","All","All","All","432405","172400","0.399"
"2019","Medium tariff","All","All","All","430740","172360","0.4"
"2020","Medium tariff","All","All","All","436060","178785","0.41000000000000003"
"2021","Medium tariff","All","All","All","450485","172140","0.382"
"2022","Medium tariff","All","All","All","462925","176300","0.381"
"2023","Medium tariff","All","All","All","458905","178520","0.389"
"2006","All","All","All","All","501615","390890","0.779"
"2007","All","All","All","All","529645","413430","0.781"
"2008","All","All","All","All","582335","456625","0.784"
"2009","All","All","All","All","632145","481855","0.762"
"2010","All","All","All","All","690645","487330","0.706"
"2011","All","All","All","All","693430","492030","0.71"
"2012","All","All","All","All","648640","464910","0.717"
"2013","All","All","All","All","671925","495595","0.738"
"2014","All","All","All","All","694810","512370","0.737"
"2015","All","All","All","All","712995","532265","0.747"
"2016","All","All","All","All","713750","535175","0.75"
"2017","All","All","All","All","695605","533890","0.768"
"2018","All","All","All","All","691875","533360","0.771"
"2019","All","All","All","All","702470","541240","0.77"
"2020","All","All","All","All","722905","570475","0.789"
"2021","All","All","All","All","746120","562060","0.753"
"2022","All","All","All","All","761740","563175","0.739"
"2023","All","All","All","All","752025","554465","0.737"