"Year","Tariff group of provider","Age group","Domicile","Gender","Main scheme applicant","Main scheme application","Applicants","Accepted applicants","Acceptance rate"
"2020","Lower tariff","21 - 24","England","Female","Not main scheme applicant","Not main scheme application","5","5"," "
"2022","Lower tariff","21 - 24","England","Female","Not main scheme applicant","Not main scheme application","5","5"," "
"2023","Medium tariff","21 - 24","England","Female","Not main scheme applicant","Not main scheme application","5","5"," "
"2019","Lower tariff","25 - 29","England","Female","Not main scheme applicant","Not main scheme application","5","5"," "
"2020","Lower tariff","25 - 29","England","Female","Not main scheme applicant","Not main scheme application","10","5"," "
"2021","Lower tariff","25 - 29","England","Female","Not main scheme applicant","Not main scheme application","5","5"," "
"2023","Lower tariff","25 - 29","England","Female","Not main scheme applicant","Not main scheme application","5","5"," "
"2020","Lower tariff","30 - 34","England","Female","Not main scheme applicant","Not main scheme application","5","5"," "
"2021","Lower tariff","30 - 34","England","Female","Not main scheme applicant","Not main scheme application","5","5"," "
"2019","Lower tariff","35 and over","England","Female","Not main scheme applicant","Not main scheme application","5","5"," "
"2020","Lower tariff","35 and over","England","Female","Not main scheme applicant","Not main scheme application","10","10"," "
"2021","Lower tariff","35 and over","England","Female","Not main scheme applicant","Not main scheme application","5","5"," "
"2022","Lower tariff","35 and over","England","Female","Not main scheme applicant","Not main scheme application","5","5"," "
"2023","Lower tariff","35 and over","England","Female","Not main scheme applicant","Not main scheme application","10","10"," "
"2019","Higher tariff","21 - 24","Scotland","Female","Not main scheme applicant","Not main scheme application","10","10"," "
"2020","Higher tariff","21 - 24","Scotland","Female","Not main scheme applicant","Not main scheme application","15","10","0.75"
"2021","Higher tariff","21 - 24","Scotland","Female","Not main scheme applicant","Not main scheme application","15","15","0.929"
"2022","Higher tariff","21 - 24","Scotland","Female","Not main scheme applicant","Not main scheme application","10","10"," "
"2023","Higher tariff","21 - 24","Scotland","Female","Not main scheme applicant","Not main scheme application","15","10","0.706"
"2020","Medium tariff","21 - 24","Scotland","Female","Not main scheme applicant","Not main scheme application","5","5"," "
"2019","Higher tariff","25 - 29","Scotland","Female","Not main scheme applicant","Not main scheme application","20","15","0.737"
"2020","Higher tariff","25 - 29","Scotland","Female","Not main scheme applicant","Not main scheme application","25","20","0.87"
"2021","Higher tariff","25 - 29","Scotland","Female","Not main scheme applicant","Not main scheme application","5","5"," "
"2022","Higher tariff","25 - 29","Scotland","Female","Not main scheme applicant","Not main scheme application","15","10","0.846"
"2023","Higher tariff","25 - 29","Scotland","Female","Not main scheme applicant","Not main scheme application","20","15","0.889"
"2020","Medium tariff","25 - 29","Scotland","Female","Not main scheme applicant","Not main scheme application","5","0"," "
"2022","Medium tariff","25 - 29","Scotland","Female","Not main scheme applicant","Not main scheme application","5","0"," "
"2019","Higher tariff","30 - 34","Scotland","Female","Not main scheme applicant","Not main scheme application","5","5"," "
"2020","Higher tariff","30 - 34","Scotland","Female","Not main scheme applicant","Not main scheme application","5","5"," "
"2022","Higher tariff","30 - 34","Scotland","Female","Not main scheme applicant","Not main scheme application","5","5"," "
"2023","Higher tariff","30 - 34","Scotland","Female","Not main scheme applicant","Not main scheme application","10","10"," "
"2020","Medium tariff","30 - 34","Scotland","Female","Not main scheme applicant","Not main scheme application","5","5"," "
"2022","Medium tariff","30 - 34","Scotland","Female","Not main scheme applicant","Not main scheme application","5","0"," "
"2019","Higher tariff","35 and over","Scotland","Female","Not main scheme applicant","Not main scheme application","15","5"," "
"2020","Higher tariff","35 and over","Scotland","Female","Not main scheme applicant","Not main scheme application","20","10","0.611"
"2021","Higher tariff","35 and over","Scotland","Female","Not main scheme applicant","Not main scheme application","10","10","0.833"
"2022","Higher tariff","35 and over","Scotland","Female","Not main scheme applicant","Not main scheme application","15","10","0.769"
"2023","Higher tariff","35 and over","Scotland","Female","Not main scheme applicant","Not main scheme application","15","10","0.8"
"2019","Medium tariff","35 and over","Scotland","Female","Not main scheme applicant","Not main scheme application","5","0"," "
"2020","Medium tariff","35 and over","Scotland","Female","Not main scheme applicant","Not main scheme application","5","0"," "
"2021","Medium tariff","35 and over","Scotland","Female","Not main scheme applicant","Not main scheme application","5","0"," "
"2022","Medium tariff","35 and over","Scotland","Female","Not main scheme applicant","Not main scheme application","5","0"," "
"2023","Medium tariff","35 and over","Scotland","Female","Not main scheme applicant","Not main scheme application","5","0"," "
"2022","Lower tariff","21 - 24","Wales","Female","Not main scheme applicant","Not main scheme application","15","10","0.786"
"2023","Lower tariff","21 - 24","Wales","Female","Not main scheme applicant","Not main scheme application","20","15","0.789"
"2022","Medium tariff","21 - 24","Wales","Female","Not main scheme applicant","Not main scheme application","15","10","0.8"
"2023","Medium tariff","21 - 24","Wales","Female","Not main scheme applicant","Not main scheme application","25","20","0.87"
"2022","Lower tariff","25 - 29","Wales","Female","Not main scheme applicant","Not main scheme application","10","10"," "
"2023","Lower tariff","25 - 29","Wales","Female","Not main scheme applicant","Not main scheme application","5","5"," "
"2022","Medium tariff","25 - 29","Wales","Female","Not main scheme applicant","Not main scheme application","15","10"," "
"2023","Medium tariff","25 - 29","Wales","Female","Not main scheme applicant","Not main scheme application","5","5"," "
"2023","Medium tariff","30 - 34","Wales","Female","Not main scheme applicant","Not main scheme application","5","5"," "
"2022","Lower tariff","35 and over","Wales","Female","Not main scheme applicant","Not main scheme application","10","5"," "
"2023","Lower tariff","35 and over","Wales","Female","Not main scheme applicant","Not main scheme application","5","0"," "
"2022","Medium tariff","35 and over","Wales","Female","Not main scheme applicant","Not main scheme application","5","5"," "
"2023","Medium tariff","35 and over","Wales","Female","Not main scheme applicant","Not main scheme application","5","5"," "
"2020","Lower tariff","21 - 24","England","Male","Not main scheme applicant","Not main scheme application","5","0"," "
"2022","Lower tariff","21 - 24","England","Male","Not main scheme applicant","Not main scheme application","5","5"," "
"2023","Lower tariff","21 - 24","England","Male","Not main scheme applicant","Not main scheme application","5","5"," "
"2023","Medium tariff","21 - 24","England","Male","Not main scheme applicant","Not main scheme application","5","5"," "
"2020","Lower tariff","25 - 29","England","Male","Not main scheme applicant","Not main scheme application","5","5"," "
"2022","Lower tariff","25 - 29","England","Male","Not main scheme applicant","Not main scheme application","5","5"," "
"2023","Lower tariff","25 - 29","England","Male","Not main scheme applicant","Not main scheme application","5","5"," "
"2021","Lower tariff","35 and over","England","Male","Not main scheme applicant","Not main scheme application","5","0"," "
"2019","Higher tariff","21 - 24","Scotland","Male","Not main scheme applicant","Not main scheme application","5","5"," "
"2020","Higher tariff","21 - 24","Scotland","Male","Not main scheme applicant","Not main scheme application","15","10","0.857"
"2021","Higher tariff","21 - 24","Scotland","Male","Not main scheme applicant","Not main scheme application","5","5"," "
"2022","Higher tariff","21 - 24","Scotland","Male","Not main scheme applicant","Not main scheme application","10","10"," "
"2023","Higher tariff","21 - 24","Scotland","Male","Not main scheme applicant","Not main scheme application","10","5"," "
"2019","Higher tariff","25 - 29","Scotland","Male","Not main scheme applicant","Not main scheme application","10","10"," "
"2020","Higher tariff","25 - 29","Scotland","Male","Not main scheme applicant","Not main scheme application","25","20","0.833"
"2021","Higher tariff","25 - 29","Scotland","Male","Not main scheme applicant","Not main scheme application","5","5"," "
"2022","Higher tariff","25 - 29","Scotland","Male","Not main scheme applicant","Not main scheme application","5","5"," "
"2023","Higher tariff","25 - 29","Scotland","Male","Not main scheme applicant","Not main scheme application","5","5"," "
"2020","Medium tariff","25 - 29","Scotland","Male","Not main scheme applicant","Not main scheme application","5","0"," "
"2020","Higher tariff","30 - 34","Scotland","Male","Not main scheme applicant","Not main scheme application","5","5"," "
"2022","Higher tariff","30 - 34","Scotland","Male","Not main scheme applicant","Not main scheme application","5","0"," "
"2023","Higher tariff","30 - 34","Scotland","Male","Not main scheme applicant","Not main scheme application","5","0"," "
"2019","Higher tariff","35 and over","Scotland","Male","Not main scheme applicant","Not main scheme application","5","5"," "
"2020","Higher tariff","35 and over","Scotland","Male","Not main scheme applicant","Not main scheme application","15","15","0.929"
"2021","Higher tariff","35 and over","Scotland","Male","Not main scheme applicant","Not main scheme application","5","5"," "
"2022","Higher tariff","35 and over","Scotland","Male","Not main scheme applicant","Not main scheme application","10","5"," "
"2023","Higher tariff","35 and over","Scotland","Male","Not main scheme applicant","Not main scheme application","15","15","0.9380000000000001"
"2020","Medium tariff","35 and over","Scotland","Male","Not main scheme applicant","Not main scheme application","5","0"," "
"2022","Lower tariff","21 - 24","Wales","Male","Not main scheme applicant","Not main scheme application","15","10","0.846"
"2023","Lower tariff","21 - 24","Wales","Male","Not main scheme applicant","Not main scheme application","15","10"," "
"2022","Medium tariff","21 - 24","Wales","Male","Not main scheme applicant","Not main scheme application","10","10"," "
"2023","Medium tariff","21 - 24","Wales","Male","Not main scheme applicant","Not main scheme application","15","15","1"
"2022","Lower tariff","25 - 29","Wales","Male","Not main scheme applicant","Not main scheme application","10","10"," "
"2023","Medium tariff","25 - 29","Wales","Male","Not main scheme applicant","Not main scheme application","10","5"," "
"2023","Medium tariff","30 - 34","Wales","Male","Not main scheme applicant","Not main scheme application","5","5"," "
"2022","Lower tariff","35 and over","Wales","Male","Not main scheme applicant","Not main scheme application","5","5"," "
"2023","Lower tariff","35 and over","Wales","Male","Not main scheme applicant","Not main scheme application","5","5"," "
"2023","Medium tariff","35 and over","Wales","Male","Not main scheme applicant","Not main scheme application","5","5"," "
"2021","Higher tariff","18","Scotland","Female","Main scheme applicant","Not main scheme application","5","0"," "
"2019","Higher tariff","21 - 24","Scotland","Female","Main scheme applicant","Not main scheme application","50","30","0.592"
"2020","Higher tariff","21 - 24","Scotland","Female","Main scheme applicant","Not main scheme application","50","10"," "
"2021","Higher tariff","21 - 24","Scotland","Female","Main scheme applicant","Not main scheme application","70","25","0.333"
"2022","Higher tariff","21 - 24","Scotland","Female","Main scheme applicant","Not main scheme application","45","30","0.63"
"2023","Higher tariff","21 - 24","Scotland","Female","Main scheme applicant","Not main scheme application","30","20","0.667"
"2019","Medium tariff","21 - 24","Scotland","Female","Main scheme applicant","Not main scheme application","15","0"," "
"2020","Medium tariff","21 - 24","Scotland","Female","Main scheme applicant","Not main scheme application","5","0"," "
"2021","Medium tariff","21 - 24","Scotland","Female","Main scheme applicant","Not main scheme application","15","5"," "
"2022","Medium tariff","21 - 24","Scotland","Female","Main scheme applicant","Not main scheme application","5","0"," "
"2023","Medium tariff","21 - 24","Scotland","Female","Main scheme applicant","Not main scheme application","5","5"," "
"2019","Higher tariff","25 - 29","Scotland","Female","Main scheme applicant","Not main scheme application","30","20","0.6"
"2020","Higher tariff","25 - 29","Scotland","Female","Main scheme applicant","Not main scheme application","35","20","0.486"
"2021","Higher tariff","25 - 29","Scotland","Female","Main scheme applicant","Not main scheme application","45","15","0.378"
"2022","Higher tariff","25 - 29","Scotland","Female","Main scheme applicant","Not main scheme application","25","15","0.615"
"2023","Higher tariff","25 - 29","Scotland","Female","Main scheme applicant","Not main scheme application","20","15","0.833"
"2019","Medium tariff","25 - 29","Scotland","Female","Main scheme applicant","Not main scheme application","10","0"," "
"2020","Medium tariff","25 - 29","Scotland","Female","Main scheme applicant","Not main scheme application","10","0"," "
"2021","Medium tariff","25 - 29","Scotland","Female","Main scheme applicant","Not main scheme application","10","0"," "
"2022","Medium tariff","25 - 29","Scotland","Female","Main scheme applicant","Not main scheme application","5","0"," "
"2023","Medium tariff","25 - 29","Scotland","Female","Main scheme applicant","Not main scheme application","5","0"," "
"2019","Higher tariff","30 - 34","Scotland","Female","Main scheme applicant","Not main scheme application","10","5"," "
"2020","Higher tariff","30 - 34","Scotland","Female","Main scheme applicant","Not main scheme application","10","10"," "
"2021","Higher tariff","30 - 34","Scotland","Female","Main scheme applicant","Not main scheme application","15","10"," "
"2022","Higher tariff","30 - 34","Scotland","Female","Main scheme applicant","Not main scheme application","10","5"," "
"2023","Higher tariff","30 - 34","Scotland","Female","Main scheme applicant","Not main scheme application","5","5"," "
"2019","Medium tariff","30 - 34","Scotland","Female","Main scheme applicant","Not main scheme application","5","0"," "
"2020","Medium tariff","30 - 34","Scotland","Female","Main scheme applicant","Not main scheme application","5","0"," "
"2019","Higher tariff","35 and over","Scotland","Female","Main scheme applicant","Not main scheme application","30","20","0.667"
"2020","Higher tariff","35 and over","Scotland","Female","Main scheme applicant","Not main scheme application","25","15","0.52"
"2021","Higher tariff","35 and over","Scotland","Female","Main scheme applicant","Not main scheme application","15","10","0.769"
"2022","Higher tariff","35 and over","Scotland","Female","Main scheme applicant","Not main scheme application","15","10","0.647"
"2023","Higher tariff","35 and over","Scotland","Female","Main scheme applicant","Not main scheme application","10","10"," "
"2019","Medium tariff","35 and over","Scotland","Female","Main scheme applicant","Not main scheme application","5","0"," "
"2020","Medium tariff","35 and over","Scotland","Female","Main scheme applicant","Not main scheme application","5","0"," "
"2022","Medium tariff","35 and over","Scotland","Female","Main scheme applicant","Not main scheme application","10","5"," "
"2023","Medium tariff","35 and over","Scotland","Female","Main scheme applicant","Not main scheme application","5","0"," "
"2022","Lower tariff","21 - 24","Wales","Female","Main scheme applicant","Not main scheme application","5","5"," "
"2023","Lower tariff","21 - 24","Wales","Female","Main scheme applicant","Not main scheme application","10","10"," "
"2022","Medium tariff","21 - 24","Wales","Female","Main scheme applicant","Not main scheme application","5","5"," "
"2023","Medium tariff","21 - 24","Wales","Female","Main scheme applicant","Not main scheme application","5","5"," "
"2023","Lower tariff","25 - 29","Wales","Female","Main scheme applicant","Not main scheme application","5","5"," "
"2023","Lower tariff","35 and over","Wales","Female","Main scheme applicant","Not main scheme application","5","5"," "
"2020","Higher tariff","21 - 24","EU (excluding UK)","Female","Main scheme applicant","Not main scheme application","5","0"," "
"2021","Higher tariff","25 - 29","EU (excluding UK)","Female","Main scheme applicant","Not main scheme application","5","0"," "
"2019","Higher tariff","21 - 24","Scotland","Male","Main scheme applicant","Not main scheme application","10","0"," "
"2020","Higher tariff","21 - 24","Scotland","Male","Main scheme applicant","Not main scheme application","20","10"," "
"2021","Higher tariff","21 - 24","Scotland","Male","Main scheme applicant","Not main scheme application","15","5"," "
"2022","Higher tariff","21 - 24","Scotland","Male","Main scheme applicant","Not main scheme application","15","5"," "
"2023","Higher tariff","21 - 24","Scotland","Male","Main scheme applicant","Not main scheme application","10","5"," "
"2020","Medium tariff","21 - 24","Scotland","Male","Main scheme applicant","Not main scheme application","5","0"," "
"2021","Medium tariff","21 - 24","Scotland","Male","Main scheme applicant","Not main scheme application","10","0"," "
"2022","Medium tariff","21 - 24","Scotland","Male","Main scheme applicant","Not main scheme application","5","0"," "
"2023","Medium tariff","21 - 24","Scotland","Male","Main scheme applicant","Not main scheme application","5","0"," "
"2019","Higher tariff","25 - 29","Scotland","Male","Main scheme applicant","Not main scheme application","10","5"," "
"2020","Higher tariff","25 - 29","Scotland","Male","Main scheme applicant","Not main scheme application","10","5"," "
"2021","Higher tariff","25 - 29","Scotland","Male","Main scheme applicant","Not main scheme application","20","5"," "
"2022","Higher tariff","25 - 29","Scotland","Male","Main scheme applicant","Not main scheme application","5","5"," "
"2023","Higher tariff","25 - 29","Scotland","Male","Main scheme applicant","Not main scheme application","5","5"," "
"2020","Medium tariff","25 - 29","Scotland","Male","Main scheme applicant","Not main scheme application","5","0"," "
"2021","Medium tariff","25 - 29","Scotland","Male","Main scheme applicant","Not main scheme application","5","0"," "
"2022","Medium tariff","25 - 29","Scotland","Male","Main scheme applicant","Not main scheme application","5","5"," "
"2020","Higher tariff","30 - 34","Scotland","Male","Main scheme applicant","Not main scheme application","5","0"," "
"2021","Higher tariff","30 - 34","Scotland","Male","Main scheme applicant","Not main scheme application","5","0"," "
"2022","Higher tariff","30 - 34","Scotland","Male","Main scheme applicant","Not main scheme application","10","0"," "
"2023","Higher tariff","30 - 34","Scotland","Male","Main scheme applicant","Not main scheme application","5","0"," "
"2021","Medium tariff","30 - 34","Scotland","Male","Main scheme applicant","Not main scheme application","5","0"," "
"2019","Higher tariff","35 and over","Scotland","Male","Main scheme applicant","Not main scheme application","5","5"," "
"2020","Higher tariff","35 and over","Scotland","Male","Main scheme applicant","Not main scheme application","10","5"," "
"2021","Higher tariff","35 and over","Scotland","Male","Main scheme applicant","Not main scheme application","10","5"," "
"2022","Higher tariff","35 and over","Scotland","Male","Main scheme applicant","Not main scheme application","5","5"," "
"2023","Higher tariff","35 and over","Scotland","Male","Main scheme applicant","Not main scheme application","10","5"," "
"2019","Medium tariff","35 and over","Scotland","Male","Main scheme applicant","Not main scheme application","5","0"," "
"2020","Medium tariff","35 and over","Scotland","Male","Main scheme applicant","Not main scheme application","5","0"," "
"2022","Lower tariff","21 - 24","Wales","Male","Main scheme applicant","Not main scheme application","5","5"," "
"2023","Lower tariff","25 - 29","Wales","Male","Main scheme applicant","Not main scheme application","5","5"," "
"2023","Lower tariff","21 - 24","Northern Ireland","Female","Main scheme applicant","Main scheme application","5","0"," "
"2019","Higher tariff","21 - 24","Northern Ireland","Female","Main scheme applicant","Main scheme application","45","10"," "
"2020","Higher tariff","21 - 24","Northern Ireland","Female","Main scheme applicant","Main scheme application","35","10"," "
"2021","Higher tariff","21 - 24","Northern Ireland","Female","Main scheme applicant","Main scheme application","45","15","0.289"
"2022","Higher tariff","21 - 24","Northern Ireland","Female","Main scheme applicant","Main scheme application","30","10"," "
"2023","Higher tariff","21 - 24","Northern Ireland","Female","Main scheme applicant","Main scheme application","20","5"," "
"2019","Medium tariff","21 - 24","Northern Ireland","Female","Main scheme applicant","Main scheme application","10","0"," "
"2020","Medium tariff","21 - 24","Northern Ireland","Female","Main scheme applicant","Main scheme application","10","0"," "
"2021","Medium tariff","21 - 24","Northern Ireland","Female","Main scheme applicant","Main scheme application","15","0"," "
"2022","Medium tariff","21 - 24","Northern Ireland","Female","Main scheme applicant","Main scheme application","15","0"," "
"2023","Medium tariff","21 - 24","Northern Ireland","Female","Main scheme applicant","Main scheme application","5","0"," "
"2022","Lower tariff","25 - 29","Northern Ireland","Female","Main scheme applicant","Main scheme application","5","0"," "
"2019","Higher tariff","25 - 29","Northern Ireland","Female","Main scheme applicant","Main scheme application","15","10"," "
"2020","Higher tariff","25 - 29","Northern Ireland","Female","Main scheme applicant","Main scheme application","15","5"," "
"2021","Higher tariff","25 - 29","Northern Ireland","Female","Main scheme applicant","Main scheme application","15","5"," "
"2022","Higher tariff","25 - 29","Northern Ireland","Female","Main scheme applicant","Main scheme application","10","5"," "
"2023","Higher tariff","25 - 29","Northern Ireland","Female","Main scheme applicant","Main scheme application","10","5"," "
"2019","Medium tariff","25 - 29","Northern Ireland","Female","Main scheme applicant","Main scheme application","5","0"," "
"2020","Medium tariff","25 - 29","Northern Ireland","Female","Main scheme applicant","Main scheme application","5","0"," "
"2021","Medium tariff","25 - 29","Northern Ireland","Female","Main scheme applicant","Main scheme application","5","0"," "
"2022","Medium tariff","25 - 29","Northern Ireland","Female","Main scheme applicant","Main scheme application","5","0"," "
"2023","Medium tariff","25 - 29","Northern Ireland","Female","Main scheme applicant","Main scheme application","5","0"," "
"2021","Higher tariff","30 - 34","Northern Ireland","Female","Main scheme applicant","Main scheme application","5","0"," "
"2022","Higher tariff","30 - 34","Northern Ireland","Female","Main scheme applicant","Main scheme application","5","0"," "
"2019","Higher tariff","35 and over","Northern Ireland","Female","Main scheme applicant","Main scheme application","5","0"," "
"2022","Lower tariff","18","England","Female","Main scheme applicant","Main scheme application","5","0"," "
"2019","Lower tariff","21 - 24","England","Female","Main scheme applicant","Main scheme application","10","5"," "
"2020","Lower tariff","21 - 24","England","Female","Main scheme applicant","Main scheme application","10","5"," "
"2021","Lower tariff","21 - 24","England","Female","Main scheme applicant","Main scheme application","10","5"," "
"2022","Lower tariff","21 - 24","England","Female","Main scheme applicant","Main scheme application","60","25","0.435"
"2023","Lower tariff","21 - 24","England","Female","Main scheme applicant","Main scheme application","55","20","0.377"
"2019","Higher tariff","21 - 24","England","Female","Main scheme applicant","Main scheme application","40","20","0.45"
"2020","Higher tariff","21 - 24","England","Female","Main scheme applicant","Main scheme application","25","10"," "
"2021","Higher tariff","21 - 24","England","Female","Main scheme applicant","Main scheme application","55","15","0.246"
"2022","Higher tariff","21 - 24","England","Female","Main scheme applicant","Main scheme application","30","10"," "
"2023","Higher tariff","21 - 24","England","Female","Main scheme applicant","Main scheme application","25","5"," "
"2019","Medium tariff","21 - 24","England","Female","Main scheme applicant","Main scheme application","15","0"," "
"2020","Medium tariff","21 - 24","England","Female","Main scheme applicant","Main scheme application","10","0"," "
"2021","Medium tariff","21 - 24","England","Female","Main scheme applicant","Main scheme application","15","0"," "
"2022","Medium tariff","21 - 24","England","Female","Main scheme applicant","Main scheme application","35","15","0.405"
"2023","Medium tariff","21 - 24","England","Female","Main scheme applicant","Main scheme application","40","15","0.333"
"2019","Lower tariff","25 - 29","England","Female","Main scheme applicant","Main scheme application","5","0"," "
"2020","Lower tariff","25 - 29","England","Female","Main scheme applicant","Main scheme application","10","5"," "
"2021","Lower tariff","25 - 29","England","Female","Main scheme applicant","Main scheme application","10","5"," "
"2022","Lower tariff","25 - 29","England","Female","Main scheme applicant","Main scheme application","5","0"," "
"2023","Lower tariff","25 - 29","England","Female","Main scheme applicant","Main scheme application","5","5"," "
"2019","Higher tariff","25 - 29","England","Female","Main scheme applicant","Main scheme application","10","0"," "
"2020","Higher tariff","25 - 29","England","Female","Main scheme applicant","Main scheme application","15","10"," "
"2021","Higher tariff","25 - 29","England","Female","Main scheme applicant","Main scheme application","30","10","0.367"
"2022","Higher tariff","25 - 29","England","Female","Main scheme applicant","Main scheme application","20","5"," "
"2023","Higher tariff","25 - 29","England","Female","Main scheme applicant","Main scheme application","10","0"," "
"2019","Medium tariff","25 - 29","England","Female","Main scheme applicant","Main scheme application","5","0"," "
"2020","Medium tariff","25 - 29","England","Female","Main scheme applicant","Main scheme application","10","0"," "
"2021","Medium tariff","25 - 29","England","Female","Main scheme applicant","Main scheme application","15","0"," "
"2022","Medium tariff","25 - 29","England","Female","Main scheme applicant","Main scheme application","10","0"," "
"2023","Medium tariff","25 - 29","England","Female","Main scheme applicant","Main scheme application","5","0"," "
"2019","Lower tariff","30 - 34","England","Female","Main scheme applicant","Main scheme application","5","0"," "
"2020","Lower tariff","30 - 34","England","Female","Main scheme applicant","Main scheme application","10","0"," "
"2021","Lower tariff","30 - 34","England","Female","Main scheme applicant","Main scheme application","5","0"," "
"2022","Lower tariff","30 - 34","England","Female","Main scheme applicant","Main scheme application","5","0"," "
"2019","Higher tariff","30 - 34","England","Female","Main scheme applicant","Main scheme application","5","0"," "
"2020","Higher tariff","30 - 34","England","Female","Main scheme applicant","Main scheme application","5","5"," "
"2021","Higher tariff","30 - 34","England","Female","Main scheme applicant","Main scheme application","10","0"," "
"2022","Higher tariff","30 - 34","England","Female","Main scheme applicant","Main scheme application","10","0"," "
"2019","Medium tariff","30 - 34","England","Female","Main scheme applicant","Main scheme application","5","0"," "
"2021","Medium tariff","30 - 34","England","Female","Main scheme applicant","Main scheme application","5","0"," "
"2022","Medium tariff","30 - 34","England","Female","Main scheme applicant","Main scheme application","5","0"," "
"2019","Lower tariff","35 and over","England","Female","Main scheme applicant","Main scheme application","10","5"," "
"2020","Lower tariff","35 and over","England","Female","Main scheme applicant","Main scheme application","15","5"," "
"2021","Lower tariff","35 and over","England","Female","Main scheme applicant","Main scheme application","10","10"," "
"2022","Lower tariff","35 and over","England","Female","Main scheme applicant","Main scheme application","5","5"," "
"2023","Lower tariff","35 and over","England","Female","Main scheme applicant","Main scheme application","5","0"," "
"2019","Higher tariff","35 and over","England","Female","Main scheme applicant","Main scheme application","5","0"," "
"2021","Higher tariff","35 and over","England","Female","Main scheme applicant","Main scheme application","5","5"," "
"2022","Higher tariff","35 and over","England","Female","Main scheme applicant","Main scheme application","5","0"," "
"2019","Medium tariff","35 and over","England","Female","Main scheme applicant","Main scheme application","5","0"," "
"2021","Medium tariff","35 and over","England","Female","Main scheme applicant","Main scheme application","5","0"," "
"2019","Higher tariff","18","Scotland","Female","Main scheme applicant","Main scheme application","10","0"," "
"2020","Higher tariff","18","Scotland","Female","Main scheme applicant","Main scheme application","15","0"," "
"2021","Higher tariff","18","Scotland","Female","Main scheme applicant","Main scheme application","10","0"," "
"2022","Higher tariff","18","Scotland","Female","Main scheme applicant","Main scheme application","15","0"," "
"2023","Higher tariff","18","Scotland","Female","Main scheme applicant","Main scheme application","15","0"," "
"2019","Medium tariff","18","Scotland","Female","Main scheme applicant","Main scheme application","5","0"," "
"2020","Medium tariff","18","Scotland","Female","Main scheme applicant","Main scheme application","5","0"," "
"2021","Medium tariff","18","Scotland","Female","Main scheme applicant","Main scheme application","5","0"," "
"2022","Medium tariff","18","Scotland","Female","Main scheme applicant","Main scheme application","5","0"," "
"2023","Medium tariff","18","Scotland","Female","Main scheme applicant","Main scheme application","5","0"," "
"2019","Higher tariff","19","Scotland","Female","Main scheme applicant","Main scheme application","5","0"," "
"2021","Higher tariff","19","Scotland","Female","Main scheme applicant","Main scheme application","5","0"," "
"2022","Higher tariff","19","Scotland","Female","Main scheme applicant","Main scheme application","10","0"," "
"2023","Higher tariff","19","Scotland","Female","Main scheme applicant","Main scheme application","5","0"," "
"2019","Medium tariff","19","Scotland","Female","Main scheme applicant","Main scheme application","5","0"," "
"2021","Medium tariff","19","Scotland","Female","Main scheme applicant","Main scheme application","5","0"," "
"2019","Higher tariff","20","Scotland","Female","Main scheme applicant","Main scheme application","5","0"," "
"2020","Higher tariff","20","Scotland","Female","Main scheme applicant","Main scheme application","5","0"," "
"2021","Higher tariff","20","Scotland","Female","Main scheme applicant","Main scheme application","10","0"," "
"2022","Higher tariff","20","Scotland","Female","Main scheme applicant","Main scheme application","5","0"," "
"2023","Higher tariff","20","Scotland","Female","Main scheme applicant","Main scheme application","5","0"," "
"2021","Medium tariff","20","Scotland","Female","Main scheme applicant","Main scheme application","5","0"," "
"2022","Medium tariff","20","Scotland","Female","Main scheme applicant","Main scheme application","5","0"," "
"2022","Lower tariff","21 - 24","Scotland","Female","Main scheme applicant","Main scheme application","5","0"," "
"2019","Higher tariff","21 - 24","Scotland","Female","Main scheme applicant","Main scheme application","1125","545","0.484"
"2020","Higher tariff","21 - 24","Scotland","Female","Main scheme applicant","Main scheme application","1240","620","0.5"
"2021","Higher tariff","21 - 24","Scotland","Female","Main scheme applicant","Main scheme application","1545","595","0.385"
"2022","Higher tariff","21 - 24","Scotland","Female","Main scheme applicant","Main scheme application","1105","535","0.486"
"2023","Higher tariff","21 - 24","Scotland","Female","Main scheme applicant","Main scheme application","950","500","0.526"
"2019","Medium tariff","21 - 24","Scotland","Female","Main scheme applicant","Main scheme application","630","75","0.116"
"2020","Medium tariff","21 - 24","Scotland","Female","Main scheme applicant","Main scheme application","720","80","0.108"
"2021","Medium tariff","21 - 24","Scotland","Female","Main scheme applicant","Main scheme application","915","85","0.091"
"2022","Medium tariff","21 - 24","Scotland","Female","Main scheme applicant","Main scheme application","640","75","0.115"
"2023","Medium tariff","21 - 24","Scotland","Female","Main scheme applicant","Main scheme application","545","65","0.116"
"2023","Lower tariff","25 - 29","Scotland","Female","Main scheme applicant","Main scheme application","5","0"," "
"2019","Higher tariff","25 - 29","Scotland","Female","Main scheme applicant","Main scheme application","900","425","0.47400000000000003"
"2020","Higher tariff","25 - 29","Scotland","Female","Main scheme applicant","Main scheme application","850","395","0.464"
"2021","Higher tariff","25 - 29","Scotland","Female","Main scheme applicant","Main scheme application","1115","425","0.38"
"2022","Higher tariff","25 - 29","Scotland","Female","Main scheme applicant","Main scheme application","745","350","0.47200000000000003"
"2023","Higher tariff","25 - 29","Scotland","Female","Main scheme applicant","Main scheme application","530","250","0.47300000000000003"
"2019","Medium tariff","25 - 29","Scotland","Female","Main scheme applicant","Main scheme application","590","90","0.154"
"2020","Medium tariff","25 - 29","Scotland","Female","Main scheme applicant","Main scheme application","555","85","0.149"
"2021","Medium tariff","25 - 29","Scotland","Female","Main scheme applicant","Main scheme application","715","105","0.148"
"2022","Medium tariff","25 - 29","Scotland","Female","Main scheme applicant","Main scheme application","480","75","0.156"
"2023","Medium tariff","25 - 29","Scotland","Female","Main scheme applicant","Main scheme application","355","50","0.134"
"2019","Higher tariff","30 - 34","Scotland","Female","Main scheme applicant","Main scheme application","375","145","0.383"
"2020","Higher tariff","30 - 34","Scotland","Female","Main scheme applicant","Main scheme application","395","185","0.465"
"2021","Higher tariff","30 - 34","Scotland","Female","Main scheme applicant","Main scheme application","455","135","0.292"
"2022","Higher tariff","30 - 34","Scotland","Female","Main scheme applicant","Main scheme application","290","135","0.46900000000000003"
"2023","Higher tariff","30 - 34","Scotland","Female","Main scheme applicant","Main scheme application","235","115","0.485"
"2019","Medium tariff","30 - 34","Scotland","Female","Main scheme applicant","Main scheme application","245","40","0.166"
"2020","Medium tariff","30 - 34","Scotland","Female","Main scheme applicant","Main scheme application","260","50","0.196"
"2021","Medium tariff","30 - 34","Scotland","Female","Main scheme applicant","Main scheme application","290","55","0.186"
"2022","Medium tariff","30 - 34","Scotland","Female","Main scheme applicant","Main scheme application","190","35","0.176"
"2023","Medium tariff","30 - 34","Scotland","Female","Main scheme applicant","Main scheme application","160","30","0.189"
"2019","Higher tariff","35 and over","Scotland","Female","Main scheme applicant","Main scheme application","675","240","0.359"
"2020","Higher tariff","35 and over","Scotland","Female","Main scheme applicant","Main scheme application","730","290","0.396"
"2021","Higher tariff","35 and over","Scotland","Female","Main scheme applicant","Main scheme application","785","265","0.335"
"2022","Higher tariff","35 and over","Scotland","Female","Main scheme applicant","Main scheme application","535","225","0.417"
"2023","Higher tariff","35 and over","Scotland","Female","Main scheme applicant","Main scheme application","460","205","0.442"
"2019","Medium tariff","35 and over","Scotland","Female","Main scheme applicant","Main scheme application","440","80","0.186"
"2020","Medium tariff","35 and over","Scotland","Female","Main scheme applicant","Main scheme application","465","95","0.20400000000000001"
"2021","Medium tariff","35 and over","Scotland","Female","Main scheme applicant","Main scheme application","490","70","0.146"
"2022","Medium tariff","35 and over","Scotland","Female","Main scheme applicant","Main scheme application","340","75","0.221"
"2023","Medium tariff","35 and over","Scotland","Female","Main scheme applicant","Main scheme application","275","70","0.26"
"2020","Lower tariff","18","Wales","Female","Main scheme applicant","Main scheme application","5","0"," "
"2022","Medium tariff","18","Wales","Female","Main scheme applicant","Main scheme application","10","0"," "
"2022","Lower tariff","21 - 24","Wales","Female","Main scheme applicant","Main scheme application","415","265","0.635"
"2023","Lower tariff","21 - 24","Wales","Female","Main scheme applicant","Main scheme application","375","215","0.578"
"2020","Higher tariff","21 - 24","Wales","Female","Main scheme applicant","Main scheme application","5","0"," "
"2022","Higher tariff","21 - 24","Wales","Female","Main scheme applicant","Main scheme application","5","0"," "
"2023","Higher tariff","21 - 24","Wales","Female","Main scheme applicant","Main scheme application","5","0"," "
"2022","Medium tariff","21 - 24","Wales","Female","Main scheme applicant","Main scheme application","255","90","0.34600000000000003"
"2023","Medium tariff","21 - 24","Wales","Female","Main scheme applicant","Main scheme application","260","85","0.335"
"2022","Lower tariff","25 - 29","Wales","Female","Main scheme applicant","Main scheme application","135","80","0.607"
"2023","Lower tariff","25 - 29","Wales","Female","Main scheme applicant","Main scheme application","120","80","0.664"
"2022","Higher tariff","25 - 29","Wales","Female","Main scheme applicant","Main scheme application","5","0"," "
"2022","Medium tariff","25 - 29","Wales","Female","Main scheme applicant","Main scheme application","80","20","0.269"
"2023","Medium tariff","25 - 29","Wales","Female","Main scheme applicant","Main scheme application","65","20","0.28800000000000003"
"2022","Lower tariff","30 - 34","Wales","Female","Main scheme applicant","Main scheme application","45","35","0.766"
"2023","Lower tariff","30 - 34","Wales","Female","Main scheme applicant","Main scheme application","45","30","0.596"
"2022","Medium tariff","30 - 34","Wales","Female","Main scheme applicant","Main scheme application","20","10","0.455"
"2023","Medium tariff","30 - 34","Wales","Female","Main scheme applicant","Main scheme application","30","10"," "
"2022","Lower tariff","35 and over","Wales","Female","Main scheme applicant","Main scheme application","75","40","0.507"
"2023","Lower tariff","35 and over","Wales","Female","Main scheme applicant","Main scheme application","45","30","0.596"
"2022","Medium tariff","35 and over","Wales","Female","Main scheme applicant","Main scheme application","30","10","0.333"
"2023","Medium tariff","35 and over","Wales","Female","Main scheme applicant","Main scheme application","40","15","0.342"
"2022","Lower tariff","21 - 24","Not EU","Female","Main scheme applicant","Main scheme application","5","0"," "
"2023","Lower tariff","21 - 24","Not EU","Female","Main scheme applicant","Main scheme application","5","0"," "
"2019","Higher tariff","21 - 24","Not EU","Female","Main scheme applicant","Main scheme application","15","5"," "
"2020","Higher tariff","21 - 24","Not EU","Female","Main scheme applicant","Main scheme application","20","5"," "
"2021","Higher tariff","21 - 24","Not EU","Female","Main scheme applicant","Main scheme application","15","0"," "
"2022","Higher tariff","21 - 24","Not EU","Female","Main scheme applicant","Main scheme application","10","5"," "
"2023","Higher tariff","21 - 24","Not EU","Female","Main scheme applicant","Main scheme application","20","5"," "
"2019","Medium tariff","21 - 24","Not EU","Female","Main scheme applicant","Main scheme application","5","0"," "
"2020","Medium tariff","21 - 24","Not EU","Female","Main scheme applicant","Main scheme application","5","0"," "
"2021","Medium tariff","21 - 24","Not EU","Female","Main scheme applicant","Main scheme application","5","0"," "
"2022","Medium tariff","21 - 24","Not EU","Female","Main scheme applicant","Main scheme application","10","0"," "
"2023","Medium tariff","21 - 24","Not EU","Female","Main scheme applicant","Main scheme application","10","0"," "
"2022","Lower tariff","25 - 29","Not EU","Female","Main scheme applicant","Main scheme application","5","0"," "
"2019","Higher tariff","25 - 29","Not EU","Female","Main scheme applicant","Main scheme application","15","5"," "
"2020","Higher tariff","25 - 29","Not EU","Female","Main scheme applicant","Main scheme application","15","5"," "
"2021","Higher tariff","25 - 29","Not EU","Female","Main scheme applicant","Main scheme application","15","5"," "
"2022","Higher tariff","25 - 29","Not EU","Female","Main scheme applicant","Main scheme application","15","5"," "
"2023","Higher tariff","25 - 29","Not EU","Female","Main scheme applicant","Main scheme application","15","5"," "
"2019","Medium tariff","25 - 29","Not EU","Female","Main scheme applicant","Main scheme application","10","0"," "
"2020","Medium tariff","25 - 29","Not EU","Female","Main scheme applicant","Main scheme application","5","0"," "
"2021","Medium tariff","25 - 29","Not EU","Female","Main scheme applicant","Main scheme application","5","0"," "
"2022","Medium tariff","25 - 29","Not EU","Female","Main scheme applicant","Main scheme application","10","0"," "
"2023","Medium tariff","25 - 29","Not EU","Female","Main scheme applicant","Main scheme application","10","0"," "
"2022","Lower tariff","30 - 34","Not EU","Female","Main scheme applicant","Main scheme application","5","0"," "
"2019","Higher tariff","30 - 34","Not EU","Female","Main scheme applicant","Main scheme application","10","5"," "
"2020","Higher tariff","30 - 34","Not EU","Female","Main scheme applicant","Main scheme application","10","0"," "
"2021","Higher tariff","30 - 34","Not EU","Female","Main scheme applicant","Main scheme application","10","5"," "
"2022","Higher tariff","30 - 34","Not EU","Female","Main scheme applicant","Main scheme application","10","0"," "
"2023","Higher tariff","30 - 34","Not EU","Female","Main scheme applicant","Main scheme application","10","0"," "
"2019","Medium tariff","30 - 34","Not EU","Female","Main scheme applicant","Main scheme application","5","0"," "
"2020","Medium tariff","30 - 34","Not EU","Female","Main scheme applicant","Main scheme application","5","0"," "
"2021","Medium tariff","30 - 34","Not EU","Female","Main scheme applicant","Main scheme application","5","0"," "
"2022","Medium tariff","30 - 34","Not EU","Female","Main scheme applicant","Main scheme application","10","0"," "
"2023","Medium tariff","30 - 34","Not EU","Female","Main scheme applicant","Main scheme application","10","0"," "
"2022","Lower tariff","35 and over","Not EU","Female","Main scheme applicant","Main scheme application","5","0"," "
"2023","Lower tariff","35 and over","Not EU","Female","Main scheme applicant","Main scheme application","5","0"," "
"2019","Higher tariff","35 and over","Not EU","Female","Main scheme applicant","Main scheme application","10","0"," "
"2020","Higher tariff","35 and over","Not EU","Female","Main scheme applicant","Main scheme application","5","0"," "
"2021","Higher tariff","35 and over","Not EU","Female","Main scheme applicant","Main scheme application","10","0"," "
"2022","Higher tariff","35 and over","Not EU","Female","Main scheme applicant","Main scheme application","15","0"," "
"2023","Higher tariff","35 and over","Not EU","Female","Main scheme applicant","Main scheme application","10","0"," "
"2020","Medium tariff","35 and over","Not EU","Female","Main scheme applicant","Main scheme application","5","0"," "
"2021","Medium tariff","35 and over","Not EU","Female","Main scheme applicant","Main scheme application","5","0"," "
"2022","Medium tariff","35 and over","Not EU","Female","Main scheme applicant","Main scheme application","10","0"," "
"2023","Medium tariff","35 and over","Not EU","Female","Main scheme applicant","Main scheme application","10","5"," "
"2019","Higher tariff","20","EU (excluding UK)","Female","Main scheme applicant","Main scheme application","5","0"," "
"2020","Higher tariff","20","EU (excluding UK)","Female","Main scheme applicant","Main scheme application","5","0"," "
"2022","Lower tariff","21 - 24","EU (excluding UK)","Female","Main scheme applicant","Main scheme application","15","0"," "
"2023","Lower tariff","21 - 24","EU (excluding UK)","Female","Main scheme applicant","Main scheme application","10","0"," "
"2019","Higher tariff","21 - 24","EU (excluding UK)","Female","Main scheme applicant","Main scheme application","95","30","0.302"
"2020","Higher tariff","21 - 24","EU (excluding UK)","Female","Main scheme applicant","Main scheme application","115","50","0.417"
"2021","Higher tariff","21 - 24","EU (excluding UK)","Female","Main scheme applicant","Main scheme application","85","15","0.19"
"2022","Higher tariff","21 - 24","EU (excluding UK)","Female","Main scheme applicant","Main scheme application","35","5"," "
"2023","Higher tariff","21 - 24","EU (excluding UK)","Female","Main scheme applicant","Main scheme application","35","10","0.314"
"2019","Medium tariff","21 - 24","EU (excluding UK)","Female","Main scheme applicant","Main scheme application","40","5"," "
"2020","Medium tariff","21 - 24","EU (excluding UK)","Female","Main scheme applicant","Main scheme application","25","0"," "
"2021","Medium tariff","21 - 24","EU (excluding UK)","Female","Main scheme applicant","Main scheme application","20","0"," "
"2022","Medium tariff","21 - 24","EU (excluding UK)","Female","Main scheme applicant","Main scheme application","15","5"," "
"2023","Medium tariff","21 - 24","EU (excluding UK)","Female","Main scheme applicant","Main scheme application","15","0"," "
"2022","Lower tariff","25 - 29","EU (excluding UK)","Female","Main scheme applicant","Main scheme application","5","0"," "
"2019","Higher tariff","25 - 29","EU (excluding UK)","Female","Main scheme applicant","Main scheme application","40","15","0.317"
"2020","Higher tariff","25 - 29","EU (excluding UK)","Female","Main scheme applicant","Main scheme application","60","20","0.355"
"2021","Higher tariff","25 - 29","EU (excluding UK)","Female","Main scheme applicant","Main scheme application","40","10"," "
"2022","Higher tariff","25 - 29","EU (excluding UK)","Female","Main scheme applicant","Main scheme application","30","10"," "
"2023","Higher tariff","25 - 29","EU (excluding UK)","Female","Main scheme applicant","Main scheme application","15","5"," "
"2019","Medium tariff","25 - 29","EU (excluding UK)","Female","Main scheme applicant","Main scheme application","15","5"," "
"2020","Medium tariff","25 - 29","EU (excluding UK)","Female","Main scheme applicant","Main scheme application","20","0"," "
"2021","Medium tariff","25 - 29","EU (excluding UK)","Female","Main scheme applicant","Main scheme application","20","0"," "
"2022","Medium tariff","25 - 29","EU (excluding UK)","Female","Main scheme applicant","Main scheme application","15","0"," "
"2023","Medium tariff","25 - 29","EU (excluding UK)","Female","Main scheme applicant","Main scheme application","10","0"," "
"2019","Higher tariff","30 - 34","EU (excluding UK)","Female","Main scheme applicant","Main scheme application","20","5"," "
"2020","Higher tariff","30 - 34","EU (excluding UK)","Female","Main scheme applicant","Main scheme application","15","5"," "
"2021","Higher tariff","30 - 34","EU (excluding UK)","Female","Main scheme applicant","Main scheme application","10","5"," "
"2022","Higher tariff","30 - 34","EU (excluding UK)","Female","Main scheme applicant","Main scheme application","5","0"," "
"2023","Higher tariff","30 - 34","EU (excluding UK)","Female","Main scheme applicant","Main scheme application","5","0"," "
"2019","Medium tariff","30 - 34","EU (excluding UK)","Female","Main scheme applicant","Main scheme application","5","0"," "
"2020","Medium tariff","30 - 34","EU (excluding UK)","Female","Main scheme applicant","Main scheme application","5","0"," "
"2022","Medium tariff","30 - 34","EU (excluding UK)","Female","Main scheme applicant","Main scheme application","5","0"," "
"2023","Medium tariff","30 - 34","EU (excluding UK)","Female","Main scheme applicant","Main scheme application","5","0"," "
"2019","Higher tariff","35 and over","EU (excluding UK)","Female","Main scheme applicant","Main scheme application","10","5"," "
"2020","Higher tariff","35 and over","EU (excluding UK)","Female","Main scheme applicant","Main scheme application","10","0"," "
"2021","Higher tariff","35 and over","EU (excluding UK)","Female","Main scheme applicant","Main scheme application","5","0"," "
"2022","Higher tariff","35 and over","EU (excluding UK)","Female","Main scheme applicant","Main scheme application","5","0"," "
"2023","Higher tariff","35 and over","EU (excluding UK)","Female","Main scheme applicant","Main scheme application","5","0"," "
"2019","Medium tariff","35 and over","EU (excluding UK)","Female","Main scheme applicant","Main scheme application","5","0"," "
"2020","Medium tariff","35 and over","EU (excluding UK)","Female","Main scheme applicant","Main scheme application","5","0"," "
"2022","Medium tariff","35 and over","EU (excluding UK)","Female","Main scheme applicant","Main scheme application","5","0"," "
"2023","Medium tariff","35 and over","EU (excluding UK)","Female","Main scheme applicant","Main scheme application","5","0"," "
"2022","Lower tariff","21 - 24","Northern Ireland","Male","Main scheme applicant","Main scheme application","5","0"," "
"2019","Higher tariff","21 - 24","Northern Ireland","Male","Main scheme applicant","Main scheme application","15","0"," "
"2020","Higher tariff","21 - 24","Northern Ireland","Male","Main scheme applicant","Main scheme application","5","0"," "
"2021","Higher tariff","21 - 24","Northern Ireland","Male","Main scheme applicant","Main scheme application","20","0"," "
"2022","Higher tariff","21 - 24","Northern Ireland","Male","Main scheme applicant","Main scheme application","15","5"," "
"2023","Higher tariff","21 - 24","Northern Ireland","Male","Main scheme applicant","Main scheme application","5","0"," "
"2019","Medium tariff","21 - 24","Northern Ireland","Male","Main scheme applicant","Main scheme application","10","0"," "
"2021","Medium tariff","21 - 24","Northern Ireland","Male","Main scheme applicant","Main scheme application","10","0"," "
"2022","Medium tariff","21 - 24","Northern Ireland","Male","Main scheme applicant","Main scheme application","10","0"," "
"2019","Higher tariff","25 - 29","Northern Ireland","Male","Main scheme applicant","Main scheme application","10","5"," "
"2020","Higher tariff","25 - 29","Northern Ireland","Male","Main scheme applicant","Main scheme application","5","0"," "
"2021","Higher tariff","25 - 29","Northern Ireland","Male","Main scheme applicant","Main scheme application","10","5"," "
"2022","Higher tariff","25 - 29","Northern Ireland","Male","Main scheme applicant","Main scheme application","5","0"," "
"2019","Medium tariff","25 - 29","Northern Ireland","Male","Main scheme applicant","Main scheme application","5","0"," "
"2020","Medium tariff","25 - 29","Northern Ireland","Male","Main scheme applicant","Main scheme application","5","0"," "
"2020","Higher tariff","30 - 34","Northern Ireland","Male","Main scheme applicant","Main scheme application","5","0"," "
"2023","Medium tariff","18","England","Male","Main scheme applicant","Main scheme application","5","0"," "
"2019","Lower tariff","21 - 24","England","Male","Main scheme applicant","Main scheme application","5","5"," "
"2021","Lower tariff","21 - 24","England","Male","Main scheme applicant","Main scheme application","5","0"," "
"2022","Lower tariff","21 - 24","England","Male","Main scheme applicant","Main scheme application","25","5"," "
"2023","Lower tariff","21 - 24","England","Male","Main scheme applicant","Main scheme application","20","10","0.526"
"2019","Higher tariff","21 - 24","England","Male","Main scheme applicant","Main scheme application","15","5"," "
"2020","Higher tariff","21 - 24","England","Male","Main scheme applicant","Main scheme application","15","5"," "
"2021","Higher tariff","21 - 24","England","Male","Main scheme applicant","Main scheme application","20","5"," "
"2022","Higher tariff","21 - 24","England","Male","Main scheme applicant","Main scheme application","20","5"," "
"2023","Higher tariff","21 - 24","England","Male","Main scheme applicant","Main scheme application","10","5"," "
"2019","Medium tariff","21 - 24","England","Male","Main scheme applicant","Main scheme application","5","0"," "
"2020","Medium tariff","21 - 24","England","Male","Main scheme applicant","Main scheme application","5","0"," "
"2021","Medium tariff","21 - 24","England","Male","Main scheme applicant","Main scheme application","5","0"," "
"2022","Medium tariff","21 - 24","England","Male","Main scheme applicant","Main scheme application","20","5"," "
"2023","Medium tariff","21 - 24","England","Male","Main scheme applicant","Main scheme application","15","5"," "
"2021","Lower tariff","25 - 29","England","Male","Main scheme applicant","Main scheme application","5","0"," "
"2023","Lower tariff","25 - 29","England","Male","Main scheme applicant","Main scheme application","5","0"," "
"2019","Higher tariff","25 - 29","England","Male","Main scheme applicant","Main scheme application","10","5"," "
"2020","Higher tariff","25 - 29","England","Male","Main scheme applicant","Main scheme application","10","5"," "
"2021","Higher tariff","25 - 29","England","Male","Main scheme applicant","Main scheme application","10","5"," "
"2022","Higher tariff","25 - 29","England","Male","Main scheme applicant","Main scheme application","10","5"," "
"2023","Higher tariff","25 - 29","England","Male","Main scheme applicant","Main scheme application","5","0"," "
"2019","Medium tariff","25 - 29","England","Male","Main scheme applicant","Main scheme application","5","0"," "
"2020","Medium tariff","25 - 29","England","Male","Main scheme applicant","Main scheme application","5","0"," "
"2021","Medium tariff","25 - 29","England","Male","Main scheme applicant","Main scheme application","5","0"," "
"2022","Medium tariff","25 - 29","England","Male","Main scheme applicant","Main scheme application","5","0"," "
"2023","Medium tariff","25 - 29","England","Male","Main scheme applicant","Main scheme application","5","0"," "
"2019","Lower tariff","30 - 34","England","Male","Main scheme applicant","Main scheme application","5","5"," "
"2022","Lower tariff","30 - 34","England","Male","Main scheme applicant","Main scheme application","5","0"," "
"2023","Lower tariff","30 - 34","England","Male","Main scheme applicant","Main scheme application","5","0"," "
"2020","Higher tariff","30 - 34","England","Male","Main scheme applicant","Main scheme application","5","5"," "
"2021","Higher tariff","30 - 34","England","Male","Main scheme applicant","Main scheme application","5","0"," "
"2023","Higher tariff","30 - 34","England","Male","Main scheme applicant","Main scheme application","5","5"," "
"2022","Medium tariff","30 - 34","England","Male","Main scheme applicant","Main scheme application","5","0"," "
"2023","Medium tariff","30 - 34","England","Male","Main scheme applicant","Main scheme application","5","0"," "
"2023","Lower tariff","35 and over","England","Male","Main scheme applicant","Main scheme application","5","0"," "
"2019","Higher tariff","35 and over","England","Male","Main scheme applicant","Main scheme application","5","0"," "
"2020","Higher tariff","35 and over","England","Male","Main scheme applicant","Main scheme application","5","0"," "
"2021","Higher tariff","35 and over","England","Male","Main scheme applicant","Main scheme application","5","0"," "
"2021","Medium tariff","35 and over","England","Male","Main scheme applicant","Main scheme application","5","0"," "
"2019","Higher tariff","18","Scotland","Male","Main scheme applicant","Main scheme application","5","0"," "
"2021","Higher tariff","18","Scotland","Male","Main scheme applicant","Main scheme application","5","0"," "
"2022","Higher tariff","18","Scotland","Male","Main scheme applicant","Main scheme application","5","0"," "
"2023","Higher tariff","18","Scotland","Male","Main scheme applicant","Main scheme application","5","0"," "
"2023","Medium tariff","20","Scotland","Male","Main scheme applicant","Main scheme application","5","0"," "
"2019","Higher tariff","21 - 24","Scotland","Male","Main scheme applicant","Main scheme application","420","165","0.39"
"2020","Higher tariff","21 - 24","Scotland","Male","Main scheme applicant","Main scheme application","400","155","0.391"
"2021","Higher tariff","21 - 24","Scotland","Male","Main scheme applicant","Main scheme application","525","180","0.343"
"2022","Higher tariff","21 - 24","Scotland","Male","Main scheme applicant","Main scheme application","400","140","0.34600000000000003"
"2023","Higher tariff","21 - 24","Scotland","Male","Main scheme applicant","Main scheme application","315","140","0.435"
"2019","Medium tariff","21 - 24","Scotland","Male","Main scheme applicant","Main scheme application","225","20","0.084"
"2020","Medium tariff","21 - 24","Scotland","Male","Main scheme applicant","Main scheme application","220","20","0.08600000000000001"
"2021","Medium tariff","21 - 24","Scotland","Male","Main scheme applicant","Main scheme application","295","20","0.061"
"2022","Medium tariff","21 - 24","Scotland","Male","Main scheme applicant","Main scheme application","235","15","0.068"
"2023","Medium tariff","21 - 24","Scotland","Male","Main scheme applicant","Main scheme application","200","20","0.101"
"2023","Lower tariff","25 - 29","Scotland","Male","Main scheme applicant","Main scheme application","5","0"," "
"2019","Higher tariff","25 - 29","Scotland","Male","Main scheme applicant","Main scheme application","370","145","0.389"
"2020","Higher tariff","25 - 29","Scotland","Male","Main scheme applicant","Main scheme application","415","170","0.41500000000000004"
"2021","Higher tariff","25 - 29","Scotland","Male","Main scheme applicant","Main scheme application","495","160","0.319"
"2022","Higher tariff","25 - 29","Scotland","Male","Main scheme applicant","Main scheme application","355","140","0.394"
"2023","Higher tariff","25 - 29","Scotland","Male","Main scheme applicant","Main scheme application","280","130","0.457"
"2019","Medium tariff","25 - 29","Scotland","Male","Main scheme applicant","Main scheme application","215","25","0.113"
"2020","Medium tariff","25 - 29","Scotland","Male","Main scheme applicant","Main scheme application","225","30","0.138"
"2021","Medium tariff","25 - 29","Scotland","Male","Main scheme applicant","Main scheme application","295","35","0.115"
"2022","Medium tariff","25 - 29","Scotland","Male","Main scheme applicant","Main scheme application","225","30","0.13"
"2023","Medium tariff","25 - 29","Scotland","Male","Main scheme applicant","Main scheme application","190","25","0.133"
"2019","Higher tariff","30 - 34","Scotland","Male","Main scheme applicant","Main scheme application","185","80","0.425"
"2020","Higher tariff","30 - 34","Scotland","Male","Main scheme applicant","Main scheme application","190","75","0.388"
"2021","Higher tariff","30 - 34","Scotland","Male","Main scheme applicant","Main scheme application","230","85","0.377"
"2022","Higher tariff","30 - 34","Scotland","Male","Main scheme applicant","Main scheme application","190","80","0.429"
"2023","Higher tariff","30 - 34","Scotland","Male","Main scheme applicant","Main scheme application","120","40","0.333"
"2019","Medium tariff","30 - 34","Scotland","Male","Main scheme applicant","Main scheme application","95","15","0.161"
"2020","Medium tariff","30 - 34","Scotland","Male","Main scheme applicant","Main scheme application","105","15","0.14400000000000002"
"2021","Medium tariff","30 - 34","Scotland","Male","Main scheme applicant","Main scheme application","120","10","0.085"
"2022","Medium tariff","30 - 34","Scotland","Male","Main scheme applicant","Main scheme application","110","15","0.147"
"2023","Medium tariff","30 - 34","Scotland","Male","Main scheme applicant","Main scheme application","80","20","0.228"
"2019","Higher tariff","35 and over","Scotland","Male","Main scheme applicant","Main scheme application","300","120","0.394"
"2020","Higher tariff","35 and over","Scotland","Male","Main scheme applicant","Main scheme application","275","100","0.37"
"2021","Higher tariff","35 and over","Scotland","Male","Main scheme applicant","Main scheme application","320","90","0.276"
"2022","Higher tariff","35 and over","Scotland","Male","Main scheme applicant","Main scheme application","225","80","0.359"
"2023","Higher tariff","35 and over","Scotland","Male","Main scheme applicant","Main scheme application","160","65","0.394"
"2019","Medium tariff","35 and over","Scotland","Male","Main scheme applicant","Main scheme application","160","25","0.155"
"2020","Medium tariff","35 and over","Scotland","Male","Main scheme applicant","Main scheme application","170","35","0.199"
"2021","Medium tariff","35 and over","Scotland","Male","Main scheme applicant","Main scheme application","170","30","0.178"
"2022","Medium tariff","35 and over","Scotland","Male","Main scheme applicant","Main scheme application","125","25","0.194"
"2023","Medium tariff","35 and over","Scotland","Male","Main scheme applicant","Main scheme application","105","20","0.181"
"2022","Lower tariff","18","Wales","Male","Main scheme applicant","Main scheme application","5","0"," "
"2022","Medium tariff","18","Wales","Male","Main scheme applicant","Main scheme application","5","0"," "
"2023","Medium tariff","18","Wales","Male","Main scheme applicant","Main scheme application","5","0"," "
"2022","Lower tariff","21 - 24","Wales","Male","Main scheme applicant","Main scheme application","140","85","0.585"
"2023","Lower tariff","21 - 24","Wales","Male","Main scheme applicant","Main scheme application","130","85","0.659"
"2022","Medium tariff","21 - 24","Wales","Male","Main scheme applicant","Main scheme application","85","20","0.241"
"2023","Medium tariff","21 - 24","Wales","Male","Main scheme applicant","Main scheme application","85","30","0.373"
"2022","Lower tariff","25 - 29","Wales","Male","Main scheme applicant","Main scheme application","65","45","0.682"
"2023","Lower tariff","25 - 29","Wales","Male","Main scheme applicant","Main scheme application","60","35","0.5650000000000001"
"2020","Higher tariff","25 - 29","Wales","Male","Main scheme applicant","Main scheme application","5","0"," "
"2022","Medium tariff","25 - 29","Wales","Male","Main scheme applicant","Main scheme application","40","5"," "
"2023","Medium tariff","25 - 29","Wales","Male","Main scheme applicant","Main scheme application","35","15","0.389"
"2022","Lower tariff","30 - 34","Wales","Male","Main scheme applicant","Main scheme application","25","15","0.615"
"2023","Lower tariff","30 - 34","Wales","Male","Main scheme applicant","Main scheme application","20","15","0.65"
"2022","Medium tariff","30 - 34","Wales","Male","Main scheme applicant","Main scheme application","20","5"," "
"2023","Medium tariff","30 - 34","Wales","Male","Main scheme applicant","Main scheme application","5","0"," "
"2022","Lower tariff","35 and over","Wales","Male","Main scheme applicant","Main scheme application","30","20","0.655"
"2023","Lower tariff","35 and over","Wales","Male","Main scheme applicant","Main scheme application","20","5"," "
"2022","Medium tariff","35 and over","Wales","Male","Main scheme applicant","Main scheme application","15","5"," "
"2023","Medium tariff","35 and over","Wales","Male","Main scheme applicant","Main scheme application","15","5"," "
"2020","Higher tariff","21 - 24","Not EU","Male","Main scheme applicant","Main scheme application","5","0"," "
"2021","Higher tariff","21 - 24","Not EU","Male","Main scheme applicant","Main scheme application","5","0"," "
"2022","Higher tariff","21 - 24","Not EU","Male","Main scheme applicant","Main scheme application","5","0"," "
"2023","Higher tariff","21 - 24","Not EU","Male","Main scheme applicant","Main scheme application","10","5"," "
"2022","Medium tariff","21 - 24","Not EU","Male","Main scheme applicant","Main scheme application","5","0"," "
"2023","Medium tariff","21 - 24","Not EU","Male","Main scheme applicant","Main scheme application","5","0"," "
"2022","Lower tariff","25 - 29","Not EU","Male","Main scheme applicant","Main scheme application","5","0"," "
"2023","Lower tariff","25 - 29","Not EU","Male","Main scheme applicant","Main scheme application","5","0"," "
"2020","Higher tariff","25 - 29","Not EU","Male","Main scheme applicant","Main scheme application","5","0"," "
"2021","Higher tariff","25 - 29","Not EU","Male","Main scheme applicant","Main scheme application","5","0"," "
"2022","Higher tariff","25 - 29","Not EU","Male","Main scheme applicant","Main scheme application","15","5"," "
"2023","Higher tariff","25 - 29","Not EU","Male","Main scheme applicant","Main scheme application","5","5"," "
"2020","Medium tariff","25 - 29","Not EU","Male","Main scheme applicant","Main scheme application","5","0"," "
"2022","Medium tariff","25 - 29","Not EU","Male","Main scheme applicant","Main scheme application","10","0"," "
"2022","Lower tariff","30 - 34","Not EU","Male","Main scheme applicant","Main scheme application","5","0"," "
"2023","Lower tariff","30 - 34","Not EU","Male","Main scheme applicant","Main scheme application","5","0"," "
"2019","Higher tariff","30 - 34","Not EU","Male","Main scheme applicant","Main scheme application","5","0"," "
"2020","Higher tariff","30 - 34","Not EU","Male","Main scheme applicant","Main scheme application","5","0"," "
"2022","Higher tariff","30 - 34","Not EU","Male","Main scheme applicant","Main scheme application","10","0"," "
"2022","Medium tariff","30 - 34","Not EU","Male","Main scheme applicant","Main scheme application","5","0"," "
"2023","Medium tariff","30 - 34","Not EU","Male","Main scheme applicant","Main scheme application","5","0"," "
"2022","Lower tariff","35 and over","Not EU","Male","Main scheme applicant","Main scheme application","5","0"," "
"2023","Lower tariff","35 and over","Not EU","Male","Main scheme applicant","Main scheme application","5","0"," "
"2019","Higher tariff","35 and over","Not EU","Male","Main scheme applicant","Main scheme application","10","0"," "
"2020","Higher tariff","35 and over","Not EU","Male","Main scheme applicant","Main scheme application","5","0"," "
"2021","Higher tariff","35 and over","Not EU","Male","Main scheme applicant","Main scheme application","10","0"," "
"2022","Higher tariff","35 and over","Not EU","Male","Main scheme applicant","Main scheme application","10","0"," "
"2023","Higher tariff","35 and over","Not EU","Male","Main scheme applicant","Main scheme application","5","0"," "
"2021","Medium tariff","35 and over","Not EU","Male","Main scheme applicant","Main scheme application","5","0"," "
"2022","Medium tariff","35 and over","Not EU","Male","Main scheme applicant","Main scheme application","10","5"," "
"2023","Medium tariff","35 and over","Not EU","Male","Main scheme applicant","Main scheme application","5","0"," "
"2022","Lower tariff","21 - 24","EU (excluding UK)","Male","Main scheme applicant","Main scheme application","5","0"," "
"2019","Higher tariff","21 - 24","EU (excluding UK)","Male","Main scheme applicant","Main scheme application","30","5"," "
"2020","Higher tariff","21 - 24","EU (excluding UK)","Male","Main scheme applicant","Main scheme application","30","10","0.357"
"2021","Higher tariff","21 - 24","EU (excluding UK)","Male","Main scheme applicant","Main scheme application","10","0"," "
"2022","Higher tariff","21 - 24","EU (excluding UK)","Male","Main scheme applicant","Main scheme application","15","0"," "
"2023","Higher tariff","21 - 24","EU (excluding UK)","Male","Main scheme applicant","Main scheme application","5","0"," "
"2019","Medium tariff","21 - 24","EU (excluding UK)","Male","Main scheme applicant","Main scheme application","10","0"," "
"2020","Medium tariff","21 - 24","EU (excluding UK)","Male","Main scheme applicant","Main scheme application","5","0"," "
"2021","Medium tariff","21 - 24","EU (excluding UK)","Male","Main scheme applicant","Main scheme application","5","0"," "
"2022","Medium tariff","21 - 24","EU (excluding UK)","Male","Main scheme applicant","Main scheme application","10","5"," "
"2023","Medium tariff","21 - 24","EU (excluding UK)","Male","Main scheme applicant","Main scheme application","5","0"," "
"2019","Higher tariff","25 - 29","EU (excluding UK)","Male","Main scheme applicant","Main scheme application","15","5"," "
"2020","Higher tariff","25 - 29","EU (excluding UK)","Male","Main scheme applicant","Main scheme application","15","5"," "
"2021","Higher tariff","25 - 29","EU (excluding UK)","Male","Main scheme applicant","Main scheme application","15","5"," "
"2022","Higher tariff","25 - 29","EU (excluding UK)","Male","Main scheme applicant","Main scheme application","5","0"," "
"2019","Medium tariff","25 - 29","EU (excluding UK)","Male","Main scheme applicant","Main scheme application","5","0"," "
"2020","Medium tariff","25 - 29","EU (excluding UK)","Male","Main scheme applicant","Main scheme application","5","0"," "
"2021","Medium tariff","25 - 29","EU (excluding UK)","Male","Main scheme applicant","Main scheme application","5","0"," "
"2019","Higher tariff","30 - 34","EU (excluding UK)","Male","Main scheme applicant","Main scheme application","10","5"," "
"2020","Higher tariff","30 - 34","EU (excluding UK)","Male","Main scheme applicant","Main scheme application","15","5"," "
"2021","Higher tariff","30 - 34","EU (excluding UK)","Male","Main scheme applicant","Main scheme application","5","0"," "
"2019","Medium tariff","30 - 34","EU (excluding UK)","Male","Main scheme applicant","Main scheme application","10","0"," "
"2020","Medium tariff","30 - 34","EU (excluding UK)","Male","Main scheme applicant","Main scheme application","5","0"," "
"2021","Medium tariff","30 - 34","EU (excluding UK)","Male","Main scheme applicant","Main scheme application","5","0"," "
"2023","Medium tariff","30 - 34","EU (excluding UK)","Male","Main scheme applicant","Main scheme application","5","0"," "
"2019","Higher tariff","35 and over","EU (excluding UK)","Male","Main scheme applicant","Main scheme application","5","0"," "
"2020","Higher tariff","35 and over","EU (excluding UK)","Male","Main scheme applicant","Main scheme application","5","0"," "
"2021","Higher tariff","35 and over","EU (excluding UK)","Male","Main scheme applicant","Main scheme application","5","0"," "
"2022","Higher tariff","35 and over","EU (excluding UK)","Male","Main scheme applicant","Main scheme application","5","0"," "
"2023","Higher tariff","35 and over","EU (excluding UK)","Male","Main scheme applicant","Main scheme application","5","0"," "
"2019","Medium tariff","35 and over","EU (excluding UK)","Male","Main scheme applicant","Main scheme application","5","0"," "
"2021","Medium tariff","35 and over","EU (excluding UK)","Male","Main scheme applicant","Main scheme application","5","0"," "
"2023","Medium tariff","35 and over","EU (excluding UK)","Male","Main scheme applicant","Main scheme application","5","0"," "
"2020","All","21 - 24","England","Female","Not main scheme applicant","Not main scheme application","5","5"," "
"2021","All","21 - 24","England","Female","Not main scheme applicant","Not main scheme application","5","0"," "
"2022","All","21 - 24","England","Female","Not main scheme applicant","Not main scheme application","10","5"," "
"2023","All","21 - 24","England","Female","Not main scheme applicant","Not main scheme application","5","5"," "
"2019","All","25 - 29","England","Female","Not main scheme applicant","Not main scheme application","5","5"," "
"2020","All","25 - 29","England","Female","Not main scheme applicant","Not main scheme application","10","5"," "
"2021","All","25 - 29","England","Female","Not main scheme applicant","Not main scheme application","5","5"," "
"2023","All","25 - 29","England","Female","Not main scheme applicant","Not main scheme application","5","5"," "
"2020","All","30 - 34","England","Female","Not main scheme applicant","Not main scheme application","5","5"," "
"2021","All","30 - 34","England","Female","Not main scheme applicant","Not main scheme application","5","5"," "
"2019","All","35 and over","England","Female","Not main scheme applicant","Not main scheme application","5","5"," "
"2020","All","35 and over","England","Female","Not main scheme applicant","Not main scheme application","10","10"," "
"2021","All","35 and over","England","Female","Not main scheme applicant","Not main scheme application","5","5"," "
"2022","All","35 and over","England","Female","Not main scheme applicant","Not main scheme application","5","5"," "
"2023","All","35 and over","England","Female","Not main scheme applicant","Not main scheme application","10","10"," "
"2019","All","21 - 24","Scotland","Female","Not main scheme applicant","Not main scheme application","15","10","0.769"
"2020","All","21 - 24","Scotland","Female","Not main scheme applicant","Not main scheme application","20","15","0.714"
"2021","All","21 - 24","Scotland","Female","Not main scheme applicant","Not main scheme application","15","15","0.8130000000000001"
"2022","All","21 - 24","Scotland","Female","Not main scheme applicant","Not main scheme application","10","10","0.833"
"2023","All","21 - 24","Scotland","Female","Not main scheme applicant","Not main scheme application","20","15","0.684"
"2019","All","25 - 29","Scotland","Female","Not main scheme applicant","Not main scheme application","20","15","0.737"
"2020","All","25 - 29","Scotland","Female","Not main scheme applicant","Not main scheme application","25","20","0.846"
"2021","All","25 - 29","Scotland","Female","Not main scheme applicant","Not main scheme application","10","5"," "
"2022","All","25 - 29","Scotland","Female","Not main scheme applicant","Not main scheme application","15","15","0.765"
"2023","All","25 - 29","Scotland","Female","Not main scheme applicant","Not main scheme application","20","15","0.889"
"2019","All","30 - 34","Scotland","Female","Not main scheme applicant","Not main scheme application","5","5"," "
"2020","All","30 - 34","Scotland","Female","Not main scheme applicant","Not main scheme application","10","5"," "
"2021","All","30 - 34","Scotland","Female","Not main scheme applicant","Not main scheme application","5","0"," "
"2022","All","30 - 34","Scotland","Female","Not main scheme applicant","Not main scheme application","10","5"," "
"2023","All","30 - 34","Scotland","Female","Not main scheme applicant","Not main scheme application","10","10","0.909"
"2019","All","35 and over","Scotland","Female","Not main scheme applicant","Not main scheme application","15","10"," "
"2020","All","35 and over","Scotland","Female","Not main scheme applicant","Not main scheme application","20","10","0.5710000000000001"
"2021","All","35 and over","Scotland","Female","Not main scheme applicant","Not main scheme application","15","10","0.733"
"2022","All","35 and over","Scotland","Female","Not main scheme applicant","Not main scheme application","15","10","0.706"
"2023","All","35 and over","Scotland","Female","Not main scheme applicant","Not main scheme application","20","15","0.7000000000000001"
"2022","All","21 - 24","Wales","Female","Not main scheme applicant","Not main scheme application","30","25","0.793"
"2023","All","21 - 24","Wales","Female","Not main scheme applicant","Not main scheme application","40","35","0.833"
"2022","All","25 - 29","Wales","Female","Not main scheme applicant","Not main scheme application","25","15","0.739"
"2023","All","25 - 29","Wales","Female","Not main scheme applicant","Not main scheme application","10","5"," "
"2022","All","30 - 34","Wales","Female","Not main scheme applicant","Not main scheme application","5","5"," "
"2023","All","30 - 34","Wales","Female","Not main scheme applicant","Not main scheme application","5","5"," "
"2022","All","35 and over","Wales","Female","Not main scheme applicant","Not main scheme application","15","10","0.786"
"2023","All","35 and over","Wales","Female","Not main scheme applicant","Not main scheme application","5","5"," "
"2022","All","25 - 29","Not EU","Female","Not main scheme applicant","Not main scheme application","5","0"," "
"2020","All","25 - 29","EU (excluding UK)","Female","Not main scheme applicant","Not main scheme application","5","0"," "
"2020","All","21 - 24","England","Male","Not main scheme applicant","Not main scheme application","5","5"," "
"2022","All","21 - 24","England","Male","Not main scheme applicant","Not main scheme application","5","5"," "
"2023","All","21 - 24","England","Male","Not main scheme applicant","Not main scheme application","10","10"," "
"2020","All","25 - 29","England","Male","Not main scheme applicant","Not main scheme application","5","5"," "
"2022","All","25 - 29","England","Male","Not main scheme applicant","Not main scheme application","5","5"," "
"2023","All","25 - 29","England","Male","Not main scheme applicant","Not main scheme application","5","5"," "
"2021","All","35 and over","England","Male","Not main scheme applicant","Not main scheme application","5","0"," "
"2019","All","21 - 24","Scotland","Male","Not main scheme applicant","Not main scheme application","10","10"," "
"2020","All","21 - 24","Scotland","Male","Not main scheme applicant","Not main scheme application","15","10","0.8"
"2021","All","21 - 24","Scotland","Male","Not main scheme applicant","Not main scheme application","5","5"," "
"2022","All","21 - 24","Scotland","Male","Not main scheme applicant","Not main scheme application","10","10","0.909"
"2023","All","21 - 24","Scotland","Male","Not main scheme applicant","Not main scheme application","10","5"," "
"2019","All","25 - 29","Scotland","Male","Not main scheme applicant","Not main scheme application","10","10","0.909"
"2020","All","25 - 29","Scotland","Male","Not main scheme applicant","Not main scheme application","25","20","0.8150000000000001"
"2021","All","25 - 29","Scotland","Male","Not main scheme applicant","Not main scheme application","5","5"," "
"2022","All","25 - 29","Scotland","Male","Not main scheme applicant","Not main scheme application","10","5"," "
"2023","All","25 - 29","Scotland","Male","Not main scheme applicant","Not main scheme application","10","5"," "
"2019","All","30 - 34","Scotland","Male","Not main scheme applicant","Not main scheme application","5","5"," "
"2020","All","30 - 34","Scotland","Male","Not main scheme applicant","Not main scheme application","5","5"," "
"2022","All","30 - 34","Scotland","Male","Not main scheme applicant","Not main scheme application","5","0"," "
"2023","All","30 - 34","Scotland","Male","Not main scheme applicant","Not main scheme application","5","0"," "
"2019","All","35 and over","Scotland","Male","Not main scheme applicant","Not main scheme application","10","5"," "
"2020","All","35 and over","Scotland","Male","Not main scheme applicant","Not main scheme application","20","15","0.789"
"2021","All","35 and over","Scotland","Male","Not main scheme applicant","Not main scheme application","5","5"," "
"2022","All","35 and over","Scotland","Male","Not main scheme applicant","Not main scheme application","15","10"," "
"2023","All","35 and over","Scotland","Male","Not main scheme applicant","Not main scheme application","20","15","0.9440000000000001"
"2022","All","21 - 24","Wales","Male","Not main scheme applicant","Not main scheme application","25","20","0.8260000000000001"
"2023","All","21 - 24","Wales","Male","Not main scheme applicant","Not main scheme application","25","20","0.846"
"2022","All","25 - 29","Wales","Male","Not main scheme applicant","Not main scheme application","10","10","0.909"
"2023","All","25 - 29","Wales","Male","Not main scheme applicant","Not main scheme application","10","5"," "
"2023","All","30 - 34","Wales","Male","Not main scheme applicant","Not main scheme application","5","5"," "
"2022","All","35 and over","Wales","Male","Not main scheme applicant","Not main scheme application","5","5"," "
"2023","All","35 and over","Wales","Male","Not main scheme applicant","Not main scheme application","10","10"," "
"2021","All","18","Scotland","Female","Main scheme applicant","Not main scheme application","5","0"," "
"2019","All","21 - 24","Scotland","Female","Main scheme applicant","Not main scheme application","60","30","0.484"
"2020","All","21 - 24","Scotland","Female","Main scheme applicant","Not main scheme application","60","10"," "
"2021","All","21 - 24","Scotland","Female","Main scheme applicant","Not main scheme application","85","25","0.321"
"2022","All","21 - 24","Scotland","Female","Main scheme applicant","Not main scheme application","55","30","0.5660000000000001"
"2023","All","21 - 24","Scotland","Female","Main scheme applicant","Not main scheme application","35","25","0.622"
"2019","All","25 - 29","Scotland","Female","Main scheme applicant","Not main scheme application","40","20","0.5"
"2020","All","25 - 29","Scotland","Female","Main scheme applicant","Not main scheme application","45","20","0.426"
"2021","All","25 - 29","Scotland","Female","Main scheme applicant","Not main scheme application","55","20","0.333"
"2022","All","25 - 29","Scotland","Female","Main scheme applicant","Not main scheme application","30","15","0.5670000000000001"
"2023","All","25 - 29","Scotland","Female","Main scheme applicant","Not main scheme application","25","15","0.708"
"2019","All","30 - 34","Scotland","Female","Main scheme applicant","Not main scheme application","15","5"," "
"2020","All","30 - 34","Scotland","Female","Main scheme applicant","Not main scheme application","15","10"," "
"2021","All","30 - 34","Scotland","Female","Main scheme applicant","Not main scheme application","20","10"," "
"2022","All","30 - 34","Scotland","Female","Main scheme applicant","Not main scheme application","10","5"," "
"2023","All","30 - 34","Scotland","Female","Main scheme applicant","Not main scheme application","10","5"," "
"2019","All","35 and over","Scotland","Female","Main scheme applicant","Not main scheme application","35","20","0.647"
"2020","All","35 and over","Scotland","Female","Main scheme applicant","Not main scheme application","30","15","0.5"
"2021","All","35 and over","Scotland","Female","Main scheme applicant","Not main scheme application","15","10","0.667"
"2022","All","35 and over","Scotland","Female","Main scheme applicant","Not main scheme application","25","15","0.577"
"2023","All","35 and over","Scotland","Female","Main scheme applicant","Not main scheme application","15","10","0.667"
"2022","All","21 - 24","Wales","Female","Main scheme applicant","Not main scheme application","10","10","0.833"
"2023","All","21 - 24","Wales","Female","Main scheme applicant","Not main scheme application","15","10","0.8"
"2023","All","25 - 29","Wales","Female","Main scheme applicant","Not main scheme application","5","5"," "
"2023","All","35 and over","Wales","Female","Main scheme applicant","Not main scheme application","5","5"," "
"2020","All","21 - 24","EU (excluding UK)","Female","Main scheme applicant","Not main scheme application","5","0"," "
"2020","All","25 - 29","EU (excluding UK)","Female","Main scheme applicant","Not main scheme application","5","0"," "
"2021","All","25 - 29","EU (excluding UK)","Female","Main scheme applicant","Not main scheme application","5","0"," "
"2019","All","21 - 24","Scotland","Male","Main scheme applicant","Not main scheme application","10","0"," "
"2020","All","21 - 24","Scotland","Male","Main scheme applicant","Not main scheme application","25","10","0.417"
"2021","All","21 - 24","Scotland","Male","Main scheme applicant","Not main scheme application","25","5"," "
"2022","All","21 - 24","Scotland","Male","Main scheme applicant","Not main scheme application","15","10"," "
"2023","All","21 - 24","Scotland","Male","Main scheme applicant","Not main scheme application","15","5"," "
"2019","All","25 - 29","Scotland","Male","Main scheme applicant","Not main scheme application","10","5"," "
"2020","All","25 - 29","Scotland","Male","Main scheme applicant","Not main scheme application","15","5"," "
"2021","All","25 - 29","Scotland","Male","Main scheme applicant","Not main scheme application","20","5"," "
"2022","All","25 - 29","Scotland","Male","Main scheme applicant","Not main scheme application","10","5"," "
"2023","All","25 - 29","Scotland","Male","Main scheme applicant","Not main scheme application","5","5"," "
"2020","All","30 - 34","Scotland","Male","Main scheme applicant","Not main scheme application","5","0"," "
"2021","All","30 - 34","Scotland","Male","Main scheme applicant","Not main scheme application","10","0"," "
"2022","All","30 - 34","Scotland","Male","Main scheme applicant","Not main scheme application","10","0"," "
"2023","All","30 - 34","Scotland","Male","Main scheme applicant","Not main scheme application","5","0"," "
"2019","All","35 and over","Scotland","Male","Main scheme applicant","Not main scheme application","10","5"," "
"2020","All","35 and over","Scotland","Male","Main scheme applicant","Not main scheme application","15","5"," "
"2021","All","35 and over","Scotland","Male","Main scheme applicant","Not main scheme application","10","5"," "
"2022","All","35 and over","Scotland","Male","Main scheme applicant","Not main scheme application","5","5"," "
"2023","All","35 and over","Scotland","Male","Main scheme applicant","Not main scheme application","10","5"," "
"2022","All","21 - 24","Wales","Male","Main scheme applicant","Not main scheme application","5","5"," "
"2023","All","25 - 29","Wales","Male","Main scheme applicant","Not main scheme application","5","5"," "
"2019","All","21 - 24","Northern Ireland","Female","Main scheme applicant","Main scheme application","45","10"," "
"2020","All","21 - 24","Northern Ireland","Female","Main scheme applicant","Main scheme application","35","10"," "
"2021","All","21 - 24","Northern Ireland","Female","Main scheme applicant","Main scheme application","45","15","0.311"
"2022","All","21 - 24","Northern Ireland","Female","Main scheme applicant","Main scheme application","30","10"," "
"2023","All","21 - 24","Northern Ireland","Female","Main scheme applicant","Main scheme application","20","5"," "
"2019","All","25 - 29","Northern Ireland","Female","Main scheme applicant","Main scheme application","15","10"," "
"2020","All","25 - 29","Northern Ireland","Female","Main scheme applicant","Main scheme application","15","5"," "
"2021","All","25 - 29","Northern Ireland","Female","Main scheme applicant","Main scheme application","15","5"," "
"2022","All","25 - 29","Northern Ireland","Female","Main scheme applicant","Main scheme application","10","5"," "
"2023","All","25 - 29","Northern Ireland","Female","Main scheme applicant","Main scheme application","10","5"," "
"2021","All","30 - 34","Northern Ireland","Female","Main scheme applicant","Main scheme application","5","0"," "
"2022","All","30 - 34","Northern Ireland","Female","Main scheme applicant","Main scheme application","5","0"," "
"2019","All","35 and over","Northern Ireland","Female","Main scheme applicant","Main scheme application","5","0"," "
"2020","All","18","England","Female","Main scheme applicant","Main scheme application","5","0"," "
"2022","All","18","England","Female","Main scheme applicant","Main scheme application","5","0"," "
"2019","All","21 - 24","England","Female","Main scheme applicant","Main scheme application","50","25","0.451"
"2020","All","21 - 24","England","Female","Main scheme applicant","Main scheme application","35","15","0.389"
"2021","All","21 - 24","England","Female","Main scheme applicant","Main scheme application","65","20","0.303"
"2022","All","21 - 24","England","Female","Main scheme applicant","Main scheme application","100","50","0.505"
"2023","All","21 - 24","England","Female","Main scheme applicant","Main scheme application","95","35","0.389"
"2019","All","25 - 29","England","Female","Main scheme applicant","Main scheme application","20","5"," "
"2020","All","25 - 29","England","Female","Main scheme applicant","Main scheme application","25","15","0.56"
"2021","All","25 - 29","England","Female","Main scheme applicant","Main scheme application","40","15","0.385"
"2022","All","25 - 29","England","Female","Main scheme applicant","Main scheme application","25","5"," "
"2023","All","25 - 29","England","Female","Main scheme applicant","Main scheme application","15","10","0.588"
"2019","All","30 - 34","England","Female","Main scheme applicant","Main scheme application","10","5"," "
"2020","All","30 - 34","England","Female","Main scheme applicant","Main scheme application","10","5"," "
"2021","All","30 - 34","England","Female","Main scheme applicant","Main scheme application","15","0"," "
"2022","All","30 - 34","England","Female","Main scheme applicant","Main scheme application","10","5"," "
"2023","All","30 - 34","England","Female","Main scheme applicant","Main scheme application","5","5"," "
"2019","All","35 and over","England","Female","Main scheme applicant","Main scheme application","20","5"," "
"2020","All","35 and over","England","Female","Main scheme applicant","Main scheme application","15","5"," "
"2021","All","35 and over","England","Female","Main scheme applicant","Main scheme application","15","10","0.706"
"2022","All","35 and over","England","Female","Main scheme applicant","Main scheme application","10","5"," "
"2023","All","35 and over","England","Female","Main scheme applicant","Main scheme application","5","5"," "
"2019","All","18","Scotland","Female","Main scheme applicant","Main scheme application","10","0"," "
"2020","All","18","Scotland","Female","Main scheme applicant","Main scheme application","20","0"," "
"2021","All","18","Scotland","Female","Main scheme applicant","Main scheme application","15","0"," "
"2022","All","18","Scotland","Female","Main scheme applicant","Main scheme application","20","0"," "
"2023","All","18","Scotland","Female","Main scheme applicant","Main scheme application","20","0"," "
"2019","All","19","Scotland","Female","Main scheme applicant","Main scheme application","5","0"," "
"2021","All","19","Scotland","Female","Main scheme applicant","Main scheme application","5","0"," "
"2022","All","19","Scotland","Female","Main scheme applicant","Main scheme application","10","0"," "
"2023","All","19","Scotland","Female","Main scheme applicant","Main scheme application","5","0"," "
"2019","All","20","Scotland","Female","Main scheme applicant","Main scheme application","5","0"," "
"2020","All","20","Scotland","Female","Main scheme applicant","Main scheme application","5","0"," "
"2021","All","20","Scotland","Female","Main scheme applicant","Main scheme application","15","0"," "
"2022","All","20","Scotland","Female","Main scheme applicant","Main scheme application","5","0"," "
"2023","All","20","Scotland","Female","Main scheme applicant","Main scheme application","5","0"," "
"2019","All","21 - 24","Scotland","Female","Main scheme applicant","Main scheme application","1145","615","0.54"
"2020","All","21 - 24","Scotland","Female","Main scheme applicant","Main scheme application","1270","700","0.549"
"2021","All","21 - 24","Scotland","Female","Main scheme applicant","Main scheme application","1580","675","0.429"
"2022","All","21 - 24","Scotland","Female","Main scheme applicant","Main scheme application","1125","610","0.543"
"2023","All","21 - 24","Scotland","Female","Main scheme applicant","Main scheme application","965","560","0.584"
"2019","All","25 - 29","Scotland","Female","Main scheme applicant","Main scheme application","950","515","0.545"
"2020","All","25 - 29","Scotland","Female","Main scheme applicant","Main scheme application","895","475","0.533"
"2021","All","25 - 29","Scotland","Female","Main scheme applicant","Main scheme application","1145","530","0.464"
"2022","All","25 - 29","Scotland","Female","Main scheme applicant","Main scheme application","765","425","0.555"
"2023","All","25 - 29","Scotland","Female","Main scheme applicant","Main scheme application","550","300","0.542"
"2019","All","30 - 34","Scotland","Female","Main scheme applicant","Main scheme application","410","185","0.448"
"2020","All","30 - 34","Scotland","Female","Main scheme applicant","Main scheme application","435","235","0.543"
"2021","All","30 - 34","Scotland","Female","Main scheme applicant","Main scheme application","485","185","0.386"
"2022","All","30 - 34","Scotland","Female","Main scheme applicant","Main scheme application","310","170","0.549"
"2023","All","30 - 34","Scotland","Female","Main scheme applicant","Main scheme application","255","145","0.5710000000000001"
"2019","All","35 and over","Scotland","Female","Main scheme applicant","Main scheme application","760","325","0.426"
"2020","All","35 and over","Scotland","Female","Main scheme applicant","Main scheme application","835","385","0.461"
"2021","All","35 and over","Scotland","Female","Main scheme applicant","Main scheme application","875","335","0.382"
"2022","All","35 and over","Scotland","Female","Main scheme applicant","Main scheme application","595","300","0.5"
"2023","All","35 and over","Scotland","Female","Main scheme applicant","Main scheme application","515","275","0.538"
"2020","All","18","Wales","Female","Main scheme applicant","Main scheme application","5","0"," "
"2022","All","18","Wales","Female","Main scheme applicant","Main scheme application","15","0"," "
"2020","All","21 - 24","Wales","Female","Main scheme applicant","Main scheme application","5","0"," "
"2022","All","21 - 24","Wales","Female","Main scheme applicant","Main scheme application","485","355","0.731"
"2023","All","21 - 24","Wales","Female","Main scheme applicant","Main scheme application","445","305","0.686"
"2022","All","25 - 29","Wales","Female","Main scheme applicant","Main scheme application","160","105","0.648"
"2023","All","25 - 29","Wales","Female","Main scheme applicant","Main scheme application","145","100","0.6990000000000001"
"2022","All","30 - 34","Wales","Female","Main scheme applicant","Main scheme application","60","45","0.767"
"2023","All","30 - 34","Wales","Female","Main scheme applicant","Main scheme application","55","35","0.632"
"2022","All","35 and over","Wales","Female","Main scheme applicant","Main scheme application","90","50","0.533"
"2023","All","35 and over","Wales","Female","Main scheme applicant","Main scheme application","65","40","0.621"
"2019","All","21 - 24","Not EU","Female","Main scheme applicant","Main scheme application","15","5"," "
"2020","All","21 - 24","Not EU","Female","Main scheme applicant","Main scheme application","25","5"," "
"2021","All","21 - 24","Not EU","Female","Main scheme applicant","Main scheme application","15","0"," "
"2022","All","21 - 24","Not EU","Female","Main scheme applicant","Main scheme application","15","5"," "
"2023","All","21 - 24","Not EU","Female","Main scheme applicant","Main scheme application","20","5"," "
"2019","All","25 - 29","Not EU","Female","Main scheme applicant","Main scheme application","15","5"," "
"2020","All","25 - 29","Not EU","Female","Main scheme applicant","Main scheme application","15","5"," "
"2021","All","25 - 29","Not EU","Female","Main scheme applicant","Main scheme application","15","5"," "
"2022","All","25 - 29","Not EU","Female","Main scheme applicant","Main scheme application","20","5"," "
"2023","All","25 - 29","Not EU","Female","Main scheme applicant","Main scheme application","20","5"," "
"2019","All","30 - 34","Not EU","Female","Main scheme applicant","Main scheme application","10","5"," "
"2020","All","30 - 34","Not EU","Female","Main scheme applicant","Main scheme application","10","0"," "
"2021","All","30 - 34","Not EU","Female","Main scheme applicant","Main scheme application","10","5"," "
"2022","All","30 - 34","Not EU","Female","Main scheme applicant","Main scheme application","15","5"," "
"2023","All","30 - 34","Not EU","Female","Main scheme applicant","Main scheme application","15","5"," "
"2019","All","35 and over","Not EU","Female","Main scheme applicant","Main scheme application","10","0"," "
"2020","All","35 and over","Not EU","Female","Main scheme applicant","Main scheme application","5","0"," "
"2021","All","35 and over","Not EU","Female","Main scheme applicant","Main scheme application","10","0"," "
"2022","All","35 and over","Not EU","Female","Main scheme applicant","Main scheme application","20","0"," "
"2023","All","35 and over","Not EU","Female","Main scheme applicant","Main scheme application","15","5"," "
"2019","All","20","EU (excluding UK)","Female","Main scheme applicant","Main scheme application","5","0"," "
"2020","All","20","EU (excluding UK)","Female","Main scheme applicant","Main scheme application","5","0"," "
"2019","All","21 - 24","EU (excluding UK)","Female","Main scheme applicant","Main scheme application","95","35","0.375"
"2020","All","21 - 24","EU (excluding UK)","Female","Main scheme applicant","Main scheme application","115","50","0.426"
"2021","All","21 - 24","EU (excluding UK)","Female","Main scheme applicant","Main scheme application","85","15","0.202"
"2022","All","21 - 24","EU (excluding UK)","Female","Main scheme applicant","Main scheme application","40","5"," "
"2023","All","21 - 24","EU (excluding UK)","Female","Main scheme applicant","Main scheme application","40","15","0.366"
"2019","All","25 - 29","EU (excluding UK)","Female","Main scheme applicant","Main scheme application","40","15","0.381"
"2020","All","25 - 29","EU (excluding UK)","Female","Main scheme applicant","Main scheme application","60","25","0.371"
"2021","All","25 - 29","EU (excluding UK)","Female","Main scheme applicant","Main scheme application","45","10"," "
"2022","All","25 - 29","EU (excluding UK)","Female","Main scheme applicant","Main scheme application","30","10","0.387"
"2023","All","25 - 29","EU (excluding UK)","Female","Main scheme applicant","Main scheme application","15","5"," "
"2019","All","30 - 34","EU (excluding UK)","Female","Main scheme applicant","Main scheme application","20","5"," "
"2020","All","30 - 34","EU (excluding UK)","Female","Main scheme applicant","Main scheme application","15","5"," "
"2021","All","30 - 34","EU (excluding UK)","Female","Main scheme applicant","Main scheme application","10","5"," "
"2022","All","30 - 34","EU (excluding UK)","Female","Main scheme applicant","Main scheme application","5","0"," "
"2023","All","30 - 34","EU (excluding UK)","Female","Main scheme applicant","Main scheme application","5","0"," "
"2019","All","35 and over","EU (excluding UK)","Female","Main scheme applicant","Main scheme application","10","5"," "
"2020","All","35 and over","EU (excluding UK)","Female","Main scheme applicant","Main scheme application","10","0"," "
"2021","All","35 and over","EU (excluding UK)","Female","Main scheme applicant","Main scheme application","5","0"," "
"2022","All","35 and over","EU (excluding UK)","Female","Main scheme applicant","Main scheme application","5","0"," "
"2023","All","35 and over","EU (excluding UK)","Female","Main scheme applicant","Main scheme application","5","0"," "
"2019","All","21 - 24","Northern Ireland","Male","Main scheme applicant","Main scheme application","15","0"," "
"2020","All","21 - 24","Northern Ireland","Male","Main scheme applicant","Main scheme application","10","0"," "
"2021","All","21 - 24","Northern Ireland","Male","Main scheme applicant","Main scheme application","20","0"," "
"2022","All","21 - 24","Northern Ireland","Male","Main scheme applicant","Main scheme application","15","5"," "
"2023","All","21 - 24","Northern Ireland","Male","Main scheme applicant","Main scheme application","5","0"," "
"2019","All","25 - 29","Northern Ireland","Male","Main scheme applicant","Main scheme application","10","5"," "
"2020","All","25 - 29","Northern Ireland","Male","Main scheme applicant","Main scheme application","5","0"," "
"2021","All","25 - 29","Northern Ireland","Male","Main scheme applicant","Main scheme application","10","5"," "
"2022","All","25 - 29","Northern Ireland","Male","Main scheme applicant","Main scheme application","5","0"," "
"2023","All","25 - 29","Northern Ireland","Male","Main scheme applicant","Main scheme application","5","0"," "
"2020","All","30 - 34","Northern Ireland","Male","Main scheme applicant","Main scheme application","5","0"," "
"2023","All","18","England","Male","Main scheme applicant","Main scheme application","5","0"," "
"2019","All","21 - 24","England","Male","Main scheme applicant","Main scheme application","20","5"," "
"2020","All","21 - 24","England","Male","Main scheme applicant","Main scheme application","15","5"," "
"2021","All","21 - 24","England","Male","Main scheme applicant","Main scheme application","20","5"," "
"2022","All","21 - 24","England","Male","Main scheme applicant","Main scheme application","45","15","0.318"
"2023","All","21 - 24","England","Male","Main scheme applicant","Main scheme application","35","20","0.486"
"2019","All","25 - 29","England","Male","Main scheme applicant","Main scheme application","10","5"," "
"2020","All","25 - 29","England","Male","Main scheme applicant","Main scheme application","10","5"," "
"2021","All","25 - 29","England","Male","Main scheme applicant","Main scheme application","15","5"," "
"2022","All","25 - 29","England","Male","Main scheme applicant","Main scheme application","10","5"," "
"2023","All","25 - 29","England","Male","Main scheme applicant","Main scheme application","10","0"," "
"2019","All","30 - 34","England","Male","Main scheme applicant","Main scheme application","5","5"," "
"2020","All","30 - 34","England","Male","Main scheme applicant","Main scheme application","10","10"," "
"2021","All","30 - 34","England","Male","Main scheme applicant","Main scheme application","5","0"," "
"2022","All","30 - 34","England","Male","Main scheme applicant","Main scheme application","5","5"," "
"2023","All","30 - 34","England","Male","Main scheme applicant","Main scheme application","5","5"," "
"2019","All","35 and over","England","Male","Main scheme applicant","Main scheme application","5","0"," "
"2020","All","35 and over","England","Male","Main scheme applicant","Main scheme application","5","0"," "
"2021","All","35 and over","England","Male","Main scheme applicant","Main scheme application","5","5"," "
"2022","All","35 and over","England","Male","Main scheme applicant","Main scheme application","5","0"," "
"2023","All","35 and over","England","Male","Main scheme applicant","Main scheme application","5","0"," "
"2019","All","18","Scotland","Male","Main scheme applicant","Main scheme application","5","0"," "
"2020","All","18","Scotland","Male","Main scheme applicant","Main scheme application","5","0"," "
"2021","All","18","Scotland","Male","Main scheme applicant","Main scheme application","5","0"," "
"2022","All","18","Scotland","Male","Main scheme applicant","Main scheme application","5","0"," "
"2023","All","18","Scotland","Male","Main scheme applicant","Main scheme application","5","0"," "
"2021","All","20","Scotland","Male","Main scheme applicant","Main scheme application","5","0"," "
"2022","All","20","Scotland","Male","Main scheme applicant","Main scheme application","5","0"," "
"2023","All","20","Scotland","Male","Main scheme applicant","Main scheme application","5","0"," "
"2019","All","21 - 24","Scotland","Male","Main scheme applicant","Main scheme application","430","185","0.427"
"2020","All","21 - 24","Scotland","Male","Main scheme applicant","Main scheme application","410","175","0.427"
"2021","All","21 - 24","Scotland","Male","Main scheme applicant","Main scheme application","535","200","0.371"
"2022","All","21 - 24","Scotland","Male","Main scheme applicant","Main scheme application","405","155","0.381"
"2023","All","21 - 24","Scotland","Male","Main scheme applicant","Main scheme application","325","160","0.488"
"2019","All","25 - 29","Scotland","Male","Main scheme applicant","Main scheme application","375","170","0.446"
"2020","All","25 - 29","Scotland","Male","Main scheme applicant","Main scheme application","430","205","0.47400000000000003"
"2021","All","25 - 29","Scotland","Male","Main scheme applicant","Main scheme application","505","190","0.38"
"2022","All","25 - 29","Scotland","Male","Main scheme applicant","Main scheme application","360","170","0.467"
"2023","All","25 - 29","Scotland","Male","Main scheme applicant","Main scheme application","290","155","0.528"
"2019","All","30 - 34","Scotland","Male","Main scheme applicant","Main scheme application","195","95","0.482"
"2020","All","30 - 34","Scotland","Male","Main scheme applicant","Main scheme application","195","90","0.447"
"2021","All","30 - 34","Scotland","Male","Main scheme applicant","Main scheme application","235","95","0.40700000000000003"
"2022","All","30 - 34","Scotland","Male","Main scheme applicant","Main scheme application","200","100","0.495"
"2023","All","30 - 34","Scotland","Male","Main scheme applicant","Main scheme application","130","60","0.446"
"2019","All","35 and over","Scotland","Male","Main scheme applicant","Main scheme application","320","145","0.449"
"2020","All","35 and over","Scotland","Male","Main scheme applicant","Main scheme application","310","135","0.437"
"2021","All","35 and over","Scotland","Male","Main scheme applicant","Main scheme application","350","120","0.34"
"2022","All","35 and over","Scotland","Male","Main scheme applicant","Main scheme application","245","105","0.426"
"2023","All","35 and over","Scotland","Male","Main scheme applicant","Main scheme application","180","80","0.461"
"2022","All","18","Wales","Male","Main scheme applicant","Main scheme application","5","0"," "
"2023","All","18","Wales","Male","Main scheme applicant","Main scheme application","5","0"," "
"2023","All","20","Wales","Male","Main scheme applicant","Main scheme application","5","0"," "
"2022","All","21 - 24","Wales","Male","Main scheme applicant","Main scheme application","160","105","0.65"
"2023","All","21 - 24","Wales","Male","Main scheme applicant","Main scheme application","160","115","0.734"
"2020","All","25 - 29","Wales","Male","Main scheme applicant","Main scheme application","5","0"," "
"2022","All","25 - 29","Wales","Male","Main scheme applicant","Main scheme application","70","50","0.722"
"2023","All","25 - 29","Wales","Male","Main scheme applicant","Main scheme application","75","50","0.653"
"2022","All","30 - 34","Wales","Male","Main scheme applicant","Main scheme application","35","25","0.6970000000000001"
"2023","All","30 - 34","Wales","Male","Main scheme applicant","Main scheme application","20","15","0.714"
"2022","All","35 and over","Wales","Male","Main scheme applicant","Main scheme application","35","25","0.676"
"2023","All","35 and over","Wales","Male","Main scheme applicant","Main scheme application","25","15","0.52"
"2020","All","21 - 24","Not EU","Male","Main scheme applicant","Main scheme application","5","0"," "
"2021","All","21 - 24","Not EU","Male","Main scheme applicant","Main scheme application","5","0"," "
"2022","All","21 - 24","Not EU","Male","Main scheme applicant","Main scheme application","5","0"," "
"2023","All","21 - 24","Not EU","Male","Main scheme applicant","Main scheme application","10","5"," "
"2020","All","25 - 29","Not EU","Male","Main scheme applicant","Main scheme application","5","0"," "
"2021","All","25 - 29","Not EU","Male","Main scheme applicant","Main scheme application","5","0"," "
"2022","All","25 - 29","Not EU","Male","Main scheme applicant","Main scheme application","20","5"," "
"2023","All","25 - 29","Not EU","Male","Main scheme applicant","Main scheme application","10","5"," "
"2019","All","30 - 34","Not EU","Male","Main scheme applicant","Main scheme application","5","0"," "
"2020","All","30 - 34","Not EU","Male","Main scheme applicant","Main scheme application","5","0"," "
"2022","All","30 - 34","Not EU","Male","Main scheme applicant","Main scheme application","10","0"," "
"2023","All","30 - 34","Not EU","Male","Main scheme applicant","Main scheme application","5","0"," "
"2019","All","35 and over","Not EU","Male","Main scheme applicant","Main scheme application","10","0"," "
"2020","All","35 and over","Not EU","Male","Main scheme applicant","Main scheme application","5","0"," "
"2021","All","35 and over","Not EU","Male","Main scheme applicant","Main scheme application","10","0"," "
"2022","All","35 and over","Not EU","Male","Main scheme applicant","Main scheme application","15","5"," "
"2023","All","35 and over","Not EU","Male","Main scheme applicant","Main scheme application","10","5"," "
"2019","All","21 - 24","EU (excluding UK)","Male","Main scheme applicant","Main scheme application","30","10"," "
"2020","All","21 - 24","EU (excluding UK)","Male","Main scheme applicant","Main scheme application","30","10","0.357"
"2021","All","21 - 24","EU (excluding UK)","Male","Main scheme applicant","Main scheme application","10","0"," "
"2022","All","21 - 24","EU (excluding UK)","Male","Main scheme applicant","Main scheme application","15","5"," "
"2023","All","21 - 24","EU (excluding UK)","Male","Main scheme applicant","Main scheme application","10","0"," "
"2019","All","25 - 29","EU (excluding UK)","Male","Main scheme applicant","Main scheme application","15","5"," "
"2020","All","25 - 29","EU (excluding UK)","Male","Main scheme applicant","Main scheme application","20","10"," "
"2021","All","25 - 29","EU (excluding UK)","Male","Main scheme applicant","Main scheme application","15","5"," "
"2022","All","25 - 29","EU (excluding UK)","Male","Main scheme applicant","Main scheme application","5","5"," "
"2023","All","25 - 29","EU (excluding UK)","Male","Main scheme applicant","Main scheme application","5","0"," "
"2019","All","30 - 34","EU (excluding UK)","Male","Main scheme applicant","Main scheme application","15","5"," "
"2020","All","30 - 34","EU (excluding UK)","Male","Main scheme applicant","Main scheme application","15","5"," "
"2021","All","30 - 34","EU (excluding UK)","Male","Main scheme applicant","Main scheme application","5","0"," "
"2023","All","30 - 34","EU (excluding UK)","Male","Main scheme applicant","Main scheme application","5","0"," "
"2019","All","35 and over","EU (excluding UK)","Male","Main scheme applicant","Main scheme application","5","0"," "
"2020","All","35 and over","EU (excluding UK)","Male","Main scheme applicant","Main scheme application","5","0"," "
"2021","All","35 and over","EU (excluding UK)","Male","Main scheme applicant","Main scheme application","5","0"," "
"2022","All","35 and over","EU (excluding UK)","Male","Main scheme applicant","Main scheme application","5","0"," "
"2023","All","35 and over","EU (excluding UK)","Male","Main scheme applicant","Main scheme application","5","0"," "
"2019","Lower tariff","All","England","Female","Not main scheme applicant","Not main scheme application","10","10","1"
"2020","Lower tariff","All","England","Female","Not main scheme applicant","Not main scheme application","25","25","0.923"
"2021","Lower tariff","All","England","Female","Not main scheme applicant","Not main scheme application","15","15","0.929"
"2022","Lower tariff","All","England","Female","Not main scheme applicant","Not main scheme application","10","10","0.909"
"2023","Lower tariff","All","England","Female","Not main scheme applicant","Not main scheme application","20","20","1"
"2023","Medium tariff","All","England","Female","Not main scheme applicant","Not main scheme application","5","5"," "
"2019","Higher tariff","All","Scotland","Female","Not main scheme applicant","Not main scheme application","50","30","0.653"
"2020","Higher tariff","All","Scotland","Female","Not main scheme applicant","Not main scheme application","65","45","0.73"
"2021","Higher tariff","All","Scotland","Female","Not main scheme applicant","Not main scheme application","35","30","0.8240000000000001"
"2022","Higher tariff","All","Scotland","Female","Not main scheme applicant","Not main scheme application","45","35","0.791"
"2023","Higher tariff","All","Scotland","Female","Not main scheme applicant","Not main scheme application","60","50","0.8170000000000001"
"2019","Medium tariff","All","Scotland","Female","Not main scheme applicant","Not main scheme application","5","5"," "
"2020","Medium tariff","All","Scotland","Female","Not main scheme applicant","Not main scheme application","15","10"," "
"2021","Medium tariff","All","Scotland","Female","Not main scheme applicant","Not main scheme application","10","0"," "
"2022","Medium tariff","All","Scotland","Female","Not main scheme applicant","Not main scheme application","15","5"," "
"2023","Medium tariff","All","Scotland","Female","Not main scheme applicant","Not main scheme application","10","5"," "
"2022","Lower tariff","All","Wales","Female","Not main scheme applicant","Not main scheme application","35","25","0.8180000000000001"
"2023","Lower tariff","All","Wales","Female","Not main scheme applicant","Not main scheme application","30","20","0.714"
"2022","Medium tariff","All","Wales","Female","Not main scheme applicant","Not main scheme application","35","30","0.757"
"2023","Medium tariff","All","Wales","Female","Not main scheme applicant","Not main scheme application","35","30","0.857"
"2020","Higher tariff","All","EU (excluding UK)","Female","Not main scheme applicant","Not main scheme application","5","0"," "
"2019","Lower tariff","All","England","Male","Not main scheme applicant","Not main scheme application","5","5"," "
"2020","Lower tariff","All","England","Male","Not main scheme applicant","Not main scheme application","10","10"," "
"2021","Lower tariff","All","England","Male","Not main scheme applicant","Not main scheme application","5","5"," "
"2022","Lower tariff","All","England","Male","Not main scheme applicant","Not main scheme application","10","10"," "
"2023","Lower tariff","All","England","Male","Not main scheme applicant","Not main scheme application","10","10","1"
"2020","Higher tariff","All","England","Male","Not main scheme applicant","Not main scheme application","5","5"," "
"2023","Medium tariff","All","England","Male","Not main scheme applicant","Not main scheme application","5","5"," "
"2019","Higher tariff","All","Scotland","Male","Not main scheme applicant","Not main scheme application","25","20","0.84"
"2020","Higher tariff","All","Scotland","Male","Not main scheme applicant","Not main scheme application","55","50","0.873"
"2021","Higher tariff","All","Scotland","Male","Not main scheme applicant","Not main scheme application","20","15","0.833"
"2022","Higher tariff","All","Scotland","Male","Not main scheme applicant","Not main scheme application","30","20","0.625"
"2023","Higher tariff","All","Scotland","Male","Not main scheme applicant","Not main scheme application","35","30","0.8240000000000001"
"2019","Medium tariff","All","Scotland","Male","Not main scheme applicant","Not main scheme application","5","5"," "
"2020","Medium tariff","All","Scotland","Male","Not main scheme applicant","Not main scheme application","10","5"," "
"2021","Medium tariff","All","Scotland","Male","Not main scheme applicant","Not main scheme application","5","5"," "
"2022","Medium tariff","All","Scotland","Male","Not main scheme applicant","Not main scheme application","5","5"," "
"2023","Medium tariff","All","Scotland","Male","Not main scheme applicant","Not main scheme application","5","5"," "
"2022","Lower tariff","All","Wales","Male","Not main scheme applicant","Not main scheme application","30","25","0.857"
"2023","Lower tariff","All","Wales","Male","Not main scheme applicant","Not main scheme application","20","15","0.7000000000000001"
"2022","Medium tariff","All","Wales","Male","Not main scheme applicant","Not main scheme application","10","10","0.833"
"2023","Medium tariff","All","Wales","Male","Not main scheme applicant","Not main scheme application","30","30","0.935"
"2019","Lower tariff","All","England","Female","Main scheme applicant","Not main scheme application","5","5"," "
"2019","Higher tariff","All","Scotland","Female","Main scheme applicant","Not main scheme application","120","75","0.613"
"2020","Higher tariff","All","Scotland","Female","Main scheme applicant","Not main scheme application","125","45","0.376"
"2021","Higher tariff","All","Scotland","Female","Main scheme applicant","Not main scheme application","150","60","0.392"
"2022","Higher tariff","All","Scotland","Female","Main scheme applicant","Not main scheme application","100","60","0.6"
"2023","Higher tariff","All","Scotland","Female","Main scheme applicant","Not main scheme application","65","50","0.727"
"2019","Medium tariff","All","Scotland","Female","Main scheme applicant","Not main scheme application","30","5"," "
"2020","Medium tariff","All","Scotland","Female","Main scheme applicant","Not main scheme application","25","5"," "
"2021","Medium tariff","All","Scotland","Female","Main scheme applicant","Not main scheme application","30","5"," "
"2022","Medium tariff","All","Scotland","Female","Main scheme applicant","Not main scheme application","20","5"," "
"2023","Medium tariff","All","Scotland","Female","Main scheme applicant","Not main scheme application","15","5"," "
"2022","Lower tariff","All","Wales","Female","Main scheme applicant","Not main scheme application","10","10"," "
"2023","Lower tariff","All","Wales","Female","Main scheme applicant","Not main scheme application","20","15","0.8"
"2022","Medium tariff","All","Wales","Female","Main scheme applicant","Not main scheme application","10","5"," "
"2023","Medium tariff","All","Wales","Female","Main scheme applicant","Not main scheme application","5","5"," "
"2019","Higher tariff","All","EU (excluding UK)","Female","Main scheme applicant","Not main scheme application","5","0"," "
"2020","Higher tariff","All","EU (excluding UK)","Female","Main scheme applicant","Not main scheme application","5","0"," "
"2021","Higher tariff","All","EU (excluding UK)","Female","Main scheme applicant","Not main scheme application","5","0"," "
"2019","Higher tariff","All","Scotland","Male","Main scheme applicant","Not main scheme application","25","10","0.40700000000000003"
"2020","Higher tariff","All","Scotland","Male","Main scheme applicant","Not main scheme application","45","20","0.40900000000000003"
"2021","Higher tariff","All","Scotland","Male","Main scheme applicant","Not main scheme application","50","15","0.327"
"2022","Higher tariff","All","Scotland","Male","Main scheme applicant","Not main scheme application","30","15","0.5"
"2023","Higher tariff","All","Scotland","Male","Main scheme applicant","Not main scheme application","30","15","0.448"
"2019","Medium tariff","All","Scotland","Male","Main scheme applicant","Not main scheme application","5","0"," "
"2020","Medium tariff","All","Scotland","Male","Main scheme applicant","Not main scheme application","20","0"," "
"2021","Medium tariff","All","Scotland","Male","Main scheme applicant","Not main scheme application","20","5"," "
"2022","Medium tariff","All","Scotland","Male","Main scheme applicant","Not main scheme application","10","5"," "
"2023","Medium tariff","All","Scotland","Male","Main scheme applicant","Not main scheme application","5","0"," "
"2022","Lower tariff","All","Wales","Male","Main scheme applicant","Not main scheme application","5","5"," "
"2023","Lower tariff","All","Wales","Male","Main scheme applicant","Not main scheme application","5","5"," "
"2022","Medium tariff","All","Wales","Male","Main scheme applicant","Not main scheme application","5","5"," "
"2022","Medium tariff","All","Not EU","Male","Main scheme applicant","Not main scheme application","5","0"," "
"2022","Lower tariff","All","Northern Ireland","Female","Main scheme applicant","Main scheme application","5","0"," "
"2023","Lower tariff","All","Northern Ireland","Female","Main scheme applicant","Main scheme application","10","0"," "
"2019","Higher tariff","All","Northern Ireland","Female","Main scheme applicant","Main scheme application","65","20","0.273"
"2020","Higher tariff","All","Northern Ireland","Female","Main scheme applicant","Main scheme application","50","15","0.26"
"2021","Higher tariff","All","Northern Ireland","Female","Main scheme applicant","Main scheme application","65","15","0.27"
"2022","Higher tariff","All","Northern Ireland","Female","Main scheme applicant","Main scheme application","45","15","0.326"
"2023","Higher tariff","All","Northern Ireland","Female","Main scheme applicant","Main scheme application","35","5"," "
"2019","Medium tariff","All","Northern Ireland","Female","Main scheme applicant","Main scheme application","15","0"," "
"2020","Medium tariff","All","Northern Ireland","Female","Main scheme applicant","Main scheme application","15","0"," "
"2021","Medium tariff","All","Northern Ireland","Female","Main scheme applicant","Main scheme application","25","5"," "
"2022","Medium tariff","All","Northern Ireland","Female","Main scheme applicant","Main scheme application","20","0"," "
"2023","Medium tariff","All","Northern Ireland","Female","Main scheme applicant","Main scheme application","15","0"," "
"2019","Lower tariff","All","England","Female","Main scheme applicant","Main scheme application","35","15","0.41200000000000003"
"2020","Lower tariff","All","England","Female","Main scheme applicant","Main scheme application","40","15","0.381"
"2021","Lower tariff","All","England","Female","Main scheme applicant","Main scheme application","30","20","0.613"
"2022","Lower tariff","All","England","Female","Main scheme applicant","Main scheme application","80","30","0.39"
"2023","Lower tariff","All","England","Female","Main scheme applicant","Main scheme application","70","30","0.449"
"2019","Higher tariff","All","England","Female","Main scheme applicant","Main scheme application","65","20","0.317"
"2020","Higher tariff","All","England","Female","Main scheme applicant","Main scheme application","50","20","0.44"
"2021","Higher tariff","All","England","Female","Main scheme applicant","Main scheme application","105","30","0.272"
"2022","Higher tariff","All","England","Female","Main scheme applicant","Main scheme application","65","15","0.219"
"2023","Higher tariff","All","England","Female","Main scheme applicant","Main scheme application","40","5"," "
"2019","Medium tariff","All","England","Female","Main scheme applicant","Main scheme application","25","0"," "
"2020","Medium tariff","All","England","Female","Main scheme applicant","Main scheme application","20","0"," "
"2021","Medium tariff","All","England","Female","Main scheme applicant","Main scheme application","35","0"," "
"2022","Medium tariff","All","England","Female","Main scheme applicant","Main scheme application","55","15","0.296"
"2023","Medium tariff","All","England","Female","Main scheme applicant","Main scheme application","45","15","0.34"
"2022","Lower tariff","All","Scotland","Female","Main scheme applicant","Main scheme application","5","0"," "
"2023","Lower tariff","All","Scotland","Female","Main scheme applicant","Main scheme application","5","0"," "
"2019","Higher tariff","All","Scotland","Female","Main scheme applicant","Main scheme application","3090","1355","0.439"
"2020","Higher tariff","All","Scotland","Female","Main scheme applicant","Main scheme application","3240","1490","0.46"
"2021","Higher tariff","All","Scotland","Female","Main scheme applicant","Main scheme application","3930","1415","0.36"
"2022","Higher tariff","All","Scotland","Female","Main scheme applicant","Main scheme application","2705","1245","0.461"
"2023","Higher tariff","All","Scotland","Female","Main scheme applicant","Main scheme application","2200","1070","0.486"
"2019","Medium tariff","All","Scotland","Female","Main scheme applicant","Main scheme application","1915","285","0.15"
"2020","Medium tariff","All","Scotland","Female","Main scheme applicant","Main scheme application","2010","305","0.153"
"2021","Medium tariff","All","Scotland","Female","Main scheme applicant","Main scheme application","2425","315","0.13"
"2022","Medium tariff","All","Scotland","Female","Main scheme applicant","Main scheme application","1655","255","0.155"
"2023","Medium tariff","All","Scotland","Female","Main scheme applicant","Main scheme application","1345","215","0.159"
"2020","Lower tariff","All","Wales","Female","Main scheme applicant","Main scheme application","5","0"," "
"2022","Lower tariff","All","Wales","Female","Main scheme applicant","Main scheme application","675","420","0.623"
"2023","Lower tariff","All","Wales","Female","Main scheme applicant","Main scheme application","595","355","0.594"
"2019","Higher tariff","All","Wales","Female","Main scheme applicant","Main scheme application","5","0"," "
"2020","Higher tariff","All","Wales","Female","Main scheme applicant","Main scheme application","5","0"," "
"2021","Higher tariff","All","Wales","Female","Main scheme applicant","Main scheme application","5","0"," "
"2022","Higher tariff","All","Wales","Female","Main scheme applicant","Main scheme application","10","0"," "
"2023","Higher tariff","All","Wales","Female","Main scheme applicant","Main scheme application","10","0"," "
"2022","Medium tariff","All","Wales","Female","Main scheme applicant","Main scheme application","395","130","0.325"
"2023","Medium tariff","All","Wales","Female","Main scheme applicant","Main scheme application","395","125","0.323"
"2022","Lower tariff","All","Not EU","Female","Main scheme applicant","Main scheme application","15","0"," "
"2023","Lower tariff","All","Not EU","Female","Main scheme applicant","Main scheme application","15","0"," "
"2019","Higher tariff","All","Not EU","Female","Main scheme applicant","Main scheme application","45","15","0.34"
"2020","Higher tariff","All","Not EU","Female","Main scheme applicant","Main scheme application","50","15","0.294"
"2021","Higher tariff","All","Not EU","Female","Main scheme applicant","Main scheme application","50","10","0.216"
"2022","Higher tariff","All","Not EU","Female","Main scheme applicant","Main scheme application","55","10","0.226"
"2023","Higher tariff","All","Not EU","Female","Main scheme applicant","Main scheme application","55","10"," "
"2019","Medium tariff","All","Not EU","Female","Main scheme applicant","Main scheme application","15","0"," "
"2020","Medium tariff","All","Not EU","Female","Main scheme applicant","Main scheme application","20","0"," "
"2021","Medium tariff","All","Not EU","Female","Main scheme applicant","Main scheme application","20","0"," "
"2022","Medium tariff","All","Not EU","Female","Main scheme applicant","Main scheme application","35","0"," "
"2023","Medium tariff","All","Not EU","Female","Main scheme applicant","Main scheme application","35","5"," "
"2022","Lower tariff","All","EU (excluding UK)","Female","Main scheme applicant","Main scheme application","25","0"," "
"2023","Lower tariff","All","EU (excluding UK)","Female","Main scheme applicant","Main scheme application","10","5"," "
"2019","Higher tariff","All","EU (excluding UK)","Female","Main scheme applicant","Main scheme application","170","50","0.308"
"2020","Higher tariff","All","EU (excluding UK)","Female","Main scheme applicant","Main scheme application","205","80","0.382"
"2021","Higher tariff","All","EU (excluding UK)","Female","Main scheme applicant","Main scheme application","140","30","0.197"
"2022","Higher tariff","All","EU (excluding UK)","Female","Main scheme applicant","Main scheme application","80","15","0.19"
"2023","Higher tariff","All","EU (excluding UK)","Female","Main scheme applicant","Main scheme application","55","20","0.316"
"2019","Medium tariff","All","EU (excluding UK)","Female","Main scheme applicant","Main scheme application","70","10","0.162"
"2020","Medium tariff","All","EU (excluding UK)","Female","Main scheme applicant","Main scheme application","55","0"," "
"2021","Medium tariff","All","EU (excluding UK)","Female","Main scheme applicant","Main scheme application","40","0"," "
"2022","Medium tariff","All","EU (excluding UK)","Female","Main scheme applicant","Main scheme application","40","5"," "
"2023","Medium tariff","All","EU (excluding UK)","Female","Main scheme applicant","Main scheme application","35","0"," "
"2022","Lower tariff","All","Northern Ireland","Male","Main scheme applicant","Main scheme application","5","0"," "
"2019","Higher tariff","All","Northern Ireland","Male","Main scheme applicant","Main scheme application","25","5"," "
"2020","Higher tariff","All","Northern Ireland","Male","Main scheme applicant","Main scheme application","15","0"," "
"2021","Higher tariff","All","Northern Ireland","Male","Main scheme applicant","Main scheme application","30","5"," "
"2022","Higher tariff","All","Northern Ireland","Male","Main scheme applicant","Main scheme application","25","5"," "
"2023","Higher tariff","All","Northern Ireland","Male","Main scheme applicant","Main scheme application","10","0"," "
"2019","Medium tariff","All","Northern Ireland","Male","Main scheme applicant","Main scheme application","15","0"," "
"2020","Medium tariff","All","Northern Ireland","Male","Main scheme applicant","Main scheme application","5","0"," "
"2021","Medium tariff","All","Northern Ireland","Male","Main scheme applicant","Main scheme application","15","0"," "
"2022","Medium tariff","All","Northern Ireland","Male","Main scheme applicant","Main scheme application","15","0"," "
"2023","Medium tariff","All","Northern Ireland","Male","Main scheme applicant","Main scheme application","5","0"," "
"2019","Lower tariff","All","England","Male","Main scheme applicant","Main scheme application","10","5"," "
"2020","Lower tariff","All","England","Male","Main scheme applicant","Main scheme application","5","0"," "
"2021","Lower tariff","All","England","Male","Main scheme applicant","Main scheme application","10","5"," "
"2022","Lower tariff","All","England","Male","Main scheme applicant","Main scheme application","30","10"," "
"2023","Lower tariff","All","England","Male","Main scheme applicant","Main scheme application","30","10","0.355"
"2019","Higher tariff","All","England","Male","Main scheme applicant","Main scheme application","30","5"," "
"2020","Higher tariff","All","England","Male","Main scheme applicant","Main scheme application","35","15","0.389"
"2021","Higher tariff","All","England","Male","Main scheme applicant","Main scheme application","40","5"," "
"2022","Higher tariff","All","England","Male","Main scheme applicant","Main scheme application","30","5"," "
"2023","Higher tariff","All","England","Male","Main scheme applicant","Main scheme application","25","5"," "
"2019","Medium tariff","All","England","Male","Main scheme applicant","Main scheme application","15","0"," "
"2020","Medium tariff","All","England","Male","Main scheme applicant","Main scheme application","10","5"," "
"2021","Medium tariff","All","England","Male","Main scheme applicant","Main scheme application","15","0"," "
"2022","Medium tariff","All","England","Male","Main scheme applicant","Main scheme application","30","10"," "
"2023","Medium tariff","All","England","Male","Main scheme applicant","Main scheme application","30","5"," "
"2022","Lower tariff","All","Scotland","Male","Main scheme applicant","Main scheme application","5","0"," "
"2023","Lower tariff","All","Scotland","Male","Main scheme applicant","Main scheme application","5","0"," "
"2019","Higher tariff","All","Scotland","Male","Main scheme applicant","Main scheme application","1285","505","0.394"
"2020","Higher tariff","All","Scotland","Male","Main scheme applicant","Main scheme application","1280","505","0.393"
"2021","Higher tariff","All","Scotland","Male","Main scheme applicant","Main scheme application","1580","515","0.325"
"2022","Higher tariff","All","Scotland","Male","Main scheme applicant","Main scheme application","1175","440","0.376"
"2023","Higher tariff","All","Scotland","Male","Main scheme applicant","Main scheme application","885","370","0.418"
"2019","Medium tariff","All","Scotland","Male","Main scheme applicant","Main scheme application","695","85","0.11900000000000001"
"2020","Medium tariff","All","Scotland","Male","Main scheme applicant","Main scheme application","725","100","0.136"
"2021","Medium tariff","All","Scotland","Male","Main scheme applicant","Main scheme application","880","90","0.105"
"2022","Medium tariff","All","Scotland","Male","Main scheme applicant","Main scheme application","695","85","0.122"
"2023","Medium tariff","All","Scotland","Male","Main scheme applicant","Main scheme application","575","80","0.14200000000000002"
"2022","Lower tariff","All","Wales","Male","Main scheme applicant","Main scheme application","265","165","0.61"
"2023","Lower tariff","All","Wales","Male","Main scheme applicant","Main scheme application","230","140","0.602"
"2019","Higher tariff","All","Wales","Male","Main scheme applicant","Main scheme application","5","0"," "
"2020","Higher tariff","All","Wales","Male","Main scheme applicant","Main scheme application","5","0"," "
"2022","Higher tariff","All","Wales","Male","Main scheme applicant","Main scheme application","5","0"," "
"2023","Higher tariff","All","Wales","Male","Main scheme applicant","Main scheme application","5","0"," "
"2022","Medium tariff","All","Wales","Male","Main scheme applicant","Main scheme application","165","40","0.252"
"2023","Medium tariff","All","Wales","Male","Main scheme applicant","Main scheme application","145","55","0.375"
"2022","Lower tariff","All","Not EU","Male","Main scheme applicant","Main scheme application","20","0"," "
"2023","Lower tariff","All","Not EU","Male","Main scheme applicant","Main scheme application","15","0"," "
"2019","Higher tariff","All","Not EU","Male","Main scheme applicant","Main scheme application","15","5"," "
"2020","Higher tariff","All","Not EU","Male","Main scheme applicant","Main scheme application","20","5"," "
"2021","Higher tariff","All","Not EU","Male","Main scheme applicant","Main scheme application","20","5"," "
"2022","Higher tariff","All","Not EU","Male","Main scheme applicant","Main scheme application","35","5"," "
"2023","Higher tariff","All","Not EU","Male","Main scheme applicant","Main scheme application","25","10"," "
"2019","Medium tariff","All","Not EU","Male","Main scheme applicant","Main scheme application","5","0"," "
"2020","Medium tariff","All","Not EU","Male","Main scheme applicant","Main scheme application","10","0"," "
"2021","Medium tariff","All","Not EU","Male","Main scheme applicant","Main scheme application","5","0"," "
"2022","Medium tariff","All","Not EU","Male","Main scheme applicant","Main scheme application","25","5"," "
"2023","Medium tariff","All","Not EU","Male","Main scheme applicant","Main scheme application","15","0"," "
"2022","Lower tariff","All","EU (excluding UK)","Male","Main scheme applicant","Main scheme application","5","0"," "
"2023","Lower tariff","All","EU (excluding UK)","Male","Main scheme applicant","Main scheme application","5","0"," "
"2019","Higher tariff","All","EU (excluding UK)","Male","Main scheme applicant","Main scheme application","60","15","0.258"
"2020","Higher tariff","All","EU (excluding UK)","Male","Main scheme applicant","Main scheme application","65","25","0.365"
"2021","Higher tariff","All","EU (excluding UK)","Male","Main scheme applicant","Main scheme application","40","5"," "
"2022","Higher tariff","All","EU (excluding UK)","Male","Main scheme applicant","Main scheme application","25","5"," "
"2023","Higher tariff","All","EU (excluding UK)","Male","Main scheme applicant","Main scheme application","15","0"," "
"2019","Medium tariff","All","EU (excluding UK)","Male","Main scheme applicant","Main scheme application","25","5"," "
"2020","Medium tariff","All","EU (excluding UK)","Male","Main scheme applicant","Main scheme application","20","5"," "
"2021","Medium tariff","All","EU (excluding UK)","Male","Main scheme applicant","Main scheme application","15","0"," "
"2022","Medium tariff","All","EU (excluding UK)","Male","Main scheme applicant","Main scheme application","15","5"," "
"2023","Medium tariff","All","EU (excluding UK)","Male","Main scheme applicant","Main scheme application","15","0"," "
"2019","All","All","England","Female","Not main scheme applicant","Not main scheme application","10","10","1"
"2020","All","All","England","Female","Not main scheme applicant","Not main scheme application","25","25","0.926"
"2021","All","All","England","Female","Not main scheme applicant","Not main scheme application","15","15","0.8130000000000001"
"2022","All","All","England","Female","Not main scheme applicant","Not main scheme application","15","10","0.733"
"2023","All","All","England","Female","Not main scheme applicant","Not main scheme application","20","20","1"
"2019","All","All","Scotland","Female","Not main scheme applicant","Not main scheme application","55","35","0.667"
"2020","All","All","Scotland","Female","Not main scheme applicant","Not main scheme application","80","55","0.705"
"2021","All","All","Scotland","Female","Not main scheme applicant","Not main scheme application","45","30","0.6980000000000001"
"2022","All","All","Scotland","Female","Not main scheme applicant","Not main scheme application","55","40","0.732"
"2023","All","All","Scotland","Female","Not main scheme applicant","Not main scheme application","70","55","0.779"
"2022","All","All","Wales","Female","Not main scheme applicant","Not main scheme application","70","55","0.786"
"2023","All","All","Wales","Female","Not main scheme applicant","Not main scheme application","65","50","0.794"
"2022","All","All","Not EU","Female","Not main scheme applicant","Not main scheme application","5","0"," "
"2020","All","All","EU (excluding UK)","Female","Not main scheme applicant","Not main scheme application","5","0"," "
"2019","All","All","England","Male","Not main scheme applicant","Not main scheme application","5","5"," "
"2020","All","All","England","Male","Not main scheme applicant","Not main scheme application","15","10","0.846"
"2021","All","All","England","Male","Not main scheme applicant","Not main scheme application","5","5"," "
"2022","All","All","England","Male","Not main scheme applicant","Not main scheme application","10","10","0.909"
"2023","All","All","England","Male","Not main scheme applicant","Not main scheme application","15","15","0.9410000000000001"
"2019","All","All","Scotland","Male","Not main scheme applicant","Not main scheme application","30","25","0.839"
"2020","All","All","Scotland","Male","Not main scheme applicant","Not main scheme application","65","55","0.8180000000000001"
"2021","All","All","Scotland","Male","Not main scheme applicant","Not main scheme application","20","20","0.8180000000000001"
"2022","All","All","Scotland","Male","Not main scheme applicant","Not main scheme application","40","25","0.658"
"2023","All","All","Scotland","Male","Not main scheme applicant","Not main scheme application","40","30","0.842"
"2022","All","All","Wales","Male","Not main scheme applicant","Not main scheme application","40","35","0.85"
"2023","All","All","Wales","Male","Not main scheme applicant","Not main scheme application","50","45","0.843"
"2019","All","All","England","Female","Main scheme applicant","Not main scheme application","5","5"," "
"2022","All","All","England","Female","Main scheme applicant","Not main scheme application","5","0"," "
"2019","All","All","Scotland","Female","Main scheme applicant","Not main scheme application","150","80","0.53"
"2020","All","All","Scotland","Female","Main scheme applicant","Not main scheme application","150","50","0.34700000000000003"
"2021","All","All","Scotland","Female","Main scheme applicant","Not main scheme application","175","65","0.364"
"2022","All","All","Scotland","Female","Main scheme applicant","Not main scheme application","120","65","0.554"
"2023","All","All","Scotland","Female","Main scheme applicant","Not main scheme application","85","55","0.655"
"2022","All","All","Wales","Female","Main scheme applicant","Not main scheme application","15","15","0.882"
"2023","All","All","Wales","Female","Main scheme applicant","Not main scheme application","25","25","0.852"
"2023","All","All","Not EU","Female","Main scheme applicant","Not main scheme application","5","0"," "
"2019","All","All","EU (excluding UK)","Female","Main scheme applicant","Not main scheme application","5","0"," "
"2020","All","All","EU (excluding UK)","Female","Main scheme applicant","Not main scheme application","10","5"," "
"2021","All","All","EU (excluding UK)","Female","Main scheme applicant","Not main scheme application","5","0"," "
"2022","All","All","EU (excluding UK)","Female","Main scheme applicant","Not main scheme application","5","0"," "
"2019","All","All","Scotland","Male","Main scheme applicant","Not main scheme application","30","10","0.34400000000000003"
"2020","All","All","Scotland","Male","Main scheme applicant","Not main scheme application","60","20","0.323"
"2021","All","All","Scotland","Male","Main scheme applicant","Not main scheme application","70","20","0.279"
"2022","All","All","Scotland","Male","Main scheme applicant","Not main scheme application","40","20","0.512"
"2023","All","All","Scotland","Male","Main scheme applicant","Not main scheme application","35","15","0.455"
"2022","All","All","Wales","Male","Main scheme applicant","Not main scheme application","5","5"," "
"2023","All","All","Wales","Male","Main scheme applicant","Not main scheme application","10","10"," "
"2022","All","All","Not EU","Male","Main scheme applicant","Not main scheme application","5","0"," "
"2019","All","All","Northern Ireland","Female","Main scheme applicant","Main scheme application","65","20","0.273"
"2020","All","All","Northern Ireland","Female","Main scheme applicant","Main scheme application","50","15","0.255"
"2021","All","All","Northern Ireland","Female","Main scheme applicant","Main scheme application","65","20","0.323"
"2022","All","All","Northern Ireland","Female","Main scheme applicant","Main scheme application","45","15","0.386"
"2023","All","All","Northern Ireland","Female","Main scheme applicant","Main scheme application","35","5"," "
"2019","All","All","England","Female","Main scheme applicant","Main scheme application","100","35","0.364"
"2020","All","All","England","Female","Main scheme applicant","Main scheme application","95","40","0.426"
"2021","All","All","England","Female","Main scheme applicant","Main scheme application","135","50","0.353"
"2022","All","All","England","Female","Main scheme applicant","Main scheme application","155","60","0.397"
"2023","All","All","England","Female","Main scheme applicant","Main scheme application","125","55","0.421"
"2019","All","All","Scotland","Female","Main scheme applicant","Main scheme application","3285","1645","0.5"
"2020","All","All","Scotland","Female","Main scheme applicant","Main scheme application","3460","1795","0.519"
"2021","All","All","Scotland","Female","Main scheme applicant","Main scheme application","4120","1730","0.42"
"2022","All","All","Scotland","Female","Main scheme applicant","Main scheme application","2830","1505","0.532"
"2023","All","All","Scotland","Female","Main scheme applicant","Main scheme application","2310","1280","0.555"
"2019","All","All","Wales","Female","Main scheme applicant","Main scheme application","5","0"," "
"2020","All","All","Wales","Female","Main scheme applicant","Main scheme application","10","0"," "
"2021","All","All","Wales","Female","Main scheme applicant","Main scheme application","5","0"," "
"2022","All","All","Wales","Female","Main scheme applicant","Main scheme application","810","550","0.682"
"2023","All","All","Wales","Female","Main scheme applicant","Main scheme application","715","480","0.674"
"2019","All","All","Not EU","Female","Main scheme applicant","Main scheme application","50","15","0.34700000000000003"
"2020","All","All","Not EU","Female","Main scheme applicant","Main scheme application","55","15","0.28300000000000003"
"2021","All","All","Not EU","Female","Main scheme applicant","Main scheme application","55","10","0.2"
"2022","All","All","Not EU","Female","Main scheme applicant","Main scheme application","65","15","0.242"
"2023","All","All","Not EU","Female","Main scheme applicant","Main scheme application","75","15","0.20500000000000002"
"2019","All","All","EU (excluding UK)","Female","Main scheme applicant","Main scheme application","170","65","0.371"
"2020","All","All","EU (excluding UK)","Female","Main scheme applicant","Main scheme application","205","80","0.392"
"2021","All","All","EU (excluding UK)","Female","Main scheme applicant","Main scheme application","145","30","0.21"
"2022","All","All","EU (excluding UK)","Female","Main scheme applicant","Main scheme application","85","20","0.253"
"2023","All","All","EU (excluding UK)","Female","Main scheme applicant","Main scheme application","65","25","0.375"
"2019","All","All","Northern Ireland","Male","Main scheme applicant","Main scheme application","25","5"," "
"2020","All","All","Northern Ireland","Male","Main scheme applicant","Main scheme application","20","0"," "
"2021","All","All","Northern Ireland","Male","Main scheme applicant","Main scheme application","30","10"," "
"2022","All","All","Northern Ireland","Male","Main scheme applicant","Main scheme application","25","10"," "
"2023","All","All","Northern Ireland","Male","Main scheme applicant","Main scheme application","10","0"," "
"2019","All","All","England","Male","Main scheme applicant","Main scheme application","40","15","0.333"
"2020","All","All","England","Male","Main scheme applicant","Main scheme application","45","20","0.488"
"2021","All","All","England","Male","Main scheme applicant","Main scheme application","50","15","0.28"
"2022","All","All","England","Male","Main scheme applicant","Main scheme application","70","25","0.362"
"2023","All","All","England","Male","Main scheme applicant","Main scheme application","65","25","0.385"
"2019","All","All","Scotland","Male","Main scheme applicant","Main scheme application","1330","590","0.443"
"2020","All","All","Scotland","Male","Main scheme applicant","Main scheme application","1355","600","0.445"
"2021","All","All","Scotland","Male","Main scheme applicant","Main scheme application","1635","605","0.37"
"2022","All","All","Scotland","Male","Main scheme applicant","Main scheme application","1215","525","0.433"
"2023","All","All","Scotland","Male","Main scheme applicant","Main scheme application","935","450","0.483"
"2019","All","All","Wales","Male","Main scheme applicant","Main scheme application","5","0"," "
"2020","All","All","Wales","Male","Main scheme applicant","Main scheme application","5","0"," "
"2022","All","All","Wales","Male","Main scheme applicant","Main scheme application","310","205","0.66"
"2023","All","All","Wales","Male","Main scheme applicant","Main scheme application","285","195","0.678"
"2019","All","All","Not EU","Male","Main scheme applicant","Main scheme application","15","5"," "
"2020","All","All","Not EU","Male","Main scheme applicant","Main scheme application","20","5"," "
"2021","All","All","Not EU","Male","Main scheme applicant","Main scheme application","20","5"," "
"2022","All","All","Not EU","Male","Main scheme applicant","Main scheme application","50","15","0.269"
"2023","All","All","Not EU","Male","Main scheme applicant","Main scheme application","40","10","0.289"
"2019","All","All","EU (excluding UK)","Male","Main scheme applicant","Main scheme application","65","20","0.317"
"2020","All","All","EU (excluding UK)","Male","Main scheme applicant","Main scheme application","65","25","0.4"
"2021","All","All","EU (excluding UK)","Male","Main scheme applicant","Main scheme application","40","10"," "
"2022","All","All","EU (excluding UK)","Male","Main scheme applicant","Main scheme application","25","5"," "
"2023","All","All","EU (excluding UK)","Male","Main scheme applicant","Main scheme application","20","0"," "
"2020","Lower tariff","21 - 24","All","Female","Not main scheme applicant","Not main scheme application","5","5"," "
"2022","Lower tariff","21 - 24","All","Female","Not main scheme applicant","Not main scheme application","20","15","0.778"
"2023","Lower tariff","21 - 24","All","Female","Not main scheme applicant","Not main scheme application","20","15","0.81"
"2019","Higher tariff","21 - 24","All","Female","Not main scheme applicant","Not main scheme application","10","10"," "
"2020","Higher tariff","21 - 24","All","Female","Not main scheme applicant","Not main scheme application","20","10","0.667"
"2021","Higher tariff","21 - 24","All","Female","Not main scheme applicant","Not main scheme application","15","15","0.8240000000000001"
"2022","Higher tariff","21 - 24","All","Female","Not main scheme applicant","Not main scheme application","15","10"," "
"2023","Higher tariff","21 - 24","All","Female","Not main scheme applicant","Not main scheme application","15","10","0.706"
"2020","Medium tariff","21 - 24","All","Female","Not main scheme applicant","Not main scheme application","5","5"," "
"2022","Medium tariff","21 - 24","All","Female","Not main scheme applicant","Not main scheme application","20","15","0.75"
"2023","Medium tariff","21 - 24","All","Female","Not main scheme applicant","Not main scheme application","30","25","0.8280000000000001"
"2019","Lower tariff","25 - 29","All","Female","Not main scheme applicant","Not main scheme application","5","5"," "
"2020","Lower tariff","25 - 29","All","Female","Not main scheme applicant","Not main scheme application","10","5"," "
"2021","Lower tariff","25 - 29","All","Female","Not main scheme applicant","Not main scheme application","5","5"," "
"2022","Lower tariff","25 - 29","All","Female","Not main scheme applicant","Not main scheme application","10","10","0.833"
"2023","Lower tariff","25 - 29","All","Female","Not main scheme applicant","Not main scheme application","10","10","0.833"
"2019","Higher tariff","25 - 29","All","Female","Not main scheme applicant","Not main scheme application","20","15","0.75"
"2020","Higher tariff","25 - 29","All","Female","Not main scheme applicant","Not main scheme application","25","20","0.833"
"2021","Higher tariff","25 - 29","All","Female","Not main scheme applicant","Not main scheme application","5","5"," "
"2022","Higher tariff","25 - 29","All","Female","Not main scheme applicant","Not main scheme application","15","10","0.786"
"2023","Higher tariff","25 - 29","All","Female","Not main scheme applicant","Not main scheme application","20","15","0.889"
"2020","Medium tariff","25 - 29","All","Female","Not main scheme applicant","Not main scheme application","5","0"," "
"2022","Medium tariff","25 - 29","All","Female","Not main scheme applicant","Not main scheme application","20","10","0.6"
"2023","Medium tariff","25 - 29","All","Female","Not main scheme applicant","Not main scheme application","5","5"," "
"2020","Lower tariff","30 - 34","All","Female","Not main scheme applicant","Not main scheme application","5","5"," "
"2021","Lower tariff","30 - 34","All","Female","Not main scheme applicant","Not main scheme application","5","5"," "
"2022","Lower tariff","30 - 34","All","Female","Not main scheme applicant","Not main scheme application","5","5"," "
"2019","Higher tariff","30 - 34","All","Female","Not main scheme applicant","Not main scheme application","5","5"," "
"2020","Higher tariff","30 - 34","All","Female","Not main scheme applicant","Not main scheme application","5","5"," "
"2022","Higher tariff","30 - 34","All","Female","Not main scheme applicant","Not main scheme application","5","5"," "
"2023","Higher tariff","30 - 34","All","Female","Not main scheme applicant","Not main scheme application","10","10"," "
"2020","Medium tariff","30 - 34","All","Female","Not main scheme applicant","Not main scheme application","5","5"," "
"2022","Medium tariff","30 - 34","All","Female","Not main scheme applicant","Not main scheme application","5","5"," "
"2023","Medium tariff","30 - 34","All","Female","Not main scheme applicant","Not main scheme application","5","5"," "
"2019","Lower tariff","35 and over","All","Female","Not main scheme applicant","Not main scheme application","5","5"," "
"2020","Lower tariff","35 and over","All","Female","Not main scheme applicant","Not main scheme application","10","10"," "
"2021","Lower tariff","35 and over","All","Female","Not main scheme applicant","Not main scheme application","5","5"," "
"2022","Lower tariff","35 and over","All","Female","Not main scheme applicant","Not main scheme application","10","10","0.833"
"2023","Lower tariff","35 and over","All","Female","Not main scheme applicant","Not main scheme application","10","10","0.909"
"2019","Higher tariff","35 and over","All","Female","Not main scheme applicant","Not main scheme application","15","5"," "
"2020","Higher tariff","35 and over","All","Female","Not main scheme applicant","Not main scheme application","20","10","0.579"
"2021","Higher tariff","35 and over","All","Female","Not main scheme applicant","Not main scheme application","10","10","0.833"
"2022","Higher tariff","35 and over","All","Female","Not main scheme applicant","Not main scheme application","15","10","0.769"
"2023","Higher tariff","35 and over","All","Female","Not main scheme applicant","Not main scheme application","15","10","0.8"
"2019","Medium tariff","35 and over","All","Female","Not main scheme applicant","Not main scheme application","5","0"," "
"2020","Medium tariff","35 and over","All","Female","Not main scheme applicant","Not main scheme application","5","0"," "
"2021","Medium tariff","35 and over","All","Female","Not main scheme applicant","Not main scheme application","5","0"," "
"2022","Medium tariff","35 and over","All","Female","Not main scheme applicant","Not main scheme application","10","5"," "
"2023","Medium tariff","35 and over","All","Female","Not main scheme applicant","Not main scheme application","10","5"," "
"2020","Lower tariff","21 - 24","All","Male","Not main scheme applicant","Not main scheme application","5","0"," "
"2022","Lower tariff","21 - 24","All","Male","Not main scheme applicant","Not main scheme application","15","15","0.882"
"2023","Lower tariff","21 - 24","All","Male","Not main scheme applicant","Not main scheme application","15","15","0.765"
"2019","Higher tariff","21 - 24","All","Male","Not main scheme applicant","Not main scheme application","5","5"," "
"2020","Higher tariff","21 - 24","All","Male","Not main scheme applicant","Not main scheme application","15","15","0.882"
"2021","Higher tariff","21 - 24","All","Male","Not main scheme applicant","Not main scheme application","5","5"," "
"2022","Higher tariff","21 - 24","All","Male","Not main scheme applicant","Not main scheme application","10","10"," "
"2023","Higher tariff","21 - 24","All","Male","Not main scheme applicant","Not main scheme application","10","5"," "
"2022","Medium tariff","21 - 24","All","Male","Not main scheme applicant","Not main scheme application","10","10","0.833"
"2023","Medium tariff","21 - 24","All","Male","Not main scheme applicant","Not main scheme application","15","15","1"
"2020","Lower tariff","25 - 29","All","Male","Not main scheme applicant","Not main scheme application","5","5"," "
"2022","Lower tariff","25 - 29","All","Male","Not main scheme applicant","Not main scheme application","10","10","0.917"
"2023","Lower tariff","25 - 29","All","Male","Not main scheme applicant","Not main scheme application","5","5"," "
"2019","Higher tariff","25 - 29","All","Male","Not main scheme applicant","Not main scheme application","10","10"," "
"2020","Higher tariff","25 - 29","All","Male","Not main scheme applicant","Not main scheme application","25","20","0.84"
"2021","Higher tariff","25 - 29","All","Male","Not main scheme applicant","Not main scheme application","5","5"," "
"2022","Higher tariff","25 - 29","All","Male","Not main scheme applicant","Not main scheme application","10","5"," "
"2023","Higher tariff","25 - 29","All","Male","Not main scheme applicant","Not main scheme application","5","5"," "
"2020","Medium tariff","25 - 29","All","Male","Not main scheme applicant","Not main scheme application","5","0"," "
"2022","Medium tariff","25 - 29","All","Male","Not main scheme applicant","Not main scheme application","5","5"," "
"2023","Medium tariff","25 - 29","All","Male","Not main scheme applicant","Not main scheme application","10","10","0.833"
"2022","Lower tariff","30 - 34","All","Male","Not main scheme applicant","Not main scheme application","5","0"," "
"2023","Lower tariff","30 - 34","All","Male","Not main scheme applicant","Not main scheme application","5","5"," "
"2020","Higher tariff","30 - 34","All","Male","Not main scheme applicant","Not main scheme application","5","5"," "
"2022","Higher tariff","30 - 34","All","Male","Not main scheme applicant","Not main scheme application","5","0"," "
"2023","Higher tariff","30 - 34","All","Male","Not main scheme applicant","Not main scheme application","5","0"," "
"2023","Medium tariff","30 - 34","All","Male","Not main scheme applicant","Not main scheme application","5","5"," "
"2021","Lower tariff","35 and over","All","Male","Not main scheme applicant","Not main scheme application","5","0"," "
"2022","Lower tariff","35 and over","All","Male","Not main scheme applicant","Not main scheme application","5","5"," "
"2023","Lower tariff","35 and over","All","Male","Not main scheme applicant","Not main scheme application","5","5"," "
"2019","Higher tariff","35 and over","All","Male","Not main scheme applicant","Not main scheme application","5","5"," "
"2020","Higher tariff","35 and over","All","Male","Not main scheme applicant","Not main scheme application","15","15","0.929"
"2021","Higher tariff","35 and over","All","Male","Not main scheme applicant","Not main scheme application","5","5"," "
"2022","Higher tariff","35 and over","All","Male","Not main scheme applicant","Not main scheme application","10","5"," "
"2023","Higher tariff","35 and over","All","Male","Not main scheme applicant","Not main scheme application","15","15","0.9380000000000001"
"2020","Medium tariff","35 and over","All","Male","Not main scheme applicant","Not main scheme application","5","0"," "
"2023","Medium tariff","35 and over","All","Male","Not main scheme applicant","Not main scheme application","10","5"," "
"2021","Higher tariff","18","All","Female","Main scheme applicant","Not main scheme application","5","0"," "
"2022","Lower tariff","21 - 24","All","Female","Main scheme applicant","Not main scheme application","10","5"," "
"2023","Lower tariff","21 - 24","All","Female","Main scheme applicant","Not main scheme application","15","10"," "
"2019","Higher tariff","21 - 24","All","Female","Main scheme applicant","Not main scheme application","50","30","0.58"
"2020","Higher tariff","21 - 24","All","Female","Main scheme applicant","Not main scheme application","55","10","0.179"
"2021","Higher tariff","21 - 24","All","Female","Main scheme applicant","Not main scheme application","70","25","0.338"
"2022","Higher tariff","21 - 24","All","Female","Main scheme applicant","Not main scheme application","45","30","0.63"
"2023","Higher tariff","21 - 24","All","Female","Main scheme applicant","Not main scheme application","35","20","0.667"
"2019","Medium tariff","21 - 24","All","Female","Main scheme applicant","Not main scheme application","15","0"," "
"2020","Medium tariff","21 - 24","All","Female","Main scheme applicant","Not main scheme application","5","0"," "
"2021","Medium tariff","21 - 24","All","Female","Main scheme applicant","Not main scheme application","15","5"," "
"2022","Medium tariff","21 - 24","All","Female","Main scheme applicant","Not main scheme application","15","5"," "
"2023","Medium tariff","21 - 24","All","Female","Main scheme applicant","Not main scheme application","10","10"," "
"2023","Lower tariff","25 - 29","All","Female","Main scheme applicant","Not main scheme application","5","5"," "
"2019","Higher tariff","25 - 29","All","Female","Main scheme applicant","Not main scheme application","35","20","0.559"
"2020","Higher tariff","25 - 29","All","Female","Main scheme applicant","Not main scheme application","40","20","0.47500000000000003"
"2021","Higher tariff","25 - 29","All","Female","Main scheme applicant","Not main scheme application","50","15","0.34700000000000003"
"2022","Higher tariff","25 - 29","All","Female","Main scheme applicant","Not main scheme application","30","15","0.607"
"2023","Higher tariff","25 - 29","All","Female","Main scheme applicant","Not main scheme application","20","15","0.833"
"2019","Medium tariff","25 - 29","All","Female","Main scheme applicant","Not main scheme application","10","0"," "
"2020","Medium tariff","25 - 29","All","Female","Main scheme applicant","Not main scheme application","10","5"," "
"2021","Medium tariff","25 - 29","All","Female","Main scheme applicant","Not main scheme application","10","0"," "
"2022","Medium tariff","25 - 29","All","Female","Main scheme applicant","Not main scheme application","5","0"," "
"2023","Medium tariff","25 - 29","All","Female","Main scheme applicant","Not main scheme application","10","5"," "
"2019","Higher tariff","30 - 34","All","Female","Main scheme applicant","Not main scheme application","15","10"," "
"2020","Higher tariff","30 - 34","All","Female","Main scheme applicant","Not main scheme application","10","10"," "
"2021","Higher tariff","30 - 34","All","Female","Main scheme applicant","Not main scheme application","15","10"," "
"2022","Higher tariff","30 - 34","All","Female","Main scheme applicant","Not main scheme application","10","5"," "
"2023","Higher tariff","30 - 34","All","Female","Main scheme applicant","Not main scheme application","5","5"," "
"2019","Medium tariff","30 - 34","All","Female","Main scheme applicant","Not main scheme application","5","0"," "
"2020","Medium tariff","30 - 34","All","Female","Main scheme applicant","Not main scheme application","5","0"," "
"2022","Medium tariff","30 - 34","All","Female","Main scheme applicant","Not main scheme application","5","5"," "
"2023","Medium tariff","30 - 34","All","Female","Main scheme applicant","Not main scheme application","5","0"," "
"2023","Lower tariff","35 and over","All","Female","Main scheme applicant","Not main scheme application","5","5"," "
"2019","Higher tariff","35 and over","All","Female","Main scheme applicant","Not main scheme application","30","20","0.645"
"2020","Higher tariff","35 and over","All","Female","Main scheme applicant","Not main scheme application","25","15","0.52"
"2021","Higher tariff","35 and over","All","Female","Main scheme applicant","Not main scheme application","15","10","0.769"
"2022","Higher tariff","35 and over","All","Female","Main scheme applicant","Not main scheme application","20","10","0.632"
"2023","Higher tariff","35 and over","All","Female","Main scheme applicant","Not main scheme application","10","10"," "
"2019","Medium tariff","35 and over","All","Female","Main scheme applicant","Not main scheme application","5","0"," "
"2020","Medium tariff","35 and over","All","Female","Main scheme applicant","Not main scheme application","5","0"," "
"2022","Medium tariff","35 and over","All","Female","Main scheme applicant","Not main scheme application","10","5"," "
"2023","Medium tariff","35 and over","All","Female","Main scheme applicant","Not main scheme application","5","5"," "
"2022","Lower tariff","21 - 24","All","Male","Main scheme applicant","Not main scheme application","5","5"," "
"2019","Higher tariff","21 - 24","All","Male","Main scheme applicant","Not main scheme application","10","0"," "
"2020","Higher tariff","21 - 24","All","Male","Main scheme applicant","Not main scheme application","20","10","0.5"
"2021","Higher tariff","21 - 24","All","Male","Main scheme applicant","Not main scheme application","15","5"," "
"2022","Higher tariff","21 - 24","All","Male","Main scheme applicant","Not main scheme application","15","5"," "
"2023","Higher tariff","21 - 24","All","Male","Main scheme applicant","Not main scheme application","10","5"," "
"2020","Medium tariff","21 - 24","All","Male","Main scheme applicant","Not main scheme application","5","0"," "
"2021","Medium tariff","21 - 24","All","Male","Main scheme applicant","Not main scheme application","10","0"," "
"2022","Medium tariff","21 - 24","All","Male","Main scheme applicant","Not main scheme application","5","5"," "
"2023","Medium tariff","21 - 24","All","Male","Main scheme applicant","Not main scheme application","5","5"," "
"2023","Lower tariff","25 - 29","All","Male","Main scheme applicant","Not main scheme application","5","5"," "
"2019","Higher tariff","25 - 29","All","Male","Main scheme applicant","Not main scheme application","10","5"," "
"2020","Higher tariff","25 - 29","All","Male","Main scheme applicant","Not main scheme application","10","5"," "
"2021","Higher tariff","25 - 29","All","Male","Main scheme applicant","Not main scheme application","20","5"," "
"2022","Higher tariff","25 - 29","All","Male","Main scheme applicant","Not main scheme application","5","5"," "
"2023","Higher tariff","25 - 29","All","Male","Main scheme applicant","Not main scheme application","5","5"," "
"2020","Medium tariff","25 - 29","All","Male","Main scheme applicant","Not main scheme application","5","0"," "
"2021","Medium tariff","25 - 29","All","Male","Main scheme applicant","Not main scheme application","5","0"," "
"2022","Medium tariff","25 - 29","All","Male","Main scheme applicant","Not main scheme application","5","5"," "
"2020","Higher tariff","30 - 34","All","Male","Main scheme applicant","Not main scheme application","5","0"," "
"2021","Higher tariff","30 - 34","All","Male","Main scheme applicant","Not main scheme application","5","0"," "
"2022","Higher tariff","30 - 34","All","Male","Main scheme applicant","Not main scheme application","10","0"," "
"2023","Higher tariff","30 - 34","All","Male","Main scheme applicant","Not main scheme application","5","0"," "
"2021","Medium tariff","30 - 34","All","Male","Main scheme applicant","Not main scheme application","5","0"," "
"2019","Higher tariff","35 and over","All","Male","Main scheme applicant","Not main scheme application","5","5"," "
"2020","Higher tariff","35 and over","All","Male","Main scheme applicant","Not main scheme application","15","5"," "
"2021","Higher tariff","35 and over","All","Male","Main scheme applicant","Not main scheme application","10","5"," "
"2022","Higher tariff","35 and over","All","Male","Main scheme applicant","Not main scheme application","5","5"," "
"2023","Higher tariff","35 and over","All","Male","Main scheme applicant","Not main scheme application","10","5"," "
"2019","Medium tariff","35 and over","All","Male","Main scheme applicant","Not main scheme application","5","0"," "
"2020","Medium tariff","35 and over","All","Male","Main scheme applicant","Not main scheme application","5","0"," "
"2021","Medium tariff","35 and over","All","Male","Main scheme applicant","Not main scheme application","5","0"," "
"2022","Medium tariff","35 and over","All","Male","Main scheme applicant","Not main scheme application","5","0"," "
"2022","Higher tariff","17 and under","All","Female","Main scheme applicant","Main scheme application","5","0"," "
"2020","Lower tariff","18","All","Female","Main scheme applicant","Main scheme application","5","0"," "
"2022","Lower tariff","18","All","Female","Main scheme applicant","Main scheme application","5","0"," "
"2019","Higher tariff","18","All","Female","Main scheme applicant","Main scheme application","10","0"," "
"2020","Higher tariff","18","All","Female","Main scheme applicant","Main scheme application","15","0"," "
"2021","Higher tariff","18","All","Female","Main scheme applicant","Main scheme application","10","0"," "
"2022","Higher tariff","18","All","Female","Main scheme applicant","Main scheme application","15","0"," "
"2023","Higher tariff","18","All","Female","Main scheme applicant","Main scheme application","15","0"," "
"2019","Medium tariff","18","All","Female","Main scheme applicant","Main scheme application","5","0"," "
"2020","Medium tariff","18","All","Female","Main scheme applicant","Main scheme application","10","0"," "
"2021","Medium tariff","18","All","Female","Main scheme applicant","Main scheme application","5","0"," "
"2022","Medium tariff","18","All","Female","Main scheme applicant","Main scheme application","15","0"," "
"2023","Medium tariff","18","All","Female","Main scheme applicant","Main scheme application","5","0"," "
"2019","Higher tariff","19","All","Female","Main scheme applicant","Main scheme application","5","0"," "
"2020","Higher tariff","19","All","Female","Main scheme applicant","Main scheme application","5","0"," "
"2021","Higher tariff","19","All","Female","Main scheme applicant","Main scheme application","5","0"," "
"2022","Higher tariff","19","All","Female","Main scheme applicant","Main scheme application","10","0"," "
"2023","Higher tariff","19","All","Female","Main scheme applicant","Main scheme application","5","0"," "
"2019","Medium tariff","19","All","Female","Main scheme applicant","Main scheme application","5","0"," "
"2021","Medium tariff","19","All","Female","Main scheme applicant","Main scheme application","5","0"," "
"2019","Higher tariff","20","All","Female","Main scheme applicant","Main scheme application","10","0"," "
"2020","Higher tariff","20","All","Female","Main scheme applicant","Main scheme application","10","0"," "
"2021","Higher tariff","20","All","Female","Main scheme applicant","Main scheme application","15","0"," "
"2022","Higher tariff","20","All","Female","Main scheme applicant","Main scheme application","5","0"," "
"2023","Higher tariff","20","All","Female","Main scheme applicant","Main scheme application","5","0"," "
"2020","Medium tariff","20","All","Female","Main scheme applicant","Main scheme application","5","0"," "
"2021","Medium tariff","20","All","Female","Main scheme applicant","Main scheme application","5","0"," "
"2022","Medium tariff","20","All","Female","Main scheme applicant","Main scheme application","5","0"," "
"2019","Lower tariff","21 - 24","All","Female","Main scheme applicant","Main scheme application","10","5"," "
"2020","Lower tariff","21 - 24","All","Female","Main scheme applicant","Main scheme application","10","5"," "
"2021","Lower tariff","21 - 24","All","Female","Main scheme applicant","Main scheme application","10","5"," "
"2022","Lower tariff","21 - 24","All","Female","Main scheme applicant","Main scheme application","500","295","0.585"
"2023","Lower tariff","21 - 24","All","Female","Main scheme applicant","Main scheme application","450","240","0.53"
"2019","Higher tariff","21 - 24","All","Female","Main scheme applicant","Main scheme application","1320","605","0.458"
"2020","Higher tariff","21 - 24","All","Female","Main scheme applicant","Main scheme application","1445","690","0.48"
"2021","Higher tariff","21 - 24","All","Female","Main scheme applicant","Main scheme application","1745","640","0.367"
"2022","Higher tariff","21 - 24","All","Female","Main scheme applicant","Main scheme application","1215","560","0.462"
"2023","Higher tariff","21 - 24","All","Female","Main scheme applicant","Main scheme application","1055","520","0.494"
"2019","Medium tariff","21 - 24","All","Female","Main scheme applicant","Main scheme application","695","80","0.115"
"2020","Medium tariff","21 - 24","All","Female","Main scheme applicant","Main scheme application","770","80","0.10300000000000001"
"2021","Medium tariff","21 - 24","All","Female","Main scheme applicant","Main scheme application","965","85","0.088"
"2022","Medium tariff","21 - 24","All","Female","Main scheme applicant","Main scheme application","970","180","0.186"
"2023","Medium tariff","21 - 24","All","Female","Main scheme applicant","Main scheme application","875","165","0.19"
"2019","Lower tariff","25 - 29","All","Female","Main scheme applicant","Main scheme application","5","0"," "
"2020","Lower tariff","25 - 29","All","Female","Main scheme applicant","Main scheme application","10","5"," "
"2021","Lower tariff","25 - 29","All","Female","Main scheme applicant","Main scheme application","10","5"," "
"2022","Lower tariff","25 - 29","All","Female","Main scheme applicant","Main scheme application","155","85","0.551"
"2023","Lower tariff","25 - 29","All","Female","Main scheme applicant","Main scheme application","135","90","0.654"
"2019","Higher tariff","25 - 29","All","Female","Main scheme applicant","Main scheme application","985","455","0.46"
"2020","Higher tariff","25 - 29","All","Female","Main scheme applicant","Main scheme application","955","435","0.454"
"2021","Higher tariff","25 - 29","All","Female","Main scheme applicant","Main scheme application","1225","455","0.372"
"2022","Higher tariff","25 - 29","All","Female","Main scheme applicant","Main scheme application","825","370","0.452"
"2023","Higher tariff","25 - 29","All","Female","Main scheme applicant","Main scheme application","580","265","0.453"
"2019","Medium tariff","25 - 29","All","Female","Main scheme applicant","Main scheme application","625","95","0.153"
"2020","Medium tariff","25 - 29","All","Female","Main scheme applicant","Main scheme application","595","85","0.14300000000000002"
"2021","Medium tariff","25 - 29","All","Female","Main scheme applicant","Main scheme application","760","110","0.14200000000000002"
"2022","Medium tariff","25 - 29","All","Female","Main scheme applicant","Main scheme application","595","100","0.164"
"2023","Medium tariff","25 - 29","All","Female","Main scheme applicant","Main scheme application","450","70","0.153"
"2019","Lower tariff","30 - 34","All","Female","Main scheme applicant","Main scheme application","5","0"," "
"2020","Lower tariff","30 - 34","All","Female","Main scheme applicant","Main scheme application","10","0"," "
"2021","Lower tariff","30 - 34","All","Female","Main scheme applicant","Main scheme application","5","0"," "
"2022","Lower tariff","30 - 34","All","Female","Main scheme applicant","Main scheme application","55","40","0.722"
"2023","Lower tariff","30 - 34","All","Female","Main scheme applicant","Main scheme application","55","30","0.5740000000000001"
"2019","Higher tariff","30 - 34","All","Female","Main scheme applicant","Main scheme application","405","155","0.384"
"2020","Higher tariff","30 - 34","All","Female","Main scheme applicant","Main scheme application","425","195","0.466"
"2021","Higher tariff","30 - 34","All","Female","Main scheme applicant","Main scheme application","490","140","0.28400000000000003"
"2022","Higher tariff","30 - 34","All","Female","Main scheme applicant","Main scheme application","320","140","0.438"
"2023","Higher tariff","30 - 34","All","Female","Main scheme applicant","Main scheme application","260","115","0.453"
"2019","Medium tariff","30 - 34","All","Female","Main scheme applicant","Main scheme application","260","45","0.165"
"2020","Medium tariff","30 - 34","All","Female","Main scheme applicant","Main scheme application","275","50","0.187"
"2021","Medium tariff","30 - 34","All","Female","Main scheme applicant","Main scheme application","300","55","0.179"
"2022","Medium tariff","30 - 34","All","Female","Main scheme applicant","Main scheme application","230","45","0.201"
"2023","Medium tariff","30 - 34","All","Female","Main scheme applicant","Main scheme application","205","40","0.202"
"2019","Lower tariff","35 and over","All","Female","Main scheme applicant","Main scheme application","10","5"," "
"2020","Lower tariff","35 and over","All","Female","Main scheme applicant","Main scheme application","15","5"," "
"2021","Lower tariff","35 and over","All","Female","Main scheme applicant","Main scheme application","10","10"," "
"2022","Lower tariff","35 and over","All","Female","Main scheme applicant","Main scheme application","90","40","0.456"
"2023","Lower tariff","35 and over","All","Female","Main scheme applicant","Main scheme application","60","30","0.5"
"2019","Higher tariff","35 and over","All","Female","Main scheme applicant","Main scheme application","705","245","0.35100000000000003"
"2020","Higher tariff","35 and over","All","Female","Main scheme applicant","Main scheme application","745","295","0.394"
"2021","Higher tariff","35 and over","All","Female","Main scheme applicant","Main scheme application","805","265","0.332"
"2022","Higher tariff","35 and over","All","Female","Main scheme applicant","Main scheme application","560","230","0.41000000000000003"
"2023","Higher tariff","35 and over","All","Female","Main scheme applicant","Main scheme application","475","205","0.435"
"2019","Medium tariff","35 and over","All","Female","Main scheme applicant","Main scheme application","450","80","0.181"
"2020","Medium tariff","35 and over","All","Female","Main scheme applicant","Main scheme application","475","95","0.201"
"2021","Medium tariff","35 and over","All","Female","Main scheme applicant","Main scheme application","505","75","0.149"
"2022","Medium tariff","35 and over","All","Female","Main scheme applicant","Main scheme application","385","85","0.222"
"2023","Medium tariff","35 and over","All","Female","Main scheme applicant","Main scheme application","330","90","0.271"
"2022","Lower tariff","18","All","Male","Main scheme applicant","Main scheme application","5","0"," "
"2019","Higher tariff","18","All","Male","Main scheme applicant","Main scheme application","5","0"," "
"2021","Higher tariff","18","All","Male","Main scheme applicant","Main scheme application","10","0"," "
"2022","Higher tariff","18","All","Male","Main scheme applicant","Main scheme application","5","0"," "
"2023","Higher tariff","18","All","Male","Main scheme applicant","Main scheme application","5","0"," "
"2022","Medium tariff","18","All","Male","Main scheme applicant","Main scheme application","5","0"," "
"2023","Medium tariff","18","All","Male","Main scheme applicant","Main scheme application","10","0"," "
"2020","Higher tariff","19","All","Male","Main scheme applicant","Main scheme application","5","0"," "
"2023","Higher tariff","20","All","Male","Main scheme applicant","Main scheme application","5","0"," "
"2023","Medium tariff","20","All","Male","Main scheme applicant","Main scheme application","5","0"," "
"2019","Lower tariff","21 - 24","All","Male","Main scheme applicant","Main scheme application","5","5"," "
"2021","Lower tariff","21 - 24","All","Male","Main scheme applicant","Main scheme application","5","0"," "
"2022","Lower tariff","21 - 24","All","Male","Main scheme applicant","Main scheme application","175","90","0.511"
"2023","Lower tariff","21 - 24","All","Male","Main scheme applicant","Main scheme application","155","95","0.617"
"2019","Higher tariff","21 - 24","All","Male","Main scheme applicant","Main scheme application","480","175","0.362"
"2020","Higher tariff","21 - 24","All","Male","Main scheme applicant","Main scheme application","455","170","0.38"
"2021","Higher tariff","21 - 24","All","Male","Main scheme applicant","Main scheme application","580","185","0.324"
"2022","Higher tariff","21 - 24","All","Male","Main scheme applicant","Main scheme application","455","145","0.318"
"2023","Higher tariff","21 - 24","All","Male","Main scheme applicant","Main scheme application","350","145","0.417"
"2019","Medium tariff","21 - 24","All","Male","Main scheme applicant","Main scheme application","255","20","0.08700000000000001"
"2020","Medium tariff","21 - 24","All","Male","Main scheme applicant","Main scheme application","235","20","0.089"
"2021","Medium tariff","21 - 24","All","Male","Main scheme applicant","Main scheme application","320","20","0.063"
"2022","Medium tariff","21 - 24","All","Male","Main scheme applicant","Main scheme application","365","45","0.126"
"2023","Medium tariff","21 - 24","All","Male","Main scheme applicant","Main scheme application","305","55","0.182"
"2021","Lower tariff","25 - 29","All","Male","Main scheme applicant","Main scheme application","5","0"," "
"2022","Lower tariff","25 - 29","All","Male","Main scheme applicant","Main scheme application","75","45","0.635"
"2023","Lower tariff","25 - 29","All","Male","Main scheme applicant","Main scheme application","75","35","0.486"
"2019","Higher tariff","25 - 29","All","Male","Main scheme applicant","Main scheme application","410","160","0.386"
"2020","Higher tariff","25 - 29","All","Male","Main scheme applicant","Main scheme application","455","185","0.40700000000000003"
"2021","Higher tariff","25 - 29","All","Male","Main scheme applicant","Main scheme application","535","170","0.313"
"2022","Higher tariff","25 - 29","All","Male","Main scheme applicant","Main scheme application","390","150","0.389"
"2023","Higher tariff","25 - 29","All","Male","Main scheme applicant","Main scheme application","300","130","0.441"
"2019","Medium tariff","25 - 29","All","Male","Main scheme applicant","Main scheme application","230","25","0.114"
"2020","Medium tariff","25 - 29","All","Male","Main scheme applicant","Main scheme application","240","35","0.14"
"2021","Medium tariff","25 - 29","All","Male","Main scheme applicant","Main scheme application","305","35","0.111"
"2022","Medium tariff","25 - 29","All","Male","Main scheme applicant","Main scheme application","280","40","0.14400000000000002"
"2023","Medium tariff","25 - 29","All","Male","Main scheme applicant","Main scheme application","235","40","0.17"
"2019","Lower tariff","30 - 34","All","Male","Main scheme applicant","Main scheme application","5","5"," "
"2022","Lower tariff","30 - 34","All","Male","Main scheme applicant","Main scheme application","35","15","0.5"
"2023","Lower tariff","30 - 34","All","Male","Main scheme applicant","Main scheme application","25","15","0.481"
"2019","Higher tariff","30 - 34","All","Male","Main scheme applicant","Main scheme application","205","85","0.41200000000000003"
"2020","Higher tariff","30 - 34","All","Male","Main scheme applicant","Main scheme application","215","85","0.394"
"2021","Higher tariff","30 - 34","All","Male","Main scheme applicant","Main scheme application","240","90","0.372"
"2022","Higher tariff","30 - 34","All","Male","Main scheme applicant","Main scheme application","205","85","0.41300000000000003"
"2023","Higher tariff","30 - 34","All","Male","Main scheme applicant","Main scheme application","130","45","0.333"
"2019","Medium tariff","30 - 34","All","Male","Main scheme applicant","Main scheme application","105","15","0.151"
"2020","Medium tariff","30 - 34","All","Male","Main scheme applicant","Main scheme application","115","15","0.147"
"2021","Medium tariff","30 - 34","All","Male","Main scheme applicant","Main scheme application","125","10","0.08"
"2022","Medium tariff","30 - 34","All","Male","Main scheme applicant","Main scheme application","140","25","0.184"
"2023","Medium tariff","30 - 34","All","Male","Main scheme applicant","Main scheme application","95","20","0.221"
"2021","Lower tariff","35 and over","All","Male","Main scheme applicant","Main scheme application","5","0"," "
"2022","Lower tariff","35 and over","All","Male","Main scheme applicant","Main scheme application","40","20","0.512"
"2023","Lower tariff","35 and over","All","Male","Main scheme applicant","Main scheme application","25","5"," "
"2019","Higher tariff","35 and over","All","Male","Main scheme applicant","Main scheme application","320","120","0.382"
"2020","Higher tariff","35 and over","All","Male","Main scheme applicant","Main scheme application","290","105","0.358"
"2021","Higher tariff","35 and over","All","Male","Main scheme applicant","Main scheme application","340","95","0.272"
"2022","Higher tariff","35 and over","All","Male","Main scheme applicant","Main scheme application","235","80","0.34600000000000003"
"2023","Higher tariff","35 and over","All","Male","Main scheme applicant","Main scheme application","175","65","0.371"
"2019","Medium tariff","35 and over","All","Male","Main scheme applicant","Main scheme application","170","25","0.149"
"2020","Medium tariff","35 and over","All","Male","Main scheme applicant","Main scheme application","175","35","0.203"
"2021","Medium tariff","35 and over","All","Male","Main scheme applicant","Main scheme application","185","30","0.169"
"2022","Medium tariff","35 and over","All","Male","Main scheme applicant","Main scheme application","150","35","0.224"
"2023","Medium tariff","35 and over","All","Male","Main scheme applicant","Main scheme application","130","30","0.221"
"2019","All","21 - 24","All","Female","Not main scheme applicant","Not main scheme application","15","15","0.8130000000000001"
"2020","All","21 - 24","All","Female","Not main scheme applicant","Not main scheme application","25","20","0.704"
"2021","All","21 - 24","All","Female","Not main scheme applicant","Not main scheme application","20","15","0.7000000000000001"
"2022","All","21 - 24","All","Female","Not main scheme applicant","Not main scheme application","50","35","0.712"
"2023","All","21 - 24","All","Female","Not main scheme applicant","Not main scheme application","65","55","0.791"
"2019","All","25 - 29","All","Female","Not main scheme applicant","Not main scheme application","25","20","0.783"
"2020","All","25 - 29","All","Female","Not main scheme applicant","Not main scheme application","35","30","0.784"
"2021","All","25 - 29","All","Female","Not main scheme applicant","Not main scheme application","10","5"," "
"2022","All","25 - 29","All","Female","Not main scheme applicant","Not main scheme application","45","35","0.717"
"2023","All","25 - 29","All","Female","Not main scheme applicant","Not main scheme application","35","30","0.853"
"2019","All","30 - 34","All","Female","Not main scheme applicant","Not main scheme application","5","5"," "
"2020","All","30 - 34","All","Female","Not main scheme applicant","Not main scheme application","15","10","0.733"
"2021","All","30 - 34","All","Female","Not main scheme applicant","Not main scheme application","10","5"," "
"2022","All","30 - 34","All","Female","Not main scheme applicant","Not main scheme application","15","10","0.733"
"2023","All","30 - 34","All","Female","Not main scheme applicant","Not main scheme application","15","15","0.882"
"2019","All","35 and over","All","Female","Not main scheme applicant","Not main scheme application","20","15","0.682"
"2020","All","35 and over","All","Female","Not main scheme applicant","Not main scheme application","35","20","0.667"
"2021","All","35 and over","All","Female","Not main scheme applicant","Not main scheme application","20","15","0.81"
"2022","All","35 and over","All","Female","Not main scheme applicant","Not main scheme application","35","25","0.771"
"2023","All","35 and over","All","Female","Not main scheme applicant","Not main scheme application","35","25","0.771"
"2019","All","21 - 24","All","Male","Not main scheme applicant","Not main scheme application","10","10","1"
"2020","All","21 - 24","All","Male","Not main scheme applicant","Not main scheme application","20","15","0.81"
"2021","All","21 - 24","All","Male","Not main scheme applicant","Not main scheme application","10","5"," "
"2022","All","21 - 24","All","Male","Not main scheme applicant","Not main scheme application","40","35","0.872"
"2023","All","21 - 24","All","Male","Not main scheme applicant","Not main scheme application","45","35","0.86"
"2019","All","25 - 29","All","Male","Not main scheme applicant","Not main scheme application","10","10","0.917"
"2020","All","25 - 29","All","Male","Not main scheme applicant","Not main scheme application","30","25","0.8130000000000001"
"2021","All","25 - 29","All","Male","Not main scheme applicant","Not main scheme application","5","5"," "
"2022","All","25 - 29","All","Male","Not main scheme applicant","Not main scheme application","25","20","0.792"
"2023","All","25 - 29","All","Male","Not main scheme applicant","Not main scheme application","25","20","0.833"
"2019","All","30 - 34","All","Male","Not main scheme applicant","Not main scheme application","5","5"," "
"2020","All","30 - 34","All","Male","Not main scheme applicant","Not main scheme application","5","5"," "
"2021","All","30 - 34","All","Male","Not main scheme applicant","Not main scheme application","5","5"," "
"2022","All","30 - 34","All","Male","Not main scheme applicant","Not main scheme application","10","5"," "
"2023","All","30 - 34","All","Male","Not main scheme applicant","Not main scheme application","10","10","0.833"
"2019","All","35 and over","All","Male","Not main scheme applicant","Not main scheme application","10","5"," "
"2020","All","35 and over","All","Male","Not main scheme applicant","Not main scheme application","20","15","0.81"
"2021","All","35 and over","All","Male","Not main scheme applicant","Not main scheme application","10","5"," "
"2022","All","35 and over","All","Male","Not main scheme applicant","Not main scheme application","20","15","0.684"
"2023","All","35 and over","All","Male","Not main scheme applicant","Not main scheme application","30","25","0.893"
"2021","All","18","All","Female","Main scheme applicant","Not main scheme application","5","0"," "
"2019","All","21 - 24","All","Female","Main scheme applicant","Not main scheme application","65","30","0.484"
"2020","All","21 - 24","All","Female","Main scheme applicant","Not main scheme application","60","10","0.177"
"2021","All","21 - 24","All","Female","Main scheme applicant","Not main scheme application","85","30","0.326"
"2022","All","21 - 24","All","Female","Main scheme applicant","Not main scheme application","70","40","0.603"
"2023","All","21 - 24","All","Female","Main scheme applicant","Not main scheme application","55","40","0.684"
"2019","All","25 - 29","All","Female","Main scheme applicant","Not main scheme application","45","20","0.489"
"2020","All","25 - 29","All","Female","Main scheme applicant","Not main scheme application","50","25","0.442"
"2021","All","25 - 29","All","Female","Main scheme applicant","Not main scheme application","60","20","0.31"
"2022","All","25 - 29","All","Female","Main scheme applicant","Not main scheme application","35","20","0.559"
"2023","All","25 - 29","All","Female","Main scheme applicant","Not main scheme application","30","25","0.742"
"2019","All","30 - 34","All","Female","Main scheme applicant","Not main scheme application","15","10"," "
"2020","All","30 - 34","All","Female","Main scheme applicant","Not main scheme application","15","10"," "
"2021","All","30 - 34","All","Female","Main scheme applicant","Not main scheme application","20","10"," "
"2022","All","30 - 34","All","Female","Main scheme applicant","Not main scheme application","15","5"," "
"2023","All","30 - 34","All","Female","Main scheme applicant","Not main scheme application","10","5"," "
"2019","All","35 and over","All","Female","Main scheme applicant","Not main scheme application","35","25","0.639"
"2020","All","35 and over","All","Female","Main scheme applicant","Not main scheme application","30","15","0.484"
"2021","All","35 and over","All","Female","Main scheme applicant","Not main scheme application","15","10","0.667"
"2022","All","35 and over","All","Female","Main scheme applicant","Not main scheme application","30","20","0.581"
"2023","All","35 and over","All","Female","Main scheme applicant","Not main scheme application","20","15","0.75"
"2019","All","21 - 24","All","Male","Main scheme applicant","Not main scheme application","10","0"," "
"2020","All","21 - 24","All","Male","Main scheme applicant","Not main scheme application","25","10","0.423"
"2021","All","21 - 24","All","Male","Main scheme applicant","Not main scheme application","25","5"," "
"2022","All","21 - 24","All","Male","Main scheme applicant","Not main scheme application","25","15","0.6"
"2023","All","21 - 24","All","Male","Main scheme applicant","Not main scheme application","20","10","0.6"
"2019","All","25 - 29","All","Male","Main scheme applicant","Not main scheme application","10","5"," "
"2020","All","25 - 29","All","Male","Main scheme applicant","Not main scheme application","15","5"," "
"2021","All","25 - 29","All","Male","Main scheme applicant","Not main scheme application","25","5"," "
"2022","All","25 - 29","All","Male","Main scheme applicant","Not main scheme application","10","5"," "
"2023","All","25 - 29","All","Male","Main scheme applicant","Not main scheme application","10","10"," "
"2020","All","30 - 34","All","Male","Main scheme applicant","Not main scheme application","5","0"," "
"2021","All","30 - 34","All","Male","Main scheme applicant","Not main scheme application","10","0"," "
"2022","All","30 - 34","All","Male","Main scheme applicant","Not main scheme application","10","5"," "
"2023","All","30 - 34","All","Male","Main scheme applicant","Not main scheme application","5","5"," "
"2019","All","35 and over","All","Male","Main scheme applicant","Not main scheme application","10","5"," "
"2020","All","35 and over","All","Male","Main scheme applicant","Not main scheme application","20","5"," "
"2021","All","35 and over","All","Male","Main scheme applicant","Not main scheme application","15","5"," "
"2022","All","35 and over","All","Male","Main scheme applicant","Not main scheme application","10","5"," "
"2023","All","35 and over","All","Male","Main scheme applicant","Not main scheme application","10","5"," "
"2022","All","17 and under","All","Female","Main scheme applicant","Main scheme application","5","0"," "
"2019","All","18","All","Female","Main scheme applicant","Main scheme application","10","0"," "
"2020","All","18","All","Female","Main scheme applicant","Main scheme application","30","0"," "
"2021","All","18","All","Female","Main scheme applicant","Main scheme application","15","0"," "
"2022","All","18","All","Female","Main scheme applicant","Main scheme application","40","0"," "
"2023","All","18","All","Female","Main scheme applicant","Main scheme application","25","0"," "
"2019","All","19","All","Female","Main scheme applicant","Main scheme application","5","0"," "
"2020","All","19","All","Female","Main scheme applicant","Main scheme application","5","0"," "
"2021","All","19","All","Female","Main scheme applicant","Main scheme application","5","0"," "
"2022","All","19","All","Female","Main scheme applicant","Main scheme application","10","0"," "
"2023","All","19","All","Female","Main scheme applicant","Main scheme application","10","0"," "
"2019","All","20","All","Female","Main scheme applicant","Main scheme application","10","0"," "
"2020","All","20","All","Female","Main scheme applicant","Main scheme application","10","0"," "
"2021","All","20","All","Female","Main scheme applicant","Main scheme application","15","0"," "
"2022","All","20","All","Female","Main scheme applicant","Main scheme application","10","0"," "
"2023","All","20","All","Female","Main scheme applicant","Main scheme application","5","0"," "
"2019","All","21 - 24","All","Female","Main scheme applicant","Main scheme application","1350","690","0.511"
"2020","All","21 - 24","All","Female","Main scheme applicant","Main scheme application","1485","775","0.523"
"2021","All","21 - 24","All","Female","Main scheme applicant","Main scheme application","1790","730","0.40800000000000003"
"2022","All","21 - 24","All","Female","Main scheme applicant","Main scheme application","1790","1035","0.578"
"2023","All","21 - 24","All","Female","Main scheme applicant","Main scheme application","1585","925","0.584"
"2019","All","25 - 29","All","Female","Main scheme applicant","Main scheme application","1045","550","0.528"
"2020","All","25 - 29","All","Female","Main scheme applicant","Main scheme application","1010","525","0.518"
"2021","All","25 - 29","All","Female","Main scheme applicant","Main scheme application","1260","565","0.45"
"2022","All","25 - 29","All","Female","Main scheme applicant","Main scheme application","1010","555","0.549"
"2023","All","25 - 29","All","Female","Main scheme applicant","Main scheme application","755","420","0.558"
"2019","All","30 - 34","All","Female","Main scheme applicant","Main scheme application","450","200","0.446"
"2020","All","30 - 34","All","Female","Main scheme applicant","Main scheme application","470","250","0.533"
"2021","All","30 - 34","All","Female","Main scheme applicant","Main scheme application","520","195","0.372"
"2022","All","30 - 34","All","Female","Main scheme applicant","Main scheme application","405","225","0.557"
"2023","All","30 - 34","All","Female","Main scheme applicant","Main scheme application","335","190","0.561"
"2019","All","35 and over","All","Female","Main scheme applicant","Main scheme application","800","335","0.418"
"2020","All","35 and over","All","Female","Main scheme applicant","Main scheme application","865","395","0.455"
"2021","All","35 and over","All","Female","Main scheme applicant","Main scheme application","910","350","0.384"
"2022","All","35 and over","All","Female","Main scheme applicant","Main scheme application","725","355","0.491"
"2023","All","35 and over","All","Female","Main scheme applicant","Main scheme application","605","325","0.536"
"2019","All","18","All","Male","Main scheme applicant","Main scheme application","5","0"," "
"2020","All","18","All","Male","Main scheme applicant","Main scheme application","5","0"," "
"2021","All","18","All","Male","Main scheme applicant","Main scheme application","10","0"," "
"2022","All","18","All","Male","Main scheme applicant","Main scheme application","10","0"," "
"2023","All","18","All","Male","Main scheme applicant","Main scheme application","15","0"," "
"2020","All","19","All","Male","Main scheme applicant","Main scheme application","5","0"," "
"2022","All","19","All","Male","Main scheme applicant","Main scheme application","5","0"," "
"2023","All","19","All","Male","Main scheme applicant","Main scheme application","5","0"," "
"2021","All","20","All","Male","Main scheme applicant","Main scheme application","5","0"," "
"2022","All","20","All","Male","Main scheme applicant","Main scheme application","5","0"," "
"2023","All","20","All","Male","Main scheme applicant","Main scheme application","10","0"," "
"2019","All","21 - 24","All","Male","Main scheme applicant","Main scheme application","495","200","0.403"
"2020","All","21 - 24","All","Male","Main scheme applicant","Main scheme application","465","195","0.41300000000000003"
"2021","All","21 - 24","All","Male","Main scheme applicant","Main scheme application","590","210","0.353"
"2022","All","21 - 24","All","Male","Main scheme applicant","Main scheme application","650","280","0.433"
"2023","All","21 - 24","All","Male","Main scheme applicant","Main scheme application","545","295","0.547"
"2019","All","25 - 29","All","Male","Main scheme applicant","Main scheme application","415","185","0.442"
"2020","All","25 - 29","All","Male","Main scheme applicant","Main scheme application","470","220","0.464"
"2021","All","25 - 29","All","Male","Main scheme applicant","Main scheme application","550","205","0.371"
"2022","All","25 - 29","All","Male","Main scheme applicant","Main scheme application","475","240","0.503"
"2023","All","25 - 29","All","Male","Main scheme applicant","Main scheme application","390","210","0.531"
"2019","All","30 - 34","All","Male","Main scheme applicant","Main scheme application","220","105","0.468"
"2020","All","30 - 34","All","Male","Main scheme applicant","Main scheme application","230","105","0.454"
"2021","All","30 - 34","All","Male","Main scheme applicant","Main scheme application","250","100","0.401"
"2022","All","30 - 34","All","Male","Main scheme applicant","Main scheme application","250","130","0.508"
"2023","All","30 - 34","All","Male","Main scheme applicant","Main scheme application","165","75","0.467"
"2019","All","35 and over","All","Male","Main scheme applicant","Main scheme application","340","145","0.434"
"2020","All","35 and over","All","Male","Main scheme applicant","Main scheme application","325","140","0.43"
"2021","All","35 and over","All","Male","Main scheme applicant","Main scheme application","375","125","0.338"
"2022","All","35 and over","All","Male","Main scheme applicant","Main scheme application","305","135","0.451"
"2023","All","35 and over","All","Male","Main scheme applicant","Main scheme application","225","100","0.444"
"2019","Lower tariff","All","All","Female","Not main scheme applicant","Not main scheme application","10","10","1"
"2020","Lower tariff","All","All","Female","Not main scheme applicant","Not main scheme application","25","25","0.889"
"2021","Lower tariff","All","All","Female","Not main scheme applicant","Not main scheme application","15","15","0.929"
"2022","Lower tariff","All","All","Female","Not main scheme applicant","Not main scheme application","45","35","0.8220000000000001"
"2023","Lower tariff","All","All","Female","Not main scheme applicant","Not main scheme application","45","40","0.8260000000000001"
"2019","Higher tariff","All","All","Female","Not main scheme applicant","Not main scheme application","50","35","0.667"
"2020","Higher tariff","All","All","Female","Not main scheme applicant","Not main scheme application","70","45","0.6910000000000001"
"2021","Higher tariff","All","All","Female","Not main scheme applicant","Not main scheme application","40","30","0.763"
"2022","Higher tariff","All","All","Female","Not main scheme applicant","Not main scheme application","50","35","0.708"
"2023","Higher tariff","All","All","Female","Not main scheme applicant","Not main scheme application","60","50","0.8170000000000001"
"2019","Medium tariff","All","All","Female","Not main scheme applicant","Not main scheme application","5","5"," "
"2020","Medium tariff","All","All","Female","Not main scheme applicant","Not main scheme application","15","10","0.588"
"2021","Medium tariff","All","All","Female","Not main scheme applicant","Not main scheme application","10","0"," "
"2022","Medium tariff","All","All","Female","Not main scheme applicant","Not main scheme application","55","35","0.673"
"2023","Medium tariff","All","All","Female","Not main scheme applicant","Not main scheme application","45","35","0.787"
"2019","Lower tariff","All","All","Male","Not main scheme applicant","Not main scheme application","5","5"," "
"2020","Lower tariff","All","All","Male","Not main scheme applicant","Not main scheme application","10","10"," "
"2021","Lower tariff","All","All","Male","Not main scheme applicant","Not main scheme application","5","5"," "
"2022","Lower tariff","All","All","Male","Not main scheme applicant","Not main scheme application","40","30","0.842"
"2023","Lower tariff","All","All","Male","Not main scheme applicant","Not main scheme application","30","25","0.8"
"2019","Higher tariff","All","All","Male","Not main scheme applicant","Not main scheme application","25","20","0.846"
"2020","Higher tariff","All","All","Male","Not main scheme applicant","Not main scheme application","60","50","0.881"
"2021","Higher tariff","All","All","Male","Not main scheme applicant","Not main scheme application","20","15","0.842"
"2022","Higher tariff","All","All","Male","Not main scheme applicant","Not main scheme application","35","20","0.636"
"2023","Higher tariff","All","All","Male","Not main scheme applicant","Not main scheme application","35","30","0.8290000000000001"
"2019","Medium tariff","All","All","Male","Not main scheme applicant","Not main scheme application","5","5"," "
"2020","Medium tariff","All","All","Male","Not main scheme applicant","Not main scheme application","10","5"," "
"2021","Medium tariff","All","All","Male","Not main scheme applicant","Not main scheme application","5","5"," "
"2022","Medium tariff","All","All","Male","Not main scheme applicant","Not main scheme application","20","15","0.842"
"2023","Medium tariff","All","All","Male","Not main scheme applicant","Not main scheme application","40","40","0.929"
"2019","Lower tariff","All","All","Female","Main scheme applicant","Not main scheme application","5","5"," "
"2022","Lower tariff","All","All","Female","Main scheme applicant","Not main scheme application","10","10"," "
"2023","Lower tariff","All","All","Female","Main scheme applicant","Not main scheme application","25","15","0.739"
"2019","Higher tariff","All","All","Female","Main scheme applicant","Not main scheme application","130","75","0.594"
"2020","Higher tariff","All","All","Female","Main scheme applicant","Not main scheme application","130","50","0.379"
"2021","Higher tariff","All","All","Female","Main scheme applicant","Not main scheme application","155","60","0.383"
"2022","Higher tariff","All","All","Female","Main scheme applicant","Not main scheme application","105","60","0.596"
"2023","Higher tariff","All","All","Female","Main scheme applicant","Not main scheme application","70","50","0.725"
"2019","Medium tariff","All","All","Female","Main scheme applicant","Not main scheme application","30","5"," "
"2020","Medium tariff","All","All","Female","Main scheme applicant","Not main scheme application","30","5"," "
"2021","Medium tariff","All","All","Female","Main scheme applicant","Not main scheme application","30","5"," "
"2022","Medium tariff","All","All","Female","Main scheme applicant","Not main scheme application","35","15","0.455"
"2023","Medium tariff","All","All","Female","Main scheme applicant","Not main scheme application","25","15","0.63"
"2022","Lower tariff","All","All","Male","Main scheme applicant","Not main scheme application","5","5"," "
"2023","Lower tariff","All","All","Male","Main scheme applicant","Not main scheme application","5","5"," "
"2019","Higher tariff","All","All","Male","Main scheme applicant","Not main scheme application","30","10","0.429"
"2020","Higher tariff","All","All","Male","Main scheme applicant","Not main scheme application","50","20","0.429"
"2021","Higher tariff","All","All","Male","Main scheme applicant","Not main scheme application","50","15","0.314"
"2022","Higher tariff","All","All","Male","Main scheme applicant","Not main scheme application","35","15","0.47100000000000003"
"2023","Higher tariff","All","All","Male","Main scheme applicant","Not main scheme application","30","15","0.467"
"2019","Medium tariff","All","All","Male","Main scheme applicant","Not main scheme application","5","0"," "
"2020","Medium tariff","All","All","Male","Main scheme applicant","Not main scheme application","20","0"," "
"2021","Medium tariff","All","All","Male","Main scheme applicant","Not main scheme application","20","5"," "
"2022","Medium tariff","All","All","Male","Main scheme applicant","Not main scheme application","15","10","0.588"
"2023","Medium tariff","All","All","Male","Main scheme applicant","Not main scheme application","10","5"," "
"2019","Lower tariff","All","All","Female","Main scheme applicant","Main scheme application","35","15","0.4"
"2020","Lower tariff","All","All","Female","Main scheme applicant","Main scheme application","45","15","0.34"
"2021","Lower tariff","All","All","Female","Main scheme applicant","Main scheme application","35","20","0.5760000000000001"
"2022","Lower tariff","All","All","Female","Main scheme applicant","Main scheme application","810","460","0.5680000000000001"
"2023","Lower tariff","All","All","Female","Main scheme applicant","Main scheme application","705","390","0.551"
"2019","Higher tariff","All","All","Female","Main scheme applicant","Main scheme application","3440","1465","0.426"
"2020","Higher tariff","All","All","Female","Main scheme applicant","Main scheme application","3600","1620","0.45"
"2021","Higher tariff","All","All","Female","Main scheme applicant","Main scheme application","4290","1500","0.35000000000000003"
"2022","Higher tariff","All","All","Female","Main scheme applicant","Main scheme application","2950","1305","0.442"
"2023","Higher tariff","All","All","Female","Main scheme applicant","Main scheme application","2395","1110","0.463"
"2019","Medium tariff","All","All","Female","Main scheme applicant","Main scheme application","2045","300","0.147"
"2020","Medium tariff","All","All","Female","Main scheme applicant","Main scheme application","2125","310","0.146"
"2021","Medium tariff","All","All","Female","Main scheme applicant","Main scheme application","2545","320","0.127"
"2022","Medium tariff","All","All","Female","Main scheme applicant","Main scheme application","2205","410","0.186"
"2023","Medium tariff","All","All","Female","Main scheme applicant","Main scheme application","1865","365","0.196"
"2019","Lower tariff","All","All","Male","Main scheme applicant","Main scheme application","10","5"," "
"2020","Lower tariff","All","All","Male","Main scheme applicant","Main scheme application","5","0"," "
"2021","Lower tariff","All","All","Male","Main scheme applicant","Main scheme application","10","5"," "
"2022","Lower tariff","All","All","Male","Main scheme applicant","Main scheme application","330","175","0.53"
"2023","Lower tariff","All","All","Male","Main scheme applicant","Main scheme application","285","150","0.528"
"2019","Higher tariff","All","All","Male","Main scheme applicant","Main scheme application","1420","540","0.379"
"2020","Higher tariff","All","All","Male","Main scheme applicant","Main scheme application","1420","545","0.384"
"2021","Higher tariff","All","All","Male","Main scheme applicant","Main scheme application","1710","540","0.315"
"2022","Higher tariff","All","All","Male","Main scheme applicant","Main scheme application","1295","465","0.359"
"2023","Higher tariff","All","All","Male","Main scheme applicant","Main scheme application","965","390","0.402"
"2019","Medium tariff","All","All","Male","Main scheme applicant","Main scheme application","760","90","0.117"
"2020","Medium tariff","All","All","Male","Main scheme applicant","Main scheme application","775","110","0.139"
"2021","Medium tariff","All","All","Male","Main scheme applicant","Main scheme application","935","95","0.10200000000000001"
"2022","Medium tariff","All","All","Male","Main scheme applicant","Main scheme application","945","145","0.155"
"2023","Medium tariff","All","All","Male","Main scheme applicant","Main scheme application","785","145","0.186"
"2019","All","All","All","Female","Not main scheme applicant","Not main scheme application","70","50","0.735"
"2020","All","All","All","Female","Not main scheme applicant","Not main scheme application","110","80","0.723"
"2021","All","All","All","Female","Not main scheme applicant","Not main scheme application","60","45","0.721"
"2022","All","All","All","Female","Not main scheme applicant","Not main scheme application","150","110","0.73"
"2023","All","All","All","Female","Not main scheme applicant","Not main scheme application","155","125","0.81"
"2019","All","All","All","Male","Not main scheme applicant","Not main scheme application","35","30","0.861"
"2020","All","All","All","Male","Not main scheme applicant","Not main scheme application","80","65","0.8250000000000001"
"2021","All","All","All","Male","Not main scheme applicant","Not main scheme application","30","25","0.767"
"2022","All","All","All","Male","Not main scheme applicant","Not main scheme application","90","70","0.767"
"2023","All","All","All","Male","Not main scheme applicant","Not main scheme application","105","90","0.86"
"2019","All","All","All","Female","Main scheme applicant","Not main scheme application","160","85","0.528"
"2020","All","All","All","Female","Main scheme applicant","Not main scheme application","160","55","0.354"
"2021","All","All","All","Female","Main scheme applicant","Not main scheme application","180","65","0.357"
"2022","All","All","All","Female","Main scheme applicant","Not main scheme application","145","85","0.578"
"2023","All","All","All","Female","Main scheme applicant","Not main scheme application","120","85","0.706"
"2019","All","All","All","Male","Main scheme applicant","Not main scheme application","35","10","0.353"
"2020","All","All","All","Male","Main scheme applicant","Not main scheme application","65","25","0.343"
"2021","All","All","All","Male","Main scheme applicant","Not main scheme application","70","20","0.278"
"2022","All","All","All","Male","Main scheme applicant","Not main scheme application","55","30","0.527"
"2023","All","All","All","Male","Main scheme applicant","Not main scheme application","45","25","0.6"
"2019","All","All","All","Female","Main scheme applicant","Main scheme application","3675","1780","0.484"
"2020","All","All","All","Female","Main scheme applicant","Main scheme application","3875","1945","0.502"
"2021","All","All","All","Female","Main scheme applicant","Main scheme application","4520","1840","0.40700000000000003"
"2022","All","All","All","Female","Main scheme applicant","Main scheme application","3990","2170","0.544"
"2023","All","All","All","Female","Main scheme applicant","Main scheme application","3320","1860","0.56"
"2019","All","All","All","Male","Main scheme applicant","Main scheme application","1480","635","0.428"
"2020","All","All","All","Male","Main scheme applicant","Main scheme application","1505","655","0.436"
"2021","All","All","All","Male","Main scheme applicant","Main scheme application","1775","640","0.36"
"2022","All","All","All","Male","Main scheme applicant","Main scheme application","1700","785","0.462"
"2023","All","All","All","Male","Main scheme applicant","Main scheme application","1360","685","0.504"
"2019","Lower tariff","21 - 24","England","All","Not main scheme applicant","Not main scheme application","5","5"," "
"2020","Lower tariff","21 - 24","England","All","Not main scheme applicant","Not main scheme application","5","5"," "
"2021","Lower tariff","21 - 24","England","All","Not main scheme applicant","Not main scheme application","5","0"," "
"2022","Lower tariff","21 - 24","England","All","Not main scheme applicant","Not main scheme application","10","5"," "
"2023","Lower tariff","21 - 24","England","All","Not main scheme applicant","Not main scheme application","5","5"," "
"2022","Medium tariff","21 - 24","England","All","Not main scheme applicant","Not main scheme application","5","0"," "
"2023","Medium tariff","21 - 24","England","All","Not main scheme applicant","Not main scheme application","5","5"," "
"2019","Lower tariff","25 - 29","England","All","Not main scheme applicant","Not main scheme application","5","5"," "
"2020","Lower tariff","25 - 29","England","All","Not main scheme applicant","Not main scheme application","10","10","0.833"
"2021","Lower tariff","25 - 29","England","All","Not main scheme applicant","Not main scheme application","5","5"," "
"2022","Lower tariff","25 - 29","England","All","Not main scheme applicant","Not main scheme application","5","5"," "
"2023","Lower tariff","25 - 29","England","All","Not main scheme applicant","Not main scheme application","10","10","1"
"2020","Lower tariff","30 - 34","England","All","Not main scheme applicant","Not main scheme application","5","5"," "
"2021","Lower tariff","30 - 34","England","All","Not main scheme applicant","Not main scheme application","5","5"," "
"2019","Lower tariff","35 and over","England","All","Not main scheme applicant","Not main scheme application","10","10"," "
"2020","Lower tariff","35 and over","England","All","Not main scheme applicant","Not main scheme application","10","10","0.917"
"2021","Lower tariff","35 and over","England","All","Not main scheme applicant","Not main scheme application","10","10"," "
"2022","Lower tariff","35 and over","England","All","Not main scheme applicant","Not main scheme application","5","5"," "
"2023","Lower tariff","35 and over","England","All","Not main scheme applicant","Not main scheme application","10","10"," "
"2019","Higher tariff","21 - 24","Scotland","All","Not main scheme applicant","Not main scheme application","15","15","0.8240000000000001"
"2020","Higher tariff","21 - 24","Scotland","All","Not main scheme applicant","Not main scheme application","30","25","0.8"
"2021","Higher tariff","21 - 24","Scotland","All","Not main scheme applicant","Not main scheme application","20","15","0.9440000000000001"
"2022","Higher tariff","21 - 24","Scotland","All","Not main scheme applicant","Not main scheme application","20","15","0.85"
"2023","Higher tariff","21 - 24","Scotland","All","Not main scheme applicant","Not main scheme application","25","20","0.72"
"2019","Medium tariff","21 - 24","Scotland","All","Not main scheme applicant","Not main scheme application","5","5"," "
"2020","Medium tariff","21 - 24","Scotland","All","Not main scheme applicant","Not main scheme application","5","5"," "
"2021","Medium tariff","21 - 24","Scotland","All","Not main scheme applicant","Not main scheme application","5","0"," "
"2022","Medium tariff","21 - 24","Scotland","All","Not main scheme applicant","Not main scheme application","5","5"," "
"2019","Higher tariff","25 - 29","Scotland","All","Not main scheme applicant","Not main scheme application","30","25","0.793"
"2020","Higher tariff","25 - 29","Scotland","All","Not main scheme applicant","Not main scheme application","45","40","0.851"
"2021","Higher tariff","25 - 29","Scotland","All","Not main scheme applicant","Not main scheme application","15","10","0.714"
"2022","Higher tariff","25 - 29","Scotland","All","Not main scheme applicant","Not main scheme application","20","15","0.75"
"2023","Higher tariff","25 - 29","Scotland","All","Not main scheme applicant","Not main scheme application","25","20","0.875"
"2020","Medium tariff","25 - 29","Scotland","All","Not main scheme applicant","Not main scheme application","5","5"," "
"2022","Medium tariff","25 - 29","Scotland","All","Not main scheme applicant","Not main scheme application","5","5"," "
"2019","Higher tariff","30 - 34","Scotland","All","Not main scheme applicant","Not main scheme application","10","5"," "
"2020","Higher tariff","30 - 34","Scotland","All","Not main scheme applicant","Not main scheme application","10","5"," "
"2022","Higher tariff","30 - 34","Scotland","All","Not main scheme applicant","Not main scheme application","10","5"," "
"2023","Higher tariff","30 - 34","Scotland","All","Not main scheme applicant","Not main scheme application","15","10","0.786"
"2020","Medium tariff","30 - 34","Scotland","All","Not main scheme applicant","Not main scheme application","5","5"," "
"2021","Medium tariff","30 - 34","Scotland","All","Not main scheme applicant","Not main scheme application","5","0"," "
"2022","Medium tariff","30 - 34","Scotland","All","Not main scheme applicant","Not main scheme application","5","0"," "
"2019","Higher tariff","35 and over","Scotland","All","Not main scheme applicant","Not main scheme application","20","10","0.55"
"2020","Higher tariff","35 and over","Scotland","All","Not main scheme applicant","Not main scheme application","30","25","0.75"
"2021","Higher tariff","35 and over","Scotland","All","Not main scheme applicant","Not main scheme application","20","15","0.778"
"2022","Higher tariff","35 and over","Scotland","All","Not main scheme applicant","Not main scheme application","25","15","0.708"
"2023","Higher tariff","35 and over","Scotland","All","Not main scheme applicant","Not main scheme application","30","25","0.871"
"2019","Medium tariff","35 and over","Scotland","All","Not main scheme applicant","Not main scheme application","5","5"," "
"2020","Medium tariff","35 and over","Scotland","All","Not main scheme applicant","Not main scheme application","10","5"," "
"2021","Medium tariff","35 and over","Scotland","All","Not main scheme applicant","Not main scheme application","5","0"," "
"2022","Medium tariff","35 and over","Scotland","All","Not main scheme applicant","Not main scheme application","5","5"," "
"2023","Medium tariff","35 and over","Scotland","All","Not main scheme applicant","Not main scheme application","5","5"," "
"2022","Lower tariff","21 - 24","Wales","All","Not main scheme applicant","Not main scheme application","25","20","0.8150000000000001"
"2023","Lower tariff","21 - 24","Wales","All","Not main scheme applicant","Not main scheme application","30","25","0.75"
"2022","Medium tariff","21 - 24","Wales","All","Not main scheme applicant","Not main scheme application","25","20","0.8"
"2023","Medium tariff","21 - 24","Wales","All","Not main scheme applicant","Not main scheme application","35","35","0.917"
"2022","Lower tariff","25 - 29","Wales","All","Not main scheme applicant","Not main scheme application","20","15","0.889"
"2023","Lower tariff","25 - 29","Wales","All","Not main scheme applicant","Not main scheme application","5","5"," "
"2022","Medium tariff","25 - 29","Wales","All","Not main scheme applicant","Not main scheme application","15","10","0.6880000000000001"
"2023","Medium tariff","25 - 29","Wales","All","Not main scheme applicant","Not main scheme application","15","10","0.769"
"2022","Lower tariff","30 - 34","Wales","All","Not main scheme applicant","Not main scheme application","5","5"," "
"2023","Lower tariff","30 - 34","Wales","All","Not main scheme applicant","Not main scheme application","5","0"," "
"2023","Medium tariff","30 - 34","Wales","All","Not main scheme applicant","Not main scheme application","10","10"," "
"2022","Lower tariff","35 and over","Wales","All","Not main scheme applicant","Not main scheme application","10","10"," "
"2023","Lower tariff","35 and over","Wales","All","Not main scheme applicant","Not main scheme application","5","5"," "
"2022","Medium tariff","35 and over","Wales","All","Not main scheme applicant","Not main scheme application","5","5"," "
"2023","Medium tariff","35 and over","Wales","All","Not main scheme applicant","Not main scheme application","10","10"," "
"2021","Higher tariff","18","Scotland","All","Main scheme applicant","Not main scheme application","5","0"," "
"2019","Higher tariff","21 - 24","Scotland","All","Main scheme applicant","Not main scheme application","60","30","0.517"
"2020","Higher tariff","21 - 24","Scotland","All","Main scheme applicant","Not main scheme application","70","15","0.243"
"2021","Higher tariff","21 - 24","Scotland","All","Main scheme applicant","Not main scheme application","80","25","0.317"
"2022","Higher tariff","21 - 24","Scotland","All","Main scheme applicant","Not main scheme application","60","35","0.6"
"2023","Higher tariff","21 - 24","Scotland","All","Main scheme applicant","Not main scheme application","40","25","0.595"
"2019","Medium tariff","21 - 24","Scotland","All","Main scheme applicant","Not main scheme application","15","0"," "
"2020","Medium tariff","21 - 24","Scotland","All","Main scheme applicant","Not main scheme application","10","0"," "
"2021","Medium tariff","21 - 24","Scotland","All","Main scheme applicant","Not main scheme application","25","5"," "
"2022","Medium tariff","21 - 24","Scotland","All","Main scheme applicant","Not main scheme application","10","5"," "
"2023","Medium tariff","21 - 24","Scotland","All","Main scheme applicant","Not main scheme application","10","5"," "
"2019","Higher tariff","25 - 29","Scotland","All","Main scheme applicant","Not main scheme application","40","25","0.59"
"2020","Higher tariff","25 - 29","Scotland","All","Main scheme applicant","Not main scheme application","45","20","0.467"
"2021","Higher tariff","25 - 29","Scotland","All","Main scheme applicant","Not main scheme application","65","25","0.359"
"2022","Higher tariff","25 - 29","Scotland","All","Main scheme applicant","Not main scheme application","30","20","0.625"
"2023","Higher tariff","25 - 29","Scotland","All","Main scheme applicant","Not main scheme application","25","20","0.792"
"2019","Medium tariff","25 - 29","Scotland","All","Main scheme applicant","Not main scheme application","10","0"," "
"2020","Medium tariff","25 - 29","Scotland","All","Main scheme applicant","Not main scheme application","15","5"," "
"2021","Medium tariff","25 - 29","Scotland","All","Main scheme applicant","Not main scheme application","10","0"," "
"2022","Medium tariff","25 - 29","Scotland","All","Main scheme applicant","Not main scheme application","10","5"," "
"2023","Medium tariff","25 - 29","Scotland","All","Main scheme applicant","Not main scheme application","5","0"," "
"2019","Higher tariff","30 - 34","Scotland","All","Main scheme applicant","Not main scheme application","10","5"," "
"2020","Higher tariff","30 - 34","Scotland","All","Main scheme applicant","Not main scheme application","15","10"," "
"2021","Higher tariff","30 - 34","Scotland","All","Main scheme applicant","Not main scheme application","25","10","0.417"
"2022","Higher tariff","30 - 34","Scotland","All","Main scheme applicant","Not main scheme application","20","5"," "
"2023","Higher tariff","30 - 34","Scotland","All","Main scheme applicant","Not main scheme application","10","5"," "
"2019","Medium tariff","30 - 34","Scotland","All","Main scheme applicant","Not main scheme application","5","0"," "
"2020","Medium tariff","30 - 34","Scotland","All","Main scheme applicant","Not main scheme application","5","0"," "
"2021","Medium tariff","30 - 34","Scotland","All","Main scheme applicant","Not main scheme application","5","0"," "
"2019","Higher tariff","35 and over","Scotland","All","Main scheme applicant","Not main scheme application","35","25","0.649"
"2020","Higher tariff","35 and over","Scotland","All","Main scheme applicant","Not main scheme application","35","20","0.514"
"2021","Higher tariff","35 and over","Scotland","All","Main scheme applicant","Not main scheme application","25","15","0.652"
"2022","Higher tariff","35 and over","Scotland","All","Main scheme applicant","Not main scheme application","20","15","0.667"
"2023","Higher tariff","35 and over","Scotland","All","Main scheme applicant","Not main scheme application","20","10","0.6"
"2019","Medium tariff","35 and over","Scotland","All","Main scheme applicant","Not main scheme application","10","0"," "
"2020","Medium tariff","35 and over","Scotland","All","Main scheme applicant","Not main scheme application","10","0"," "
"2021","Medium tariff","35 and over","Scotland","All","Main scheme applicant","Not main scheme application","5","0"," "
"2022","Medium tariff","35 and over","Scotland","All","Main scheme applicant","Not main scheme application","10","5"," "
"2023","Medium tariff","35 and over","Scotland","All","Main scheme applicant","Not main scheme application","5","0"," "
"2022","Lower tariff","21 - 24","Wales","All","Main scheme applicant","Not main scheme application","10","10"," "
"2023","Lower tariff","21 - 24","Wales","All","Main scheme applicant","Not main scheme application","10","10"," "
"2022","Medium tariff","21 - 24","Wales","All","Main scheme applicant","Not main scheme application","5","5"," "
"2023","Medium tariff","21 - 24","Wales","All","Main scheme applicant","Not main scheme application","5","5"," "
"2023","Lower tariff","25 - 29","Wales","All","Main scheme applicant","Not main scheme application","10","5"," "
"2023","Medium tariff","25 - 29","Wales","All","Main scheme applicant","Not main scheme application","5","5"," "
"2023","Lower tariff","30 - 34","Wales","All","Main scheme applicant","Not main scheme application","5","5"," "
"2022","Medium tariff","30 - 34","Wales","All","Main scheme applicant","Not main scheme application","5","5"," "
"2023","Lower tariff","35 and over","Wales","All","Main scheme applicant","Not main scheme application","5","5"," "
"2020","Higher tariff","21 - 24","EU (excluding UK)","All","Main scheme applicant","Not main scheme application","5","0"," "
"2021","Higher tariff","25 - 29","EU (excluding UK)","All","Main scheme applicant","Not main scheme application","5","0"," "
"2022","Lower tariff","21 - 24","Northern Ireland","All","Main scheme applicant","Main scheme application","5","0"," "
"2023","Lower tariff","21 - 24","Northern Ireland","All","Main scheme applicant","Main scheme application","5","0"," "
"2019","Higher tariff","21 - 24","Northern Ireland","All","Main scheme applicant","Main scheme application","60","10","0.17200000000000001"
"2020","Higher tariff","21 - 24","Northern Ireland","All","Main scheme applicant","Main scheme application","40","10"," "
"2021","Higher tariff","21 - 24","Northern Ireland","All","Main scheme applicant","Main scheme application","65","15","0.222"
"2022","Higher tariff","21 - 24","Northern Ireland","All","Main scheme applicant","Main scheme application","45","10","0.23900000000000002"
"2023","Higher tariff","21 - 24","Northern Ireland","All","Main scheme applicant","Main scheme application","25","5"," "
"2019","Medium tariff","21 - 24","Northern Ireland","All","Main scheme applicant","Main scheme application","20","0"," "
"2020","Medium tariff","21 - 24","Northern Ireland","All","Main scheme applicant","Main scheme application","10","0"," "
"2021","Medium tariff","21 - 24","Northern Ireland","All","Main scheme applicant","Main scheme application","25","0"," "
"2022","Medium tariff","21 - 24","Northern Ireland","All","Main scheme applicant","Main scheme application","20","0"," "
"2023","Medium tariff","21 - 24","Northern Ireland","All","Main scheme applicant","Main scheme application","10","0"," "
"2022","Lower tariff","25 - 29","Northern Ireland","All","Main scheme applicant","Main scheme application","5","0"," "
"2023","Lower tariff","25 - 29","Northern Ireland","All","Main scheme applicant","Main scheme application","5","0"," "
"2019","Higher tariff","25 - 29","Northern Ireland","All","Main scheme applicant","Main scheme application","25","10","0.423"
"2020","Higher tariff","25 - 29","Northern Ireland","All","Main scheme applicant","Main scheme application","20","5"," "
"2021","Higher tariff","25 - 29","Northern Ireland","All","Main scheme applicant","Main scheme application","25","5"," "
"2022","Higher tariff","25 - 29","Northern Ireland","All","Main scheme applicant","Main scheme application","15","5"," "
"2023","Higher tariff","25 - 29","Northern Ireland","All","Main scheme applicant","Main scheme application","10","5"," "
"2019","Medium tariff","25 - 29","Northern Ireland","All","Main scheme applicant","Main scheme application","10","0"," "
"2020","Medium tariff","25 - 29","Northern Ireland","All","Main scheme applicant","Main scheme application","10","0"," "
"2021","Medium tariff","25 - 29","Northern Ireland","All","Main scheme applicant","Main scheme application","5","0"," "
"2022","Medium tariff","25 - 29","Northern Ireland","All","Main scheme applicant","Main scheme application","5","0"," "
"2023","Medium tariff","25 - 29","Northern Ireland","All","Main scheme applicant","Main scheme application","5","0"," "
"2020","Higher tariff","30 - 34","Northern Ireland","All","Main scheme applicant","Main scheme application","5","0"," "
"2021","Higher tariff","30 - 34","Northern Ireland","All","Main scheme applicant","Main scheme application","5","0"," "
"2022","Higher tariff","30 - 34","Northern Ireland","All","Main scheme applicant","Main scheme application","5","0"," "
"2023","Higher tariff","30 - 34","Northern Ireland","All","Main scheme applicant","Main scheme application","5","0"," "
"2021","Medium tariff","30 - 34","Northern Ireland","All","Main scheme applicant","Main scheme application","5","0"," "
"2022","Medium tariff","30 - 34","Northern Ireland","All","Main scheme applicant","Main scheme application","5","0"," "
"2019","Higher tariff","35 and over","Northern Ireland","All","Main scheme applicant","Main scheme application","5","0"," "
"2023","Higher tariff","35 and over","Northern Ireland","All","Main scheme applicant","Main scheme application","5","0"," "
"2021","Medium tariff","35 and over","Northern Ireland","All","Main scheme applicant","Main scheme application","5","0"," "
"2022","Lower tariff","18","England","All","Main scheme applicant","Main scheme application","5","0"," "
"2022","Medium tariff","18","England","All","Main scheme applicant","Main scheme application","5","0"," "
"2023","Medium tariff","18","England","All","Main scheme applicant","Main scheme application","5","0"," "
"2019","Lower tariff","21 - 24","England","All","Main scheme applicant","Main scheme application","15","10"," "
"2020","Lower tariff","21 - 24","England","All","Main scheme applicant","Main scheme application","10","5"," "
"2021","Lower tariff","21 - 24","England","All","Main scheme applicant","Main scheme application","10","5"," "
"2022","Lower tariff","21 - 24","England","All","Main scheme applicant","Main scheme application","85","35","0.388"
"2023","Lower tariff","21 - 24","England","All","Main scheme applicant","Main scheme application","70","30","0.417"
"2019","Higher tariff","21 - 24","England","All","Main scheme applicant","Main scheme application","55","20","0.375"
"2020","Higher tariff","21 - 24","England","All","Main scheme applicant","Main scheme application","40","15","0.341"
"2021","Higher tariff","21 - 24","England","All","Main scheme applicant","Main scheme application","75","20","0.23700000000000002"
"2022","Higher tariff","21 - 24","England","All","Main scheme applicant","Main scheme application","50","10","0.24"
"2023","Higher tariff","21 - 24","England","All","Main scheme applicant","Main scheme application","40","5"," "
"2019","Medium tariff","21 - 24","England","All","Main scheme applicant","Main scheme application","20","0"," "
"2020","Medium tariff","21 - 24","England","All","Main scheme applicant","Main scheme application","10","0"," "
"2021","Medium tariff","21 - 24","England","All","Main scheme applicant","Main scheme application","20","0"," "
"2022","Medium tariff","21 - 24","England","All","Main scheme applicant","Main scheme application","55","20","0.357"
"2023","Medium tariff","21 - 24","England","All","Main scheme applicant","Main scheme application","55","20","0.333"
"2019","Lower tariff","25 - 29","England","All","Main scheme applicant","Main scheme application","5","0"," "
"2020","Lower tariff","25 - 29","England","All","Main scheme applicant","Main scheme application","10","5"," "
"2021","Lower tariff","25 - 29","England","All","Main scheme applicant","Main scheme application","15","5"," "
"2022","Lower tariff","25 - 29","England","All","Main scheme applicant","Main scheme application","5","0"," "
"2023","Lower tariff","25 - 29","England","All","Main scheme applicant","Main scheme application","10","5"," "
"2019","Higher tariff","25 - 29","England","All","Main scheme applicant","Main scheme application","25","5"," "
"2020","Higher tariff","25 - 29","England","All","Main scheme applicant","Main scheme application","25","10","0.462"
"2021","Higher tariff","25 - 29","England","All","Main scheme applicant","Main scheme application","40","15","0.341"
"2022","Higher tariff","25 - 29","England","All","Main scheme applicant","Main scheme application","30","5"," "
"2023","Higher tariff","25 - 29","England","All","Main scheme applicant","Main scheme application","15","0"," "
"2019","Medium tariff","25 - 29","England","All","Main scheme applicant","Main scheme application","10","0"," "
"2020","Medium tariff","25 - 29","England","All","Main scheme applicant","Main scheme application","15","5"," "
"2021","Medium tariff","25 - 29","England","All","Main scheme applicant","Main scheme application","15","0"," "
"2022","Medium tariff","25 - 29","England","All","Main scheme applicant","Main scheme application","15","0"," "
"2023","Medium tariff","25 - 29","England","All","Main scheme applicant","Main scheme application","10","0"," "
"2019","Lower tariff","30 - 34","England","All","Main scheme applicant","Main scheme application","10","5"," "
"2020","Lower tariff","30 - 34","England","All","Main scheme applicant","Main scheme application","10","5"," "
"2021","Lower tariff","30 - 34","England","All","Main scheme applicant","Main scheme application","5","0"," "
"2022","Lower tariff","30 - 34","England","All","Main scheme applicant","Main scheme application","5","5"," "
"2023","Lower tariff","30 - 34","England","All","Main scheme applicant","Main scheme application","5","0"," "
"2019","Higher tariff","30 - 34","England","All","Main scheme applicant","Main scheme application","5","0"," "
"2020","Higher tariff","30 - 34","England","All","Main scheme applicant","Main scheme application","10","10"," "
"2021","Higher tariff","30 - 34","England","All","Main scheme applicant","Main scheme application","15","0"," "
"2022","Higher tariff","30 - 34","England","All","Main scheme applicant","Main scheme application","10","0"," "
"2023","Higher tariff","30 - 34","England","All","Main scheme applicant","Main scheme application","5","5"," "
"2019","Medium tariff","30 - 34","England","All","Main scheme applicant","Main scheme application","5","0"," "
"2020","Medium tariff","30 - 34","England","All","Main scheme applicant","Main scheme application","5","0"," "
"2021","Medium tariff","30 - 34","England","All","Main scheme applicant","Main scheme application","5","0"," "
"2022","Medium tariff","30 - 34","England","All","Main scheme applicant","Main scheme application","10","5"," "
"2023","Medium tariff","30 - 34","England","All","Main scheme applicant","Main scheme application","5","0"," "
"2019","Lower tariff","35 and over","England","All","Main scheme applicant","Main scheme application","10","5"," "
"2020","Lower tariff","35 and over","England","All","Main scheme applicant","Main scheme application","15","5"," "
"2021","Lower tariff","35 and over","England","All","Main scheme applicant","Main scheme application","10","10","0.833"
"2022","Lower tariff","35 and over","England","All","Main scheme applicant","Main scheme application","10","5"," "
"2023","Lower tariff","35 and over","England","All","Main scheme applicant","Main scheme application","10","0"," "
"2019","Higher tariff","35 and over","England","All","Main scheme applicant","Main scheme application","10","0"," "
"2020","Higher tariff","35 and over","England","All","Main scheme applicant","Main scheme application","5","0"," "
"2021","Higher tariff","35 and over","England","All","Main scheme applicant","Main scheme application","10","5"," "
"2022","Higher tariff","35 and over","England","All","Main scheme applicant","Main scheme application","5","0"," "
"2019","Medium tariff","35 and over","England","All","Main scheme applicant","Main scheme application","5","0"," "
"2020","Medium tariff","35 and over","England","All","Main scheme applicant","Main scheme application","5","0"," "
"2021","Medium tariff","35 and over","England","All","Main scheme applicant","Main scheme application","10","0"," "
"2023","Medium tariff","35 and over","England","All","Main scheme applicant","Main scheme application","5","0"," "
"2019","Higher tariff","18","Scotland","All","Main scheme applicant","Main scheme application","10","0"," "
"2020","Higher tariff","18","Scotland","All","Main scheme applicant","Main scheme application","15","0"," "
"2021","Higher tariff","18","Scotland","All","Main scheme applicant","Main scheme application","20","0"," "
"2022","Higher tariff","18","Scotland","All","Main scheme applicant","Main scheme application","20","0"," "
"2023","Higher tariff","18","Scotland","All","Main scheme applicant","Main scheme application","20","0"," "
"2019","Medium tariff","18","Scotland","All","Main scheme applicant","Main scheme application","5","0"," "
"2020","Medium tariff","18","Scotland","All","Main scheme applicant","Main scheme application","10","0"," "
"2021","Medium tariff","18","Scotland","All","Main scheme applicant","Main scheme application","5","0"," "
"2022","Medium tariff","18","Scotland","All","Main scheme applicant","Main scheme application","5","0"," "
"2023","Medium tariff","18","Scotland","All","Main scheme applicant","Main scheme application","5","0"," "
"2019","Higher tariff","19","Scotland","All","Main scheme applicant","Main scheme application","5","0"," "
"2021","Higher tariff","19","Scotland","All","Main scheme applicant","Main scheme application","5","0"," "
"2022","Higher tariff","19","Scotland","All","Main scheme applicant","Main scheme application","10","0"," "
"2023","Higher tariff","19","Scotland","All","Main scheme applicant","Main scheme application","5","0"," "
"2019","Medium tariff","19","Scotland","All","Main scheme applicant","Main scheme application","5","0"," "
"2021","Medium tariff","19","Scotland","All","Main scheme applicant","Main scheme application","5","0"," "
"2019","Higher tariff","20","Scotland","All","Main scheme applicant","Main scheme application","5","0"," "
"2020","Higher tariff","20","Scotland","All","Main scheme applicant","Main scheme application","5","0"," "
"2021","Higher tariff","20","Scotland","All","Main scheme applicant","Main scheme application","15","0"," "
"2022","Higher tariff","20","Scotland","All","Main scheme applicant","Main scheme application","5","0"," "
"2023","Higher tariff","20","Scotland","All","Main scheme applicant","Main scheme application","5","0"," "
"2020","Medium tariff","20","Scotland","All","Main scheme applicant","Main scheme application","5","0"," "
"2021","Medium tariff","20","Scotland","All","Main scheme applicant","Main scheme application","5","0"," "
"2022","Medium tariff","20","Scotland","All","Main scheme applicant","Main scheme application","5","0"," "
"2023","Medium tariff","20","Scotland","All","Main scheme applicant","Main scheme application","5","0"," "
"2022","Lower tariff","21 - 24","Scotland","All","Main scheme applicant","Main scheme application","5","0"," "
"2023","Lower tariff","21 - 24","Scotland","All","Main scheme applicant","Main scheme application","5","0"," "
"2019","Higher tariff","21 - 24","Scotland","All","Main scheme applicant","Main scheme application","1545","710","0.458"
"2020","Higher tariff","21 - 24","Scotland","All","Main scheme applicant","Main scheme application","1640","775","0.47300000000000003"
"2021","Higher tariff","21 - 24","Scotland","All","Main scheme applicant","Main scheme application","2070","775","0.374"
"2022","Higher tariff","21 - 24","Scotland","All","Main scheme applicant","Main scheme application","1500","675","0.449"
"2023","Higher tariff","21 - 24","Scotland","All","Main scheme applicant","Main scheme application","1265","635","0.503"
"2019","Medium tariff","21 - 24","Scotland","All","Main scheme applicant","Main scheme application","855","90","0.108"
"2020","Medium tariff","21 - 24","Scotland","All","Main scheme applicant","Main scheme application","940","95","0.10300000000000001"
"2021","Medium tariff","21 - 24","Scotland","All","Main scheme applicant","Main scheme application","1210","100","0.083"
"2022","Medium tariff","21 - 24","Scotland","All","Main scheme applicant","Main scheme application","880","90","0.10300000000000001"
"2023","Medium tariff","21 - 24","Scotland","All","Main scheme applicant","Main scheme application","740","85","0.112"
"2022","Lower tariff","25 - 29","Scotland","All","Main scheme applicant","Main scheme application","5","0"," "
"2023","Lower tariff","25 - 29","Scotland","All","Main scheme applicant","Main scheme application","5","0"," "
"2019","Higher tariff","25 - 29","Scotland","All","Main scheme applicant","Main scheme application","1270","570","0.449"
"2020","Higher tariff","25 - 29","Scotland","All","Main scheme applicant","Main scheme application","1265","565","0.448"
"2021","Higher tariff","25 - 29","Scotland","All","Main scheme applicant","Main scheme application","1610","585","0.362"
"2022","Higher tariff","25 - 29","Scotland","All","Main scheme applicant","Main scheme application","1100","490","0.447"
"2023","Higher tariff","25 - 29","Scotland","All","Main scheme applicant","Main scheme application","810","380","0.467"
"2019","Medium tariff","25 - 29","Scotland","All","Main scheme applicant","Main scheme application","805","115","0.14300000000000002"
"2020","Medium tariff","25 - 29","Scotland","All","Main scheme applicant","Main scheme application","780","115","0.146"
"2021","Medium tariff","25 - 29","Scotland","All","Main scheme applicant","Main scheme application","1010","140","0.139"
"2022","Medium tariff","25 - 29","Scotland","All","Main scheme applicant","Main scheme application","705","105","0.148"
"2023","Medium tariff","25 - 29","Scotland","All","Main scheme applicant","Main scheme application","545","75","0.134"
"2019","Higher tariff","30 - 34","Scotland","All","Main scheme applicant","Main scheme application","560","220","0.397"
"2020","Higher tariff","30 - 34","Scotland","All","Main scheme applicant","Main scheme application","585","255","0.44"
"2021","Higher tariff","30 - 34","Scotland","All","Main scheme applicant","Main scheme application","685","220","0.32"
"2022","Higher tariff","30 - 34","Scotland","All","Main scheme applicant","Main scheme application","480","220","0.453"
"2023","Higher tariff","30 - 34","Scotland","All","Main scheme applicant","Main scheme application","355","155","0.434"
"2019","Medium tariff","30 - 34","Scotland","All","Main scheme applicant","Main scheme application","340","55","0.165"
"2020","Medium tariff","30 - 34","Scotland","All","Main scheme applicant","Main scheme application","365","65","0.181"
"2021","Medium tariff","30 - 34","Scotland","All","Main scheme applicant","Main scheme application","410","65","0.157"
"2022","Medium tariff","30 - 34","Scotland","All","Main scheme applicant","Main scheme application","295","50","0.165"
"2023","Medium tariff","30 - 34","Scotland","All","Main scheme applicant","Main scheme application","240","50","0.202"
"2022","Lower tariff","35 and over","Scotland","All","Main scheme applicant","Main scheme application","5","0"," "
"2019","Higher tariff","35 and over","Scotland","All","Main scheme applicant","Main scheme application","975","360","0.369"
"2020","Higher tariff","35 and over","Scotland","All","Main scheme applicant","Main scheme application","1005","390","0.389"
"2021","Higher tariff","35 and over","Scotland","All","Main scheme applicant","Main scheme application","1105","350","0.318"
"2022","Higher tariff","35 and over","Scotland","All","Main scheme applicant","Main scheme application","760","305","0.4"
"2023","Higher tariff","35 and over","Scotland","All","Main scheme applicant","Main scheme application","620","265","0.429"
"2019","Medium tariff","35 and over","Scotland","All","Main scheme applicant","Main scheme application","600","105","0.178"
"2020","Medium tariff","35 and over","Scotland","All","Main scheme applicant","Main scheme application","635","130","0.203"
"2021","Medium tariff","35 and over","Scotland","All","Main scheme applicant","Main scheme application","660","100","0.154"
"2022","Medium tariff","35 and over","Scotland","All","Main scheme applicant","Main scheme application","465","100","0.214"
"2023","Medium tariff","35 and over","Scotland","All","Main scheme applicant","Main scheme application","380","90","0.23800000000000002"
"2020","Lower tariff","18","Wales","All","Main scheme applicant","Main scheme application","5","0"," "
"2022","Lower tariff","18","Wales","All","Main scheme applicant","Main scheme application","5","0"," "
"2022","Medium tariff","18","Wales","All","Main scheme applicant","Main scheme application","15","0"," "
"2023","Medium tariff","18","Wales","All","Main scheme applicant","Main scheme application","5","0"," "
"2023","Lower tariff","20","Wales","All","Main scheme applicant","Main scheme application","5","0"," "
"2022","Lower tariff","21 - 24","Wales","All","Main scheme applicant","Main scheme application","560","350","0.623"
"2023","Lower tariff","21 - 24","Wales","All","Main scheme applicant","Main scheme application","505","300","0.598"
"2020","Higher tariff","21 - 24","Wales","All","Main scheme applicant","Main scheme application","5","0"," "
"2021","Higher tariff","21 - 24","Wales","All","Main scheme applicant","Main scheme application","5","0"," "
"2022","Higher tariff","21 - 24","Wales","All","Main scheme applicant","Main scheme application","5","0"," "
"2023","Higher tariff","21 - 24","Wales","All","Main scheme applicant","Main scheme application","10","0"," "
"2022","Medium tariff","21 - 24","Wales","All","Main scheme applicant","Main scheme application","340","110","0.32"
"2023","Medium tariff","21 - 24","Wales","All","Main scheme applicant","Main scheme application","345","120","0.34400000000000003"
"2022","Lower tariff","25 - 29","Wales","All","Main scheme applicant","Main scheme application","200","125","0.632"
"2023","Lower tariff","25 - 29","Wales","All","Main scheme applicant","Main scheme application","185","115","0.63"
"2019","Higher tariff","25 - 29","Wales","All","Main scheme applicant","Main scheme application","5","0"," "
"2020","Higher tariff","25 - 29","Wales","All","Main scheme applicant","Main scheme application","5","0"," "
"2022","Higher tariff","25 - 29","Wales","All","Main scheme applicant","Main scheme application","5","0"," "
"2023","Higher tariff","25 - 29","Wales","All","Main scheme applicant","Main scheme application","5","0"," "
"2022","Medium tariff","25 - 29","Wales","All","Main scheme applicant","Main scheme application","115","30","0.23900000000000002"
"2023","Medium tariff","25 - 29","Wales","All","Main scheme applicant","Main scheme application","100","35","0.324"
"2022","Lower tariff","30 - 34","Wales","All","Main scheme applicant","Main scheme application","75","50","0.712"
"2023","Lower tariff","30 - 34","Wales","All","Main scheme applicant","Main scheme application","65","40","0.612"
"2022","Medium tariff","30 - 34","Wales","All","Main scheme applicant","Main scheme application","40","15","0.41500000000000004"
"2023","Medium tariff","30 - 34","Wales","All","Main scheme applicant","Main scheme application","35","10","0.28600000000000003"
"2022","Lower tariff","35 and over","Wales","All","Main scheme applicant","Main scheme application","105","55","0.548"
"2023","Lower tariff","35 and over","Wales","All","Main scheme applicant","Main scheme application","65","35","0.523"
"2022","Medium tariff","35 and over","Wales","All","Main scheme applicant","Main scheme application","45","15","0.356"
"2023","Medium tariff","35 and over","Wales","All","Main scheme applicant","Main scheme application","50","20","0.385"
"2022","Lower tariff","21 - 24","Not EU","All","Main scheme applicant","Main scheme application","5","0"," "
"2023","Lower tariff","21 - 24","Not EU","All","Main scheme applicant","Main scheme application","5","0"," "
"2019","Higher tariff","21 - 24","Not EU","All","Main scheme applicant","Main scheme application","15","5"," "
"2020","Higher tariff","21 - 24","Not EU","All","Main scheme applicant","Main scheme application","25","5"," "
"2021","Higher tariff","21 - 24","Not EU","All","Main scheme applicant","Main scheme application","15","0"," "
"2022","Higher tariff","21 - 24","Not EU","All","Main scheme applicant","Main scheme application","15","5"," "
"2023","Higher tariff","21 - 24","Not EU","All","Main scheme applicant","Main scheme application","30","5"," "
"2019","Medium tariff","21 - 24","Not EU","All","Main scheme applicant","Main scheme application","5","0"," "
"2020","Medium tariff","21 - 24","Not EU","All","Main scheme applicant","Main scheme application","5","0"," "
"2021","Medium tariff","21 - 24","Not EU","All","Main scheme applicant","Main scheme application","5","0"," "
"2022","Medium tariff","21 - 24","Not EU","All","Main scheme applicant","Main scheme application","10","0"," "
"2023","Medium tariff","21 - 24","Not EU","All","Main scheme applicant","Main scheme application","10","0"," "
"2022","Lower tariff","25 - 29","Not EU","All","Main scheme applicant","Main scheme application","10","0"," "
"2023","Lower tariff","25 - 29","Not EU","All","Main scheme applicant","Main scheme application","5","0"," "
"2019","Higher tariff","25 - 29","Not EU","All","Main scheme applicant","Main scheme application","15","5"," "
"2020","Higher tariff","25 - 29","Not EU","All","Main scheme applicant","Main scheme application","20","5"," "
"2021","Higher tariff","25 - 29","Not EU","All","Main scheme applicant","Main scheme application","25","10"," "
"2022","Higher tariff","25 - 29","Not EU","All","Main scheme applicant","Main scheme application","30","10"," "
"2023","Higher tariff","25 - 29","Not EU","All","Main scheme applicant","Main scheme application","20","10"," "
"2019","Medium tariff","25 - 29","Not EU","All","Main scheme applicant","Main scheme application","10","0"," "
"2020","Medium tariff","25 - 29","Not EU","All","Main scheme applicant","Main scheme application","5","0"," "
"2021","Medium tariff","25 - 29","Not EU","All","Main scheme applicant","Main scheme application","5","0"," "
"2022","Medium tariff","25 - 29","Not EU","All","Main scheme applicant","Main scheme application","15","0"," "
"2023","Medium tariff","25 - 29","Not EU","All","Main scheme applicant","Main scheme application","10","0"," "
"2022","Lower tariff","30 - 34","Not EU","All","Main scheme applicant","Main scheme application","5","0"," "
"2023","Lower tariff","30 - 34","Not EU","All","Main scheme applicant","Main scheme application","5","0"," "
"2019","Higher tariff","30 - 34","Not EU","All","Main scheme applicant","Main scheme application","10","5"," "
"2020","Higher tariff","30 - 34","Not EU","All","Main scheme applicant","Main scheme application","15","5"," "
"2021","Higher tariff","30 - 34","Not EU","All","Main scheme applicant","Main scheme application","10","5"," "
"2022","Higher tariff","30 - 34","Not EU","All","Main scheme applicant","Main scheme application","20","5"," "
"2023","Higher tariff","30 - 34","Not EU","All","Main scheme applicant","Main scheme application","15","0"," "
"2019","Medium tariff","30 - 34","Not EU","All","Main scheme applicant","Main scheme application","5","0"," "
"2020","Medium tariff","30 - 34","Not EU","All","Main scheme applicant","Main scheme application","5","0"," "
"2021","Medium tariff","30 - 34","Not EU","All","Main scheme applicant","Main scheme application","5","0"," "
"2022","Medium tariff","30 - 34","Not EU","All","Main scheme applicant","Main scheme application","15","0"," "
"2023","Medium tariff","30 - 34","Not EU","All","Main scheme applicant","Main scheme application","15","0"," "
"2022","Lower tariff","35 and over","Not EU","All","Main scheme applicant","Main scheme application","10","0"," "
"2023","Lower tariff","35 and over","Not EU","All","Main scheme applicant","Main scheme application","10","0"," "
"2019","Higher tariff","35 and over","Not EU","All","Main scheme applicant","Main scheme application","15","5"," "
"2020","Higher tariff","35 and over","Not EU","All","Main scheme applicant","Main scheme application","10","0"," "
"2021","Higher tariff","35 and over","Not EU","All","Main scheme applicant","Main scheme application","20","0"," "
"2022","Higher tariff","35 and over","Not EU","All","Main scheme applicant","Main scheme application","25","5"," "
"2023","Higher tariff","35 and over","Not EU","All","Main scheme applicant","Main scheme application","15","0"," "
"2019","Medium tariff","35 and over","Not EU","All","Main scheme applicant","Main scheme application","5","0"," "
"2020","Medium tariff","35 and over","Not EU","All","Main scheme applicant","Main scheme application","5","0"," "
"2021","Medium tariff","35 and over","Not EU","All","Main scheme applicant","Main scheme application","10","0"," "
"2022","Medium tariff","35 and over","Not EU","All","Main scheme applicant","Main scheme application","20","5"," "
"2023","Medium tariff","35 and over","Not EU","All","Main scheme applicant","Main scheme application","15","5"," "
"2019","Higher tariff","20","EU (excluding UK)","All","Main scheme applicant","Main scheme application","5","0"," "
"2020","Higher tariff","20","EU (excluding UK)","All","Main scheme applicant","Main scheme application","5","0"," "
"2022","Lower tariff","21 - 24","EU (excluding UK)","All","Main scheme applicant","Main scheme application","20","0"," "
"2023","Lower tariff","21 - 24","EU (excluding UK)","All","Main scheme applicant","Main scheme application","10","0"," "
"2019","Higher tariff","21 - 24","EU (excluding UK)","All","Main scheme applicant","Main scheme application","125","35","0.28"
"2020","Higher tariff","21 - 24","EU (excluding UK)","All","Main scheme applicant","Main scheme application","145","60","0.406"
"2021","Higher tariff","21 - 24","EU (excluding UK)","All","Main scheme applicant","Main scheme application","95","15","0.179"
"2022","Higher tariff","21 - 24","EU (excluding UK)","All","Main scheme applicant","Main scheme application","50","5"," "
"2023","Higher tariff","21 - 24","EU (excluding UK)","All","Main scheme applicant","Main scheme application","40","10","0.28600000000000003"
"2019","Medium tariff","21 - 24","EU (excluding UK)","All","Main scheme applicant","Main scheme application","50","10"," "
"2020","Medium tariff","21 - 24","EU (excluding UK)","All","Main scheme applicant","Main scheme application","30","0"," "
"2021","Medium tariff","21 - 24","EU (excluding UK)","All","Main scheme applicant","Main scheme application","25","0"," "
"2022","Medium tariff","21 - 24","EU (excluding UK)","All","Main scheme applicant","Main scheme application","25","5"," "
"2023","Medium tariff","21 - 24","EU (excluding UK)","All","Main scheme applicant","Main scheme application","25","0"," "
"2022","Lower tariff","25 - 29","EU (excluding UK)","All","Main scheme applicant","Main scheme application","5","0"," "
"2019","Higher tariff","25 - 29","EU (excluding UK)","All","Main scheme applicant","Main scheme application","55","20","0.321"
"2020","Higher tariff","25 - 29","EU (excluding UK)","All","Main scheme applicant","Main scheme application","80","30","0.367"
"2021","Higher tariff","25 - 29","EU (excluding UK)","All","Main scheme applicant","Main scheme application","55","10","0.193"
"2022","Higher tariff","25 - 29","EU (excluding UK)","All","Main scheme applicant","Main scheme application","35","10","0.306"
"2023","Higher tariff","25 - 29","EU (excluding UK)","All","Main scheme applicant","Main scheme application","15","5"," "
"2019","Medium tariff","25 - 29","EU (excluding UK)","All","Main scheme applicant","Main scheme application","20","5"," "
"2020","Medium tariff","25 - 29","EU (excluding UK)","All","Main scheme applicant","Main scheme application","25","0"," "
"2021","Medium tariff","25 - 29","EU (excluding UK)","All","Main scheme applicant","Main scheme application","25","0"," "
"2022","Medium tariff","25 - 29","EU (excluding UK)","All","Main scheme applicant","Main scheme application","20","0"," "
"2023","Medium tariff","25 - 29","EU (excluding UK)","All","Main scheme applicant","Main scheme application","10","0"," "
"2019","Higher tariff","30 - 34","EU (excluding UK)","All","Main scheme applicant","Main scheme application","30","10"," "
"2020","Higher tariff","30 - 34","EU (excluding UK)","All","Main scheme applicant","Main scheme application","30","10","0.393"
"2021","Higher tariff","30 - 34","EU (excluding UK)","All","Main scheme applicant","Main scheme application","15","5"," "
"2022","Higher tariff","30 - 34","EU (excluding UK)","All","Main scheme applicant","Main scheme application","10","0"," "
"2023","Higher tariff","30 - 34","EU (excluding UK)","All","Main scheme applicant","Main scheme application","5","0"," "
"2019","Medium tariff","30 - 34","EU (excluding UK)","All","Main scheme applicant","Main scheme application","15","0"," "
"2020","Medium tariff","30 - 34","EU (excluding UK)","All","Main scheme applicant","Main scheme application","15","0"," "
"2021","Medium tariff","30 - 34","EU (excluding UK)","All","Main scheme applicant","Main scheme application","5","0"," "
"2022","Medium tariff","30 - 34","EU (excluding UK)","All","Main scheme applicant","Main scheme application","5","0"," "
"2023","Medium tariff","30 - 34","EU (excluding UK)","All","Main scheme applicant","Main scheme application","5","0"," "
"2019","Higher tariff","35 and over","EU (excluding UK)","All","Main scheme applicant","Main scheme application","15","5"," "
"2020","Higher tariff","35 and over","EU (excluding UK)","All","Main scheme applicant","Main scheme application","10","5"," "
"2021","Higher tariff","35 and over","EU (excluding UK)","All","Main scheme applicant","Main scheme application","10","0"," "
"2022","Higher tariff","35 and over","EU (excluding UK)","All","Main scheme applicant","Main scheme application","10","0"," "
"2023","Higher tariff","35 and over","EU (excluding UK)","All","Main scheme applicant","Main scheme application","10","0"," "
"2019","Medium tariff","35 and over","EU (excluding UK)","All","Main scheme applicant","Main scheme application","10","0"," "
"2020","Medium tariff","35 and over","EU (excluding UK)","All","Main scheme applicant","Main scheme application","5","0"," "
"2021","Medium tariff","35 and over","EU (excluding UK)","All","Main scheme applicant","Main scheme application","5","0"," "
"2022","Medium tariff","35 and over","EU (excluding UK)","All","Main scheme applicant","Main scheme application","5","0"," "
"2023","Medium tariff","35 and over","EU (excluding UK)","All","Main scheme applicant","Main scheme application","5","0"," "
"2019","All","21 - 24","England","All","Not main scheme applicant","Not main scheme application","5","5"," "
"2020","All","21 - 24","England","All","Not main scheme applicant","Not main scheme application","10","10"," "
"2021","All","21 - 24","England","All","Not main scheme applicant","Not main scheme application","5","0"," "
"2022","All","21 - 24","England","All","Not main scheme applicant","Not main scheme application","15","10"," "
"2023","All","21 - 24","England","All","Not main scheme applicant","Not main scheme application","15","15","1"
"2019","All","25 - 29","England","All","Not main scheme applicant","Not main scheme application","5","5"," "
"2020","All","25 - 29","England","All","Not main scheme applicant","Not main scheme application","15","10","0.846"
"2021","All","25 - 29","England","All","Not main scheme applicant","Not main scheme application","5","5"," "
"2022","All","25 - 29","England","All","Not main scheme applicant","Not main scheme application","5","5"," "
"2023","All","25 - 29","England","All","Not main scheme applicant","Not main scheme application","15","15","1"
"2020","All","30 - 34","England","All","Not main scheme applicant","Not main scheme application","5","5"," "
"2021","All","30 - 34","England","All","Not main scheme applicant","Not main scheme application","5","5"," "
"2023","All","30 - 34","England","All","Not main scheme applicant","Not main scheme application","5","5"," "
"2019","All","35 and over","England","All","Not main scheme applicant","Not main scheme application","10","10"," "
"2020","All","35 and over","England","All","Not main scheme applicant","Not main scheme application","10","10","0.917"
"2021","All","35 and over","England","All","Not main scheme applicant","Not main scheme application","10","10"," "
"2022","All","35 and over","England","All","Not main scheme applicant","Not main scheme application","5","5"," "
"2023","All","35 and over","England","All","Not main scheme applicant","Not main scheme application","10","10"," "
"2019","All","21 - 24","Scotland","All","Not main scheme applicant","Not main scheme application","20","20","0.857"
"2020","All","21 - 24","Scotland","All","Not main scheme applicant","Not main scheme application","35","25","0.75"
"2021","All","21 - 24","Scotland","All","Not main scheme applicant","Not main scheme application","20","20","0.864"
"2022","All","21 - 24","Scotland","All","Not main scheme applicant","Not main scheme application","25","20","0.87"
"2023","All","21 - 24","Scotland","All","Not main scheme applicant","Not main scheme application","25","20","0.704"
"2019","All","25 - 29","Scotland","All","Not main scheme applicant","Not main scheme application","30","25","0.8"
"2020","All","25 - 29","Scotland","All","Not main scheme applicant","Not main scheme application","55","45","0.8300000000000001"
"2021","All","25 - 29","Scotland","All","Not main scheme applicant","Not main scheme application","15","10","0.625"
"2022","All","25 - 29","Scotland","All","Not main scheme applicant","Not main scheme application","25","20","0.6920000000000001"
"2023","All","25 - 29","Scotland","All","Not main scheme applicant","Not main scheme application","25","25","0.885"
"2019","All","30 - 34","Scotland","All","Not main scheme applicant","Not main scheme application","10","5"," "
"2020","All","30 - 34","Scotland","All","Not main scheme applicant","Not main scheme application","15","10","0.733"
"2021","All","30 - 34","Scotland","All","Not main scheme applicant","Not main scheme application","5","5"," "
"2022","All","30 - 34","Scotland","All","Not main scheme applicant","Not main scheme application","15","5"," "
"2023","All","30 - 34","Scotland","All","Not main scheme applicant","Not main scheme application","15","10","0.8"
"2019","All","35 and over","Scotland","All","Not main scheme applicant","Not main scheme application","25","15","0.56"
"2020","All","35 and over","Scotland","All","Not main scheme applicant","Not main scheme application","40","25","0.675"
"2021","All","35 and over","Scotland","All","Not main scheme applicant","Not main scheme application","20","15","0.682"
"2022","All","35 and over","Scotland","All","Not main scheme applicant","Not main scheme application","30","20","0.7000000000000001"
"2023","All","35 and over","Scotland","All","Not main scheme applicant","Not main scheme application","40","30","0.8160000000000001"
"2022","All","21 - 24","Wales","All","Not main scheme applicant","Not main scheme application","50","40","0.808"
"2023","All","21 - 24","Wales","All","Not main scheme applicant","Not main scheme application","70","55","0.838"
"2022","All","25 - 29","Wales","All","Not main scheme applicant","Not main scheme application","35","25","0.794"
"2023","All","25 - 29","Wales","All","Not main scheme applicant","Not main scheme application","20","15","0.684"
"2022","All","30 - 34","Wales","All","Not main scheme applicant","Not main scheme application","5","5"," "
"2023","All","30 - 34","Wales","All","Not main scheme applicant","Not main scheme application","10","10","0.909"
"2022","All","35 and over","Wales","All","Not main scheme applicant","Not main scheme application","20","15","0.778"
"2023","All","35 and over","Wales","All","Not main scheme applicant","Not main scheme application","15","15","0.8130000000000001"
"2022","All","25 - 29","Not EU","All","Not main scheme applicant","Not main scheme application","5","0"," "
"2020","All","25 - 29","EU (excluding UK)","All","Not main scheme applicant","Not main scheme application","5","0"," "
"2023","All","21 - 24","Northern Ireland","All","Main scheme applicant","Not main scheme application","5","5"," "
"2021","All","21 - 24","England","All","Main scheme applicant","Not main scheme application","5","0"," "
"2023","All","21 - 24","England","All","Main scheme applicant","Not main scheme application","5","5"," "
"2019","All","25 - 29","England","All","Main scheme applicant","Not main scheme application","5","0"," "
"2021","All","18","Scotland","All","Main scheme applicant","Not main scheme application","5","0"," "
"2019","All","21 - 24","Scotland","All","Main scheme applicant","Not main scheme application","70","30","0.431"
"2020","All","21 - 24","Scotland","All","Main scheme applicant","Not main scheme application","80","20","0.232"
"2021","All","21 - 24","Scotland","All","Main scheme applicant","Not main scheme application","110","30","0.296"
"2022","All","21 - 24","Scotland","All","Main scheme applicant","Not main scheme application","70","40","0.557"
"2023","All","21 - 24","Scotland","All","Main scheme applicant","Not main scheme application","50","30","0.577"
"2019","All","25 - 29","Scotland","All","Main scheme applicant","Not main scheme application","50","25","0.51"
"2020","All","25 - 29","Scotland","All","Main scheme applicant","Not main scheme application","60","25","0.387"
"2021","All","25 - 29","Scotland","All","Main scheme applicant","Not main scheme application","75","25","0.329"
"2022","All","25 - 29","Scotland","All","Main scheme applicant","Not main scheme application","40","25","0.6"
"2023","All","25 - 29","Scotland","All","Main scheme applicant","Not main scheme application","30","20","0.677"
"2019","All","30 - 34","Scotland","All","Main scheme applicant","Not main scheme application","15","10"," "
"2020","All","30 - 34","Scotland","All","Main scheme applicant","Not main scheme application","20","10"," "
"2021","All","30 - 34","Scotland","All","Main scheme applicant","Not main scheme application","30","10","0.379"
"2022","All","30 - 34","Scotland","All","Main scheme applicant","Not main scheme application","20","5"," "
"2023","All","30 - 34","Scotland","All","Main scheme applicant","Not main scheme application","10","5"," "
"2019","All","35 and over","Scotland","All","Main scheme applicant","Not main scheme application","45","25","0.578"
"2020","All","35 and over","Scotland","All","Main scheme applicant","Not main scheme application","45","20","0.457"
"2021","All","35 and over","Scotland","All","Main scheme applicant","Not main scheme application","25","15","0.556"
"2022","All","35 and over","Scotland","All","Main scheme applicant","Not main scheme application","30","20","0.5630000000000001"
"2023","All","35 and over","Scotland","All","Main scheme applicant","Not main scheme application","25","15","0.5650000000000001"
"2022","All","21 - 24","Wales","All","Main scheme applicant","Not main scheme application","20","15","0.833"
"2023","All","21 - 24","Wales","All","Main scheme applicant","Not main scheme application","15","15","0.8240000000000001"
"2023","All","25 - 29","Wales","All","Main scheme applicant","Not main scheme application","10","10","0.909"
"2022","All","30 - 34","Wales","All","Main scheme applicant","Not main scheme application","5","5"," "
"2023","All","30 - 34","Wales","All","Main scheme applicant","Not main scheme application","5","5"," "
"2023","All","35 and over","Wales","All","Main scheme applicant","Not main scheme application","5","5"," "
"2022","All","35 and over","Not EU","All","Main scheme applicant","Not main scheme application","5","0"," "
"2020","All","21 - 24","EU (excluding UK)","All","Main scheme applicant","Not main scheme application","5","0"," "
"2020","All","25 - 29","EU (excluding UK)","All","Main scheme applicant","Not main scheme application","5","0"," "
"2021","All","25 - 29","EU (excluding UK)","All","Main scheme applicant","Not main scheme application","5","0"," "
"2019","All","21 - 24","Northern Ireland","All","Main scheme applicant","Main scheme application","60","10","0.17200000000000001"
"2020","All","21 - 24","Northern Ireland","All","Main scheme applicant","Main scheme application","40","10"," "
"2021","All","21 - 24","Northern Ireland","All","Main scheme applicant","Main scheme application","65","15","0.254"
"2022","All","21 - 24","Northern Ireland","All","Main scheme applicant","Main scheme application","45","15","0.28300000000000003"
"2023","All","21 - 24","Northern Ireland","All","Main scheme applicant","Main scheme application","25","5"," "
"2019","All","25 - 29","Northern Ireland","All","Main scheme applicant","Main scheme application","25","10","0.423"
"2020","All","25 - 29","Northern Ireland","All","Main scheme applicant","Main scheme application","20","5"," "
"2021","All","25 - 29","Northern Ireland","All","Main scheme applicant","Main scheme application","25","10"," "
"2022","All","25 - 29","Northern Ireland","All","Main scheme applicant","Main scheme application","15","10"," "
"2023","All","25 - 29","Northern Ireland","All","Main scheme applicant","Main scheme application","15","5"," "
"2019","All","30 - 34","Northern Ireland","All","Main scheme applicant","Main scheme application","5","0"," "
"2020","All","30 - 34","Northern Ireland","All","Main scheme applicant","Main scheme application","5","0"," "
"2021","All","30 - 34","Northern Ireland","All","Main scheme applicant","Main scheme application","5","0"," "
"2022","All","30 - 34","Northern Ireland","All","Main scheme applicant","Main scheme application","5","0"," "
"2023","All","30 - 34","Northern Ireland","All","Main scheme applicant","Main scheme application","5","0"," "
"2019","All","35 and over","Northern Ireland","All","Main scheme applicant","Main scheme application","5","0"," "
"2021","All","35 and over","Northern Ireland","All","Main scheme applicant","Main scheme application","5","5"," "
"2022","All","35 and over","Northern Ireland","All","Main scheme applicant","Main scheme application","5","5"," "
"2023","All","35 and over","Northern Ireland","All","Main scheme applicant","Main scheme application","5","0"," "
"2020","All","18","England","All","Main scheme applicant","Main scheme application","5","0"," "
"2022","All","18","England","All","Main scheme applicant","Main scheme application","10","0"," "
"2023","All","18","England","All","Main scheme applicant","Main scheme application","5","0"," "
"2019","All","21 - 24","England","All","Main scheme applicant","Main scheme application","70","30","0.40800000000000003"
"2020","All","21 - 24","England","All","Main scheme applicant","Main scheme application","50","20","0.385"
"2021","All","21 - 24","England","All","Main scheme applicant","Main scheme application","90","25","0.28400000000000003"
"2022","All","21 - 24","England","All","Main scheme applicant","Main scheme application","145","65","0.448"
"2023","All","21 - 24","England","All","Main scheme applicant","Main scheme application","130","55","0.417"
"2019","All","25 - 29","England","All","Main scheme applicant","Main scheme application","30","10"," "
"2020","All","25 - 29","England","All","Main scheme applicant","Main scheme application","35","20","0.541"
"2021","All","25 - 29","England","All","Main scheme applicant","Main scheme application","55","20","0.37"
"2022","All","25 - 29","England","All","Main scheme applicant","Main scheme application","35","10","0.278"
"2023","All","25 - 29","England","All","Main scheme applicant","Main scheme application","25","10","0.423"
"2019","All","30 - 34","England","All","Main scheme applicant","Main scheme application","15","5"," "
"2020","All","30 - 34","England","All","Main scheme applicant","Main scheme application","20","15","0.667"
"2021","All","30 - 34","England","All","Main scheme applicant","Main scheme application","20","0"," "
"2022","All","30 - 34","England","All","Main scheme applicant","Main scheme application","20","5"," "
"2023","All","30 - 34","England","All","Main scheme applicant","Main scheme application","10","5"," "
"2019","All","35 and over","England","All","Main scheme applicant","Main scheme application","25","5"," "
"2020","All","35 and over","England","All","Main scheme applicant","Main scheme application","20","5"," "
"2021","All","35 and over","England","All","Main scheme applicant","Main scheme application","20","15","0.682"
"2022","All","35 and over","England","All","Main scheme applicant","Main scheme application","15","5"," "
"2023","All","35 and over","England","All","Main scheme applicant","Main scheme application","10","5"," "
"2019","All","18","Scotland","All","Main scheme applicant","Main scheme application","15","0"," "
"2020","All","18","Scotland","All","Main scheme applicant","Main scheme application","25","0"," "
"2021","All","18","Scotland","All","Main scheme applicant","Main scheme application","20","0"," "
"2022","All","18","Scotland","All","Main scheme applicant","Main scheme application","20","0"," "
"2023","All","18","Scotland","All","Main scheme applicant","Main scheme application","25","0"," "
"2019","All","19","Scotland","All","Main scheme applicant","Main scheme application","5","0"," "
"2020","All","19","Scotland","All","Main scheme applicant","Main scheme application","5","0"," "
"2021","All","19","Scotland","All","Main scheme applicant","Main scheme application","5","0"," "
"2022","All","19","Scotland","All","Main scheme applicant","Main scheme application","10","0"," "
"2023","All","19","Scotland","All","Main scheme applicant","Main scheme application","10","0"," "
"2019","All","20","Scotland","All","Main scheme applicant","Main scheme application","5","0"," "
"2020","All","20","Scotland","All","Main scheme applicant","Main scheme application","10","0"," "
"2021","All","20","Scotland","All","Main scheme applicant","Main scheme application","15","0"," "
"2022","All","20","Scotland","All","Main scheme applicant","Main scheme application","10","0"," "
"2023","All","20","Scotland","All","Main scheme applicant","Main scheme application","10","0"," "
"2019","All","21 - 24","Scotland","All","Main scheme applicant","Main scheme application","1570","800","0.509"
"2020","All","21 - 24","Scotland","All","Main scheme applicant","Main scheme application","1680","875","0.519"
"2021","All","21 - 24","Scotland","All","Main scheme applicant","Main scheme application","2110","875","0.41400000000000003"
"2022","All","21 - 24","Scotland","All","Main scheme applicant","Main scheme application","1525","765","0.5"
"2023","All","21 - 24","Scotland","All","Main scheme applicant","Main scheme application","1285","720","0.559"
"2019","All","25 - 29","Scotland","All","Main scheme applicant","Main scheme application","1325","685","0.517"
"2020","All","25 - 29","Scotland","All","Main scheme applicant","Main scheme application","1325","680","0.514"
"2021","All","25 - 29","Scotland","All","Main scheme applicant","Main scheme application","1650","725","0.438"
"2022","All","25 - 29","Scotland","All","Main scheme applicant","Main scheme application","1130","595","0.527"
"2023","All","25 - 29","Scotland","All","Main scheme applicant","Main scheme application","840","450","0.537"
"2019","All","30 - 34","Scotland","All","Main scheme applicant","Main scheme application","605","280","0.459"
"2020","All","30 - 34","Scotland","All","Main scheme applicant","Main scheme application","630","325","0.513"
"2021","All","30 - 34","Scotland","All","Main scheme applicant","Main scheme application","720","285","0.393"
"2022","All","30 - 34","Scotland","All","Main scheme applicant","Main scheme application","505","265","0.528"
"2023","All","30 - 34","Scotland","All","Main scheme applicant","Main scheme application","385","205","0.529"
"2019","All","35 and over","Scotland","All","Main scheme applicant","Main scheme application","1080","470","0.433"
"2020","All","35 and over","Scotland","All","Main scheme applicant","Main scheme application","1145","520","0.455"
"2021","All","35 and over","Scotland","All","Main scheme applicant","Main scheme application","1225","455","0.37"
"2022","All","35 and over","Scotland","All","Main scheme applicant","Main scheme application","840","400","0.47900000000000004"
"2023","All","35 and over","Scotland","All","Main scheme applicant","Main scheme application","690","360","0.518"
"2020","All","18","Wales","All","Main scheme applicant","Main scheme application","5","0"," "
"2022","All","18","Wales","All","Main scheme applicant","Main scheme application","20","0"," "
"2023","All","18","Wales","All","Main scheme applicant","Main scheme application","5","0"," "
"2023","All","20","Wales","All","Main scheme applicant","Main scheme application","5","0"," "
"2020","All","21 - 24","Wales","All","Main scheme applicant","Main scheme application","5","0"," "
"2021","All","21 - 24","Wales","All","Main scheme applicant","Main scheme application","5","0"," "
"2022","All","21 - 24","Wales","All","Main scheme applicant","Main scheme application","645","460","0.711"
"2023","All","21 - 24","Wales","All","Main scheme applicant","Main scheme application","600","420","0.6990000000000001"
"2019","All","25 - 29","Wales","All","Main scheme applicant","Main scheme application","5","0"," "
"2020","All","25 - 29","Wales","All","Main scheme applicant","Main scheme application","5","0"," "
"2022","All","25 - 29","Wales","All","Main scheme applicant","Main scheme application","230","155","0.671"
"2023","All","25 - 29","Wales","All","Main scheme applicant","Main scheme application","220","150","0.683"
"2022","All","30 - 34","Wales","All","Main scheme applicant","Main scheme application","95","70","0.742"
"2023","All","30 - 34","Wales","All","Main scheme applicant","Main scheme application","80","50","0.654"
"2022","All","35 and over","Wales","All","Main scheme applicant","Main scheme application","125","75","0.5750000000000001"
"2023","All","35 and over","Wales","All","Main scheme applicant","Main scheme application","90","55","0.593"
"2019","All","21 - 24","Not EU","All","Main scheme applicant","Main scheme application","15","5"," "
"2020","All","21 - 24","Not EU","All","Main scheme applicant","Main scheme application","30","10"," "
"2021","All","21 - 24","Not EU","All","Main scheme applicant","Main scheme application","20","0"," "
"2022","All","21 - 24","Not EU","All","Main scheme applicant","Main scheme application","20","5"," "
"2023","All","21 - 24","Not EU","All","Main scheme applicant","Main scheme application","30","5"," "
"2019","All","25 - 29","Not EU","All","Main scheme applicant","Main scheme application","20","10"," "
"2020","All","25 - 29","Not EU","All","Main scheme applicant","Main scheme application","20","5"," "
"2021","All","25 - 29","Not EU","All","Main scheme applicant","Main scheme application","25","10"," "
"2022","All","25 - 29","Not EU","All","Main scheme applicant","Main scheme application","40","10","0.289"
"2023","All","25 - 29","Not EU","All","Main scheme applicant","Main scheme application","30","10","0.333"
"2019","All","30 - 34","Not EU","All","Main scheme applicant","Main scheme application","15","5"," "
"2020","All","30 - 34","Not EU","All","Main scheme applicant","Main scheme application","15","5"," "
"2021","All","30 - 34","Not EU","All","Main scheme applicant","Main scheme application","10","5"," "
"2022","All","30 - 34","Not EU","All","Main scheme applicant","Main scheme application","25","5"," "
"2023","All","30 - 34","Not EU","All","Main scheme applicant","Main scheme application","20","5"," "
"2019","All","35 and over","Not EU","All","Main scheme applicant","Main scheme application","15","5"," "
"2020","All","35 and over","Not EU","All","Main scheme applicant","Main scheme application","10","0"," "
"2021","All","35 and over","Not EU","All","Main scheme applicant","Main scheme application","20","0"," "
"2022","All","35 and over","Not EU","All","Main scheme applicant","Main scheme application","35","5"," "
"2023","All","35 and over","Not EU","All","Main scheme applicant","Main scheme application","25","5"," "
"2019","All","20","EU (excluding UK)","All","Main scheme applicant","Main scheme application","5","0"," "
"2020","All","20","EU (excluding UK)","All","Main scheme applicant","Main scheme application","5","0"," "
"2019","All","21 - 24","EU (excluding UK)","All","Main scheme applicant","Main scheme application","125","45","0.352"
"2020","All","21 - 24","EU (excluding UK)","All","Main scheme applicant","Main scheme application","145","60","0.41300000000000003"
"2021","All","21 - 24","EU (excluding UK)","All","Main scheme applicant","Main scheme application","95","20","0.2"
"2022","All","21 - 24","EU (excluding UK)","All","Main scheme applicant","Main scheme application","55","10","0.17500000000000002"
"2023","All","21 - 24","EU (excluding UK)","All","Main scheme applicant","Main scheme application","50","15","0.327"
"2019","All","25 - 29","EU (excluding UK)","All","Main scheme applicant","Main scheme application","55","20","0.386"
"2020","All","25 - 29","EU (excluding UK)","All","Main scheme applicant","Main scheme application","80","30","0.388"
"2021","All","25 - 29","EU (excluding UK)","All","Main scheme applicant","Main scheme application","60","10","0.20700000000000002"
"2022","All","25 - 29","EU (excluding UK)","All","Main scheme applicant","Main scheme application","35","15","0.417"
"2023","All","25 - 29","EU (excluding UK)","All","Main scheme applicant","Main scheme application","20","5"," "
"2019","All","30 - 34","EU (excluding UK)","All","Main scheme applicant","Main scheme application","30","10","0.34400000000000003"
"2020","All","30 - 34","EU (excluding UK)","All","Main scheme applicant","Main scheme application","30","10","0.41400000000000003"
"2021","All","30 - 34","EU (excluding UK)","All","Main scheme applicant","Main scheme application","15","5"," "
"2022","All","30 - 34","EU (excluding UK)","All","Main scheme applicant","Main scheme application","10","5"," "
"2023","All","30 - 34","EU (excluding UK)","All","Main scheme applicant","Main scheme application","5","5"," "
"2019","All","35 and over","EU (excluding UK)","All","Main scheme applicant","Main scheme application","15","5"," "
"2020","All","35 and over","EU (excluding UK)","All","Main scheme applicant","Main scheme application","10","5"," "
"2021","All","35 and over","EU (excluding UK)","All","Main scheme applicant","Main scheme application","10","0"," "
"2022","All","35 and over","EU (excluding UK)","All","Main scheme applicant","Main scheme application","10","0"," "
"2023","All","35 and over","EU (excluding UK)","All","Main scheme applicant","Main scheme application","10","0"," "
"2019","Lower tariff","All","England","All","Not main scheme applicant","Not main scheme application","15","15","1"
"2020","Lower tariff","All","England","All","Not main scheme applicant","Not main scheme application","35","30","0.889"
"2021","Lower tariff","All","England","All","Not main scheme applicant","Not main scheme application","20","15","0.85"
"2022","Lower tariff","All","England","All","Not main scheme applicant","Not main scheme application","20","20","0.9"
"2023","Lower tariff","All","England","All","Not main scheme applicant","Not main scheme application","30","30","1"
"2020","Higher tariff","All","England","All","Not main scheme applicant","Not main scheme application","5","5"," "
"2022","Higher tariff","All","England","All","Not main scheme applicant","Not main scheme application","5","0"," "
"2022","Medium tariff","All","England","All","Not main scheme applicant","Not main scheme application","5","0"," "
"2023","Medium tariff","All","England","All","Not main scheme applicant","Not main scheme application","10","10"," "
"2019","Higher tariff","All","Scotland","All","Not main scheme applicant","Not main scheme application","75","55","0.716"
"2020","Higher tariff","All","Scotland","All","Not main scheme applicant","Not main scheme application","120","95","0.797"
"2021","Higher tariff","All","Scotland","All","Not main scheme applicant","Not main scheme application","50","45","0.8270000000000001"
"2022","Higher tariff","All","Scotland","All","Not main scheme applicant","Not main scheme application","75","55","0.72"
"2023","Higher tariff","All","Scotland","All","Not main scheme applicant","Not main scheme application","95","75","0.8190000000000001"
"2019","Medium tariff","All","Scotland","All","Not main scheme applicant","Not main scheme application","10","10"," "
"2020","Medium tariff","All","Scotland","All","Not main scheme applicant","Not main scheme application","25","15","0.577"
"2021","Medium tariff","All","Scotland","All","Not main scheme applicant","Not main scheme application","15","5"," "
"2022","Medium tariff","All","Scotland","All","Not main scheme applicant","Not main scheme application","20","10","0.632"
"2023","Medium tariff","All","Scotland","All","Not main scheme applicant","Not main scheme application","10","10"," "
"2022","Lower tariff","All","Wales","All","Not main scheme applicant","Not main scheme application","60","50","0.836"
"2023","Lower tariff","All","Wales","All","Not main scheme applicant","Not main scheme application","50","35","0.708"
"2022","Medium tariff","All","Wales","All","Not main scheme applicant","Not main scheme application","50","40","0.776"
"2023","Medium tariff","All","Wales","All","Not main scheme applicant","Not main scheme application","65","60","0.894"
"2020","Higher tariff","All","EU (excluding UK)","All","Not main scheme applicant","Not main scheme application","5","0"," "
"2019","Lower tariff","All","England","All","Main scheme applicant","Not main scheme application","5","5"," "
"2019","Higher tariff","All","England","All","Main scheme applicant","Not main scheme application","5","0"," "
"2022","Medium tariff","All","England","All","Main scheme applicant","Not main scheme application","5","0"," "
"2019","Higher tariff","All","Scotland","All","Main scheme applicant","Not main scheme application","145","85","0.5750000000000001"
"2020","Higher tariff","All","Scotland","All","Main scheme applicant","Not main scheme application","170","65","0.385"
"2021","Higher tariff","All","Scotland","All","Main scheme applicant","Not main scheme application","195","75","0.376"
"2022","Higher tariff","All","Scotland","All","Main scheme applicant","Not main scheme application","130","75","0.5760000000000001"
"2023","Higher tariff","All","Scotland","All","Main scheme applicant","Not main scheme application","95","60","0.642"
"2019","Medium tariff","All","Scotland","All","Main scheme applicant","Not main scheme application","35","5"," "
"2020","Medium tariff","All","Scotland","All","Main scheme applicant","Not main scheme application","45","5"," "
"2021","Medium tariff","All","Scotland","All","Main scheme applicant","Not main scheme application","45","10"," "
"2022","Medium tariff","All","Scotland","All","Main scheme applicant","Not main scheme application","30","10","0.4"
"2023","Medium tariff","All","Scotland","All","Main scheme applicant","Not main scheme application","20","10"," "
"2022","Lower tariff","All","Wales","All","Main scheme applicant","Not main scheme application","15","10","0.846"
"2023","Lower tariff","All","Wales","All","Main scheme applicant","Not main scheme application","25","20","0.846"
"2022","Medium tariff","All","Wales","All","Main scheme applicant","Not main scheme application","10","10","0.909"
"2023","Medium tariff","All","Wales","All","Main scheme applicant","Not main scheme application","10","10"," "
"2022","Higher tariff","All","Not EU","All","Main scheme applicant","Not main scheme application","5","0"," "
"2022","Medium tariff","All","Not EU","All","Main scheme applicant","Not main scheme application","5","0"," "
"2019","Higher tariff","All","EU (excluding UK)","All","Main scheme applicant","Not main scheme application","5","0"," "
"2020","Higher tariff","All","EU (excluding UK)","All","Main scheme applicant","Not main scheme application","10","5"," "
"2021","Higher tariff","All","EU (excluding UK)","All","Main scheme applicant","Not main scheme application","5","0"," "
"2022","Medium tariff","All","EU (excluding UK)","All","Main scheme applicant","Not main scheme application","5","0"," "
"2022","Lower tariff","All","Northern Ireland","All","Main scheme applicant","Main scheme application","10","5"," "
"2023","Lower tariff","All","Northern Ireland","All","Main scheme applicant","Main scheme application","15","0"," "
"2019","Higher tariff","All","Northern Ireland","All","Main scheme applicant","Main scheme application","90","20","0.247"
"2020","Higher tariff","All","Northern Ireland","All","Main scheme applicant","Main scheme application","65","15","0.209"
"2021","Higher tariff","All","Northern Ireland","All","Main scheme applicant","Main scheme application","95","25","0.255"
"2022","Higher tariff","All","Northern Ireland","All","Main scheme applicant","Main scheme application","65","20","0.299"
"2023","Higher tariff","All","Northern Ireland","All","Main scheme applicant","Main scheme application","45","10"," "
"2019","Medium tariff","All","Northern Ireland","All","Main scheme applicant","Main scheme application","30","0"," "
"2020","Medium tariff","All","Northern Ireland","All","Main scheme applicant","Main scheme application","25","0"," "
"2021","Medium tariff","All","Northern Ireland","All","Main scheme applicant","Main scheme application","40","5"," "
"2022","Medium tariff","All","Northern Ireland","All","Main scheme applicant","Main scheme application","35","5"," "
"2023","Medium tariff","All","Northern Ireland","All","Main scheme applicant","Main scheme application","20","0"," "
"2019","Lower tariff","All","England","All","Main scheme applicant","Main scheme application","40","20","0.47600000000000003"
"2020","Lower tariff","All","England","All","Main scheme applicant","Main scheme application","50","20","0.375"
"2021","Lower tariff","All","England","All","Main scheme applicant","Main scheme application","40","25","0.61"
"2022","Lower tariff","All","England","All","Main scheme applicant","Main scheme application","110","40","0.366"
"2023","Lower tariff","All","England","All","Main scheme applicant","Main scheme application","100","40","0.42"
"2019","Higher tariff","All","England","All","Main scheme applicant","Main scheme application","95","25","0.28400000000000003"
"2020","Higher tariff","All","England","All","Main scheme applicant","Main scheme application","85","35","0.419"
"2021","Higher tariff","All","England","All","Main scheme applicant","Main scheme application","140","35","0.246"
"2022","Higher tariff","All","England","All","Main scheme applicant","Main scheme application","95","20","0.221"
"2023","Higher tariff","All","England","All","Main scheme applicant","Main scheme application","65","15","0.203"
"2019","Medium tariff","All","England","All","Main scheme applicant","Main scheme application","40","5"," "
"2020","Medium tariff","All","England","All","Main scheme applicant","Main scheme application","35","5"," "
"2021","Medium tariff","All","England","All","Main scheme applicant","Main scheme application","50","0"," "
"2022","Medium tariff","All","England","All","Main scheme applicant","Main scheme application","85","25","0.294"
"2023","Medium tariff","All","England","All","Main scheme applicant","Main scheme application","75","25","0.299"
"2022","Lower tariff","All","Scotland","All","Main scheme applicant","Main scheme application","10","0"," "
"2023","Lower tariff","All","Scotland","All","Main scheme applicant","Main scheme application","10","0"," "
"2019","Higher tariff","All","Scotland","All","Main scheme applicant","Main scheme application","4375","1860","0.426"
"2020","Higher tariff","All","Scotland","All","Main scheme applicant","Main scheme application","4520","1990","0.441"
"2021","Higher tariff","All","Scotland","All","Main scheme applicant","Main scheme application","5505","1930","0.35000000000000003"
"2022","Higher tariff","All","Scotland","All","Main scheme applicant","Main scheme application","3875","1690","0.435"
"2023","Higher tariff","All","Scotland","All","Main scheme applicant","Main scheme application","3085","1440","0.466"
"2019","Medium tariff","All","Scotland","All","Main scheme applicant","Main scheme application","2610","370","0.14200000000000002"
"2020","Medium tariff","All","Scotland","All","Main scheme applicant","Main scheme application","2740","405","0.148"
"2021","Medium tariff","All","Scotland","All","Main scheme applicant","Main scheme application","3305","405","0.123"
"2022","Medium tariff","All","Scotland","All","Main scheme applicant","Main scheme application","2350","340","0.145"
"2023","Medium tariff","All","Scotland","All","Main scheme applicant","Main scheme application","1920","295","0.154"
"2020","Lower tariff","All","Wales","All","Main scheme applicant","Main scheme application","5","0"," "
"2022","Lower tariff","All","Wales","All","Main scheme applicant","Main scheme application","945","585","0.619"
"2023","Lower tariff","All","Wales","All","Main scheme applicant","Main scheme application","825","490","0.596"
"2019","Higher tariff","All","Wales","All","Main scheme applicant","Main scheme application","5","0"," "
"2020","Higher tariff","All","Wales","All","Main scheme applicant","Main scheme application","10","0"," "
"2021","Higher tariff","All","Wales","All","Main scheme applicant","Main scheme application","5","0"," "
"2022","Higher tariff","All","Wales","All","Main scheme applicant","Main scheme application","10","0"," "
"2023","Higher tariff","All","Wales","All","Main scheme applicant","Main scheme application","15","0"," "
"2019","Medium tariff","All","Wales","All","Main scheme applicant","Main scheme application","5","0"," "
"2022","Medium tariff","All","Wales","All","Main scheme applicant","Main scheme application","560","170","0.304"
"2023","Medium tariff","All","Wales","All","Main scheme applicant","Main scheme application","535","180","0.337"
"2022","Lower tariff","All","Not EU","All","Main scheme applicant","Main scheme application","35","5"," "
"2023","Lower tariff","All","Not EU","All","Main scheme applicant","Main scheme application","25","0"," "
"2019","Higher tariff","All","Not EU","All","Main scheme applicant","Main scheme application","65","20","0.333"
"2020","Higher tariff","All","Not EU","All","Main scheme applicant","Main scheme application","70","20","0.264"
"2021","Higher tariff","All","Not EU","All","Main scheme applicant","Main scheme application","70","15","0.2"
"2022","Higher tariff","All","Not EU","All","Main scheme applicant","Main scheme application","90","20","0.213"
"2023","Higher tariff","All","Not EU","All","Main scheme applicant","Main scheme application","80","15","0.2"
"2019","Medium tariff","All","Not EU","All","Main scheme applicant","Main scheme application","25","0"," "
"2020","Medium tariff","All","Not EU","All","Main scheme applicant","Main scheme application","25","0"," "
"2021","Medium tariff","All","Not EU","All","Main scheme applicant","Main scheme application","25","0"," "
"2022","Medium tariff","All","Not EU","All","Main scheme applicant","Main scheme application","65","5"," "
"2023","Medium tariff","All","Not EU","All","Main scheme applicant","Main scheme application","50","10"," "
"2022","Lower tariff","All","EU (excluding UK)","All","Main scheme applicant","Main scheme application","30","0"," "
"2023","Lower tariff","All","EU (excluding UK)","All","Main scheme applicant","Main scheme application","15","5"," "
"2019","Higher tariff","All","EU (excluding UK)","All","Main scheme applicant","Main scheme application","230","70","0.294"
"2020","Higher tariff","All","EU (excluding UK)","All","Main scheme applicant","Main scheme application","265","100","0.378"
"2021","Higher tariff","All","EU (excluding UK)","All","Main scheme applicant","Main scheme application","180","35","0.194"
"2022","Higher tariff","All","EU (excluding UK)","All","Main scheme applicant","Main scheme application","105","20","0.171"
"2023","Higher tariff","All","EU (excluding UK)","All","Main scheme applicant","Main scheme application","75","20","0.257"
"2019","Medium tariff","All","EU (excluding UK)","All","Main scheme applicant","Main scheme application","95","15","0.158"
"2020","Medium tariff","All","EU (excluding UK)","All","Main scheme applicant","Main scheme application","80","5"," "
"2021","Medium tariff","All","EU (excluding UK)","All","Main scheme applicant","Main scheme application","60","5"," "
"2022","Medium tariff","All","EU (excluding UK)","All","Main scheme applicant","Main scheme application","55","10"," "
"2023","Medium tariff","All","EU (excluding UK)","All","Main scheme applicant","Main scheme application","45","5"," "
"2019","All","All","England","All","Not main scheme applicant","Not main scheme application","15","15","1"
"2020","All","All","England","All","Not main scheme applicant","Not main scheme application","40","35","0.9"
"2021","All","All","England","All","Not main scheme applicant","Not main scheme application","20","15","0.773"
"2022","All","All","England","All","Not main scheme applicant","Not main scheme application","25","20","0.808"
"2023","All","All","England","All","Not main scheme applicant","Not main scheme application","40","35","0.974"
"2019","All","All","Scotland","All","Not main scheme applicant","Not main scheme application","85","60","0.729"
"2020","All","All","Scotland","All","Not main scheme applicant","Not main scheme application","145","110","0.757"
"2021","All","All","Scotland","All","Not main scheme applicant","Not main scheme application","65","50","0.738"
"2022","All","All","Scotland","All","Not main scheme applicant","Not main scheme application","95","65","0.7020000000000001"
"2023","All","All","Scotland","All","Not main scheme applicant","Not main scheme application","105","85","0.802"
"2022","All","All","Wales","All","Not main scheme applicant","Not main scheme application","110","90","0.809"
"2023","All","All","Wales","All","Not main scheme applicant","Not main scheme application","115","95","0.8160000000000001"
"2022","All","All","Not EU","All","Not main scheme applicant","Not main scheme application","5","0"," "
"2020","All","All","EU (excluding UK)","All","Not main scheme applicant","Not main scheme application","5","0"," "
"2023","All","All","Northern Ireland","All","Main scheme applicant","Not main scheme application","5","5"," "
"2019","All","All","England","All","Main scheme applicant","Not main scheme application","5","5"," "
"2021","All","All","England","All","Main scheme applicant","Not main scheme application","5","0"," "
"2022","All","All","England","All","Main scheme applicant","Not main scheme application","5","0"," "
"2023","All","All","England","All","Main scheme applicant","Not main scheme application","5","5"," "
"2019","All","All","Scotland","All","Main scheme applicant","Not main scheme application","180","90","0.497"
"2020","All","All","Scotland","All","Main scheme applicant","Not main scheme application","210","70","0.34"
"2021","All","All","Scotland","All","Main scheme applicant","Not main scheme application","245","85","0.34"
"2022","All","All","Scotland","All","Main scheme applicant","Not main scheme application","160","90","0.543"
"2023","All","All","Scotland","All","Main scheme applicant","Not main scheme application","115","70","0.598"
"2022","All","All","Wales","All","Main scheme applicant","Not main scheme application","25","20","0.875"
"2023","All","All","Wales","All","Main scheme applicant","Not main scheme application","35","30","0.886"
"2020","All","All","Not EU","All","Main scheme applicant","Not main scheme application","5","0"," "
"2022","All","All","Not EU","All","Main scheme applicant","Not main scheme application","5","0"," "
"2023","All","All","Not EU","All","Main scheme applicant","Not main scheme application","5","0"," "
"2019","All","All","EU (excluding UK)","All","Main scheme applicant","Not main scheme application","5","0"," "
"2020","All","All","EU (excluding UK)","All","Main scheme applicant","Not main scheme application","10","5"," "
"2021","All","All","EU (excluding UK)","All","Main scheme applicant","Not main scheme application","5","0"," "
"2022","All","All","EU (excluding UK)","All","Main scheme applicant","Not main scheme application","5","0"," "
"2019","All","All","Northern Ireland","All","Main scheme applicant","Main scheme application","90","20","0.244"
"2020","All","All","Northern Ireland","All","Main scheme applicant","Main scheme application","70","15","0.203"
"2021","All","All","Northern Ireland","All","Main scheme applicant","Main scheme application","95","30","0.302"
"2022","All","All","Northern Ireland","All","Main scheme applicant","Main scheme application","70","25","0.377"
"2023","All","All","Northern Ireland","All","Main scheme applicant","Main scheme application","50","10"," "
"2019","All","All","England","All","Main scheme applicant","Main scheme application","140","50","0.355"
"2020","All","All","England","All","Main scheme applicant","Main scheme application","135","60","0.445"
"2021","All","All","England","All","Main scheme applicant","Main scheme application","185","60","0.333"
"2022","All","All","England","All","Main scheme applicant","Main scheme application","225","85","0.387"
"2023","All","All","England","All","Main scheme applicant","Main scheme application","190","80","0.40800000000000003"
"2019","All","All","Scotland","All","Main scheme applicant","Main scheme application","4615","2230","0.484"
"2020","All","All","Scotland","All","Main scheme applicant","Main scheme application","4815","2400","0.498"
"2021","All","All","Scotland","All","Main scheme applicant","Main scheme application","5750","2335","0.406"
"2022","All","All","Scotland","All","Main scheme applicant","Main scheme application","4045","2030","0.502"
"2023","All","All","Scotland","All","Main scheme applicant","Main scheme application","3245","1735","0.534"
"2019","All","All","Wales","All","Main scheme applicant","Main scheme application","5","0"," "
"2020","All","All","Wales","All","Main scheme applicant","Main scheme application","15","0"," "
"2021","All","All","Wales","All","Main scheme applicant","Main scheme application","5","0"," "
"2022","All","All","Wales","All","Main scheme applicant","Main scheme application","1115","755","0.676"
"2023","All","All","Wales","All","Main scheme applicant","Main scheme application","1000","675","0.675"
"2019","All","All","Not EU","All","Main scheme applicant","Main scheme application","65","25","0.34800000000000003"
"2020","All","All","Not EU","All","Main scheme applicant","Main scheme application","75","20","0.27"
"2021","All","All","Not EU","All","Main scheme applicant","Main scheme application","75","15","0.189"
"2022","All","All","Not EU","All","Main scheme applicant","Main scheme application","120","30","0.254"
"2023","All","All","Not EU","All","Main scheme applicant","Main scheme application","110","25","0.234"
"2019","All","All","EU (excluding UK)","All","Main scheme applicant","Main scheme application","235","85","0.356"
"2020","All","All","EU (excluding UK)","All","Main scheme applicant","Main scheme application","270","105","0.394"
"2021","All","All","EU (excluding UK)","All","Main scheme applicant","Main scheme application","180","40","0.209"
"2022","All","All","EU (excluding UK)","All","Main scheme applicant","Main scheme application","115","30","0.254"
"2023","All","All","EU (excluding UK)","All","Main scheme applicant","Main scheme application","85","25","0.306"
"2019","Lower tariff","21 - 24","All","All","Not main scheme applicant","Not main scheme application","5","5"," "
"2020","Lower tariff","21 - 24","All","All","Not main scheme applicant","Not main scheme application","5","5"," "
"2021","Lower tariff","21 - 24","All","All","Not main scheme applicant","Not main scheme application","5","0"," "
"2022","Lower tariff","21 - 24","All","All","Not main scheme applicant","Not main scheme application","35","30","0.8290000000000001"
"2023","Lower tariff","21 - 24","All","All","Not main scheme applicant","Not main scheme application","40","30","0.789"
"2019","Higher tariff","21 - 24","All","All","Not main scheme applicant","Not main scheme application","20","15","0.842"
"2020","Higher tariff","21 - 24","All","All","Not main scheme applicant","Not main scheme application","35","25","0.771"
"2021","Higher tariff","21 - 24","All","All","Not main scheme applicant","Not main scheme application","20","20","0.857"
"2022","Higher tariff","21 - 24","All","All","Not main scheme applicant","Not main scheme application","25","15","0.708"
"2023","Higher tariff","21 - 24","All","All","Not main scheme applicant","Not main scheme application","25","20","0.731"
"2019","Medium tariff","21 - 24","All","All","Not main scheme applicant","Not main scheme application","5","5"," "
"2020","Medium tariff","21 - 24","All","All","Not main scheme applicant","Not main scheme application","5","5"," "
"2021","Medium tariff","21 - 24","All","All","Not main scheme applicant","Not main scheme application","5","0"," "
"2022","Medium tariff","21 - 24","All","All","Not main scheme applicant","Not main scheme application","30","25","0.781"
"2023","Medium tariff","21 - 24","All","All","Not main scheme applicant","Not main scheme application","45","40","0.891"
"2019","Lower tariff","25 - 29","All","All","Not main scheme applicant","Not main scheme application","5","5"," "
"2020","Lower tariff","25 - 29","All","All","Not main scheme applicant","Not main scheme application","15","10","0.769"
"2021","Lower tariff","25 - 29","All","All","Not main scheme applicant","Not main scheme application","5","5"," "
"2022","Lower tariff","25 - 29","All","All","Not main scheme applicant","Not main scheme application","25","20","0.875"
"2023","Lower tariff","25 - 29","All","All","Not main scheme applicant","Not main scheme application","20","15","0.833"
"2019","Higher tariff","25 - 29","All","All","Not main scheme applicant","Not main scheme application","30","25","0.8"
"2020","Higher tariff","25 - 29","All","All","Not main scheme applicant","Not main scheme application","50","40","0.837"
"2021","Higher tariff","25 - 29","All","All","Not main scheme applicant","Not main scheme application","15","10","0.714"
"2022","Higher tariff","25 - 29","All","All","Not main scheme applicant","Not main scheme application","20","15","0.727"
"2023","Higher tariff","25 - 29","All","All","Not main scheme applicant","Not main scheme application","25","20","0.875"
"2020","Medium tariff","25 - 29","All","All","Not main scheme applicant","Not main scheme application","5","5"," "
"2022","Medium tariff","25 - 29","All","All","Not main scheme applicant","Not main scheme application","25","15","0.625"
"2023","Medium tariff","25 - 29","All","All","Not main scheme applicant","Not main scheme application","15","15","0.8130000000000001"
"2020","Lower tariff","30 - 34","All","All","Not main scheme applicant","Not main scheme application","5","5"," "
"2021","Lower tariff","30 - 34","All","All","Not main scheme applicant","Not main scheme application","5","5"," "
"2022","Lower tariff","30 - 34","All","All","Not main scheme applicant","Not main scheme application","5","5"," "
"2023","Lower tariff","30 - 34","All","All","Not main scheme applicant","Not main scheme application","5","5"," "
"2019","Higher tariff","30 - 34","All","All","Not main scheme applicant","Not main scheme application","10","5"," "
"2020","Higher tariff","30 - 34","All","All","Not main scheme applicant","Not main scheme application","10","5"," "
"2021","Higher tariff","30 - 34","All","All","Not main scheme applicant","Not main scheme application","5","5"," "
"2022","Higher tariff","30 - 34","All","All","Not main scheme applicant","Not main scheme application","10","5"," "
"2023","Higher tariff","30 - 34","All","All","Not main scheme applicant","Not main scheme application","15","10","0.786"
"2020","Medium tariff","30 - 34","All","All","Not main scheme applicant","Not main scheme application","5","5"," "
"2021","Medium tariff","30 - 34","All","All","Not main scheme applicant","Not main scheme application","5","0"," "
"2022","Medium tariff","30 - 34","All","All","Not main scheme applicant","Not main scheme application","5","5"," "
"2023","Medium tariff","30 - 34","All","All","Not main scheme applicant","Not main scheme application","10","10","1"
"2019","Lower tariff","35 and over","All","All","Not main scheme applicant","Not main scheme application","10","10"," "
"2020","Lower tariff","35 and over","All","All","Not main scheme applicant","Not main scheme application","10","10","0.917"
"2021","Lower tariff","35 and over","All","All","Not main scheme applicant","Not main scheme application","10","10"," "
"2022","Lower tariff","35 and over","All","All","Not main scheme applicant","Not main scheme application","20","15","0.778"
"2023","Lower tariff","35 and over","All","All","Not main scheme applicant","Not main scheme application","15","15","0.867"
"2019","Higher tariff","35 and over","All","All","Not main scheme applicant","Not main scheme application","20","10","0.55"
"2020","Higher tariff","35 and over","All","All","Not main scheme applicant","Not main scheme application","35","25","0.727"
"2021","Higher tariff","35 and over","All","All","Not main scheme applicant","Not main scheme application","20","15","0.778"
"2022","Higher tariff","35 and over","All","All","Not main scheme applicant","Not main scheme application","25","15","0.708"
"2023","Higher tariff","35 and over","All","All","Not main scheme applicant","Not main scheme application","30","25","0.871"
"2019","Medium tariff","35 and over","All","All","Not main scheme applicant","Not main scheme application","5","5"," "
"2020","Medium tariff","35 and over","All","All","Not main scheme applicant","Not main scheme application","10","5"," "
"2021","Medium tariff","35 and over","All","All","Not main scheme applicant","Not main scheme application","5","0"," "
"2022","Medium tariff","35 and over","All","All","Not main scheme applicant","Not main scheme application","10","10"," "
"2023","Medium tariff","35 and over","All","All","Not main scheme applicant","Not main scheme application","15","10","0.706"
"2021","Higher tariff","18","All","All","Main scheme applicant","Not main scheme application","5","0"," "
"2022","Lower tariff","21 - 24","All","All","Main scheme applicant","Not main scheme application","10","10"," "
"2023","Lower tariff","21 - 24","All","All","Main scheme applicant","Not main scheme application","15","10","0.733"
"2019","Higher tariff","21 - 24","All","All","Main scheme applicant","Not main scheme application","60","30","0.508"
"2020","Higher tariff","21 - 24","All","All","Main scheme applicant","Not main scheme application","75","20","0.263"
"2021","Higher tariff","21 - 24","All","All","Main scheme applicant","Not main scheme application","85","25","0.321"
"2022","Higher tariff","21 - 24","All","All","Main scheme applicant","Not main scheme application","60","35","0.6"
"2023","Higher tariff","21 - 24","All","All","Main scheme applicant","Not main scheme application","45","25","0.6"
"2019","Medium tariff","21 - 24","All","All","Main scheme applicant","Not main scheme application","15","0"," "
"2020","Medium tariff","21 - 24","All","All","Main scheme applicant","Not main scheme application","10","0"," "
"2021","Medium tariff","21 - 24","All","All","Main scheme applicant","Not main scheme application","25","5"," "
"2022","Medium tariff","21 - 24","All","All","Main scheme applicant","Not main scheme application","20","10","0.524"
"2023","Medium tariff","21 - 24","All","All","Main scheme applicant","Not main scheme application","15","15","0.765"
"2023","Lower tariff","25 - 29","All","All","Main scheme applicant","Not main scheme application","10","5"," "
"2019","Higher tariff","25 - 29","All","All","Main scheme applicant","Not main scheme application","45","25","0.5680000000000001"
"2020","Higher tariff","25 - 29","All","All","Main scheme applicant","Not main scheme application","50","25","0.46900000000000003"
"2021","Higher tariff","25 - 29","All","All","Main scheme applicant","Not main scheme application","70","25","0.333"
"2022","Higher tariff","25 - 29","All","All","Main scheme applicant","Not main scheme application","35","20","0.618"
"2023","Higher tariff","25 - 29","All","All","Main scheme applicant","Not main scheme application","25","20","0.8"
"2019","Medium tariff","25 - 29","All","All","Main scheme applicant","Not main scheme application","10","0"," "
"2020","Medium tariff","25 - 29","All","All","Main scheme applicant","Not main scheme application","20","5"," "
"2021","Medium tariff","25 - 29","All","All","Main scheme applicant","Not main scheme application","10","0"," "
"2022","Medium tariff","25 - 29","All","All","Main scheme applicant","Not main scheme application","10","5"," "
"2023","Medium tariff","25 - 29","All","All","Main scheme applicant","Not main scheme application","10","5"," "
"2023","Lower tariff","30 - 34","All","All","Main scheme applicant","Not main scheme application","5","5"," "
"2019","Higher tariff","30 - 34","All","All","Main scheme applicant","Not main scheme application","15","10"," "
"2020","Higher tariff","30 - 34","All","All","Main scheme applicant","Not main scheme application","15","10"," "
"2021","Higher tariff","30 - 34","All","All","Main scheme applicant","Not main scheme application","25","10","0.417"
"2022","Higher tariff","30 - 34","All","All","Main scheme applicant","Not main scheme application","20","5"," "
"2023","Higher tariff","30 - 34","All","All","Main scheme applicant","Not main scheme application","10","5"," "
"2019","Medium tariff","30 - 34","All","All","Main scheme applicant","Not main scheme application","5","0"," "
"2020","Medium tariff","30 - 34","All","All","Main scheme applicant","Not main scheme application","5","0"," "
"2021","Medium tariff","30 - 34","All","All","Main scheme applicant","Not main scheme application","5","0"," "
"2022","Medium tariff","30 - 34","All","All","Main scheme applicant","Not main scheme application","5","5"," "
"2023","Medium tariff","30 - 34","All","All","Main scheme applicant","Not main scheme application","5","0"," "
"2023","Lower tariff","35 and over","All","All","Main scheme applicant","Not main scheme application","5","5"," "
"2019","Higher tariff","35 and over","All","All","Main scheme applicant","Not main scheme application","40","25","0.632"
"2020","Higher tariff","35 and over","All","All","Main scheme applicant","Not main scheme application","40","20","0.513"
"2021","Higher tariff","35 and over","All","All","Main scheme applicant","Not main scheme application","25","15","0.625"
"2022","Higher tariff","35 and over","All","All","Main scheme applicant","Not main scheme application","25","15","0.625"
"2023","Higher tariff","35 and over","All","All","Main scheme applicant","Not main scheme application","20","10","0.6"
"2019","Medium tariff","35 and over","All","All","Main scheme applicant","Not main scheme application","10","0"," "
"2020","Medium tariff","35 and over","All","All","Main scheme applicant","Not main scheme application","10","0"," "
"2021","Medium tariff","35 and over","All","All","Main scheme applicant","Not main scheme application","5","0"," "
"2022","Medium tariff","35 and over","All","All","Main scheme applicant","Not main scheme application","15","5"," "
"2023","Medium tariff","35 and over","All","All","Main scheme applicant","Not main scheme application","5","5"," "
"2022","Higher tariff","17 and under","All","All","Main scheme applicant","Main scheme application","5","0"," "
"2020","Lower tariff","18","All","All","Main scheme applicant","Main scheme application","5","0"," "
"2022","Lower tariff","18","All","All","Main scheme applicant","Main scheme application","10","0"," "
"2023","Lower tariff","18","All","All","Main scheme applicant","Main scheme application","5","0"," "
"2019","Higher tariff","18","All","All","Main scheme applicant","Main scheme application","15","0"," "
"2020","Higher tariff","18","All","All","Main scheme applicant","Main scheme application","20","0"," "
"2021","Higher tariff","18","All","All","Main scheme applicant","Main scheme application","20","0"," "
"2022","Higher tariff","18","All","All","Main scheme applicant","Main scheme application","20","0"," "
"2023","Higher tariff","18","All","All","Main scheme applicant","Main scheme application","20","0"," "
"2019","Medium tariff","18","All","All","Main scheme applicant","Main scheme application","5","0"," "
"2020","Medium tariff","18","All","All","Main scheme applicant","Main scheme application","10","0"," "
"2021","Medium tariff","18","All","All","Main scheme applicant","Main scheme application","5","0"," "
"2022","Medium tariff","18","All","All","Main scheme applicant","Main scheme application","20","0"," "
"2023","Medium tariff","18","All","All","Main scheme applicant","Main scheme application","15","0"," "
"2023","Lower tariff","19","All","All","Main scheme applicant","Main scheme application","5","0"," "
"2019","Higher tariff","19","All","All","Main scheme applicant","Main scheme application","5","0"," "
"2020","Higher tariff","19","All","All","Main scheme applicant","Main scheme application","5","0"," "
"2021","Higher tariff","19","All","All","Main scheme applicant","Main scheme application","5","0"," "
"2022","Higher tariff","19","All","All","Main scheme applicant","Main scheme application","10","0"," "
"2023","Higher tariff","19","All","All","Main scheme applicant","Main scheme application","10","0"," "
"2019","Medium tariff","19","All","All","Main scheme applicant","Main scheme application","5","0"," "
"2021","Medium tariff","19","All","All","Main scheme applicant","Main scheme application","5","0"," "
"2022","Medium tariff","19","All","All","Main scheme applicant","Main scheme application","5","0"," "
"2023","Medium tariff","19","All","All","Main scheme applicant","Main scheme application","5","0"," "
"2023","Lower tariff","20","All","All","Main scheme applicant","Main scheme application","5","0"," "
"2019","Higher tariff","20","All","All","Main scheme applicant","Main scheme application","10","0"," "
"2020","Higher tariff","20","All","All","Main scheme applicant","Main scheme application","10","0"," "
"2021","Higher tariff","20","All","All","Main scheme applicant","Main scheme application","15","0"," "
"2022","Higher tariff","20","All","All","Main scheme applicant","Main scheme application","10","0"," "
"2023","Higher tariff","20","All","All","Main scheme applicant","Main scheme application","5","0"," "
"2020","Medium tariff","20","All","All","Main scheme applicant","Main scheme application","5","0"," "
"2021","Medium tariff","20","All","All","Main scheme applicant","Main scheme application","5","0"," "
"2022","Medium tariff","20","All","All","Main scheme applicant","Main scheme application","5","0"," "
"2023","Medium tariff","20","All","All","Main scheme applicant","Main scheme application","10","0"," "
"2019","Lower tariff","21 - 24","All","All","Main scheme applicant","Main scheme application","15","10"," "
"2020","Lower tariff","21 - 24","All","All","Main scheme applicant","Main scheme application","10","5"," "
"2021","Lower tariff","21 - 24","All","All","Main scheme applicant","Main scheme application","10","5"," "
"2022","Lower tariff","21 - 24","All","All","Main scheme applicant","Main scheme application","675","385","0.5660000000000001"
"2023","Lower tariff","21 - 24","All","All","Main scheme applicant","Main scheme application","605","335","0.552"
"2019","Higher tariff","21 - 24","All","All","Main scheme applicant","Main scheme application","1800","780","0.433"
"2020","Higher tariff","21 - 24","All","All","Main scheme applicant","Main scheme application","1895","865","0.456"
"2021","Higher tariff","21 - 24","All","All","Main scheme applicant","Main scheme application","2320","825","0.356"
"2022","Higher tariff","21 - 24","All","All","Main scheme applicant","Main scheme application","1670","705","0.423"
"2023","Higher tariff","21 - 24","All","All","Main scheme applicant","Main scheme application","1405","670","0.47500000000000003"
"2019","Medium tariff","21 - 24","All","All","Main scheme applicant","Main scheme application","950","100","0.107"
"2020","Medium tariff","21 - 24","All","All","Main scheme applicant","Main scheme application","1005","100","0.099"
"2021","Medium tariff","21 - 24","All","All","Main scheme applicant","Main scheme application","1280","105","0.082"
"2022","Medium tariff","21 - 24","All","All","Main scheme applicant","Main scheme application","1335","225","0.17"
"2023","Medium tariff","21 - 24","All","All","Main scheme applicant","Main scheme application","1180","220","0.188"
"2019","Lower tariff","25 - 29","All","All","Main scheme applicant","Main scheme application","5","0"," "
"2020","Lower tariff","25 - 29","All","All","Main scheme applicant","Main scheme application","10","5"," "
"2021","Lower tariff","25 - 29","All","All","Main scheme applicant","Main scheme application","15","5"," "
"2022","Lower tariff","25 - 29","All","All","Main scheme applicant","Main scheme application","230","135","0.578"
"2023","Lower tariff","25 - 29","All","All","Main scheme applicant","Main scheme application","210","125","0.595"
"2019","Higher tariff","25 - 29","All","All","Main scheme applicant","Main scheme application","1395","610","0.439"
"2020","Higher tariff","25 - 29","All","All","Main scheme applicant","Main scheme application","1410","620","0.438"
"2021","Higher tariff","25 - 29","All","All","Main scheme applicant","Main scheme application","1760","625","0.354"
"2022","Higher tariff","25 - 29","All","All","Main scheme applicant","Main scheme application","1210","525","0.432"
"2023","Higher tariff","25 - 29","All","All","Main scheme applicant","Main scheme application","880","395","0.449"
"2019","Medium tariff","25 - 29","All","All","Main scheme applicant","Main scheme application","855","120","0.14300000000000002"
"2020","Medium tariff","25 - 29","All","All","Main scheme applicant","Main scheme application","835","120","0.14200000000000002"
"2021","Medium tariff","25 - 29","All","All","Main scheme applicant","Main scheme application","1065","140","0.133"
"2022","Medium tariff","25 - 29","All","All","Main scheme applicant","Main scheme application","875","140","0.158"
"2023","Medium tariff","25 - 29","All","All","Main scheme applicant","Main scheme application","685","110","0.159"
"2019","Lower tariff","30 - 34","All","All","Main scheme applicant","Main scheme application","10","5"," "
"2020","Lower tariff","30 - 34","All","All","Main scheme applicant","Main scheme application","10","5"," "
"2021","Lower tariff","30 - 34","All","All","Main scheme applicant","Main scheme application","5","0"," "
"2022","Lower tariff","30 - 34","All","All","Main scheme applicant","Main scheme application","90","55","0.636"
"2023","Lower tariff","30 - 34","All","All","Main scheme applicant","Main scheme application","80","45","0.543"
"2019","Higher tariff","30 - 34","All","All","Main scheme applicant","Main scheme application","610","240","0.393"
"2020","Higher tariff","30 - 34","All","All","Main scheme applicant","Main scheme application","640","280","0.441"
"2021","Higher tariff","30 - 34","All","All","Main scheme applicant","Main scheme application","730","230","0.313"
"2022","Higher tariff","30 - 34","All","All","Main scheme applicant","Main scheme application","525","225","0.428"
"2023","Higher tariff","30 - 34","All","All","Main scheme applicant","Main scheme application","385","160","0.41300000000000003"
"2019","Medium tariff","30 - 34","All","All","Main scheme applicant","Main scheme application","365","60","0.161"
"2020","Medium tariff","30 - 34","All","All","Main scheme applicant","Main scheme application","390","70","0.17500000000000002"
"2021","Medium tariff","30 - 34","All","All","Main scheme applicant","Main scheme application","425","65","0.15"
"2022","Medium tariff","30 - 34","All","All","Main scheme applicant","Main scheme application","370","70","0.195"
"2023","Medium tariff","30 - 34","All","All","Main scheme applicant","Main scheme application","300","60","0.20800000000000002"
"2019","Lower tariff","35 and over","All","All","Main scheme applicant","Main scheme application","10","5"," "
"2020","Lower tariff","35 and over","All","All","Main scheme applicant","Main scheme application","15","5"," "
"2021","Lower tariff","35 and over","All","All","Main scheme applicant","Main scheme application","15","10","0.714"
"2022","Lower tariff","35 and over","All","All","Main scheme applicant","Main scheme application","130","60","0.47300000000000003"
"2023","Lower tariff","35 and over","All","All","Main scheme applicant","Main scheme application","85","35","0.419"
"2019","Higher tariff","35 and over","All","All","Main scheme applicant","Main scheme application","1020","370","0.361"
"2020","Higher tariff","35 and over","All","All","Main scheme applicant","Main scheme application","1035","395","0.384"
"2021","Higher tariff","35 and over","All","All","Main scheme applicant","Main scheme application","1145","360","0.314"
"2022","Higher tariff","35 and over","All","All","Main scheme applicant","Main scheme application","795","310","0.391"
"2023","Higher tariff","35 and over","All","All","Main scheme applicant","Main scheme application","650","270","0.418"
"2019","Medium tariff","35 and over","All","All","Main scheme applicant","Main scheme application","620","105","0.17300000000000001"
"2020","Medium tariff","35 and over","All","All","Main scheme applicant","Main scheme application","655","130","0.202"
"2021","Medium tariff","35 and over","All","All","Main scheme applicant","Main scheme application","690","105","0.154"
"2022","Medium tariff","35 and over","All","All","Main scheme applicant","Main scheme application","535","120","0.222"
"2023","Medium tariff","35 and over","All","All","Main scheme applicant","Main scheme application","460","120","0.257"
"2019","All","21 - 24","All","All","Not main scheme applicant","Not main scheme application","25","25","0.885"
"2020","All","21 - 24","All","All","Not main scheme applicant","Not main scheme application","50","35","0.75"
"2021","All","21 - 24","All","All","Not main scheme applicant","Not main scheme application","30","20","0.75"
"2022","All","21 - 24","All","All","Not main scheme applicant","Not main scheme application","90","70","0.78"
"2023","All","21 - 24","All","All","Not main scheme applicant","Not main scheme application","110","90","0.8180000000000001"
"2019","All","25 - 29","All","All","Not main scheme applicant","Not main scheme application","35","30","0.8290000000000001"
"2020","All","25 - 29","All","All","Not main scheme applicant","Not main scheme application","70","55","0.797"
"2021","All","25 - 29","All","All","Not main scheme applicant","Not main scheme application","20","15","0.684"
"2022","All","25 - 29","All","All","Not main scheme applicant","Not main scheme application","70","50","0.743"
"2023","All","25 - 29","All","All","Not main scheme applicant","Not main scheme application","60","50","0.845"
"2019","All","30 - 34","All","All","Not main scheme applicant","Not main scheme application","10","5"," "
"2020","All","30 - 34","All","All","Not main scheme applicant","Not main scheme application","20","15","0.81"
"2021","All","30 - 34","All","All","Not main scheme applicant","Not main scheme application","15","10","0.769"
"2022","All","30 - 34","All","All","Not main scheme applicant","Not main scheme application","25","15","0.609"
"2023","All","30 - 34","All","All","Not main scheme applicant","Not main scheme application","30","25","0.862"
"2019","All","35 and over","All","All","Not main scheme applicant","Not main scheme application","35","20","0.667"
"2020","All","35 and over","All","All","Not main scheme applicant","Not main scheme application","55","40","0.722"
"2021","All","35 and over","All","All","Not main scheme applicant","Not main scheme application","30","25","0.742"
"2022","All","35 and over","All","All","Not main scheme applicant","Not main scheme application","55","40","0.741"
"2023","All","35 and over","All","All","Not main scheme applicant","Not main scheme application","65","50","0.8250000000000001"
"2021","All","18","All","All","Main scheme applicant","Not main scheme application","5","0"," "
"2019","All","21 - 24","All","All","Main scheme applicant","Not main scheme application","75","30","0.432"
"2020","All","21 - 24","All","All","Main scheme applicant","Not main scheme application","90","20","0.25"
"2021","All","21 - 24","All","All","Main scheme applicant","Not main scheme application","110","35","0.297"
"2022","All","21 - 24","All","All","Main scheme applicant","Not main scheme application","95","55","0.602"
"2023","All","21 - 24","All","All","Main scheme applicant","Not main scheme application","75","50","0.662"
"2019","All","25 - 29","All","All","Main scheme applicant","Not main scheme application","55","30","0.5"
"2020","All","25 - 29","All","All","Main scheme applicant","Not main scheme application","70","30","0.41200000000000003"
"2021","All","25 - 29","All","All","Main scheme applicant","Not main scheme application","80","25","0.309"
"2022","All","25 - 29","All","All","Main scheme applicant","Not main scheme application","45","25","0.591"
"2023","All","25 - 29","All","All","Main scheme applicant","Not main scheme application","45","30","0.744"
"2019","All","30 - 34","All","All","Main scheme applicant","Not main scheme application","20","10","0.556"
"2020","All","30 - 34","All","All","Main scheme applicant","Not main scheme application","25","10"," "
"2021","All","30 - 34","All","All","Main scheme applicant","Not main scheme application","30","10","0.379"
"2022","All","30 - 34","All","All","Main scheme applicant","Not main scheme application","25","10","0.435"
"2023","All","30 - 34","All","All","Main scheme applicant","Not main scheme application","15","10","0.625"
"2019","All","35 and over","All","All","Main scheme applicant","Not main scheme application","45","25","0.5740000000000001"
"2020","All","35 and over","All","All","Main scheme applicant","Not main scheme application","50","20","0.449"
"2021","All","35 and over","All","All","Main scheme applicant","Not main scheme application","30","15","0.552"
"2022","All","35 and over","All","All","Main scheme applicant","Not main scheme application","40","20","0.55"
"2023","All","35 and over","All","All","Main scheme applicant","Not main scheme application","30","20","0.643"
"2022","All","17 and under","All","All","Main scheme applicant","Main scheme application","5","0"," "
"2019","All","18","All","All","Main scheme applicant","Main scheme application","15","0"," "
"2020","All","18","All","All","Main scheme applicant","Main scheme application","30","0"," "
"2021","All","18","All","All","Main scheme applicant","Main scheme application","25","0"," "
"2022","All","18","All","All","Main scheme applicant","Main scheme application","50","0"," "
"2023","All","18","All","All","Main scheme applicant","Main scheme application","40","0"," "
"2019","All","19","All","All","Main scheme applicant","Main scheme application","10","0"," "
"2020","All","19","All","All","Main scheme applicant","Main scheme application","10","0"," "
"2021","All","19","All","All","Main scheme applicant","Main scheme application","5","0"," "
"2022","All","19","All","All","Main scheme applicant","Main scheme application","15","0"," "
"2023","All","19","All","All","Main scheme applicant","Main scheme application","15","0"," "
"2019","All","20","All","All","Main scheme applicant","Main scheme application","10","0"," "
"2020","All","20","All","All","Main scheme applicant","Main scheme application","15","0"," "
"2021","All","20","All","All","Main scheme applicant","Main scheme application","15","0"," "
"2022","All","20","All","All","Main scheme applicant","Main scheme application","15","0"," "
"2023","All","20","All","All","Main scheme applicant","Main scheme application","15","0"," "
"2019","All","21 - 24","All","All","Main scheme applicant","Main scheme application","1845","890","0.482"
"2020","All","21 - 24","All","All","Main scheme applicant","Main scheme application","1950","970","0.497"
"2021","All","21 - 24","All","All","Main scheme applicant","Main scheme application","2380","940","0.394"
"2022","All","21 - 24","All","All","Main scheme applicant","Main scheme application","2440","1315","0.54"
"2023","All","21 - 24","All","All","Main scheme applicant","Main scheme application","2130","1225","0.5750000000000001"
"2019","All","25 - 29","All","All","Main scheme applicant","Main scheme application","1460","735","0.503"
"2020","All","25 - 29","All","All","Main scheme applicant","Main scheme application","1485","745","0.501"
"2021","All","25 - 29","All","All","Main scheme applicant","Main scheme application","1810","770","0.426"
"2022","All","25 - 29","All","All","Main scheme applicant","Main scheme application","1485","795","0.535"
"2023","All","25 - 29","All","All","Main scheme applicant","Main scheme application","1145","630","0.548"
"2019","All","30 - 34","All","All","Main scheme applicant","Main scheme application","670","305","0.453"
"2020","All","30 - 34","All","All","Main scheme applicant","Main scheme application","700","355","0.507"
"2021","All","30 - 34","All","All","Main scheme applicant","Main scheme application","775","295","0.382"
"2022","All","30 - 34","All","All","Main scheme applicant","Main scheme application","655","355","0.538"
"2023","All","30 - 34","All","All","Main scheme applicant","Main scheme application","500","265","0.53"
"2019","All","35 and over","All","All","Main scheme applicant","Main scheme application","1140","480","0.423"
"2020","All","35 and over","All","All","Main scheme applicant","Main scheme application","1190","535","0.449"
"2021","All","35 and over","All","All","Main scheme applicant","Main scheme application","1285","475","0.371"
"2022","All","35 and over","All","All","Main scheme applicant","Main scheme application","1025","490","0.47900000000000004"
"2023","All","35 and over","All","All","Main scheme applicant","Main scheme application","830","425","0.511"
"2019","Lower tariff","All","All","All","Not main scheme applicant","Not main scheme application","15","15","1"
"2020","Lower tariff","All","All","All","Not main scheme applicant","Not main scheme application","35","30","0.865"
"2021","Lower tariff","All","All","All","Not main scheme applicant","Not main scheme application","20","15","0.85"
"2022","Lower tariff","All","All","All","Not main scheme applicant","Not main scheme application","85","70","0.8310000000000001"
"2023","Lower tariff","All","All","All","Not main scheme applicant","Not main scheme application","75","60","0.8160000000000001"
"2019","Higher tariff","All","All","All","Not main scheme applicant","Not main scheme application","75","55","0.727"
"2020","Higher tariff","All","All","All","Not main scheme applicant","Not main scheme application","125","100","0.78"
"2021","Higher tariff","All","All","All","Not main scheme applicant","Not main scheme application","55","45","0.789"
"2022","Higher tariff","All","All","All","Not main scheme applicant","Not main scheme application","80","55","0.679"
"2023","Higher tariff","All","All","All","Not main scheme applicant","Not main scheme application","95","80","0.8210000000000001"
"2019","Medium tariff","All","All","All","Not main scheme applicant","Not main scheme application","10","10"," "
"2020","Medium tariff","All","All","All","Not main scheme applicant","Not main scheme application","30","15","0.5710000000000001"
"2021","Medium tariff","All","All","All","Not main scheme applicant","Not main scheme application","15","5"," "
"2022","Medium tariff","All","All","All","Not main scheme applicant","Not main scheme application","75","55","0.716"
"2023","Medium tariff","All","All","All","Not main scheme applicant","Not main scheme application","90","75","0.854"
"2019","Lower tariff","All","All","All","Main scheme applicant","Not main scheme application","5","5"," "
"2022","Lower tariff","All","All","All","Main scheme applicant","Not main scheme application","15","10","0.786"
"2023","Lower tariff","All","All","All","Main scheme applicant","Not main scheme application","30","25","0.8"
"2019","Higher tariff","All","All","All","Main scheme applicant","Not main scheme application","155","90","0.5640000000000001"
"2020","Higher tariff","All","All","All","Main scheme applicant","Not main scheme application","180","70","0.392"
"2021","Higher tariff","All","All","All","Main scheme applicant","Not main scheme application","205","75","0.366"
"2022","Higher tariff","All","All","All","Main scheme applicant","Not main scheme application","140","80","0.5650000000000001"
"2023","Higher tariff","All","All","All","Main scheme applicant","Not main scheme application","100","65","0.646"
"2019","Medium tariff","All","All","All","Main scheme applicant","Not main scheme application","35","5"," "
"2020","Medium tariff","All","All","All","Main scheme applicant","Not main scheme application","45","10"," "
"2021","Medium tariff","All","All","All","Main scheme applicant","Not main scheme application","50","10","0.20400000000000001"
"2022","Medium tariff","All","All","All","Main scheme applicant","Not main scheme application","50","25","0.5"
"2023","Medium tariff","All","All","All","Main scheme applicant","Not main scheme application","35","25","0.657"
"2019","Lower tariff","All","All","All","Main scheme applicant","Main scheme application","45","20","0.465"
"2020","Lower tariff","All","All","All","Main scheme applicant","Main scheme application","55","20","0.34"
"2021","Lower tariff","All","All","All","Main scheme applicant","Main scheme application","45","25","0.5680000000000001"
"2022","Lower tariff","All","All","All","Main scheme applicant","Main scheme application","1140","635","0.557"
"2023","Lower tariff","All","All","All","Main scheme applicant","Main scheme application","990","540","0.544"
"2019","Higher tariff","All","All","All","Main scheme applicant","Main scheme application","4860","2000","0.41200000000000003"
"2020","Higher tariff","All","All","All","Main scheme applicant","Main scheme application","5020","2165","0.431"
"2021","Higher tariff","All","All","All","Main scheme applicant","Main scheme application","6000","2040","0.34"
"2022","Higher tariff","All","All","All","Main scheme applicant","Main scheme application","4245","1765","0.41600000000000004"
"2023","Higher tariff","All","All","All","Main scheme applicant","Main scheme application","3360","1495","0.445"
"2019","Medium tariff","All","All","All","Main scheme applicant","Main scheme application","2800","390","0.139"
"2020","Medium tariff","All","All","All","Main scheme applicant","Main scheme application","2900","420","0.14400000000000002"
"2021","Medium tariff","All","All","All","Main scheme applicant","Main scheme application","3475","415","0.12"
"2022","Medium tariff","All","All","All","Main scheme applicant","Main scheme application","3150","555","0.177"
"2023","Medium tariff","All","All","All","Main scheme applicant","Main scheme application","2650","510","0.193"
"2019","All","All","All","All","Not main scheme applicant","Not main scheme application","105","80","0.779"
"2020","All","All","All","All","Not main scheme applicant","Not main scheme application","190","145","0.766"
"2021","All","All","All","All","Not main scheme applicant","Not main scheme application","90","65","0.736"
"2022","All","All","All","All","Not main scheme applicant","Not main scheme application","240","175","0.744"
"2023","All","All","All","All","Not main scheme applicant","Not main scheme application","260","215","0.8310000000000001"
"2019","All","All","All","All","Main scheme applicant","Not main scheme application","195","95","0.497"
"2020","All","All","All","All","Main scheme applicant","Not main scheme application","230","80","0.35100000000000003"
"2021","All","All","All","All","Main scheme applicant","Not main scheme application","255","85","0.335"
"2022","All","All","All","All","Main scheme applicant","Not main scheme application","200","115","0.5640000000000001"
"2023","All","All","All","All","Main scheme applicant","Not main scheme application","165","110","0.677"
"2019","All","All","All","All","Main scheme applicant","Main scheme application","5150","2410","0.468"
"2020","All","All","All","All","Main scheme applicant","Main scheme application","5375","2600","0.484"
"2021","All","All","All","All","Main scheme applicant","Main scheme application","6295","2480","0.394"
"2022","All","All","All","All","Main scheme applicant","Main scheme application","5690","2955","0.52"
"2023","All","All","All","All","Main scheme applicant","Main scheme application","4680","2545","0.544"
"2019","Lower tariff","21 - 24","England","Female","All","Not main scheme application","5","5"," "
"2020","Lower tariff","21 - 24","England","Female","All","Not main scheme application","5","5"," "
"2022","Lower tariff","21 - 24","England","Female","All","Not main scheme application","5","5"," "
"2023","Lower tariff","21 - 24","England","Female","All","Not main scheme application","5","5"," "
"2021","Higher tariff","21 - 24","England","Female","All","Not main scheme application","5","0"," "
"2022","Medium tariff","21 - 24","England","Female","All","Not main scheme application","5","0"," "
"2023","Medium tariff","21 - 24","England","Female","All","Not main scheme application","5","5"," "
"2019","Lower tariff","25 - 29","England","Female","All","Not main scheme application","5","5"," "
"2020","Lower tariff","25 - 29","England","Female","All","Not main scheme application","10","5"," "
"2021","Lower tariff","25 - 29","England","Female","All","Not main scheme application","5","5"," "
"2023","Lower tariff","25 - 29","England","Female","All","Not main scheme application","5","5"," "
"2020","Lower tariff","30 - 34","England","Female","All","Not main scheme application","5","5"," "
"2021","Lower tariff","30 - 34","England","Female","All","Not main scheme application","5","5"," "
"2019","Lower tariff","35 and over","England","Female","All","Not main scheme application","5","5"," "
"2020","Lower tariff","35 and over","England","Female","All","Not main scheme application","10","10"," "
"2021","Lower tariff","35 and over","England","Female","All","Not main scheme application","5","5"," "
"2022","Lower tariff","35 and over","England","Female","All","Not main scheme application","5","5"," "
"2023","Lower tariff","35 and over","England","Female","All","Not main scheme application","10","10"," "
"2021","Higher tariff","18","Scotland","Female","All","Not main scheme application","5","0"," "
"2019","Higher tariff","21 - 24","Scotland","Female","All","Not main scheme application","60","35","0.617"
"2020","Higher tariff","21 - 24","Scotland","Female","All","Not main scheme application","70","20","0.294"
"2021","Higher tariff","21 - 24","Scotland","Female","All","Not main scheme application","85","35","0.434"
"2022","Higher tariff","21 - 24","Scotland","Female","All","Not main scheme application","55","35","0.661"
"2023","Higher tariff","21 - 24","Scotland","Female","All","Not main scheme application","45","30","0.681"
"2019","Medium tariff","21 - 24","Scotland","Female","All","Not main scheme application","15","5"," "
"2020","Medium tariff","21 - 24","Scotland","Female","All","Not main scheme application","10","5"," "
"2021","Medium tariff","21 - 24","Scotland","Female","All","Not main scheme application","15","5"," "
"2022","Medium tariff","21 - 24","Scotland","Female","All","Not main scheme application","10","5"," "
"2023","Medium tariff","21 - 24","Scotland","Female","All","Not main scheme application","10","5"," "
"2019","Higher tariff","25 - 29","Scotland","Female","All","Not main scheme application","50","30","0.653"
"2020","Higher tariff","25 - 29","Scotland","Female","All","Not main scheme application","60","40","0.633"
"2021","Higher tariff","25 - 29","Scotland","Female","All","Not main scheme application","50","20","0.404"
"2022","Higher tariff","25 - 29","Scotland","Female","All","Not main scheme application","40","25","0.6920000000000001"
"2023","Higher tariff","25 - 29","Scotland","Female","All","Not main scheme application","35","30","0.861"
"2019","Medium tariff","25 - 29","Scotland","Female","All","Not main scheme application","10","0"," "
"2020","Medium tariff","25 - 29","Scotland","Female","All","Not main scheme application","15","5"," "
"2021","Medium tariff","25 - 29","Scotland","Female","All","Not main scheme application","10","0"," "
"2022","Medium tariff","25 - 29","Scotland","Female","All","Not main scheme application","10","5"," "
"2023","Medium tariff","25 - 29","Scotland","Female","All","Not main scheme application","5","0"," "
"2019","Higher tariff","30 - 34","Scotland","Female","All","Not main scheme application","15","10"," "
"2020","Higher tariff","30 - 34","Scotland","Female","All","Not main scheme application","15","10","0.647"
"2021","Higher tariff","30 - 34","Scotland","Female","All","Not main scheme application","20","10"," "
"2022","Higher tariff","30 - 34","Scotland","Female","All","Not main scheme application","15","10"," "
"2023","Higher tariff","30 - 34","Scotland","Female","All","Not main scheme application","15","15","0.8130000000000001"
"2019","Medium tariff","30 - 34","Scotland","Female","All","Not main scheme application","5","0"," "
"2020","Medium tariff","30 - 34","Scotland","Female","All","Not main scheme application","10","5"," "
"2021","Medium tariff","30 - 34","Scotland","Female","All","Not main scheme application","5","0"," "
"2022","Medium tariff","30 - 34","Scotland","Female","All","Not main scheme application","5","0"," "
"2023","Medium tariff","30 - 34","Scotland","Female","All","Not main scheme application","5","0"," "
"2019","Higher tariff","35 and over","Scotland","Female","All","Not main scheme application","45","25","0.628"
"2020","Higher tariff","35 and over","Scotland","Female","All","Not main scheme application","45","25","0.558"
"2021","Higher tariff","35 and over","Scotland","Female","All","Not main scheme application","25","20","0.8"
"2022","Higher tariff","35 and over","Scotland","Female","All","Not main scheme application","30","20","0.7000000000000001"
"2023","Higher tariff","35 and over","Scotland","Female","All","Not main scheme application","25","20","0.778"
"2019","Medium tariff","35 and over","Scotland","Female","All","Not main scheme application","5","5"," "
"2020","Medium tariff","35 and over","Scotland","Female","All","Not main scheme application","10","5"," "
"2021","Medium tariff","35 and over","Scotland","Female","All","Not main scheme application","5","0"," "
"2022","Medium tariff","35 and over","Scotland","Female","All","Not main scheme application","15","5"," "
"2023","Medium tariff","35 and over","Scotland","Female","All","Not main scheme application","10","5"," "
"2022","Lower tariff","21 - 24","Wales","Female","All","Not main scheme application","20","15","0.81"
"2023","Lower tariff","21 - 24","Wales","Female","All","Not main scheme application","30","25","0.767"
"2022","Medium tariff","21 - 24","Wales","Female","All","Not main scheme application","20","15","0.8"
"2023","Medium tariff","21 - 24","Wales","Female","All","Not main scheme application","25","25","0.889"
"2022","Lower tariff","25 - 29","Wales","Female","All","Not main scheme application","10","10"," "
"2023","Lower tariff","25 - 29","Wales","Female","All","Not main scheme application","10","5"," "
"2022","Medium tariff","25 - 29","Wales","Female","All","Not main scheme application","15","10","0.667"
"2023","Medium tariff","25 - 29","Wales","Female","All","Not main scheme application","5","5"," "
"2022","Medium tariff","30 - 34","Wales","Female","All","Not main scheme application","5","5"," "
"2023","Medium tariff","30 - 34","Wales","Female","All","Not main scheme application","5","5"," "
"2022","Lower tariff","35 and over","Wales","Female","All","Not main scheme application","10","10"," "
"2023","Lower tariff","35 and over","Wales","Female","All","Not main scheme application","5","5"," "
"2022","Medium tariff","35 and over","Wales","Female","All","Not main scheme application","5","5"," "
"2023","Medium tariff","35 and over","Wales","Female","All","Not main scheme application","5","5"," "
"2020","Higher tariff","21 - 24","EU (excluding UK)","Female","All","Not main scheme application","5","0"," "
"2020","Higher tariff","25 - 29","EU (excluding UK)","Female","All","Not main scheme application","5","0"," "
"2021","Higher tariff","25 - 29","EU (excluding UK)","Female","All","Not main scheme application","5","0"," "
"2020","Lower tariff","21 - 24","England","Male","All","Not main scheme application","5","0"," "
"2022","Lower tariff","21 - 24","England","Male","All","Not main scheme application","5","5"," "
"2023","Lower tariff","21 - 24","England","Male","All","Not main scheme application","5","5"," "
"2020","Higher tariff","21 - 24","England","Male","All","Not main scheme application","5","5"," "
"2023","Medium tariff","21 - 24","England","Male","All","Not main scheme application","5","5"," "
"2020","Lower tariff","25 - 29","England","Male","All","Not main scheme application","5","5"," "
"2022","Lower tariff","25 - 29","England","Male","All","Not main scheme application","5","5"," "
"2023","Lower tariff","25 - 29","England","Male","All","Not main scheme application","5","5"," "
"2021","Lower tariff","35 and over","England","Male","All","Not main scheme application","5","0"," "
"2019","Higher tariff","21 - 24","Scotland","Male","All","Not main scheme application","15","5"," "
"2020","Higher tariff","21 - 24","Scotland","Male","All","Not main scheme application","30","20","0.656"
"2021","Higher tariff","21 - 24","Scotland","Male","All","Not main scheme application","15","5"," "
"2022","Higher tariff","21 - 24","Scotland","Male","All","Not main scheme application","25","15","0.667"
"2023","Higher tariff","21 - 24","Scotland","Male","All","Not main scheme application","20","10","0.55"
"2019","Medium tariff","21 - 24","Scotland","Male","All","Not main scheme application","5","0"," "
"2020","Medium tariff","21 - 24","Scotland","Male","All","Not main scheme application","5","0"," "
"2021","Medium tariff","21 - 24","Scotland","Male","All","Not main scheme application","15","5"," "
"2022","Medium tariff","21 - 24","Scotland","Male","All","Not main scheme application","5","5"," "
"2023","Medium tariff","21 - 24","Scotland","Male","All","Not main scheme application","5","0"," "
"2019","Higher tariff","25 - 29","Scotland","Male","All","Not main scheme application","20","15","0.737"
"2020","Higher tariff","25 - 29","Scotland","Male","All","Not main scheme application","30","25","0.719"
"2021","Higher tariff","25 - 29","Scotland","Male","All","Not main scheme application","25","10","0.462"
"2022","Higher tariff","25 - 29","Scotland","Male","All","Not main scheme application","15","10"," "
"2023","Higher tariff","25 - 29","Scotland","Male","All","Not main scheme application","10","10"," "
"2020","Medium tariff","25 - 29","Scotland","Male","All","Not main scheme application","10","5"," "
"2021","Medium tariff","25 - 29","Scotland","Male","All","Not main scheme application","5","0"," "
"2022","Medium tariff","25 - 29","Scotland","Male","All","Not main scheme application","5","5"," "
"2023","Medium tariff","25 - 29","Scotland","Male","All","Not main scheme application","5","0"," "
"2019","Higher tariff","30 - 34","Scotland","Male","All","Not main scheme application","5","5"," "
"2020","Higher tariff","30 - 34","Scotland","Male","All","Not main scheme application","10","5"," "
"2021","Higher tariff","30 - 34","Scotland","Male","All","Not main scheme application","10","5"," "
"2022","Higher tariff","30 - 34","Scotland","Male","All","Not main scheme application","10","0"," "
"2023","Higher tariff","30 - 34","Scotland","Male","All","Not main scheme application","5","5"," "
"2020","Medium tariff","30 - 34","Scotland","Male","All","Not main scheme application","5","0"," "
"2021","Medium tariff","30 - 34","Scotland","Male","All","Not main scheme application","5","0"," "
"2019","Higher tariff","35 and over","Scotland","Male","All","Not main scheme application","15","10"," "
"2020","Higher tariff","35 and over","Scotland","Male","All","Not main scheme application","25","20","0.731"
"2021","Higher tariff","35 and over","Scotland","Male","All","Not main scheme application","15","10"," "
"2022","Higher tariff","35 and over","Scotland","Male","All","Not main scheme application","15","10","0.667"
"2023","Higher tariff","35 and over","Scotland","Male","All","Not main scheme application","25","20","0.75"
"2019","Medium tariff","35 and over","Scotland","Male","All","Not main scheme application","5","0"," "
"2020","Medium tariff","35 and over","Scotland","Male","All","Not main scheme application","10","0"," "
"2021","Medium tariff","35 and over","Scotland","Male","All","Not main scheme application","5","0"," "
"2022","Medium tariff","35 and over","Scotland","Male","All","Not main scheme application","5","0"," "
"2022","Lower tariff","21 - 24","Wales","Male","All","Not main scheme application","15","15","0.8240000000000001"
"2023","Lower tariff","21 - 24","Wales","Male","All","Not main scheme application","15","10","0.714"
"2022","Medium tariff","21 - 24","Wales","Male","All","Not main scheme application","10","10","0.833"
"2023","Medium tariff","21 - 24","Wales","Male","All","Not main scheme application","15","15","1"
"2022","Lower tariff","25 - 29","Wales","Male","All","Not main scheme application","10","10"," "
"2023","Lower tariff","25 - 29","Wales","Male","All","Not main scheme application","5","5"," "
"2023","Medium tariff","25 - 29","Wales","Male","All","Not main scheme application","10","10"," "
"2023","Lower tariff","30 - 34","Wales","Male","All","Not main scheme application","5","5"," "
"2023","Medium tariff","30 - 34","Wales","Male","All","Not main scheme application","5","5"," "
"2022","Lower tariff","35 and over","Wales","Male","All","Not main scheme application","5","5"," "
"2023","Lower tariff","35 and over","Wales","Male","All","Not main scheme application","5","5"," "
"2023","Medium tariff","35 and over","Wales","Male","All","Not main scheme application","5","5"," "
"2023","Lower tariff","21 - 24","Northern Ireland","Female","All","Main scheme application","5","0"," "
"2019","Higher tariff","21 - 24","Northern Ireland","Female","All","Main scheme application","45","10"," "
"2020","Higher tariff","21 - 24","Northern Ireland","Female","All","Main scheme application","35","10"," "
"2021","Higher tariff","21 - 24","Northern Ireland","Female","All","Main scheme application","45","15","0.289"
"2022","Higher tariff","21 - 24","Northern Ireland","Female","All","Main scheme application","30","10"," "
"2023","Higher tariff","21 - 24","Northern Ireland","Female","All","Main scheme application","20","5"," "
"2019","Medium tariff","21 - 24","Northern Ireland","Female","All","Main scheme application","10","0"," "
"2020","Medium tariff","21 - 24","Northern Ireland","Female","All","Main scheme application","10","0"," "
"2021","Medium tariff","21 - 24","Northern Ireland","Female","All","Main scheme application","15","0"," "
"2022","Medium tariff","21 - 24","Northern Ireland","Female","All","Main scheme application","15","0"," "
"2023","Medium tariff","21 - 24","Northern Ireland","Female","All","Main scheme application","5","0"," "
"2022","Lower tariff","25 - 29","Northern Ireland","Female","All","Main scheme application","5","0"," "
"2019","Higher tariff","25 - 29","Northern Ireland","Female","All","Main scheme application","15","10"," "
"2020","Higher tariff","25 - 29","Northern Ireland","Female","All","Main scheme application","15","5"," "
"2021","Higher tariff","25 - 29","Northern Ireland","Female","All","Main scheme application","15","5"," "
"2022","Higher tariff","25 - 29","Northern Ireland","Female","All","Main scheme application","10","5"," "
"2023","Higher tariff","25 - 29","Northern Ireland","Female","All","Main scheme application","10","5"," "
"2019","Medium tariff","25 - 29","Northern Ireland","Female","All","Main scheme application","5","0"," "
"2020","Medium tariff","25 - 29","Northern Ireland","Female","All","Main scheme application","5","0"," "
"2021","Medium tariff","25 - 29","Northern Ireland","Female","All","Main scheme application","5","0"," "
"2022","Medium tariff","25 - 29","Northern Ireland","Female","All","Main scheme application","5","0"," "
"2023","Medium tariff","25 - 29","Northern Ireland","Female","All","Main scheme application","5","0"," "
"2021","Higher tariff","30 - 34","Northern Ireland","Female","All","Main scheme application","5","0"," "
"2022","Higher tariff","30 - 34","Northern Ireland","Female","All","Main scheme application","5","0"," "
"2019","Higher tariff","35 and over","Northern Ireland","Female","All","Main scheme application","5","0"," "
"2022","Lower tariff","18","England","Female","All","Main scheme application","5","0"," "
"2019","Lower tariff","21 - 24","England","Female","All","Main scheme application","10","5"," "
"2020","Lower tariff","21 - 24","England","Female","All","Main scheme application","10","5"," "
"2021","Lower tariff","21 - 24","England","Female","All","Main scheme application","10","5"," "
"2022","Lower tariff","21 - 24","England","Female","All","Main scheme application","60","25","0.435"
"2023","Lower tariff","21 - 24","England","Female","All","Main scheme application","55","20","0.377"
"2019","Higher tariff","21 - 24","England","Female","All","Main scheme application","40","20","0.45"
"2020","Higher tariff","21 - 24","England","Female","All","Main scheme application","25","10"," "
"2021","Higher tariff","21 - 24","England","Female","All","Main scheme application","55","15","0.246"
"2022","Higher tariff","21 - 24","England","Female","All","Main scheme application","30","10"," "
"2023","Higher tariff","21 - 24","England","Female","All","Main scheme application","25","5"," "
"2019","Medium tariff","21 - 24","England","Female","All","Main scheme application","15","0"," "
"2020","Medium tariff","21 - 24","England","Female","All","Main scheme application","10","0"," "
"2021","Medium tariff","21 - 24","England","Female","All","Main scheme application","15","0"," "
"2022","Medium tariff","21 - 24","England","Female","All","Main scheme application","35","15","0.405"
"2023","Medium tariff","21 - 24","England","Female","All","Main scheme application","40","15","0.333"
"2019","Lower tariff","25 - 29","England","Female","All","Main scheme application","5","0"," "
"2020","Lower tariff","25 - 29","England","Female","All","Main scheme application","10","5"," "
"2021","Lower tariff","25 - 29","England","Female","All","Main scheme application","10","5"," "
"2022","Lower tariff","25 - 29","England","Female","All","Main scheme application","5","0"," "
"2023","Lower tariff","25 - 29","England","Female","All","Main scheme application","5","5"," "
"2019","Higher tariff","25 - 29","England","Female","All","Main scheme application","10","0"," "
"2020","Higher tariff","25 - 29","England","Female","All","Main scheme application","15","10"," "
"2021","Higher tariff","25 - 29","England","Female","All","Main scheme application","30","10","0.367"
"2022","Higher tariff","25 - 29","England","Female","All","Main scheme application","20","5"," "
"2023","Higher tariff","25 - 29","England","Female","All","Main scheme application","10","0"," "
"2019","Medium tariff","25 - 29","England","Female","All","Main scheme application","5","0"," "
"2020","Medium tariff","25 - 29","England","Female","All","Main scheme application","10","0"," "
"2021","Medium tariff","25 - 29","England","Female","All","Main scheme application","15","0"," "
"2022","Medium tariff","25 - 29","England","Female","All","Main scheme application","10","0"," "
"2023","Medium tariff","25 - 29","England","Female","All","Main scheme application","5","0"," "
"2019","Lower tariff","30 - 34","England","Female","All","Main scheme application","5","0"," "
"2020","Lower tariff","30 - 34","England","Female","All","Main scheme application","10","0"," "
"2021","Lower tariff","30 - 34","England","Female","All","Main scheme application","5","0"," "
"2022","Lower tariff","30 - 34","England","Female","All","Main scheme application","5","0"," "
"2019","Higher tariff","30 - 34","England","Female","All","Main scheme application","5","0"," "
"2020","Higher tariff","30 - 34","England","Female","All","Main scheme application","5","5"," "
"2021","Higher tariff","30 - 34","England","Female","All","Main scheme application","10","0"," "
"2022","Higher tariff","30 - 34","England","Female","All","Main scheme application","10","0"," "
"2019","Medium tariff","30 - 34","England","Female","All","Main scheme application","5","0"," "
"2021","Medium tariff","30 - 34","England","Female","All","Main scheme application","5","0"," "
"2022","Medium tariff","30 - 34","England","Female","All","Main scheme application","5","0"," "
"2019","Lower tariff","35 and over","England","Female","All","Main scheme application","10","5"," "
"2020","Lower tariff","35 and over","England","Female","All","Main scheme application","15","5"," "
"2021","Lower tariff","35 and over","England","Female","All","Main scheme application","10","10"," "
"2022","Lower tariff","35 and over","England","Female","All","Main scheme application","5","5"," "
"2023","Lower tariff","35 and over","England","Female","All","Main scheme application","5","0"," "
"2019","Higher tariff","35 and over","England","Female","All","Main scheme application","5","0"," "
"2021","Higher tariff","35 and over","England","Female","All","Main scheme application","5","5"," "
"2022","Higher tariff","35 and over","England","Female","All","Main scheme application","5","0"," "
"2019","Medium tariff","35 and over","England","Female","All","Main scheme application","5","0"," "
"2021","Medium tariff","35 and over","England","Female","All","Main scheme application","5","0"," "
"2019","Higher tariff","18","Scotland","Female","All","Main scheme application","10","0"," "
"2020","Higher tariff","18","Scotland","Female","All","Main scheme application","15","0"," "
"2021","Higher tariff","18","Scotland","Female","All","Main scheme application","10","0"," "
"2022","Higher tariff","18","Scotland","Female","All","Main scheme application","15","0"," "
"2023","Higher tariff","18","Scotland","Female","All","Main scheme application","15","0"," "
"2019","Medium tariff","18","Scotland","Female","All","Main scheme application","5","0"," "
"2020","Medium tariff","18","Scotland","Female","All","Main scheme application","5","0"," "
"2021","Medium tariff","18","Scotland","Female","All","Main scheme application","5","0"," "
"2022","Medium tariff","18","Scotland","Female","All","Main scheme application","5","0"," "
"2023","Medium tariff","18","Scotland","Female","All","Main scheme application","5","0"," "
"2019","Higher tariff","19","Scotland","Female","All","Main scheme application","5","0"," "
"2021","Higher tariff","19","Scotland","Female","All","Main scheme application","5","0"," "
"2022","Higher tariff","19","Scotland","Female","All","Main scheme application","10","0"," "
"2023","Higher tariff","19","Scotland","Female","All","Main scheme application","5","0"," "
"2019","Medium tariff","19","Scotland","Female","All","Main scheme application","5","0"," "
"2021","Medium tariff","19","Scotland","Female","All","Main scheme application","5","0"," "
"2019","Higher tariff","20","Scotland","Female","All","Main scheme application","5","0"," "
"2020","Higher tariff","20","Scotland","Female","All","Main scheme application","5","0"," "
"2021","Higher tariff","20","Scotland","Female","All","Main scheme application","10","0"," "
"2022","Higher tariff","20","Scotland","Female","All","Main scheme application","5","0"," "
"2023","Higher tariff","20","Scotland","Female","All","Main scheme application","5","0"," "
"2021","Medium tariff","20","Scotland","Female","All","Main scheme application","5","0"," "
"2022","Medium tariff","20","Scotland","Female","All","Main scheme application","5","0"," "
"2022","Lower tariff","21 - 24","Scotland","Female","All","Main scheme application","5","0"," "
"2019","Higher tariff","21 - 24","Scotland","Female","All","Main scheme application","1125","545","0.484"
"2020","Higher tariff","21 - 24","Scotland","Female","All","Main scheme application","1240","620","0.5"
"2021","Higher tariff","21 - 24","Scotland","Female","All","Main scheme application","1545","595","0.385"
"2022","Higher tariff","21 - 24","Scotland","Female","All","Main scheme application","1105","535","0.486"
"2023","Higher tariff","21 - 24","Scotland","Female","All","Main scheme application","950","500","0.526"
"2019","Medium tariff","21 - 24","Scotland","Female","All","Main scheme application","630","75","0.116"
"2020","Medium tariff","21 - 24","Scotland","Female","All","Main scheme application","720","80","0.108"
"2021","Medium tariff","21 - 24","Scotland","Female","All","Main scheme application","915","85","0.091"
"2022","Medium tariff","21 - 24","Scotland","Female","All","Main scheme application","640","75","0.115"
"2023","Medium tariff","21 - 24","Scotland","Female","All","Main scheme application","545","65","0.116"
"2023","Lower tariff","25 - 29","Scotland","Female","All","Main scheme application","5","0"," "
"2019","Higher tariff","25 - 29","Scotland","Female","All","Main scheme application","900","425","0.47400000000000003"
"2020","Higher tariff","25 - 29","Scotland","Female","All","Main scheme application","850","395","0.464"
"2021","Higher tariff","25 - 29","Scotland","Female","All","Main scheme application","1115","425","0.38"
"2022","Higher tariff","25 - 29","Scotland","Female","All","Main scheme application","745","350","0.47200000000000003"
"2023","Higher tariff","25 - 29","Scotland","Female","All","Main scheme application","530","250","0.47300000000000003"
"2019","Medium tariff","25 - 29","Scotland","Female","All","Main scheme application","590","90","0.154"
"2020","Medium tariff","25 - 29","Scotland","Female","All","Main scheme application","555","85","0.149"
"2021","Medium tariff","25 - 29","Scotland","Female","All","Main scheme application","715","105","0.148"
"2022","Medium tariff","25 - 29","Scotland","Female","All","Main scheme application","480","75","0.156"
"2023","Medium tariff","25 - 29","Scotland","Female","All","Main scheme application","355","50","0.134"
"2019","Higher tariff","30 - 34","Scotland","Female","All","Main scheme application","375","145","0.383"
"2020","Higher tariff","30 - 34","Scotland","Female","All","Main scheme application","395","185","0.465"
"2021","Higher tariff","30 - 34","Scotland","Female","All","Main scheme application","455","135","0.292"
"2022","Higher tariff","30 - 34","Scotland","Female","All","Main scheme application","290","135","0.46900000000000003"
"2023","Higher tariff","30 - 34","Scotland","Female","All","Main scheme application","235","115","0.485"
"2019","Medium tariff","30 - 34","Scotland","Female","All","Main scheme application","245","40","0.166"
"2020","Medium tariff","30 - 34","Scotland","Female","All","Main scheme application","260","50","0.196"
"2021","Medium tariff","30 - 34","Scotland","Female","All","Main scheme application","290","55","0.186"
"2022","Medium tariff","30 - 34","Scotland","Female","All","Main scheme application","190","35","0.176"
"2023","Medium tariff","30 - 34","Scotland","Female","All","Main scheme application","160","30","0.189"
"2019","Higher tariff","35 and over","Scotland","Female","All","Main scheme application","675","240","0.359"
"2020","Higher tariff","35 and over","Scotland","Female","All","Main scheme application","730","290","0.396"
"2021","Higher tariff","35 and over","Scotland","Female","All","Main scheme application","785","265","0.335"
"2022","Higher tariff","35 and over","Scotland","Female","All","Main scheme application","535","225","0.417"
"2023","Higher tariff","35 and over","Scotland","Female","All","Main scheme application","460","205","0.442"
"2019","Medium tariff","35 and over","Scotland","Female","All","Main scheme application","440","80","0.186"
"2020","Medium tariff","35 and over","Scotland","Female","All","Main scheme application","465","95","0.20400000000000001"
"2021","Medium tariff","35 and over","Scotland","Female","All","Main scheme application","490","70","0.146"
"2022","Medium tariff","35 and over","Scotland","Female","All","Main scheme application","340","75","0.221"
"2023","Medium tariff","35 and over","Scotland","Female","All","Main scheme application","275","70","0.26"
"2020","Lower tariff","18","Wales","Female","All","Main scheme application","5","0"," "
"2022","Medium tariff","18","Wales","Female","All","Main scheme application","10","0"," "
"2022","Lower tariff","21 - 24","Wales","Female","All","Main scheme application","415","265","0.635"
"2023","Lower tariff","21 - 24","Wales","Female","All","Main scheme application","375","215","0.578"
"2020","Higher tariff","21 - 24","Wales","Female","All","Main scheme application","5","0"," "
"2022","Higher tariff","21 - 24","Wales","Female","All","Main scheme application","5","0"," "
"2023","Higher tariff","21 - 24","Wales","Female","All","Main scheme application","5","0"," "
"2022","Medium tariff","21 - 24","Wales","Female","All","Main scheme application","255","90","0.34600000000000003"
"2023","Medium tariff","21 - 24","Wales","Female","All","Main scheme application","260","85","0.335"
"2022","Lower tariff","25 - 29","Wales","Female","All","Main scheme application","135","80","0.607"
"2023","Lower tariff","25 - 29","Wales","Female","All","Main scheme application","120","80","0.664"
"2022","Higher tariff","25 - 29","Wales","Female","All","Main scheme application","5","0"," "
"2022","Medium tariff","25 - 29","Wales","Female","All","Main scheme application","80","20","0.269"
"2023","Medium tariff","25 - 29","Wales","Female","All","Main scheme application","65","20","0.28800000000000003"
"2022","Lower tariff","30 - 34","Wales","Female","All","Main scheme application","45","35","0.766"
"2023","Lower tariff","30 - 34","Wales","Female","All","Main scheme application","45","30","0.596"
"2022","Medium tariff","30 - 34","Wales","Female","All","Main scheme application","20","10","0.455"
"2023","Medium tariff","30 - 34","Wales","Female","All","Main scheme application","30","10"," "
"2022","Lower tariff","35 and over","Wales","Female","All","Main scheme application","75","40","0.507"
"2023","Lower tariff","35 and over","Wales","Female","All","Main scheme application","45","30","0.596"
"2022","Medium tariff","35 and over","Wales","Female","All","Main scheme application","30","10","0.333"
"2023","Medium tariff","35 and over","Wales","Female","All","Main scheme application","40","15","0.342"
"2022","Lower tariff","21 - 24","Not EU","Female","All","Main scheme application","5","0"," "
"2023","Lower tariff","21 - 24","Not EU","Female","All","Main scheme application","5","0"," "
"2019","Higher tariff","21 - 24","Not EU","Female","All","Main scheme application","15","5"," "
"2020","Higher tariff","21 - 24","Not EU","Female","All","Main scheme application","20","5"," "
"2021","Higher tariff","21 - 24","Not EU","Female","All","Main scheme application","15","0"," "
"2022","Higher tariff","21 - 24","Not EU","Female","All","Main scheme application","10","5"," "
"2023","Higher tariff","21 - 24","Not EU","Female","All","Main scheme application","20","5"," "
"2019","Medium tariff","21 - 24","Not EU","Female","All","Main scheme application","5","0"," "
"2020","Medium tariff","21 - 24","Not EU","Female","All","Main scheme application","5","0"," "
"2021","Medium tariff","21 - 24","Not EU","Female","All","Main scheme application","5","0"," "
"2022","Medium tariff","21 - 24","Not EU","Female","All","Main scheme application","10","0"," "
"2023","Medium tariff","21 - 24","Not EU","Female","All","Main scheme application","10","0"," "
"2022","Lower tariff","25 - 29","Not EU","Female","All","Main scheme application","5","0"," "
"2019","Higher tariff","25 - 29","Not EU","Female","All","Main scheme application","15","5"," "
"2020","Higher tariff","25 - 29","Not EU","Female","All","Main scheme application","15","5"," "
"2021","Higher tariff","25 - 29","Not EU","Female","All","Main scheme application","15","5"," "
"2022","Higher tariff","25 - 29","Not EU","Female","All","Main scheme application","15","5"," "
"2023","Higher tariff","25 - 29","Not EU","Female","All","Main scheme application","15","5"," "
"2019","Medium tariff","25 - 29","Not EU","Female","All","Main scheme application","10","0"," "
"2020","Medium tariff","25 - 29","Not EU","Female","All","Main scheme application","5","0"," "
"2021","Medium tariff","25 - 29","Not EU","Female","All","Main scheme application","5","0"," "
"2022","Medium tariff","25 - 29","Not EU","Female","All","Main scheme application","10","0"," "
"2023","Medium tariff","25 - 29","Not EU","Female","All","Main scheme application","10","0"," "
"2022","Lower tariff","30 - 34","Not EU","Female","All","Main scheme application","5","0"," "
"2019","Higher tariff","30 - 34","Not EU","Female","All","Main scheme application","10","5"," "
"2020","Higher tariff","30 - 34","Not EU","Female","All","Main scheme application","10","0"," "
"2021","Higher tariff","30 - 34","Not EU","Female","All","Main scheme application","10","5"," "
"2022","Higher tariff","30 - 34","Not EU","Female","All","Main scheme application","10","0"," "
"2023","Higher tariff","30 - 34","Not EU","Female","All","Main scheme application","10","0"," "
"2019","Medium tariff","30 - 34","Not EU","Female","All","Main scheme application","5","0"," "
"2020","Medium tariff","30 - 34","Not EU","Female","All","Main scheme application","5","0"," "
"2021","Medium tariff","30 - 34","Not EU","Female","All","Main scheme application","5","0"," "
"2022","Medium tariff","30 - 34","Not EU","Female","All","Main scheme application","10","0"," "
"2023","Medium tariff","30 - 34","Not EU","Female","All","Main scheme application","10","0"," "
"2022","Lower tariff","35 and over","Not EU","Female","All","Main scheme application","5","0"," "
"2023","Lower tariff","35 and over","Not EU","Female","All","Main scheme application","5","0"," "
"2019","Higher tariff","35 and over","Not EU","Female","All","Main scheme application","10","0"," "
"2020","Higher tariff","35 and over","Not EU","Female","All","Main scheme application","5","0"," "
"2021","Higher tariff","35 and over","Not EU","Female","All","Main scheme application","10","0"," "
"2022","Higher tariff","35 and over","Not EU","Female","All","Main scheme application","15","0"," "
"2023","Higher tariff","35 and over","Not EU","Female","All","Main scheme application","10","0"," "
"2020","Medium tariff","35 and over","Not EU","Female","All","Main scheme application","5","0"," "
"2021","Medium tariff","35 and over","Not EU","Female","All","Main scheme application","5","0"," "
"2022","Medium tariff","35 and over","Not EU","Female","All","Main scheme application","10","0"," "
"2023","Medium tariff","35 and over","Not EU","Female","All","Main scheme application","10","5"," "
"2019","Higher tariff","20","EU (excluding UK)","Female","All","Main scheme application","5","0"," "
"2020","Higher tariff","20","EU (excluding UK)","Female","All","Main scheme application","5","0"," "
"2022","Lower tariff","21 - 24","EU (excluding UK)","Female","All","Main scheme application","15","0"," "
"2023","Lower tariff","21 - 24","EU (excluding UK)","Female","All","Main scheme application","10","0"," "
"2019","Higher tariff","21 - 24","EU (excluding UK)","Female","All","Main scheme application","95","30","0.302"
"2020","Higher tariff","21 - 24","EU (excluding UK)","Female","All","Main scheme application","115","50","0.417"
"2021","Higher tariff","21 - 24","EU (excluding UK)","Female","All","Main scheme application","85","15","0.19"
"2022","Higher tariff","21 - 24","EU (excluding UK)","Female","All","Main scheme application","35","5"," "
"2023","Higher tariff","21 - 24","EU (excluding UK)","Female","All","Main scheme application","35","10","0.314"
"2019","Medium tariff","21 - 24","EU (excluding UK)","Female","All","Main scheme application","40","5"," "
"2020","Medium tariff","21 - 24","EU (excluding UK)","Female","All","Main scheme application","25","0"," "
"2021","Medium tariff","21 - 24","EU (excluding UK)","Female","All","Main scheme application","20","0"," "
"2022","Medium tariff","21 - 24","EU (excluding UK)","Female","All","Main scheme application","15","5"," "
"2023","Medium tariff","21 - 24","EU (excluding UK)","Female","All","Main scheme application","15","0"," "
"2022","Lower tariff","25 - 29","EU (excluding UK)","Female","All","Main scheme application","5","0"," "
"2019","Higher tariff","25 - 29","EU (excluding UK)","Female","All","Main scheme application","40","15","0.317"
"2020","Higher tariff","25 - 29","EU (excluding UK)","Female","All","Main scheme application","60","20","0.355"
"2021","Higher tariff","25 - 29","EU (excluding UK)","Female","All","Main scheme application","40","10"," "
"2022","Higher tariff","25 - 29","EU (excluding UK)","Female","All","Main scheme application","30","10"," "
"2023","Higher tariff","25 - 29","EU (excluding UK)","Female","All","Main scheme application","15","5"," "
"2019","Medium tariff","25 - 29","EU (excluding UK)","Female","All","Main scheme application","15","5"," "
"2020","Medium tariff","25 - 29","EU (excluding UK)","Female","All","Main scheme application","20","0"," "
"2021","Medium tariff","25 - 29","EU (excluding UK)","Female","All","Main scheme application","20","0"," "
"2022","Medium tariff","25 - 29","EU (excluding UK)","Female","All","Main scheme application","15","0"," "
"2023","Medium tariff","25 - 29","EU (excluding UK)","Female","All","Main scheme application","10","0"," "
"2019","Higher tariff","30 - 34","EU (excluding UK)","Female","All","Main scheme application","20","5"," "
"2020","Higher tariff","30 - 34","EU (excluding UK)","Female","All","Main scheme application","15","5"," "
"2021","Higher tariff","30 - 34","EU (excluding UK)","Female","All","Main scheme application","10","5"," "
"2022","Higher tariff","30 - 34","EU (excluding UK)","Female","All","Main scheme application","5","0"," "
"2023","Higher tariff","30 - 34","EU (excluding UK)","Female","All","Main scheme application","5","0"," "
"2019","Medium tariff","30 - 34","EU (excluding UK)","Female","All","Main scheme application","5","0"," "
"2020","Medium tariff","30 - 34","EU (excluding UK)","Female","All","Main scheme application","5","0"," "
"2022","Medium tariff","30 - 34","EU (excluding UK)","Female","All","Main scheme application","5","0"," "
"2023","Medium tariff","30 - 34","EU (excluding UK)","Female","All","Main scheme application","5","0"," "
"2019","Higher tariff","35 and over","EU (excluding UK)","Female","All","Main scheme application","10","5"," "
"2020","Higher tariff","35 and over","EU (excluding UK)","Female","All","Main scheme application","10","0"," "
"2021","Higher tariff","35 and over","EU (excluding UK)","Female","All","Main scheme application","5","0"," "
"2022","Higher tariff","35 and over","EU (excluding UK)","Female","All","Main scheme application","5","0"," "
"2023","Higher tariff","35 and over","EU (excluding UK)","Female","All","Main scheme application","5","0"," "
"2019","Medium tariff","35 and over","EU (excluding UK)","Female","All","Main scheme application","5","0"," "
"2020","Medium tariff","35 and over","EU (excluding UK)","Female","All","Main scheme application","5","0"," "
"2022","Medium tariff","35 and over","EU (excluding UK)","Female","All","Main scheme application","5","0"," "
"2023","Medium tariff","35 and over","EU (excluding UK)","Female","All","Main scheme application","5","0"," "
"2022","Lower tariff","21 - 24","Northern Ireland","Male","All","Main scheme application","5","0"," "
"2019","Higher tariff","21 - 24","Northern Ireland","Male","All","Main scheme application","15","0"," "
"2020","Higher tariff","21 - 24","Northern Ireland","Male","All","Main scheme application","5","0"," "
"2021","Higher tariff","21 - 24","Northern Ireland","Male","All","Main scheme application","20","0"," "
"2022","Higher tariff","21 - 24","Northern Ireland","Male","All","Main scheme application","15","5"," "
"2023","Higher tariff","21 - 24","Northern Ireland","Male","All","Main scheme application","5","0"," "
"2019","Medium tariff","21 - 24","Northern Ireland","Male","All","Main scheme application","10","0"," "
"2021","Medium tariff","21 - 24","Northern Ireland","Male","All","Main scheme application","10","0"," "
"2022","Medium tariff","21 - 24","Northern Ireland","Male","All","Main scheme application","10","0"," "
"2019","Higher tariff","25 - 29","Northern Ireland","Male","All","Main scheme application","10","5"," "
"2020","Higher tariff","25 - 29","Northern Ireland","Male","All","Main scheme application","5","0"," "
"2021","Higher tariff","25 - 29","Northern Ireland","Male","All","Main scheme application","10","5"," "
"2022","Higher tariff","25 - 29","Northern Ireland","Male","All","Main scheme application","5","0"," "
"2019","Medium tariff","25 - 29","Northern Ireland","Male","All","Main scheme application","5","0"," "
"2020","Medium tariff","25 - 29","Northern Ireland","Male","All","Main scheme application","5","0"," "
"2020","Higher tariff","30 - 34","Northern Ireland","Male","All","Main scheme application","5","0"," "
"2023","Medium tariff","18","England","Male","All","Main scheme application","5","0"," "
"2019","Lower tariff","21 - 24","England","Male","All","Main scheme application","5","5"," "
"2021","Lower tariff","21 - 24","England","Male","All","Main scheme application","5","0"," "
"2022","Lower tariff","21 - 24","England","Male","All","Main scheme application","25","5"," "
"2023","Lower tariff","21 - 24","England","Male","All","Main scheme application","20","10","0.526"
"2019","Higher tariff","21 - 24","England","Male","All","Main scheme application","15","5"," "
"2020","Higher tariff","21 - 24","England","Male","All","Main scheme application","15","5"," "
"2021","Higher tariff","21 - 24","England","Male","All","Main scheme application","20","5"," "
"2022","Higher tariff","21 - 24","England","Male","All","Main scheme application","20","5"," "
"2023","Higher tariff","21 - 24","England","Male","All","Main scheme application","10","5"," "
"2019","Medium tariff","21 - 24","England","Male","All","Main scheme application","5","0"," "
"2020","Medium tariff","21 - 24","England","Male","All","Main scheme application","5","0"," "
"2021","Medium tariff","21 - 24","England","Male","All","Main scheme application","5","0"," "
"2022","Medium tariff","21 - 24","England","Male","All","Main scheme application","20","5"," "
"2023","Medium tariff","21 - 24","England","Male","All","Main scheme application","15","5"," "
"2021","Lower tariff","25 - 29","England","Male","All","Main scheme application","5","0"," "
"2023","Lower tariff","25 - 29","England","Male","All","Main scheme application","5","0"," "
"2019","Higher tariff","25 - 29","England","Male","All","Main scheme application","10","5"," "
"2020","Higher tariff","25 - 29","England","Male","All","Main scheme application","10","5"," "
"2021","Higher tariff","25 - 29","England","Male","All","Main scheme application","10","5"," "
"2022","Higher tariff","25 - 29","England","Male","All","Main scheme application","10","5"," "
"2023","Higher tariff","25 - 29","England","Male","All","Main scheme application","5","0"," "
"2019","Medium tariff","25 - 29","England","Male","All","Main scheme application","5","0"," "
"2020","Medium tariff","25 - 29","England","Male","All","Main scheme application","5","0"," "
"2021","Medium tariff","25 - 29","England","Male","All","Main scheme application","5","0"," "
"2022","Medium tariff","25 - 29","England","Male","All","Main scheme application","5","0"," "
"2023","Medium tariff","25 - 29","England","Male","All","Main scheme application","5","0"," "
"2019","Lower tariff","30 - 34","England","Male","All","Main scheme application","5","5"," "
"2022","Lower tariff","30 - 34","England","Male","All","Main scheme application","5","0"," "
"2023","Lower tariff","30 - 34","England","Male","All","Main scheme application","5","0"," "
"2020","Higher tariff","30 - 34","England","Male","All","Main scheme application","5","5"," "
"2021","Higher tariff","30 - 34","England","Male","All","Main scheme application","5","0"," "
"2023","Higher tariff","30 - 34","England","Male","All","Main scheme application","5","5"," "
"2022","Medium tariff","30 - 34","England","Male","All","Main scheme application","5","0"," "
"2023","Medium tariff","30 - 34","England","Male","All","Main scheme application","5","0"," "
"2023","Lower tariff","35 and over","England","Male","All","Main scheme application","5","0"," "
"2019","Higher tariff","35 and over","England","Male","All","Main scheme application","5","0"," "
"2020","Higher tariff","35 and over","England","Male","All","Main scheme application","5","0"," "
"2021","Higher tariff","35 and over","England","Male","All","Main scheme application","5","0"," "
"2021","Medium tariff","35 and over","England","Male","All","Main scheme application","5","0"," "
"2019","Higher tariff","18","Scotland","Male","All","Main scheme application","5","0"," "
"2021","Higher tariff","18","Scotland","Male","All","Main scheme application","5","0"," "
"2022","Higher tariff","18","Scotland","Male","All","Main scheme application","5","0"," "
"2023","Higher tariff","18","Scotland","Male","All","Main scheme application","5","0"," "
"2023","Medium tariff","20","Scotland","Male","All","Main scheme application","5","0"," "
"2019","Higher tariff","21 - 24","Scotland","Male","All","Main scheme application","420","165","0.39"
"2020","Higher tariff","21 - 24","Scotland","Male","All","Main scheme application","400","155","0.391"
"2021","Higher tariff","21 - 24","Scotland","Male","All","Main scheme application","525","180","0.343"
"2022","Higher tariff","21 - 24","Scotland","Male","All","Main scheme application","400","140","0.34600000000000003"
"2023","Higher tariff","21 - 24","Scotland","Male","All","Main scheme application","315","140","0.435"
"2019","Medium tariff","21 - 24","Scotland","Male","All","Main scheme application","225","20","0.084"
"2020","Medium tariff","21 - 24","Scotland","Male","All","Main scheme application","220","20","0.08600000000000001"
"2021","Medium tariff","21 - 24","Scotland","Male","All","Main scheme application","295","20","0.061"
"2022","Medium tariff","21 - 24","Scotland","Male","All","Main scheme application","235","15","0.068"
"2023","Medium tariff","21 - 24","Scotland","Male","All","Main scheme application","200","20","0.101"
"2023","Lower tariff","25 - 29","Scotland","Male","All","Main scheme application","5","0"," "
"2019","Higher tariff","25 - 29","Scotland","Male","All","Main scheme application","370","145","0.389"
"2020","Higher tariff","25 - 29","Scotland","Male","All","Main scheme application","415","170","0.41500000000000004"
"2021","Higher tariff","25 - 29","Scotland","Male","All","Main scheme application","495","160","0.319"
"2022","Higher tariff","25 - 29","Scotland","Male","All","Main scheme application","355","140","0.394"
"2023","Higher tariff","25 - 29","Scotland","Male","All","Main scheme application","280","130","0.457"
"2019","Medium tariff","25 - 29","Scotland","Male","All","Main scheme application","215","25","0.113"
"2020","Medium tariff","25 - 29","Scotland","Male","All","Main scheme application","225","30","0.138"
"2021","Medium tariff","25 - 29","Scotland","Male","All","Main scheme application","295","35","0.115"
"2022","Medium tariff","25 - 29","Scotland","Male","All","Main scheme application","225","30","0.13"
"2023","Medium tariff","25 - 29","Scotland","Male","All","Main scheme application","190","25","0.133"
"2019","Higher tariff","30 - 34","Scotland","Male","All","Main scheme application","185","80","0.425"
"2020","Higher tariff","30 - 34","Scotland","Male","All","Main scheme application","190","75","0.388"
"2021","Higher tariff","30 - 34","Scotland","Male","All","Main scheme application","230","85","0.377"
"2022","Higher tariff","30 - 34","Scotland","Male","All","Main scheme application","190","80","0.429"
"2023","Higher tariff","30 - 34","Scotland","Male","All","Main scheme application","120","40","0.333"
"2019","Medium tariff","30 - 34","Scotland","Male","All","Main scheme application","95","15","0.161"
"2020","Medium tariff","30 - 34","Scotland","Male","All","Main scheme application","105","15","0.14400000000000002"
"2021","Medium tariff","30 - 34","Scotland","Male","All","Main scheme application","120","10","0.085"
"2022","Medium tariff","30 - 34","Scotland","Male","All","Main scheme application","110","15","0.147"
"2023","Medium tariff","30 - 34","Scotland","Male","All","Main scheme application","80","20","0.228"
"2019","Higher tariff","35 and over","Scotland","Male","All","Main scheme application","300","120","0.394"
"2020","Higher tariff","35 and over","Scotland","Male","All","Main scheme application","275","100","0.37"
"2021","Higher tariff","35 and over","Scotland","Male","All","Main scheme application","320","90","0.276"
"2022","Higher tariff","35 and over","Scotland","Male","All","Main scheme application","225","80","0.359"
"2023","Higher tariff","35 and over","Scotland","Male","All","Main scheme application","160","65","0.394"
"2019","Medium tariff","35 and over","Scotland","Male","All","Main scheme application","160","25","0.155"
"2020","Medium tariff","35 and over","Scotland","Male","All","Main scheme application","170","35","0.199"
"2021","Medium tariff","35 and over","Scotland","Male","All","Main scheme application","170","30","0.178"
"2022","Medium tariff","35 and over","Scotland","Male","All","Main scheme application","125","25","0.194"
"2023","Medium tariff","35 and over","Scotland","Male","All","Main scheme application","105","20","0.181"
"2022","Lower tariff","18","Wales","Male","All","Main scheme application","5","0"," "
"2022","Medium tariff","18","Wales","Male","All","Main scheme application","5","0"," "
"2023","Medium tariff","18","Wales","Male","All","Main scheme application","5","0"," "
"2022","Lower tariff","21 - 24","Wales","Male","All","Main scheme application","140","85","0.585"
"2023","Lower tariff","21 - 24","Wales","Male","All","Main scheme application","130","85","0.659"
"2022","Medium tariff","21 - 24","Wales","Male","All","Main scheme application","85","20","0.241"
"2023","Medium tariff","21 - 24","Wales","Male","All","Main scheme application","85","30","0.373"
"2022","Lower tariff","25 - 29","Wales","Male","All","Main scheme application","65","45","0.682"
"2023","Lower tariff","25 - 29","Wales","Male","All","Main scheme application","60","35","0.5650000000000001"
"2020","Higher tariff","25 - 29","Wales","Male","All","Main scheme application","5","0"," "
"2022","Medium tariff","25 - 29","Wales","Male","All","Main scheme application","40","5"," "
"2023","Medium tariff","25 - 29","Wales","Male","All","Main scheme application","35","15","0.389"
"2022","Lower tariff","30 - 34","Wales","Male","All","Main scheme application","25","15","0.615"
"2023","Lower tariff","30 - 34","Wales","Male","All","Main scheme application","20","15","0.65"
"2022","Medium tariff","30 - 34","Wales","Male","All","Main scheme application","20","5"," "
"2023","Medium tariff","30 - 34","Wales","Male","All","Main scheme application","5","0"," "
"2022","Lower tariff","35 and over","Wales","Male","All","Main scheme application","30","20","0.655"
"2023","Lower tariff","35 and over","Wales","Male","All","Main scheme application","20","5"," "
"2022","Medium tariff","35 and over","Wales","Male","All","Main scheme application","15","5"," "
"2023","Medium tariff","35 and over","Wales","Male","All","Main scheme application","15","5"," "
"2020","Higher tariff","21 - 24","Not EU","Male","All","Main scheme application","5","0"," "
"2021","Higher tariff","21 - 24","Not EU","Male","All","Main scheme application","5","0"," "
"2022","Higher tariff","21 - 24","Not EU","Male","All","Main scheme application","5","0"," "
"2023","Higher tariff","21 - 24","Not EU","Male","All","Main scheme application","10","5"," "
"2022","Medium tariff","21 - 24","Not EU","Male","All","Main scheme application","5","0"," "
"2023","Medium tariff","21 - 24","Not EU","Male","All","Main scheme application","5","0"," "
"2022","Lower tariff","25 - 29","Not EU","Male","All","Main scheme application","5","0"," "
"2023","Lower tariff","25 - 29","Not EU","Male","All","Main scheme application","5","0"," "
"2020","Higher tariff","25 - 29","Not EU","Male","All","Main scheme application","5","0"," "
"2021","Higher tariff","25 - 29","Not EU","Male","All","Main scheme application","5","0"," "
"2022","Higher tariff","25 - 29","Not EU","Male","All","Main scheme application","15","5"," "
"2023","Higher tariff","25 - 29","Not EU","Male","All","Main scheme application","5","5"," "
"2020","Medium tariff","25 - 29","Not EU","Male","All","Main scheme application","5","0"," "
"2022","Medium tariff","25 - 29","Not EU","Male","All","Main scheme application","10","0"," "
"2022","Lower tariff","30 - 34","Not EU","Male","All","Main scheme application","5","0"," "
"2023","Lower tariff","30 - 34","Not EU","Male","All","Main scheme application","5","0"," "
"2019","Higher tariff","30 - 34","Not EU","Male","All","Main scheme application","5","0"," "
"2020","Higher tariff","30 - 34","Not EU","Male","All","Main scheme application","5","0"," "
"2022","Higher tariff","30 - 34","Not EU","Male","All","Main scheme application","10","0"," "
"2022","Medium tariff","30 - 34","Not EU","Male","All","Main scheme application","5","0"," "
"2023","Medium tariff","30 - 34","Not EU","Male","All","Main scheme application","5","0"," "
"2022","Lower tariff","35 and over","Not EU","Male","All","Main scheme application","5","0"," "
"2023","Lower tariff","35 and over","Not EU","Male","All","Main scheme application","5","0"," "
"2019","Higher tariff","35 and over","Not EU","Male","All","Main scheme application","10","0"," "
"2020","Higher tariff","35 and over","Not EU","Male","All","Main scheme application","5","0"," "
"2021","Higher tariff","35 and over","Not EU","Male","All","Main scheme application","10","0"," "
"2022","Higher tariff","35 and over","Not EU","Male","All","Main scheme application","10","0"," "
"2023","Higher tariff","35 and over","Not EU","Male","All","Main scheme application","5","0"," "
"2021","Medium tariff","35 and over","Not EU","Male","All","Main scheme application","5","0"," "
"2022","Medium tariff","35 and over","Not EU","Male","All","Main scheme application","10","5"," "
"2023","Medium tariff","35 and over","Not EU","Male","All","Main scheme application","5","0"," "
"2022","Lower tariff","21 - 24","EU (excluding UK)","Male","All","Main scheme application","5","0"," "
"2019","Higher tariff","21 - 24","EU (excluding UK)","Male","All","Main scheme application","30","5"," "
"2020","Higher tariff","21 - 24","EU (excluding UK)","Male","All","Main scheme application","30","10","0.357"
"2021","Higher tariff","21 - 24","EU (excluding UK)","Male","All","Main scheme application","10","0"," "
"2022","Higher tariff","21 - 24","EU (excluding UK)","Male","All","Main scheme application","15","0"," "
"2023","Higher tariff","21 - 24","EU (excluding UK)","Male","All","Main scheme application","5","0"," "
"2019","Medium tariff","21 - 24","EU (excluding UK)","Male","All","Main scheme application","10","0"," "
"2020","Medium tariff","21 - 24","EU (excluding UK)","Male","All","Main scheme application","5","0"," "
"2021","Medium tariff","21 - 24","EU (excluding UK)","Male","All","Main scheme application","5","0"," "
"2022","Medium tariff","21 - 24","EU (excluding UK)","Male","All","Main scheme application","10","5"," "
"2023","Medium tariff","21 - 24","EU (excluding UK)","Male","All","Main scheme application","5","0"," "
"2019","Higher tariff","25 - 29","EU (excluding UK)","Male","All","Main scheme application","15","5"," "
"2020","Higher tariff","25 - 29","EU (excluding UK)","Male","All","Main scheme application","15","5"," "
"2021","Higher tariff","25 - 29","EU (excluding UK)","Male","All","Main scheme application","15","5"," "
"2022","Higher tariff","25 - 29","EU (excluding UK)","Male","All","Main scheme application","5","0"," "
"2019","Medium tariff","25 - 29","EU (excluding UK)","Male","All","Main scheme application","5","0"," "
"2020","Medium tariff","25 - 29","EU (excluding UK)","Male","All","Main scheme application","5","0"," "
"2021","Medium tariff","25 - 29","EU (excluding UK)","Male","All","Main scheme application","5","0"," "
"2019","Higher tariff","30 - 34","EU (excluding UK)","Male","All","Main scheme application","10","5"," "
"2020","Higher tariff","30 - 34","EU (excluding UK)","Male","All","Main scheme application","15","5"," "
"2021","Higher tariff","30 - 34","EU (excluding UK)","Male","All","Main scheme application","5","0"," "
"2019","Medium tariff","30 - 34","EU (excluding UK)","Male","All","Main scheme application","10","0"," "
"2020","Medium tariff","30 - 34","EU (excluding UK)","Male","All","Main scheme application","5","0"," "
"2021","Medium tariff","30 - 34","EU (excluding UK)","Male","All","Main scheme application","5","0"," "
"2023","Medium tariff","30 - 34","EU (excluding UK)","Male","All","Main scheme application","5","0"," "
"2019","Higher tariff","35 and over","EU (excluding UK)","Male","All","Main scheme application","5","0"," "
"2020","Higher tariff","35 and over","EU (excluding UK)","Male","All","Main scheme application","5","0"," "
"2021","Higher tariff","35 and over","EU (excluding UK)","Male","All","Main scheme application","5","0"," "
"2022","Higher tariff","35 and over","EU (excluding UK)","Male","All","Main scheme application","5","0"," "
"2023","Higher tariff","35 and over","EU (excluding UK)","Male","All","Main scheme application","5","0"," "
"2019","Medium tariff","35 and over","EU (excluding UK)","Male","All","Main scheme application","5","0"," "
"2021","Medium tariff","35 and over","EU (excluding UK)","Male","All","Main scheme application","5","0"," "
"2023","Medium tariff","35 and over","EU (excluding UK)","Male","All","Main scheme application","5","0"," "
"2019","All","21 - 24","England","Female","All","Not main scheme application","5","5"," "
"2020","All","21 - 24","England","Female","All","Not main scheme application","5","5"," "
"2021","All","21 - 24","England","Female","All","Not main scheme application","5","0"," "
"2022","All","21 - 24","England","Female","All","Not main scheme application","10","5"," "
"2023","All","21 - 24","England","Female","All","Not main scheme application","5","5"," "
"2019","All","25 - 29","England","Female","All","Not main scheme application","5","5"," "
"2020","All","25 - 29","England","Female","All","Not main scheme application","10","5"," "
"2021","All","25 - 29","England","Female","All","Not main scheme application","5","5"," "
"2023","All","25 - 29","England","Female","All","Not main scheme application","5","5"," "
"2020","All","30 - 34","England","Female","All","Not main scheme application","5","5"," "
"2021","All","30 - 34","England","Female","All","Not main scheme application","5","5"," "
"2019","All","35 and over","England","Female","All","Not main scheme application","10","5"," "
"2020","All","35 and over","England","Female","All","Not main scheme application","10","10"," "
"2021","All","35 and over","England","Female","All","Not main scheme application","5","5"," "
"2022","All","35 and over","England","Female","All","Not main scheme application","5","5"," "
"2023","All","35 and over","England","Female","All","Not main scheme application","10","10"," "
"2021","All","18","Scotland","Female","All","Not main scheme application","5","0"," "
"2019","All","21 - 24","Scotland","Female","All","Not main scheme application","75","40","0.533"
"2020","All","21 - 24","Scotland","Female","All","Not main scheme application","80","25","0.304"
"2021","All","21 - 24","Scotland","Female","All","Not main scheme application","100","40","0.4"
"2022","All","21 - 24","Scotland","Female","All","Not main scheme application","65","40","0.615"
"2023","All","21 - 24","Scotland","Female","All","Not main scheme application","55","35","0.643"
"2019","All","25 - 29","Scotland","Female","All","Not main scheme application","60","35","0.5760000000000001"
"2020","All","25 - 29","Scotland","Female","All","Not main scheme application","75","40","0.5750000000000001"
"2021","All","25 - 29","Scotland","Female","All","Not main scheme application","65","20","0.34900000000000003"
"2022","All","25 - 29","Scotland","Female","All","Not main scheme application","45","30","0.638"
"2023","All","25 - 29","Scotland","Female","All","Not main scheme application","40","35","0.786"
"2019","All","30 - 34","Scotland","Female","All","Not main scheme application","20","10","0.526"
"2020","All","30 - 34","Scotland","Female","All","Not main scheme application","25","15","0.56"
"2021","All","30 - 34","Scotland","Female","All","Not main scheme application","20","10","0.5"
"2022","All","30 - 34","Scotland","Female","All","Not main scheme application","20","10","0.524"
"2023","All","30 - 34","Scotland","Female","All","Not main scheme application","20","15","0.789"
"2019","All","35 and over","Scotland","Female","All","Not main scheme application","50","30","0.62"
"2020","All","35 and over","Scotland","Female","All","Not main scheme application","50","25","0.529"
"2021","All","35 and over","Scotland","Female","All","Not main scheme application","30","20","0.7000000000000001"
"2022","All","35 and over","Scotland","Female","All","Not main scheme application","45","25","0.628"
"2023","All","35 and over","Scotland","Female","All","Not main scheme application","35","25","0.686"
"2022","All","21 - 24","Wales","Female","All","Not main scheme application","40","35","0.805"
"2023","All","21 - 24","Wales","Female","All","Not main scheme application","55","45","0.8250000000000001"
"2022","All","25 - 29","Wales","Female","All","Not main scheme application","25","20","0.75"
"2023","All","25 - 29","Wales","Female","All","Not main scheme application","15","10","0.75"
"2022","All","30 - 34","Wales","Female","All","Not main scheme application","5","5"," "
"2023","All","30 - 34","Wales","Female","All","Not main scheme application","5","5"," "
"2022","All","35 and over","Wales","Female","All","Not main scheme application","15","15","0.8130000000000001"
"2023","All","35 and over","Wales","Female","All","Not main scheme application","10","10"," "
"2022","All","25 - 29","Not EU","Female","All","Not main scheme application","5","0"," "
"2020","All","21 - 24","EU (excluding UK)","Female","All","Not main scheme application","5","0"," "
"2020","All","25 - 29","EU (excluding UK)","Female","All","Not main scheme application","5","0"," "
"2021","All","25 - 29","EU (excluding UK)","Female","All","Not main scheme application","5","0"," "
"2020","All","35 and over","EU (excluding UK)","Female","All","Not main scheme application","5","0"," "
"2020","All","21 - 24","England","Male","All","Not main scheme application","5","5"," "
"2021","All","21 - 24","England","Male","All","Not main scheme application","5","0"," "
"2022","All","21 - 24","England","Male","All","Not main scheme application","5","5"," "
"2023","All","21 - 24","England","Male","All","Not main scheme application","10","10","1"
"2019","All","25 - 29","England","Male","All","Not main scheme application","5","0"," "
"2020","All","25 - 29","England","Male","All","Not main scheme application","5","5"," "
"2022","All","25 - 29","England","Male","All","Not main scheme application","5","5"," "
"2023","All","25 - 29","England","Male","All","Not main scheme application","5","5"," "
"2021","All","35 and over","England","Male","All","Not main scheme application","5","0"," "
"2022","All","35 and over","England","Male","All","Not main scheme application","5","0"," "
"2019","All","21 - 24","Scotland","Male","All","Not main scheme application","20","10"," "
"2020","All","21 - 24","Scotland","Male","All","Not main scheme application","40","20","0.5640000000000001"
"2021","All","21 - 24","Scotland","Male","All","Not main scheme application","30","10","0.367"
"2022","All","21 - 24","Scotland","Male","All","Not main scheme application","30","20","0.679"
"2023","All","21 - 24","Scotland","Male","All","Not main scheme application","25","15","0.5650000000000001"
"2019","All","25 - 29","Scotland","Male","All","Not main scheme application","20","15","0.75"
"2020","All","25 - 29","Scotland","Male","All","Not main scheme application","40","25","0.619"
"2021","All","25 - 29","Scotland","Male","All","Not main scheme application","30","15","0.448"
"2022","All","25 - 29","Scotland","Male","All","Not main scheme application","20","10","0.632"
"2023","All","25 - 29","Scotland","Male","All","Not main scheme application","15","10","0.733"
"2019","All","30 - 34","Scotland","Male","All","Not main scheme application","5","5"," "
"2020","All","30 - 34","Scotland","Male","All","Not main scheme application","10","5"," "
"2021","All","30 - 34","Scotland","Male","All","Not main scheme application","10","5"," "
"2022","All","30 - 34","Scotland","Male","All","Not main scheme application","15","5"," "
"2023","All","30 - 34","Scotland","Male","All","Not main scheme application","5","5"," "
"2019","All","35 and over","Scotland","Male","All","Not main scheme application","20","10"," "
"2020","All","35 and over","Scotland","Male","All","Not main scheme application","35","20","0.6"
"2021","All","35 and over","Scotland","Male","All","Not main scheme application","20","10"," "
"2022","All","35 and over","Scotland","Male","All","Not main scheme application","20","10","0.632"
"2023","All","35 and over","Scotland","Male","All","Not main scheme application","25","20","0.769"
"2022","All","21 - 24","Wales","Male","All","Not main scheme application","30","25","0.8280000000000001"
"2023","All","21 - 24","Wales","Male","All","Not main scheme application","30","25","0.857"
"2022","All","25 - 29","Wales","Male","All","Not main scheme application","10","10","0.909"
"2023","All","25 - 29","Wales","Male","All","Not main scheme application","15","10","0.786"
"2022","All","30 - 34","Wales","Male","All","Not main scheme application","5","5"," "
"2023","All","30 - 34","Wales","Male","All","Not main scheme application","10","10"," "
"2022","All","35 and over","Wales","Male","All","Not main scheme application","5","5"," "
"2023","All","35 and over","Wales","Male","All","Not main scheme application","10","10"," "
"2019","All","21 - 24","Northern Ireland","Female","All","Main scheme application","45","10"," "
"2020","All","21 - 24","Northern Ireland","Female","All","Main scheme application","35","10"," "
"2021","All","21 - 24","Northern Ireland","Female","All","Main scheme application","45","15","0.311"
"2022","All","21 - 24","Northern Ireland","Female","All","Main scheme application","30","10"," "
"2023","All","21 - 24","Northern Ireland","Female","All","Main scheme application","20","5"," "
"2019","All","25 - 29","Northern Ireland","Female","All","Main scheme application","15","10"," "
"2020","All","25 - 29","Northern Ireland","Female","All","Main scheme application","15","5"," "
"2021","All","25 - 29","Northern Ireland","Female","All","Main scheme application","15","5"," "
"2022","All","25 - 29","Northern Ireland","Female","All","Main scheme application","10","5"," "
"2023","All","25 - 29","Northern Ireland","Female","All","Main scheme application","10","5"," "
"2021","All","30 - 34","Northern Ireland","Female","All","Main scheme application","5","0"," "
"2022","All","30 - 34","Northern Ireland","Female","All","Main scheme application","5","0"," "
"2019","All","35 and over","Northern Ireland","Female","All","Main scheme application","5","0"," "
"2020","All","18","England","Female","All","Main scheme application","5","0"," "
"2022","All","18","England","Female","All","Main scheme application","5","0"," "
"2019","All","21 - 24","England","Female","All","Main scheme application","50","25","0.451"
"2020","All","21 - 24","England","Female","All","Main scheme application","35","15","0.389"
"2021","All","21 - 24","England","Female","All","Main scheme application","65","20","0.303"
"2022","All","21 - 24","England","Female","All","Main scheme application","100","50","0.505"
"2023","All","21 - 24","England","Female","All","Main scheme application","95","35","0.389"
"2019","All","25 - 29","England","Female","All","Main scheme application","20","5"," "
"2020","All","25 - 29","England","Female","All","Main scheme application","25","15","0.56"
"2021","All","25 - 29","England","Female","All","Main scheme application","40","15","0.385"
"2022","All","25 - 29","England","Female","All","Main scheme application","25","5"," "
"2023","All","25 - 29","England","Female","All","Main scheme application","15","10","0.588"
"2019","All","30 - 34","England","Female","All","Main scheme application","10","5"," "
"2020","All","30 - 34","England","Female","All","Main scheme application","10","5"," "
"2021","All","30 - 34","England","Female","All","Main scheme application","15","0"," "
"2022","All","30 - 34","England","Female","All","Main scheme application","10","5"," "
"2023","All","30 - 34","England","Female","All","Main scheme application","5","5"," "
"2019","All","35 and over","England","Female","All","Main scheme application","20","5"," "
"2020","All","35 and over","England","Female","All","Main scheme application","15","5"," "
"2021","All","35 and over","England","Female","All","Main scheme application","15","10","0.706"
"2022","All","35 and over","England","Female","All","Main scheme application","10","5"," "
"2023","All","35 and over","England","Female","All","Main scheme application","5","5"," "
"2019","All","18","Scotland","Female","All","Main scheme application","10","0"," "
"2020","All","18","Scotland","Female","All","Main scheme application","20","0"," "
"2021","All","18","Scotland","Female","All","Main scheme application","15","0"," "
"2022","All","18","Scotland","Female","All","Main scheme application","20","0"," "
"2023","All","18","Scotland","Female","All","Main scheme application","20","0"," "
"2019","All","19","Scotland","Female","All","Main scheme application","5","0"," "
"2021","All","19","Scotland","Female","All","Main scheme application","5","0"," "
"2022","All","19","Scotland","Female","All","Main scheme application","10","0"," "
"2023","All","19","Scotland","Female","All","Main scheme application","5","0"," "
"2019","All","20","Scotland","Female","All","Main scheme application","5","0"," "
"2020","All","20","Scotland","Female","All","Main scheme application","5","0"," "
"2021","All","20","Scotland","Female","All","Main scheme application","15","0"," "
"2022","All","20","Scotland","Female","All","Main scheme application","5","0"," "
"2023","All","20","Scotland","Female","All","Main scheme application","5","0"," "
"2019","All","21 - 24","Scotland","Female","All","Main scheme application","1145","615","0.54"
"2020","All","21 - 24","Scotland","Female","All","Main scheme application","1270","700","0.549"
"2021","All","21 - 24","Scotland","Female","All","Main scheme application","1580","675","0.429"
"2022","All","21 - 24","Scotland","Female","All","Main scheme application","1125","610","0.543"
"2023","All","21 - 24","Scotland","Female","All","Main scheme application","965","560","0.584"
"2019","All","25 - 29","Scotland","Female","All","Main scheme application","950","515","0.545"
"2020","All","25 - 29","Scotland","Female","All","Main scheme application","895","475","0.533"
"2021","All","25 - 29","Scotland","Female","All","Main scheme application","1145","530","0.464"
"2022","All","25 - 29","Scotland","Female","All","Main scheme application","765","425","0.555"
"2023","All","25 - 29","Scotland","Female","All","Main scheme application","550","300","0.542"
"2019","All","30 - 34","Scotland","Female","All","Main scheme application","410","185","0.448"
"2020","All","30 - 34","Scotland","Female","All","Main scheme application","435","235","0.543"
"2021","All","30 - 34","Scotland","Female","All","Main scheme application","485","185","0.386"
"2022","All","30 - 34","Scotland","Female","All","Main scheme application","310","170","0.549"
"2023","All","30 - 34","Scotland","Female","All","Main scheme application","255","145","0.5710000000000001"
"2019","All","35 and over","Scotland","Female","All","Main scheme application","760","325","0.426"
"2020","All","35 and over","Scotland","Female","All","Main scheme application","835","385","0.461"
"2021","All","35 and over","Scotland","Female","All","Main scheme application","875","335","0.382"
"2022","All","35 and over","Scotland","Female","All","Main scheme application","595","300","0.5"
"2023","All","35 and over","Scotland","Female","All","Main scheme application","515","275","0.538"
"2020","All","18","Wales","Female","All","Main scheme application","5","0"," "
"2022","All","18","Wales","Female","All","Main scheme application","15","0"," "
"2020","All","21 - 24","Wales","Female","All","Main scheme application","5","0"," "
"2022","All","21 - 24","Wales","Female","All","Main scheme application","485","355","0.731"
"2023","All","21 - 24","Wales","Female","All","Main scheme application","445","305","0.686"
"2022","All","25 - 29","Wales","Female","All","Main scheme application","160","105","0.648"
"2023","All","25 - 29","Wales","Female","All","Main scheme application","145","100","0.6990000000000001"
"2022","All","30 - 34","Wales","Female","All","Main scheme application","60","45","0.767"
"2023","All","30 - 34","Wales","Female","All","Main scheme application","55","35","0.632"
"2022","All","35 and over","Wales","Female","All","Main scheme application","90","50","0.533"
"2023","All","35 and over","Wales","Female","All","Main scheme application","65","40","0.621"
"2019","All","21 - 24","Not EU","Female","All","Main scheme application","15","5"," "
"2020","All","21 - 24","Not EU","Female","All","Main scheme application","25","5"," "
"2021","All","21 - 24","Not EU","Female","All","Main scheme application","15","0"," "
"2022","All","21 - 24","Not EU","Female","All","Main scheme application","15","5"," "
"2023","All","21 - 24","Not EU","Female","All","Main scheme application","20","5"," "
"2019","All","25 - 29","Not EU","Female","All","Main scheme application","15","5"," "
"2020","All","25 - 29","Not EU","Female","All","Main scheme application","15","5"," "
"2021","All","25 - 29","Not EU","Female","All","Main scheme application","15","5"," "
"2022","All","25 - 29","Not EU","Female","All","Main scheme application","20","5"," "
"2023","All","25 - 29","Not EU","Female","All","Main scheme application","20","5"," "
"2019","All","30 - 34","Not EU","Female","All","Main scheme application","10","5"," "
"2020","All","30 - 34","Not EU","Female","All","Main scheme application","10","0"," "
"2021","All","30 - 34","Not EU","Female","All","Main scheme application","10","5"," "
"2022","All","30 - 34","Not EU","Female","All","Main scheme application","15","5"," "
"2023","All","30 - 34","Not EU","Female","All","Main scheme application","15","5"," "
"2019","All","35 and over","Not EU","Female","All","Main scheme application","10","0"," "
"2020","All","35 and over","Not EU","Female","All","Main scheme application","5","0"," "
"2021","All","35 and over","Not EU","Female","All","Main scheme application","10","0"," "
"2022","All","35 and over","Not EU","Female","All","Main scheme application","20","0"," "
"2023","All","35 and over","Not EU","Female","All","Main scheme application","15","5"," "
"2019","All","20","EU (excluding UK)","Female","All","Main scheme application","5","0"," "
"2020","All","20","EU (excluding UK)","Female","All","Main scheme application","5","0"," "
"2019","All","21 - 24","EU (excluding UK)","Female","All","Main scheme application","95","35","0.375"
"2020","All","21 - 24","EU (excluding UK)","Female","All","Main scheme application","115","50","0.426"
"2021","All","21 - 24","EU (excluding UK)","Female","All","Main scheme application","85","15","0.202"
"2022","All","21 - 24","EU (excluding UK)","Female","All","Main scheme application","40","5"," "
"2023","All","21 - 24","EU (excluding UK)","Female","All","Main scheme application","40","15","0.366"
"2019","All","25 - 29","EU (excluding UK)","Female","All","Main scheme application","40","15","0.381"
"2020","All","25 - 29","EU (excluding UK)","Female","All","Main scheme application","60","25","0.371"
"2021","All","25 - 29","EU (excluding UK)","Female","All","Main scheme application","45","10"," "
"2022","All","25 - 29","EU (excluding UK)","Female","All","Main scheme application","30","10","0.387"
"2023","All","25 - 29","EU (excluding UK)","Female","All","Main scheme application","15","5"," "
"2019","All","30 - 34","EU (excluding UK)","Female","All","Main scheme application","20","5"," "
"2020","All","30 - 34","EU (excluding UK)","Female","All","Main scheme application","15","5"," "
"2021","All","30 - 34","EU (excluding UK)","Female","All","Main scheme application","10","5"," "
"2022","All","30 - 34","EU (excluding UK)","Female","All","Main scheme application","5","0"," "
"2023","All","30 - 34","EU (excluding UK)","Female","All","Main scheme application","5","0"," "
"2019","All","35 and over","EU (excluding UK)","Female","All","Main scheme application","10","5"," "
"2020","All","35 and over","EU (excluding UK)","Female","All","Main scheme application","10","0"," "
"2021","All","35 and over","EU (excluding UK)","Female","All","Main scheme application","5","0"," "
"2022","All","35 and over","EU (excluding UK)","Female","All","Main scheme application","5","0"," "
"2023","All","35 and over","EU (excluding UK)","Female","All","Main scheme application","5","0"," "
"2019","All","21 - 24","Northern Ireland","Male","All","Main scheme application","15","0"," "
"2020","All","21 - 24","Northern Ireland","Male","All","Main scheme application","10","0"," "
"2021","All","21 - 24","Northern Ireland","Male","All","Main scheme application","20","0"," "
"2022","All","21 - 24","Northern Ireland","Male","All","Main scheme application","15","5"," "
"2023","All","21 - 24","Northern Ireland","Male","All","Main scheme application","5","0"," "
"2019","All","25 - 29","Northern Ireland","Male","All","Main scheme application","10","5"," "
"2020","All","25 - 29","Northern Ireland","Male","All","Main scheme application","5","0"," "
"2021","All","25 - 29","Northern Ireland","Male","All","Main scheme application","10","5"," "
"2022","All","25 - 29","Northern Ireland","Male","All","Main scheme application","5","0"," "
"2023","All","25 - 29","Northern Ireland","Male","All","Main scheme application","5","0"," "
"2020","All","30 - 34","Northern Ireland","Male","All","Main scheme application","5","0"," "
"2023","All","18","England","Male","All","Main scheme application","5","0"," "
"2019","All","21 - 24","England","Male","All","Main scheme application","20","5"," "
"2020","All","21 - 24","England","Male","All","Main scheme application","15","5"," "
"2021","All","21 - 24","England","Male","All","Main scheme application","20","5"," "
"2022","All","21 - 24","England","Male","All","Main scheme application","45","15","0.318"
"2023","All","21 - 24","England","Male","All","Main scheme application","35","20","0.486"
"2019","All","25 - 29","England","Male","All","Main scheme application","10","5"," "
"2020","All","25 - 29","England","Male","All","Main scheme application","10","5"," "
"2021","All","25 - 29","England","Male","All","Main scheme application","15","5"," "
"2022","All","25 - 29","England","Male","All","Main scheme application","10","5"," "
"2023","All","25 - 29","England","Male","All","Main scheme application","10","0"," "
"2019","All","30 - 34","England","Male","All","Main scheme application","5","5"," "
"2020","All","30 - 34","England","Male","All","Main scheme application","10","10"," "
"2021","All","30 - 34","England","Male","All","Main scheme application","5","0"," "
"2022","All","30 - 34","England","Male","All","Main scheme application","5","5"," "
"2023","All","30 - 34","England","Male","All","Main scheme application","5","5"," "
"2019","All","35 and over","England","Male","All","Main scheme application","5","0"," "
"2020","All","35 and over","England","Male","All","Main scheme application","5","0"," "
"2021","All","35 and over","England","Male","All","Main scheme application","5","5"," "
"2022","All","35 and over","England","Male","All","Main scheme application","5","0"," "
"2023","All","35 and over","England","Male","All","Main scheme application","5","0"," "
"2019","All","18","Scotland","Male","All","Main scheme application","5","0"," "
"2020","All","18","Scotland","Male","All","Main scheme application","5","0"," "
"2021","All","18","Scotland","Male","All","Main scheme application","5","0"," "
"2022","All","18","Scotland","Male","All","Main scheme application","5","0"," "
"2023","All","18","Scotland","Male","All","Main scheme application","5","0"," "
"2021","All","20","Scotland","Male","All","Main scheme application","5","0"," "
"2022","All","20","Scotland","Male","All","Main scheme application","5","0"," "
"2023","All","20","Scotland","Male","All","Main scheme application","5","0"," "
"2019","All","21 - 24","Scotland","Male","All","Main scheme application","430","185","0.427"
"2020","All","21 - 24","Scotland","Male","All","Main scheme application","410","175","0.427"
"2021","All","21 - 24","Scotland","Male","All","Main scheme application","535","200","0.371"
"2022","All","21 - 24","Scotland","Male","All","Main scheme application","405","155","0.381"
"2023","All","21 - 24","Scotland","Male","All","Main scheme application","325","160","0.488"
"2019","All","25 - 29","Scotland","Male","All","Main scheme application","375","170","0.446"
"2020","All","25 - 29","Scotland","Male","All","Main scheme application","430","205","0.47400000000000003"
"2021","All","25 - 29","Scotland","Male","All","Main scheme application","505","190","0.38"
"2022","All","25 - 29","Scotland","Male","All","Main scheme application","360","170","0.467"
"2023","All","25 - 29","Scotland","Male","All","Main scheme application","290","155","0.528"
"2019","All","30 - 34","Scotland","Male","All","Main scheme application","195","95","0.482"
"2020","All","30 - 34","Scotland","Male","All","Main scheme application","195","90","0.447"
"2021","All","30 - 34","Scotland","Male","All","Main scheme application","235","95","0.40700000000000003"
"2022","All","30 - 34","Scotland","Male","All","Main scheme application","200","100","0.495"
"2023","All","30 - 34","Scotland","Male","All","Main scheme application","130","60","0.446"
"2019","All","35 and over","Scotland","Male","All","Main scheme application","320","145","0.449"
"2020","All","35 and over","Scotland","Male","All","Main scheme application","310","135","0.437"
"2021","All","35 and over","Scotland","Male","All","Main scheme application","350","120","0.34"
"2022","All","35 and over","Scotland","Male","All","Main scheme application","245","105","0.426"
"2023","All","35 and over","Scotland","Male","All","Main scheme application","180","80","0.461"
"2022","All","18","Wales","Male","All","Main scheme application","5","0"," "
"2023","All","18","Wales","Male","All","Main scheme application","5","0"," "
"2023","All","20","Wales","Male","All","Main scheme application","5","0"," "
"2022","All","21 - 24","Wales","Male","All","Main scheme application","160","105","0.65"
"2023","All","21 - 24","Wales","Male","All","Main scheme application","160","115","0.734"
"2020","All","25 - 29","Wales","Male","All","Main scheme application","5","0"," "
"2022","All","25 - 29","Wales","Male","All","Main scheme application","70","50","0.722"
"2023","All","25 - 29","Wales","Male","All","Main scheme application","75","50","0.653"
"2022","All","30 - 34","Wales","Male","All","Main scheme application","35","25","0.6970000000000001"
"2023","All","30 - 34","Wales","Male","All","Main scheme application","20","15","0.714"
"2022","All","35 and over","Wales","Male","All","Main scheme application","35","25","0.676"
"2023","All","35 and over","Wales","Male","All","Main scheme application","25","15","0.52"
"2020","All","21 - 24","Not EU","Male","All","Main scheme application","5","0"," "
"2021","All","21 - 24","Not EU","Male","All","Main scheme application","5","0"," "
"2022","All","21 - 24","Not EU","Male","All","Main scheme application","5","0"," "
"2023","All","21 - 24","Not EU","Male","All","Main scheme application","10","5"," "
"2020","All","25 - 29","Not EU","Male","All","Main scheme application","5","0"," "
"2021","All","25 - 29","Not EU","Male","All","Main scheme application","5","0"," "
"2022","All","25 - 29","Not EU","Male","All","Main scheme application","20","5"," "
"2023","All","25 - 29","Not EU","Male","All","Main scheme application","10","5"," "
"2019","All","30 - 34","Not EU","Male","All","Main scheme application","5","0"," "
"2020","All","30 - 34","Not EU","Male","All","Main scheme application","5","0"," "
"2022","All","30 - 34","Not EU","Male","All","Main scheme application","10","0"," "
"2023","All","30 - 34","Not EU","Male","All","Main scheme application","5","0"," "
"2019","All","35 and over","Not EU","Male","All","Main scheme application","10","0"," "
"2020","All","35 and over","Not EU","Male","All","Main scheme application","5","0"," "
"2021","All","35 and over","Not EU","Male","All","Main scheme application","10","0"," "
"2022","All","35 and over","Not EU","Male","All","Main scheme application","15","5"," "
"2023","All","35 and over","Not EU","Male","All","Main scheme application","10","5"," "
"2019","All","21 - 24","EU (excluding UK)","Male","All","Main scheme application","30","10"," "
"2020","All","21 - 24","EU (excluding UK)","Male","All","Main scheme application","30","10","0.357"
"2021","All","21 - 24","EU (excluding UK)","Male","All","Main scheme application","10","0"," "
"2022","All","21 - 24","EU (excluding UK)","Male","All","Main scheme application","15","5"," "
"2023","All","21 - 24","EU (excluding UK)","Male","All","Main scheme application","10","0"," "
"2019","All","25 - 29","EU (excluding UK)","Male","All","Main scheme application","15","5"," "
"2020","All","25 - 29","EU (excluding UK)","Male","All","Main scheme application","20","10"," "
"2021","All","25 - 29","EU (excluding UK)","Male","All","Main scheme application","15","5"," "
"2022","All","25 - 29","EU (excluding UK)","Male","All","Main scheme application","5","5"," "
"2023","All","25 - 29","EU (excluding UK)","Male","All","Main scheme application","5","0"," "
"2019","All","30 - 34","EU (excluding UK)","Male","All","Main scheme application","15","5"," "
"2020","All","30 - 34","EU (excluding UK)","Male","All","Main scheme application","15","5"," "
"2021","All","30 - 34","EU (excluding UK)","Male","All","Main scheme application","5","0"," "
"2023","All","30 - 34","EU (excluding UK)","Male","All","Main scheme application","5","0"," "
"2019","All","35 and over","EU (excluding UK)","Male","All","Main scheme application","5","0"," "
"2020","All","35 and over","EU (excluding UK)","Male","All","Main scheme application","5","0"," "
"2021","All","35 and over","EU (excluding UK)","Male","All","Main scheme application","5","0"," "
"2022","All","35 and over","EU (excluding UK)","Male","All","Main scheme application","5","0"," "
"2023","All","35 and over","EU (excluding UK)","Male","All","Main scheme application","5","0"," "
"2019","Lower tariff","All","England","Female","All","Not main scheme application","15","15","1"
"2020","Lower tariff","All","England","Female","All","Not main scheme application","25","25","0.923"
"2021","Lower tariff","All","England","Female","All","Not main scheme application","15","15","0.929"
"2022","Lower tariff","All","England","Female","All","Not main scheme application","10","10","0.833"
"2023","Lower tariff","All","England","Female","All","Not main scheme application","20","20","1"
"2021","Higher tariff","All","England","Female","All","Not main scheme application","5","0"," "
"2022","Medium tariff","All","England","Female","All","Not main scheme application","5","0"," "
"2023","Medium tariff","All","England","Female","All","Not main scheme application","5","5"," "
"2019","Higher tariff","All","Scotland","Female","All","Not main scheme application","170","105","0.625"
"2020","Higher tariff","All","Scotland","Female","All","Not main scheme application","190","95","0.495"
"2021","Higher tariff","All","Scotland","Female","All","Not main scheme application","180","85","0.47300000000000003"
"2022","Higher tariff","All","Scotland","Female","All","Not main scheme application","145","95","0.657"
"2023","Higher tariff","All","Scotland","Female","All","Not main scheme application","125","95","0.77"
"2019","Medium tariff","All","Scotland","Female","All","Not main scheme application","35","10","0.28600000000000003"
"2020","Medium tariff","All","Scotland","Female","All","Not main scheme application","40","15","0.35000000000000003"
"2021","Medium tariff","All","Scotland","Female","All","Not main scheme application","35","10"," "
"2022","Medium tariff","All","Scotland","Female","All","Not main scheme application","35","15","0.41200000000000003"
"2023","Medium tariff","All","Scotland","Female","All","Not main scheme application","25","10","0.44"
"2022","Lower tariff","All","Wales","Female","All","Not main scheme application","40","35","0.833"
"2023","Lower tariff","All","Wales","Female","All","Not main scheme application","50","35","0.75"
"2022","Medium tariff","All","Wales","Female","All","Not main scheme application","45","35","0.778"
"2023","Medium tariff","All","Wales","Female","All","Not main scheme application","40","35","0.881"
"2022","Higher tariff","All","Not EU","Female","All","Not main scheme application","5","0"," "
"2019","Higher tariff","All","EU (excluding UK)","Female","All","Not main scheme application","5","0"," "
"2020","Higher tariff","All","EU (excluding UK)","Female","All","Not main scheme application","10","0"," "
"2021","Higher tariff","All","EU (excluding UK)","Female","All","Not main scheme application","5","0"," "
"2020","Medium tariff","All","EU (excluding UK)","Female","All","Not main scheme application","5","0"," "
"2019","Lower tariff","All","England","Male","All","Not main scheme application","5","5"," "
"2020","Lower tariff","All","England","Male","All","Not main scheme application","10","10"," "
"2021","Lower tariff","All","England","Male","All","Not main scheme application","5","5"," "
"2022","Lower tariff","All","England","Male","All","Not main scheme application","10","10"," "
"2023","Lower tariff","All","England","Male","All","Not main scheme application","10","10","1"
"2020","Higher tariff","All","England","Male","All","Not main scheme application","5","5"," "
"2023","Medium tariff","All","England","Male","All","Not main scheme application","10","5"," "
"2019","Higher tariff","All","Scotland","Male","All","Not main scheme application","50","30","0.615"
"2020","Higher tariff","All","Scotland","Male","All","Not main scheme application","100","65","0.667"
"2021","Higher tariff","All","Scotland","Male","All","Not main scheme application","65","30","0.463"
"2022","Higher tariff","All","Scotland","Male","All","Not main scheme application","65","35","0.5630000000000001"
"2023","Higher tariff","All","Scotland","Male","All","Not main scheme application","65","40","0.651"
"2019","Medium tariff","All","Scotland","Male","All","Not main scheme application","10","5"," "
"2020","Medium tariff","All","Scotland","Male","All","Not main scheme application","30","10"," "
"2021","Medium tariff","All","Scotland","Male","All","Not main scheme application","25","5"," "
"2022","Medium tariff","All","Scotland","Male","All","Not main scheme application","15","10","0.667"
"2023","Medium tariff","All","Scotland","Male","All","Not main scheme application","10","5"," "
"2022","Lower tariff","All","Wales","Male","All","Not main scheme application","30","25","0.844"
"2023","Lower tariff","All","Wales","Male","All","Not main scheme application","25","20","0.769"
"2022","Medium tariff","All","Wales","Male","All","Not main scheme application","15","15","0.867"
"2023","Medium tariff","All","Wales","Male","All","Not main scheme application","35","30","0.9390000000000001"
"2020","Higher tariff","All","Not EU","Male","All","Not main scheme application","5","0"," "
"2022","Medium tariff","All","Not EU","Male","All","Not main scheme application","5","0"," "
"2022","Lower tariff","All","Northern Ireland","Female","All","Main scheme application","5","0"," "
"2023","Lower tariff","All","Northern Ireland","Female","All","Main scheme application","10","0"," "
"2019","Higher tariff","All","Northern Ireland","Female","All","Main scheme application","65","20","0.273"
"2020","Higher tariff","All","Northern Ireland","Female","All","Main scheme application","50","15","0.26"
"2021","Higher tariff","All","Northern Ireland","Female","All","Main scheme application","65","15","0.27"
"2022","Higher tariff","All","Northern Ireland","Female","All","Main scheme application","45","15","0.326"
"2023","Higher tariff","All","Northern Ireland","Female","All","Main scheme application","35","5"," "
"2019","Medium tariff","All","Northern Ireland","Female","All","Main scheme application","15","0"," "
"2020","Medium tariff","All","Northern Ireland","Female","All","Main scheme application","15","0"," "
"2021","Medium tariff","All","Northern Ireland","Female","All","Main scheme application","25","5"," "
"2022","Medium tariff","All","Northern Ireland","Female","All","Main scheme application","20","0"," "
"2023","Medium tariff","All","Northern Ireland","Female","All","Main scheme application","15","0"," "
"2019","Lower tariff","All","England","Female","All","Main scheme application","35","15","0.41200000000000003"
"2020","Lower tariff","All","England","Female","All","Main scheme application","40","15","0.381"
"2021","Lower tariff","All","England","Female","All","Main scheme application","30","20","0.613"
"2022","Lower tariff","All","England","Female","All","Main scheme application","80","30","0.39"
"2023","Lower tariff","All","England","Female","All","Main scheme application","70","30","0.449"
"2019","Higher tariff","All","England","Female","All","Main scheme application","65","20","0.317"
"2020","Higher tariff","All","England","Female","All","Main scheme application","50","20","0.44"
"2021","Higher tariff","All","England","Female","All","Main scheme application","105","30","0.272"
"2022","Higher tariff","All","England","Female","All","Main scheme application","65","15","0.219"
"2023","Higher tariff","All","England","Female","All","Main scheme application","40","5"," "
"2019","Medium tariff","All","England","Female","All","Main scheme application","25","0"," "
"2020","Medium tariff","All","England","Female","All","Main scheme application","20","0"," "
"2021","Medium tariff","All","England","Female","All","Main scheme application","35","0"," "
"2022","Medium tariff","All","England","Female","All","Main scheme application","55","15","0.296"
"2023","Medium tariff","All","England","Female","All","Main scheme application","45","15","0.34"
"2022","Lower tariff","All","Scotland","Female","All","Main scheme application","5","0"," "
"2023","Lower tariff","All","Scotland","Female","All","Main scheme application","5","0"," "
"2019","Higher tariff","All","Scotland","Female","All","Main scheme application","3090","1355","0.439"
"2020","Higher tariff","All","Scotland","Female","All","Main scheme application","3240","1490","0.46"
"2021","Higher tariff","All","Scotland","Female","All","Main scheme application","3930","1415","0.36"
"2022","Higher tariff","All","Scotland","Female","All","Main scheme application","2705","1245","0.461"
"2023","Higher tariff","All","Scotland","Female","All","Main scheme application","2200","1070","0.486"
"2019","Medium tariff","All","Scotland","Female","All","Main scheme application","1915","285","0.15"
"2020","Medium tariff","All","Scotland","Female","All","Main scheme application","2010","305","0.153"
"2021","Medium tariff","All","Scotland","Female","All","Main scheme application","2425","315","0.13"
"2022","Medium tariff","All","Scotland","Female","All","Main scheme application","1655","255","0.155"
"2023","Medium tariff","All","Scotland","Female","All","Main scheme application","1345","215","0.159"
"2020","Lower tariff","All","Wales","Female","All","Main scheme application","5","0"," "
"2022","Lower tariff","All","Wales","Female","All","Main scheme application","675","420","0.623"
"2023","Lower tariff","All","Wales","Female","All","Main scheme application","595","355","0.594"
"2019","Higher tariff","All","Wales","Female","All","Main scheme application","5","0"," "
"2020","Higher tariff","All","Wales","Female","All","Main scheme application","5","0"," "
"2021","Higher tariff","All","Wales","Female","All","Main scheme application","5","0"," "
"2022","Higher tariff","All","Wales","Female","All","Main scheme application","10","0"," "
"2023","Higher tariff","All","Wales","Female","All","Main scheme application","10","0"," "
"2022","Medium tariff","All","Wales","Female","All","Main scheme application","395","130","0.325"
"2023","Medium tariff","All","Wales","Female","All","Main scheme application","395","125","0.323"
"2022","Lower tariff","All","Not EU","Female","All","Main scheme application","15","0"," "
"2023","Lower tariff","All","Not EU","Female","All","Main scheme application","15","0"," "
"2019","Higher tariff","All","Not EU","Female","All","Main scheme application","45","15","0.34"
"2020","Higher tariff","All","Not EU","Female","All","Main scheme application","50","15","0.294"
"2021","Higher tariff","All","Not EU","Female","All","Main scheme application","50","10","0.216"
"2022","Higher tariff","All","Not EU","Female","All","Main scheme application","55","10","0.226"
"2023","Higher tariff","All","Not EU","Female","All","Main scheme application","55","10"," "
"2019","Medium tariff","All","Not EU","Female","All","Main scheme application","15","0"," "
"2020","Medium tariff","All","Not EU","Female","All","Main scheme application","20","0"," "
"2021","Medium tariff","All","Not EU","Female","All","Main scheme application","20","0"," "
"2022","Medium tariff","All","Not EU","Female","All","Main scheme application","35","0"," "
"2023","Medium tariff","All","Not EU","Female","All","Main scheme application","35","5"," "
"2022","Lower tariff","All","EU (excluding UK)","Female","All","Main scheme application","25","0"," "
"2023","Lower tariff","All","EU (excluding UK)","Female","All","Main scheme application","10","5"," "
"2019","Higher tariff","All","EU (excluding UK)","Female","All","Main scheme application","170","50","0.308"
"2020","Higher tariff","All","EU (excluding UK)","Female","All","Main scheme application","205","80","0.382"
"2021","Higher tariff","All","EU (excluding UK)","Female","All","Main scheme application","140","30","0.197"
"2022","Higher tariff","All","EU (excluding UK)","Female","All","Main scheme application","80","15","0.19"
"2023","Higher tariff","All","EU (excluding UK)","Female","All","Main scheme application","55","20","0.316"
"2019","Medium tariff","All","EU (excluding UK)","Female","All","Main scheme application","70","10","0.162"
"2020","Medium tariff","All","EU (excluding UK)","Female","All","Main scheme application","55","0"," "
"2021","Medium tariff","All","EU (excluding UK)","Female","All","Main scheme application","40","0"," "
"2022","Medium tariff","All","EU (excluding UK)","Female","All","Main scheme application","40","5"," "
"2023","Medium tariff","All","EU (excluding UK)","Female","All","Main scheme application","35","0"," "
"2022","Lower tariff","All","Northern Ireland","Male","All","Main scheme application","5","0"," "
"2019","Higher tariff","All","Northern Ireland","Male","All","Main scheme application","25","5"," "
"2020","Higher tariff","All","Northern Ireland","Male","All","Main scheme application","15","0"," "
"2021","Higher tariff","All","Northern Ireland","Male","All","Main scheme application","30","5"," "
"2022","Higher tariff","All","Northern Ireland","Male","All","Main scheme application","25","5"," "
"2023","Higher tariff","All","Northern Ireland","Male","All","Main scheme application","10","0"," "
"2019","Medium tariff","All","Northern Ireland","Male","All","Main scheme application","15","0"," "
"2020","Medium tariff","All","Northern Ireland","Male","All","Main scheme application","5","0"," "
"2021","Medium tariff","All","Northern Ireland","Male","All","Main scheme application","15","0"," "
"2022","Medium tariff","All","Northern Ireland","Male","All","Main scheme application","15","0"," "
"2023","Medium tariff","All","Northern Ireland","Male","All","Main scheme application","5","0"," "
"2019","Lower tariff","All","England","Male","All","Main scheme application","10","5"," "
"2020","Lower tariff","All","England","Male","All","Main scheme application","5","0"," "
"2021","Lower tariff","All","England","Male","All","Main scheme application","10","5"," "
"2022","Lower tariff","All","England","Male","All","Main scheme application","30","10"," "
"2023","Lower tariff","All","England","Male","All","Main scheme application","30","10","0.355"
"2019","Higher tariff","All","England","Male","All","Main scheme application","30","5"," "
"2020","Higher tariff","All","England","Male","All","Main scheme application","35","15","0.389"
"2021","Higher tariff","All","England","Male","All","Main scheme application","40","5"," "
"2022","Higher tariff","All","England","Male","All","Main scheme application","30","5"," "
"2023","Higher tariff","All","England","Male","All","Main scheme application","25","5"," "
"2019","Medium tariff","All","England","Male","All","Main scheme application","15","0"," "
"2020","Medium tariff","All","England","Male","All","Main scheme application","10","5"," "
"2021","Medium tariff","All","England","Male","All","Main scheme application","15","0"," "
"2022","Medium tariff","All","England","Male","All","Main scheme application","30","10"," "
"2023","Medium tariff","All","England","Male","All","Main scheme application","30","5"," "
"2022","Lower tariff","All","Scotland","Male","All","Main scheme application","5","0"," "
"2023","Lower tariff","All","Scotland","Male","All","Main scheme application","5","0"," "
"2019","Higher tariff","All","Scotland","Male","All","Main scheme application","1285","505","0.394"
"2020","Higher tariff","All","Scotland","Male","All","Main scheme application","1280","505","0.393"
"2021","Higher tariff","All","Scotland","Male","All","Main scheme application","1580","515","0.325"
"2022","Higher tariff","All","Scotland","Male","All","Main scheme application","1175","440","0.376"
"2023","Higher tariff","All","Scotland","Male","All","Main scheme application","885","370","0.418"
"2019","Medium tariff","All","Scotland","Male","All","Main scheme application","695","85","0.11900000000000001"
"2020","Medium tariff","All","Scotland","Male","All","Main scheme application","725","100","0.136"
"2021","Medium tariff","All","Scotland","Male","All","Main scheme application","880","90","0.105"
"2022","Medium tariff","All","Scotland","Male","All","Main scheme application","695","85","0.122"
"2023","Medium tariff","All","Scotland","Male","All","Main scheme application","575","80","0.14200000000000002"
"2022","Lower tariff","All","Wales","Male","All","Main scheme application","265","165","0.61"
"2023","Lower tariff","All","Wales","Male","All","Main scheme application","230","140","0.602"
"2019","Higher tariff","All","Wales","Male","All","Main scheme application","5","0"," "
"2020","Higher tariff","All","Wales","Male","All","Main scheme application","5","0"," "
"2022","Higher tariff","All","Wales","Male","All","Main scheme application","5","0"," "
"2023","Higher tariff","All","Wales","Male","All","Main scheme application","5","0"," "
"2022","Medium tariff","All","Wales","Male","All","Main scheme application","165","40","0.252"
"2023","Medium tariff","All","Wales","Male","All","Main scheme application","145","55","0.375"
"2022","Lower tariff","All","Not EU","Male","All","Main scheme application","20","0"," "
"2023","Lower tariff","All","Not EU","Male","All","Main scheme application","15","0"," "
"2019","Higher tariff","All","Not EU","Male","All","Main scheme application","15","5"," "
"2020","Higher tariff","All","Not EU","Male","All","Main scheme application","20","5"," "
"2021","Higher tariff","All","Not EU","Male","All","Main scheme application","20","5"," "
"2022","Higher tariff","All","Not EU","Male","All","Main scheme application","35","5"," "
"2023","Higher tariff","All","Not EU","Male","All","Main scheme application","25","10"," "
"2019","Medium tariff","All","Not EU","Male","All","Main scheme application","5","0"," "
"2020","Medium tariff","All","Not EU","Male","All","Main scheme application","10","0"," "
"2021","Medium tariff","All","Not EU","Male","All","Main scheme application","5","0"," "
"2022","Medium tariff","All","Not EU","Male","All","Main scheme application","25","5"," "
"2023","Medium tariff","All","Not EU","Male","All","Main scheme application","15","0"," "
"2022","Lower tariff","All","EU (excluding UK)","Male","All","Main scheme application","5","0"," "
"2023","Lower tariff","All","EU (excluding UK)","Male","All","Main scheme application","5","0"," "
"2019","Higher tariff","All","EU (excluding UK)","Male","All","Main scheme application","60","15","0.258"
"2020","Higher tariff","All","EU (excluding UK)","Male","All","Main scheme application","65","25","0.365"
"2021","Higher tariff","All","EU (excluding UK)","Male","All","Main scheme application","40","5"," "
"2022","Higher tariff","All","EU (excluding UK)","Male","All","Main scheme application","25","5"," "
"2023","Higher tariff","All","EU (excluding UK)","Male","All","Main scheme application","15","0"," "
"2019","Medium tariff","All","EU (excluding UK)","Male","All","Main scheme application","25","5"," "
"2020","Medium tariff","All","EU (excluding UK)","Male","All","Main scheme application","20","5"," "
"2021","Medium tariff","All","EU (excluding UK)","Male","All","Main scheme application","15","0"," "
"2022","Medium tariff","All","EU (excluding UK)","Male","All","Main scheme application","15","5"," "
"2023","Medium tariff","All","EU (excluding UK)","Male","All","Main scheme application","15","0"," "
"2022","All","All","Northern Ireland","Female","All","Not main scheme application","5","0"," "
"2019","All","All","England","Female","All","Not main scheme application","15","15","0.882"
"2020","All","All","England","Female","All","Not main scheme application","25","25","0.926"
"2021","All","All","England","Female","All","Not main scheme application","20","15","0.778"
"2022","All","All","England","Female","All","Not main scheme application","20","10","0.667"
"2023","All","All","England","Female","All","Not main scheme application","25","25","1"
"2019","All","All","Scotland","Female","All","Not main scheme application","205","115","0.5670000000000001"
"2020","All","All","Scotland","Female","All","Not main scheme application","230","105","0.46900000000000003"
"2021","All","All","Scotland","Female","All","Not main scheme application","220","95","0.429"
"2022","All","All","Scotland","Female","All","Not main scheme application","175","110","0.61"
"2023","All","All","Scotland","Female","All","Not main scheme application","150","110","0.711"
"2022","All","All","Wales","Female","All","Not main scheme application","85","70","0.805"
"2023","All","All","Wales","Female","All","Not main scheme application","90","75","0.811"
"2022","All","All","Not EU","Female","All","Not main scheme application","5","0"," "
"2023","All","All","Not EU","Female","All","Not main scheme application","5","0"," "
"2019","All","All","EU (excluding UK)","Female","All","Not main scheme application","5","0"," "
"2020","All","All","EU (excluding UK)","Female","All","Not main scheme application","15","5"," "
"2021","All","All","EU (excluding UK)","Female","All","Not main scheme application","5","0"," "
"2022","All","All","EU (excluding UK)","Female","All","Not main scheme application","5","0"," "
"2019","All","All","England","Male","All","Not main scheme application","5","5"," "
"2020","All","All","England","Male","All","Not main scheme application","15","10","0.857"
"2021","All","All","England","Male","All","Not main scheme application","5","5"," "
"2022","All","All","England","Male","All","Not main scheme application","10","10","0.833"
"2023","All","All","England","Male","All","Not main scheme application","20","20","0.9470000000000001"
"2019","All","All","Scotland","Male","All","Not main scheme application","65","35","0.587"
"2020","All","All","Scotland","Male","All","Not main scheme application","130","75","0.578"
"2021","All","All","Scotland","Male","All","Not main scheme application","90","35","0.41100000000000003"
"2022","All","All","Scotland","Male","All","Not main scheme application","80","45","0.582"
"2023","All","All","Scotland","Male","All","Not main scheme application","70","45","0.662"
"2022","All","All","Wales","Male","All","Not main scheme application","45","40","0.851"
"2023","All","All","Wales","Male","All","Not main scheme application","60","50","0.864"
"2020","All","All","Not EU","Male","All","Not main scheme application","5","0"," "
"2021","All","All","Not EU","Male","All","Not main scheme application","5","0"," "
"2022","All","All","Not EU","Male","All","Not main scheme application","5","0"," "
"2019","All","All","Northern Ireland","Female","All","Main scheme application","65","20","0.273"
"2020","All","All","Northern Ireland","Female","All","Main scheme application","50","15","0.255"
"2021","All","All","Northern Ireland","Female","All","Main scheme application","65","20","0.323"
"2022","All","All","Northern Ireland","Female","All","Main scheme application","45","15","0.386"
"2023","All","All","Northern Ireland","Female","All","Main scheme application","35","5"," "
"2019","All","All","England","Female","All","Main scheme application","100","35","0.364"
"2020","All","All","England","Female","All","Main scheme application","95","40","0.426"
"2021","All","All","England","Female","All","Main scheme application","135","50","0.353"
"2022","All","All","England","Female","All","Main scheme application","155","60","0.397"
"2023","All","All","England","Female","All","Main scheme application","125","55","0.421"
"2019","All","All","Scotland","Female","All","Main scheme application","3285","1645","0.5"
"2020","All","All","Scotland","Female","All","Main scheme application","3460","1795","0.519"
"2021","All","All","Scotland","Female","All","Main scheme application","4120","1730","0.42"
"2022","All","All","Scotland","Female","All","Main scheme application","2830","1505","0.532"
"2023","All","All","Scotland","Female","All","Main scheme application","2310","1280","0.555"
"2019","All","All","Wales","Female","All","Main scheme application","5","0"," "
"2020","All","All","Wales","Female","All","Main scheme application","10","0"," "
"2021","All","All","Wales","Female","All","Main scheme application","5","0"," "
"2022","All","All","Wales","Female","All","Main scheme application","810","550","0.682"
"2023","All","All","Wales","Female","All","Main scheme application","715","480","0.674"
"2019","All","All","Not EU","Female","All","Main scheme application","50","15","0.34700000000000003"
"2020","All","All","Not EU","Female","All","Main scheme application","55","15","0.28300000000000003"
"2021","All","All","Not EU","Female","All","Main scheme application","55","10","0.2"
"2022","All","All","Not EU","Female","All","Main scheme application","65","15","0.242"
"2023","All","All","Not EU","Female","All","Main scheme application","75","15","0.20500000000000002"
"2019","All","All","EU (excluding UK)","Female","All","Main scheme application","170","65","0.371"
"2020","All","All","EU (excluding UK)","Female","All","Main scheme application","205","80","0.392"
"2021","All","All","EU (excluding UK)","Female","All","Main scheme application","145","30","0.21"
"2022","All","All","EU (excluding UK)","Female","All","Main scheme application","85","20","0.253"
"2023","All","All","EU (excluding UK)","Female","All","Main scheme application","65","25","0.375"
"2019","All","All","Northern Ireland","Male","All","Main scheme application","25","5"," "
"2020","All","All","Northern Ireland","Male","All","Main scheme application","20","0"," "
"2021","All","All","Northern Ireland","Male","All","Main scheme application","30","10"," "
"2022","All","All","Northern Ireland","Male","All","Main scheme application","25","10"," "
"2023","All","All","Northern Ireland","Male","All","Main scheme application","10","0"," "
"2019","All","All","England","Male","All","Main scheme application","40","15","0.333"
"2020","All","All","England","Male","All","Main scheme application","45","20","0.488"
"2021","All","All","England","Male","All","Main scheme application","50","15","0.28"
"2022","All","All","England","Male","All","Main scheme application","70","25","0.362"
"2023","All","All","England","Male","All","Main scheme application","65","25","0.385"
"2019","All","All","Scotland","Male","All","Main scheme application","1330","590","0.443"
"2020","All","All","Scotland","Male","All","Main scheme application","1355","600","0.445"
"2021","All","All","Scotland","Male","All","Main scheme application","1635","605","0.37"
"2022","All","All","Scotland","Male","All","Main scheme application","1215","525","0.433"
"2023","All","All","Scotland","Male","All","Main scheme application","935","450","0.483"
"2019","All","All","Wales","Male","All","Main scheme application","5","0"," "
"2020","All","All","Wales","Male","All","Main scheme application","5","0"," "
"2022","All","All","Wales","Male","All","Main scheme application","310","205","0.66"
"2023","All","All","Wales","Male","All","Main scheme application","285","195","0.678"
"2019","All","All","Not EU","Male","All","Main scheme application","15","5"," "
"2020","All","All","Not EU","Male","All","Main scheme application","20","5"," "
"2021","All","All","Not EU","Male","All","Main scheme application","20","5"," "
"2022","All","All","Not EU","Male","All","Main scheme application","50","15","0.269"
"2023","All","All","Not EU","Male","All","Main scheme application","40","10","0.289"
"2019","All","All","EU (excluding UK)","Male","All","Main scheme application","65","20","0.317"
"2020","All","All","EU (excluding UK)","Male","All","Main scheme application","65","25","0.4"
"2021","All","All","EU (excluding UK)","Male","All","Main scheme application","40","10"," "
"2022","All","All","EU (excluding UK)","Male","All","Main scheme application","25","5"," "
"2023","All","All","EU (excluding UK)","Male","All","Main scheme application","20","0"," "
"2021","Higher tariff","18","All","Female","All","Not main scheme application","5","0"," "
"2019","Lower tariff","21 - 24","All","Female","All","Not main scheme application","5","5"," "
"2020","Lower tariff","21 - 24","All","Female","All","Not main scheme application","5","5"," "
"2022","Lower tariff","21 - 24","All","Female","All","Not main scheme application","25","20","0.769"
"2023","Lower tariff","21 - 24","All","Female","All","Not main scheme application","35","25","0.765"
"2019","Higher tariff","21 - 24","All","Female","All","Not main scheme application","60","40","0.613"
"2020","Higher tariff","21 - 24","All","Female","All","Not main scheme application","75","20","0.297"
"2021","Higher tariff","21 - 24","All","Female","All","Not main scheme application","90","40","0.432"
"2022","Higher tariff","21 - 24","All","Female","All","Not main scheme application","60","35","0.617"
"2023","Higher tariff","21 - 24","All","Female","All","Not main scheme application","50","35","0.68"
"2019","Medium tariff","21 - 24","All","Female","All","Not main scheme application","15","5"," "
"2020","Medium tariff","21 - 24","All","Female","All","Not main scheme application","10","5"," "
"2021","Medium tariff","21 - 24","All","Female","All","Not main scheme application","15","5"," "
"2022","Medium tariff","21 - 24","All","Female","All","Not main scheme application","35","20","0.618"
"2023","Medium tariff","21 - 24","All","Female","All","Not main scheme application","40","30","0.8"
"2019","Lower tariff","25 - 29","All","Female","All","Not main scheme application","5","5"," "
"2020","Lower tariff","25 - 29","All","Female","All","Not main scheme application","10","5"," "
"2021","Lower tariff","25 - 29","All","Female","All","Not main scheme application","5","5"," "
"2022","Lower tariff","25 - 29","All","Female","All","Not main scheme application","10","10","0.833"
"2023","Lower tariff","25 - 29","All","Female","All","Not main scheme application","15","15","0.8240000000000001"
"2019","Higher tariff","25 - 29","All","Female","All","Not main scheme application","55","35","0.63"
"2020","Higher tariff","25 - 29","All","Female","All","Not main scheme application","65","40","0.609"
"2021","Higher tariff","25 - 29","All","Female","All","Not main scheme application","55","20","0.375"
"2022","Higher tariff","25 - 29","All","Female","All","Not main scheme application","40","30","0.667"
"2023","Higher tariff","25 - 29","All","Female","All","Not main scheme application","35","30","0.861"
"2019","Medium tariff","25 - 29","All","Female","All","Not main scheme application","10","0"," "
"2020","Medium tariff","25 - 29","All","Female","All","Not main scheme application","15","5"," "
"2021","Medium tariff","25 - 29","All","Female","All","Not main scheme application","10","0"," "
"2022","Medium tariff","25 - 29","All","Female","All","Not main scheme application","25","15","0.538"
"2023","Medium tariff","25 - 29","All","Female","All","Not main scheme application","10","5"," "
"2020","Lower tariff","30 - 34","All","Female","All","Not main scheme application","5","5"," "
"2021","Lower tariff","30 - 34","All","Female","All","Not main scheme application","5","5"," "
"2022","Lower tariff","30 - 34","All","Female","All","Not main scheme application","5","5"," "
"2023","Lower tariff","30 - 34","All","Female","All","Not main scheme application","5","0"," "
"2019","Higher tariff","30 - 34","All","Female","All","Not main scheme application","20","10","0.579"
"2020","Higher tariff","30 - 34","All","Female","All","Not main scheme application","20","10","0.667"
"2021","Higher tariff","30 - 34","All","Female","All","Not main scheme application","20","10"," "
"2022","Higher tariff","30 - 34","All","Female","All","Not main scheme application","15","10"," "
"2023","Higher tariff","30 - 34","All","Female","All","Not main scheme application","15","15","0.8130000000000001"
"2019","Medium tariff","30 - 34","All","Female","All","Not main scheme application","5","0"," "
"2020","Medium tariff","30 - 34","All","Female","All","Not main scheme application","10","5"," "
"2021","Medium tariff","30 - 34","All","Female","All","Not main scheme application","5","0"," "
"2022","Medium tariff","30 - 34","All","Female","All","Not main scheme application","10","5"," "
"2023","Medium tariff","30 - 34","All","Female","All","Not main scheme application","10","5"," "
"2019","Lower tariff","35 and over","All","Female","All","Not main scheme application","5","5"," "
"2020","Lower tariff","35 and over","All","Female","All","Not main scheme application","10","10"," "
"2021","Lower tariff","35 and over","All","Female","All","Not main scheme application","5","5"," "
"2022","Lower tariff","35 and over","All","Female","All","Not main scheme application","15","10","0.857"
"2023","Lower tariff","35 and over","All","Female","All","Not main scheme application","15","15","0.929"
"2019","Higher tariff","35 and over","All","Female","All","Not main scheme application","45","25","0.614"
"2020","Higher tariff","35 and over","All","Female","All","Not main scheme application","45","25","0.545"
"2021","Higher tariff","35 and over","All","Female","All","Not main scheme application","25","20","0.8"
"2022","Higher tariff","35 and over","All","Female","All","Not main scheme application","30","20","0.6880000000000001"
"2023","Higher tariff","35 and over","All","Female","All","Not main scheme application","25","20","0.778"
"2019","Medium tariff","35 and over","All","Female","All","Not main scheme application","5","5"," "
"2020","Medium tariff","35 and over","All","Female","All","Not main scheme application","10","5"," "
"2021","Medium tariff","35 and over","All","Female","All","Not main scheme application","5","0"," "
"2022","Medium tariff","35 and over","All","Female","All","Not main scheme application","20","10","0.55"
"2023","Medium tariff","35 and over","All","Female","All","Not main scheme application","15","10"," "
"2020","Lower tariff","21 - 24","All","Male","All","Not main scheme application","5","0"," "
"2022","Lower tariff","21 - 24","All","Male","All","Not main scheme application","20","20","0.857"
"2023","Lower tariff","21 - 24","All","Male","All","Not main scheme application","20","15","0.789"
"2019","Higher tariff","21 - 24","All","Male","All","Not main scheme application","15","10"," "
"2020","Higher tariff","21 - 24","All","Male","All","Not main scheme application","35","25","0.676"
"2021","Higher tariff","21 - 24","All","Male","All","Not main scheme application","15","5"," "
"2022","Higher tariff","21 - 24","All","Male","All","Not main scheme application","25","15","0.667"
"2023","Higher tariff","21 - 24","All","Male","All","Not main scheme application","20","10","0.5710000000000001"
"2019","Medium tariff","21 - 24","All","Male","All","Not main scheme application","5","0"," "
"2020","Medium tariff","21 - 24","All","Male","All","Not main scheme application","5","0"," "
"2021","Medium tariff","21 - 24","All","Male","All","Not main scheme application","15","5"," "
"2022","Medium tariff","21 - 24","All","Male","All","Not main scheme application","20","15","0.789"
"2023","Medium tariff","21 - 24","All","Male","All","Not main scheme application","25","20","0.9570000000000001"
"2020","Lower tariff","25 - 29","All","Male","All","Not main scheme application","5","5"," "
"2022","Lower tariff","25 - 29","All","Male","All","Not main scheme application","10","10","0.917"
"2023","Lower tariff","25 - 29","All","Male","All","Not main scheme application","10","10"," "
"2019","Higher tariff","25 - 29","All","Male","All","Not main scheme application","20","15","0.75"
"2020","Higher tariff","25 - 29","All","Male","All","Not main scheme application","35","25","0.735"
"2021","Higher tariff","25 - 29","All","Male","All","Not main scheme application","25","10","0.444"
"2022","Higher tariff","25 - 29","All","Male","All","Not main scheme application","15","10"," "
"2023","Higher tariff","25 - 29","All","Male","All","Not main scheme application","15","10","0.769"
"2020","Medium tariff","25 - 29","All","Male","All","Not main scheme application","10","5"," "
"2021","Medium tariff","25 - 29","All","Male","All","Not main scheme application","5","0"," "
"2022","Medium tariff","25 - 29","All","Male","All","Not main scheme application","10","5"," "
"2023","Medium tariff","25 - 29","All","Male","All","Not main scheme application","15","10","0.786"
"2022","Lower tariff","30 - 34","All","Male","All","Not main scheme application","5","0"," "
"2023","Lower tariff","30 - 34","All","Male","All","Not main scheme application","5","5"," "
"2019","Higher tariff","30 - 34","All","Male","All","Not main scheme application","5","5"," "
"2020","Higher tariff","30 - 34","All","Male","All","Not main scheme application","10","5"," "
"2021","Higher tariff","30 - 34","All","Male","All","Not main scheme application","10","5"," "
"2022","Higher tariff","30 - 34","All","Male","All","Not main scheme application","10","0"," "
"2023","Higher tariff","30 - 34","All","Male","All","Not main scheme application","5","5"," "
"2020","Medium tariff","30 - 34","All","Male","All","Not main scheme application","5","0"," "
"2021","Medium tariff","30 - 34","All","Male","All","Not main scheme application","5","0"," "
"2022","Medium tariff","30 - 34","All","Male","All","Not main scheme application","5","0"," "
"2023","Medium tariff","30 - 34","All","Male","All","Not main scheme application","5","5"," "
"2021","Lower tariff","35 and over","All","Male","All","Not main scheme application","5","0"," "
"2022","Lower tariff","35 and over","All","Male","All","Not main scheme application","5","5"," "
"2023","Lower tariff","35 and over","All","Male","All","Not main scheme application","5","5"," "
"2019","Higher tariff","35 and over","All","Male","All","Not main scheme application","15","10"," "
"2020","Higher tariff","35 and over","All","Male","All","Not main scheme application","30","20","0.714"
"2021","Higher tariff","35 and over","All","Male","All","Not main scheme application","15","10"," "
"2022","Higher tariff","35 and over","All","Male","All","Not main scheme application","15","10","0.625"
"2023","Higher tariff","35 and over","All","Male","All","Not main scheme application","25","20","0.75"
"2019","Medium tariff","35 and over","All","Male","All","Not main scheme application","5","0"," "
"2020","Medium tariff","35 and over","All","Male","All","Not main scheme application","10","0"," "
"2021","Medium tariff","35 and over","All","Male","All","Not main scheme application","5","0"," "
"2022","Medium tariff","35 and over","All","Male","All","Not main scheme application","5","5"," "
"2023","Medium tariff","35 and over","All","Male","All","Not main scheme application","10","5"," "
"2022","Higher tariff","17 and under","All","Female","All","Main scheme application","5","0"," "
"2020","Lower tariff","18","All","Female","All","Main scheme application","5","0"," "
"2022","Lower tariff","18","All","Female","All","Main scheme application","5","0"," "
"2019","Higher tariff","18","All","Female","All","Main scheme application","10","0"," "
"2020","Higher tariff","18","All","Female","All","Main scheme application","15","0"," "
"2021","Higher tariff","18","All","Female","All","Main scheme application","10","0"," "
"2022","Higher tariff","18","All","Female","All","Main scheme application","15","0"," "
"2023","Higher tariff","18","All","Female","All","Main scheme application","15","0"," "
"2019","Medium tariff","18","All","Female","All","Main scheme application","5","0"," "
"2020","Medium tariff","18","All","Female","All","Main scheme application","10","0"," "
"2021","Medium tariff","18","All","Female","All","Main scheme application","5","0"," "
"2022","Medium tariff","18","All","Female","All","Main scheme application","15","0"," "
"2023","Medium tariff","18","All","Female","All","Main scheme application","5","0"," "
"2019","Higher tariff","19","All","Female","All","Main scheme application","5","0"," "
"2020","Higher tariff","19","All","Female","All","Main scheme application","5","0"," "
"2021","Higher tariff","19","All","Female","All","Main scheme application","5","0"," "
"2022","Higher tariff","19","All","Female","All","Main scheme application","10","0"," "
"2023","Higher tariff","19","All","Female","All","Main scheme application","5","0"," "
"2019","Medium tariff","19","All","Female","All","Main scheme application","5","0"," "
"2021","Medium tariff","19","All","Female","All","Main scheme application","5","0"," "
"2019","Higher tariff","20","All","Female","All","Main scheme application","10","0"," "
"2020","Higher tariff","20","All","Female","All","Main scheme application","10","0"," "
"2021","Higher tariff","20","All","Female","All","Main scheme application","15","0"," "
"2022","Higher tariff","20","All","Female","All","Main scheme application","5","0"," "
"2023","Higher tariff","20","All","Female","All","Main scheme application","5","0"," "
"2020","Medium tariff","20","All","Female","All","Main scheme application","5","0"," "
"2021","Medium tariff","20","All","Female","All","Main scheme application","5","0"," "
"2022","Medium tariff","20","All","Female","All","Main scheme application","5","0"," "
"2019","Lower tariff","21 - 24","All","Female","All","Main scheme application","10","5"," "
"2020","Lower tariff","21 - 24","All","Female","All","Main scheme application","10","5"," "
"2021","Lower tariff","21 - 24","All","Female","All","Main scheme application","10","5"," "
"2022","Lower tariff","21 - 24","All","Female","All","Main scheme application","500","295","0.585"
"2023","Lower tariff","21 - 24","All","Female","All","Main scheme application","450","240","0.53"
"2019","Higher tariff","21 - 24","All","Female","All","Main scheme application","1320","605","0.458"
"2020","Higher tariff","21 - 24","All","Female","All","Main scheme application","1445","690","0.48"
"2021","Higher tariff","21 - 24","All","Female","All","Main scheme application","1745","640","0.367"
"2022","Higher tariff","21 - 24","All","Female","All","Main scheme application","1215","560","0.462"
"2023","Higher tariff","21 - 24","All","Female","All","Main scheme application","1055","520","0.494"
"2019","Medium tariff","21 - 24","All","Female","All","Main scheme application","695","80","0.115"
"2020","Medium tariff","21 - 24","All","Female","All","Main scheme application","770","80","0.10300000000000001"
"2021","Medium tariff","21 - 24","All","Female","All","Main scheme application","965","85","0.088"
"2022","Medium tariff","21 - 24","All","Female","All","Main scheme application","970","180","0.186"
"2023","Medium tariff","21 - 24","All","Female","All","Main scheme application","875","165","0.19"
"2019","Lower tariff","25 - 29","All","Female","All","Main scheme application","5","0"," "
"2020","Lower tariff","25 - 29","All","Female","All","Main scheme application","10","5"," "
"2021","Lower tariff","25 - 29","All","Female","All","Main scheme application","10","5"," "
"2022","Lower tariff","25 - 29","All","Female","All","Main scheme application","155","85","0.551"
"2023","Lower tariff","25 - 29","All","Female","All","Main scheme application","135","90","0.654"
"2019","Higher tariff","25 - 29","All","Female","All","Main scheme application","985","455","0.46"
"2020","Higher tariff","25 - 29","All","Female","All","Main scheme application","955","435","0.454"
"2021","Higher tariff","25 - 29","All","Female","All","Main scheme application","1225","455","0.372"
"2022","Higher tariff","25 - 29","All","Female","All","Main scheme application","825","370","0.452"
"2023","Higher tariff","25 - 29","All","Female","All","Main scheme application","580","265","0.453"
"2019","Medium tariff","25 - 29","All","Female","All","Main scheme application","625","95","0.153"
"2020","Medium tariff","25 - 29","All","Female","All","Main scheme application","595","85","0.14300000000000002"
"2021","Medium tariff","25 - 29","All","Female","All","Main scheme application","760","110","0.14200000000000002"
"2022","Medium tariff","25 - 29","All","Female","All","Main scheme application","595","100","0.164"
"2023","Medium tariff","25 - 29","All","Female","All","Main scheme application","450","70","0.153"
"2019","Lower tariff","30 - 34","All","Female","All","Main scheme application","5","0"," "
"2020","Lower tariff","30 - 34","All","Female","All","Main scheme application","10","0"," "
"2021","Lower tariff","30 - 34","All","Female","All","Main scheme application","5","0"," "
"2022","Lower tariff","30 - 34","All","Female","All","Main scheme application","55","40","0.722"
"2023","Lower tariff","30 - 34","All","Female","All","Main scheme application","55","30","0.5740000000000001"
"2019","Higher tariff","30 - 34","All","Female","All","Main scheme application","405","155","0.384"
"2020","Higher tariff","30 - 34","All","Female","All","Main scheme application","425","195","0.466"
"2021","Higher tariff","30 - 34","All","Female","All","Main scheme application","490","140","0.28400000000000003"
"2022","Higher tariff","30 - 34","All","Female","All","Main scheme application","320","140","0.438"
"2023","Higher tariff","30 - 34","All","Female","All","Main scheme application","260","115","0.453"
"2019","Medium tariff","30 - 34","All","Female","All","Main scheme application","260","45","0.165"
"2020","Medium tariff","30 - 34","All","Female","All","Main scheme application","275","50","0.187"
"2021","Medium tariff","30 - 34","All","Female","All","Main scheme application","300","55","0.179"
"2022","Medium tariff","30 - 34","All","Female","All","Main scheme application","230","45","0.201"
"2023","Medium tariff","30 - 34","All","Female","All","Main scheme application","205","40","0.202"
"2019","Lower tariff","35 and over","All","Female","All","Main scheme application","10","5"," "
"2020","Lower tariff","35 and over","All","Female","All","Main scheme application","15","5"," "
"2021","Lower tariff","35 and over","All","Female","All","Main scheme application","10","10"," "
"2022","Lower tariff","35 and over","All","Female","All","Main scheme application","90","40","0.456"
"2023","Lower tariff","35 and over","All","Female","All","Main scheme application","60","30","0.5"
"2019","Higher tariff","35 and over","All","Female","All","Main scheme application","705","245","0.35100000000000003"
"2020","Higher tariff","35 and over","All","Female","All","Main scheme application","745","295","0.394"
"2021","Higher tariff","35 and over","All","Female","All","Main scheme application","805","265","0.332"
"2022","Higher tariff","35 and over","All","Female","All","Main scheme application","560","230","0.41000000000000003"
"2023","Higher tariff","35 and over","All","Female","All","Main scheme application","475","205","0.435"
"2019","Medium tariff","35 and over","All","Female","All","Main scheme application","450","80","0.181"
"2020","Medium tariff","35 and over","All","Female","All","Main scheme application","475","95","0.201"
"2021","Medium tariff","35 and over","All","Female","All","Main scheme application","505","75","0.149"
"2022","Medium tariff","35 and over","All","Female","All","Main scheme application","385","85","0.222"
"2023","Medium tariff","35 and over","All","Female","All","Main scheme application","330","90","0.271"
"2022","Lower tariff","18","All","Male","All","Main scheme application","5","0"," "
"2019","Higher tariff","18","All","Male","All","Main scheme application","5","0"," "
"2021","Higher tariff","18","All","Male","All","Main scheme application","10","0"," "
"2022","Higher tariff","18","All","Male","All","Main scheme application","5","0"," "
"2023","Higher tariff","18","All","Male","All","Main scheme application","5","0"," "
"2022","Medium tariff","18","All","Male","All","Main scheme application","5","0"," "
"2023","Medium tariff","18","All","Male","All","Main scheme application","10","0"," "
"2020","Higher tariff","19","All","Male","All","Main scheme application","5","0"," "
"2023","Higher tariff","20","All","Male","All","Main scheme application","5","0"," "
"2023","Medium tariff","20","All","Male","All","Main scheme application","5","0"," "
"2019","Lower tariff","21 - 24","All","Male","All","Main scheme application","5","5"," "
"2021","Lower tariff","21 - 24","All","Male","All","Main scheme application","5","0"," "
"2022","Lower tariff","21 - 24","All","Male","All","Main scheme application","175","90","0.511"
"2023","Lower tariff","21 - 24","All","Male","All","Main scheme application","155","95","0.617"
"2019","Higher tariff","21 - 24","All","Male","All","Main scheme application","480","175","0.362"
"2020","Higher tariff","21 - 24","All","Male","All","Main scheme application","455","170","0.38"
"2021","Higher tariff","21 - 24","All","Male","All","Main scheme application","580","185","0.324"
"2022","Higher tariff","21 - 24","All","Male","All","Main scheme application","455","145","0.318"
"2023","Higher tariff","21 - 24","All","Male","All","Main scheme application","350","145","0.417"
"2019","Medium tariff","21 - 24","All","Male","All","Main scheme application","255","20","0.08700000000000001"
"2020","Medium tariff","21 - 24","All","Male","All","Main scheme application","235","20","0.089"
"2021","Medium tariff","21 - 24","All","Male","All","Main scheme application","320","20","0.063"
"2022","Medium tariff","21 - 24","All","Male","All","Main scheme application","365","45","0.126"
"2023","Medium tariff","21 - 24","All","Male","All","Main scheme application","305","55","0.182"
"2021","Lower tariff","25 - 29","All","Male","All","Main scheme application","5","0"," "
"2022","Lower tariff","25 - 29","All","Male","All","Main scheme application","75","45","0.635"
"2023","Lower tariff","25 - 29","All","Male","All","Main scheme application","75","35","0.486"
"2019","Higher tariff","25 - 29","All","Male","All","Main scheme application","410","160","0.386"
"2020","Higher tariff","25 - 29","All","Male","All","Main scheme application","455","185","0.40700000000000003"
"2021","Higher tariff","25 - 29","All","Male","All","Main scheme application","535","170","0.313"
"2022","Higher tariff","25 - 29","All","Male","All","Main scheme application","390","150","0.389"
"2023","Higher tariff","25 - 29","All","Male","All","Main scheme application","300","130","0.441"
"2019","Medium tariff","25 - 29","All","Male","All","Main scheme application","230","25","0.114"
"2020","Medium tariff","25 - 29","All","Male","All","Main scheme application","240","35","0.14"
"2021","Medium tariff","25 - 29","All","Male","All","Main scheme application","305","35","0.111"
"2022","Medium tariff","25 - 29","All","Male","All","Main scheme application","280","40","0.14400000000000002"
"2023","Medium tariff","25 - 29","All","Male","All","Main scheme application","235","40","0.17"
"2019","Lower tariff","30 - 34","All","Male","All","Main scheme application","5","5"," "
"2022","Lower tariff","30 - 34","All","Male","All","Main scheme application","35","15","0.5"
"2023","Lower tariff","30 - 34","All","Male","All","Main scheme application","25","15","0.481"
"2019","Higher tariff","30 - 34","All","Male","All","Main scheme application","205","85","0.41200000000000003"
"2020","Higher tariff","30 - 34","All","Male","All","Main scheme application","215","85","0.394"
"2021","Higher tariff","30 - 34","All","Male","All","Main scheme application","240","90","0.372"
"2022","Higher tariff","30 - 34","All","Male","All","Main scheme application","205","85","0.41300000000000003"
"2023","Higher tariff","30 - 34","All","Male","All","Main scheme application","130","45","0.333"
"2019","Medium tariff","30 - 34","All","Male","All","Main scheme application","105","15","0.151"
"2020","Medium tariff","30 - 34","All","Male","All","Main scheme application","115","15","0.147"
"2021","Medium tariff","30 - 34","All","Male","All","Main scheme application","125","10","0.08"
"2022","Medium tariff","30 - 34","All","Male","All","Main scheme application","140","25","0.184"
"2023","Medium tariff","30 - 34","All","Male","All","Main scheme application","95","20","0.221"
"2021","Lower tariff","35 and over","All","Male","All","Main scheme application","5","0"," "
"2022","Lower tariff","35 and over","All","Male","All","Main scheme application","40","20","0.512"
"2023","Lower tariff","35 and over","All","Male","All","Main scheme application","25","5"," "
"2019","Higher tariff","35 and over","All","Male","All","Main scheme application","320","120","0.382"
"2020","Higher tariff","35 and over","All","Male","All","Main scheme application","290","105","0.358"
"2021","Higher tariff","35 and over","All","Male","All","Main scheme application","340","95","0.272"
"2022","Higher tariff","35 and over","All","Male","All","Main scheme application","235","80","0.34600000000000003"
"2023","Higher tariff","35 and over","All","Male","All","Main scheme application","175","65","0.371"
"2019","Medium tariff","35 and over","All","Male","All","Main scheme application","170","25","0.149"
"2020","Medium tariff","35 and over","All","Male","All","Main scheme application","175","35","0.203"
"2021","Medium tariff","35 and over","All","Male","All","Main scheme application","185","30","0.169"
"2022","Medium tariff","35 and over","All","Male","All","Main scheme application","150","35","0.224"
"2023","Medium tariff","35 and over","All","Male","All","Main scheme application","130","30","0.221"
"2021","All","18","All","Female","All","Not main scheme application","5","0"," "
"2019","All","21 - 24","All","Female","All","Not main scheme application","80","45","0.55"
"2020","All","21 - 24","All","Female","All","Not main scheme application","90","30","0.337"
"2021","All","21 - 24","All","Female","All","Not main scheme application","105","40","0.396"
"2022","All","21 - 24","All","Female","All","Not main scheme application","120","80","0.65"
"2023","All","21 - 24","All","Female","All","Not main scheme application","125","90","0.742"
"2019","All","25 - 29","All","Female","All","Not main scheme application","70","40","0.588"
"2020","All","25 - 29","All","Female","All","Not main scheme application","90","50","0.584"
"2021","All","25 - 29","All","Female","All","Not main scheme application","70","25","0.357"
"2022","All","25 - 29","All","Female","All","Not main scheme application","80","50","0.65"
"2023","All","25 - 29","All","Female","All","Not main scheme application","65","50","0.8"
"2019","All","30 - 34","All","Female","All","Not main scheme application","25","15","0.5650000000000001"
"2020","All","30 - 34","All","Female","All","Not main scheme application","30","20","0.613"
"2021","All","30 - 34","All","Female","All","Not main scheme application","25","15","0.556"
"2022","All","30 - 34","All","Female","All","Not main scheme application","30","20","0.643"
"2023","All","30 - 34","All","Female","All","Not main scheme application","30","20","0.786"
"2019","All","35 and over","All","Female","All","Not main scheme application","60","40","0.655"
"2020","All","35 and over","All","Female","All","Not main scheme application","65","35","0.578"
"2021","All","35 and over","All","Female","All","Not main scheme application","35","25","0.75"
"2022","All","35 and over","All","Female","All","Not main scheme application","65","45","0.682"
"2023","All","35 and over","All","Female","All","Not main scheme application","55","40","0.764"
"2019","All","21 - 24","All","Male","All","Not main scheme application","20","10","0.55"
"2020","All","21 - 24","All","Male","All","Not main scheme application","45","30","0.596"
"2021","All","21 - 24","All","Male","All","Not main scheme application","35","10","0.364"
"2022","All","21 - 24","All","Male","All","Not main scheme application","65","50","0.766"
"2023","All","21 - 24","All","Male","All","Not main scheme application","65","50","0.778"
"2019","All","25 - 29","All","Male","All","Not main scheme application","25","15","0.739"
"2020","All","25 - 29","All","Male","All","Not main scheme application","50","30","0.646"
"2021","All","25 - 29","All","Male","All","Not main scheme application","30","15","0.433"
"2022","All","25 - 29","All","Male","All","Not main scheme application","35","25","0.765"
"2023","All","25 - 29","All","Male","All","Not main scheme application","35","30","0.806"
"2019","All","30 - 34","All","Male","All","Not main scheme application","5","5"," "
"2020","All","30 - 34","All","Male","All","Not main scheme application","15","5"," "
"2021","All","30 - 34","All","Male","All","Not main scheme application","15","5"," "
"2022","All","30 - 34","All","Male","All","Not main scheme application","20","5"," "
"2023","All","30 - 34","All","Male","All","Not main scheme application","15","15","0.765"
"2019","All","35 and over","All","Male","All","Not main scheme application","20","10","0.5"
"2020","All","35 and over","All","Male","All","Not main scheme application","40","25","0.615"
"2021","All","35 and over","All","Male","All","Not main scheme application","25","10","0.5"
"2022","All","35 and over","All","Male","All","Not main scheme application","30","15","0.607"
"2023","All","35 and over","All","Male","All","Not main scheme application","35","30","0.778"
"2022","All","17 and under","All","Female","All","Main scheme application","5","0"," "
"2019","All","18","All","Female","All","Main scheme application","10","0"," "
"2020","All","18","All","Female","All","Main scheme application","30","0"," "
"2021","All","18","All","Female","All","Main scheme application","15","0"," "
"2022","All","18","All","Female","All","Main scheme application","40","0"," "
"2023","All","18","All","Female","All","Main scheme application","25","0"," "
"2019","All","19","All","Female","All","Main scheme application","5","0"," "
"2020","All","19","All","Female","All","Main scheme application","5","0"," "
"2021","All","19","All","Female","All","Main scheme application","5","0"," "
"2022","All","19","All","Female","All","Main scheme application","10","0"," "
"2023","All","19","All","Female","All","Main scheme application","10","0"," "
"2019","All","20","All","Female","All","Main scheme application","10","0"," "
"2020","All","20","All","Female","All","Main scheme application","10","0"," "
"2021","All","20","All","Female","All","Main scheme application","15","0"," "
"2022","All","20","All","Female","All","Main scheme application","10","0"," "
"2023","All","20","All","Female","All","Main scheme application","5","0"," "
"2019","All","21 - 24","All","Female","All","Main scheme application","1350","690","0.511"
"2020","All","21 - 24","All","Female","All","Main scheme application","1485","775","0.523"
"2021","All","21 - 24","All","Female","All","Main scheme application","1790","730","0.40800000000000003"
"2022","All","21 - 24","All","Female","All","Main scheme application","1790","1035","0.578"
"2023","All","21 - 24","All","Female","All","Main scheme application","1585","925","0.584"
"2019","All","25 - 29","All","Female","All","Main scheme application","1045","550","0.528"
"2020","All","25 - 29","All","Female","All","Main scheme application","1010","525","0.518"
"2021","All","25 - 29","All","Female","All","Main scheme application","1260","565","0.45"
"2022","All","25 - 29","All","Female","All","Main scheme application","1010","555","0.549"
"2023","All","25 - 29","All","Female","All","Main scheme application","755","420","0.558"
"2019","All","30 - 34","All","Female","All","Main scheme application","450","200","0.446"
"2020","All","30 - 34","All","Female","All","Main scheme application","470","250","0.533"
"2021","All","30 - 34","All","Female","All","Main scheme application","520","195","0.372"
"2022","All","30 - 34","All","Female","All","Main scheme application","405","225","0.557"
"2023","All","30 - 34","All","Female","All","Main scheme application","335","190","0.561"
"2019","All","35 and over","All","Female","All","Main scheme application","800","335","0.418"
"2020","All","35 and over","All","Female","All","Main scheme application","865","395","0.455"
"2021","All","35 and over","All","Female","All","Main scheme application","910","350","0.384"
"2022","All","35 and over","All","Female","All","Main scheme application","725","355","0.491"
"2023","All","35 and over","All","Female","All","Main scheme application","605","325","0.536"
"2019","All","18","All","Male","All","Main scheme application","5","0"," "
"2020","All","18","All","Male","All","Main scheme application","5","0"," "
"2021","All","18","All","Male","All","Main scheme application","10","0"," "
"2022","All","18","All","Male","All","Main scheme application","10","0"," "
"2023","All","18","All","Male","All","Main scheme application","15","0"," "
"2020","All","19","All","Male","All","Main scheme application","5","0"," "
"2022","All","19","All","Male","All","Main scheme application","5","0"," "
"2023","All","19","All","Male","All","Main scheme application","5","0"," "
"2021","All","20","All","Male","All","Main scheme application","5","0"," "
"2022","All","20","All","Male","All","Main scheme application","5","0"," "
"2023","All","20","All","Male","All","Main scheme application","10","0"," "
"2019","All","21 - 24","All","Male","All","Main scheme application","495","200","0.403"
"2020","All","21 - 24","All","Male","All","Main scheme application","465","195","0.41300000000000003"
"2021","All","21 - 24","All","Male","All","Main scheme application","590","210","0.353"
"2022","All","21 - 24","All","Male","All","Main scheme application","650","280","0.433"
"2023","All","21 - 24","All","Male","All","Main scheme application","545","295","0.547"
"2019","All","25 - 29","All","Male","All","Main scheme application","415","185","0.442"
"2020","All","25 - 29","All","Male","All","Main scheme application","470","220","0.464"
"2021","All","25 - 29","All","Male","All","Main scheme application","550","205","0.371"
"2022","All","25 - 29","All","Male","All","Main scheme application","475","240","0.503"
"2023","All","25 - 29","All","Male","All","Main scheme application","390","210","0.531"
"2019","All","30 - 34","All","Male","All","Main scheme application","220","105","0.468"
"2020","All","30 - 34","All","Male","All","Main scheme application","230","105","0.454"
"2021","All","30 - 34","All","Male","All","Main scheme application","250","100","0.401"
"2022","All","30 - 34","All","Male","All","Main scheme application","250","130","0.508"
"2023","All","30 - 34","All","Male","All","Main scheme application","165","75","0.467"
"2019","All","35 and over","All","Male","All","Main scheme application","340","145","0.434"
"2020","All","35 and over","All","Male","All","Main scheme application","325","140","0.43"
"2021","All","35 and over","All","Male","All","Main scheme application","375","125","0.338"
"2022","All","35 and over","All","Male","All","Main scheme application","305","135","0.451"
"2023","All","35 and over","All","Male","All","Main scheme application","225","100","0.444"
"2019","Lower tariff","All","All","Female","All","Not main scheme application","15","15","1"
"2020","Lower tariff","All","All","Female","All","Not main scheme application","25","25","0.889"
"2021","Lower tariff","All","All","Female","All","Not main scheme application","15","15","0.929"
"2022","Lower tariff","All","All","Female","All","Not main scheme application","55","45","0.8180000000000001"
"2023","Lower tariff","All","All","Female","All","Not main scheme application","70","55","0.797"
"2019","Higher tariff","All","All","Female","All","Not main scheme application","180","110","0.615"
"2020","Higher tariff","All","All","Female","All","Not main scheme application","200","95","0.485"
"2021","Higher tariff","All","All","Female","All","Not main scheme application","190","90","0.458"
"2022","Higher tariff","All","All","Female","All","Not main scheme application","150","95","0.632"
"2023","Higher tariff","All","All","Female","All","Not main scheme application","130","100","0.767"
"2019","Medium tariff","All","All","Female","All","Not main scheme application","35","10","0.28600000000000003"
"2020","Medium tariff","All","All","Female","All","Not main scheme application","45","15","0.37"
"2021","Medium tariff","All","All","Female","All","Not main scheme application","35","10"," "
"2022","Medium tariff","All","All","Female","All","Not main scheme application","90","50","0.591"
"2023","Medium tariff","All","All","Female","All","Not main scheme application","75","55","0.73"
"2019","Lower tariff","All","All","Male","All","Not main scheme application","5","5"," "
"2020","Lower tariff","All","All","Male","All","Not main scheme application","10","10"," "
"2021","Lower tariff","All","All","Male","All","Not main scheme application","5","5"," "
"2022","Lower tariff","All","All","Male","All","Not main scheme application","40","35","0.833"
"2023","Lower tariff","All","All","Male","All","Not main scheme application","35","30","0.838"
"2019","Higher tariff","All","All","Male","All","Not main scheme application","55","35","0.63"
"2020","Higher tariff","All","All","Male","All","Not main scheme application","110","75","0.676"
"2021","Higher tariff","All","All","Male","All","Not main scheme application","70","30","0.457"
"2022","Higher tariff","All","All","Male","All","Not main scheme application","65","35","0.552"
"2023","Higher tariff","All","All","Male","All","Not main scheme application","65","45","0.662"
"2019","Medium tariff","All","All","Male","All","Not main scheme application","10","5"," "
"2020","Medium tariff","All","All","Male","All","Not main scheme application","30","10"," "
"2021","Medium tariff","All","All","Male","All","Not main scheme application","25","5"," "
"2022","Medium tariff","All","All","Male","All","Not main scheme application","35","25","0.722"
"2023","Medium tariff","All","All","Male","All","Not main scheme application","50","45","0.9"
"2019","Lower tariff","All","All","Female","All","Main scheme application","35","15","0.4"
"2020","Lower tariff","All","All","Female","All","Main scheme application","45","15","0.34"
"2021","Lower tariff","All","All","Female","All","Main scheme application","35","20","0.5760000000000001"
"2022","Lower tariff","All","All","Female","All","Main scheme application","810","460","0.5680000000000001"
"2023","Lower tariff","All","All","Female","All","Main scheme application","705","390","0.551"
"2019","Higher tariff","All","All","Female","All","Main scheme application","3440","1465","0.426"
"2020","Higher tariff","All","All","Female","All","Main scheme application","3600","1620","0.45"
"2021","Higher tariff","All","All","Female","All","Main scheme application","4290","1500","0.35000000000000003"
"2022","Higher tariff","All","All","Female","All","Main scheme application","2950","1305","0.442"
"2023","Higher tariff","All","All","Female","All","Main scheme application","2395","1110","0.463"
"2019","Medium tariff","All","All","Female","All","Main scheme application","2045","300","0.147"
"2020","Medium tariff","All","All","Female","All","Main scheme application","2125","310","0.146"
"2021","Medium tariff","All","All","Female","All","Main scheme application","2545","320","0.127"
"2022","Medium tariff","All","All","Female","All","Main scheme application","2205","410","0.186"
"2023","Medium tariff","All","All","Female","All","Main scheme application","1865","365","0.196"
"2019","Lower tariff","All","All","Male","All","Main scheme application","10","5"," "
"2020","Lower tariff","All","All","Male","All","Main scheme application","5","0"," "
"2021","Lower tariff","All","All","Male","All","Main scheme application","10","5"," "
"2022","Lower tariff","All","All","Male","All","Main scheme application","330","175","0.53"
"2023","Lower tariff","All","All","Male","All","Main scheme application","285","150","0.528"
"2019","Higher tariff","All","All","Male","All","Main scheme application","1420","540","0.379"
"2020","Higher tariff","All","All","Male","All","Main scheme application","1420","545","0.384"
"2021","Higher tariff","All","All","Male","All","Main scheme application","1710","540","0.315"
"2022","Higher tariff","All","All","Male","All","Main scheme application","1295","465","0.359"
"2023","Higher tariff","All","All","Male","All","Main scheme application","965","390","0.402"
"2019","Medium tariff","All","All","Male","All","Main scheme application","760","90","0.117"
"2020","Medium tariff","All","All","Male","All","Main scheme application","775","110","0.139"
"2021","Medium tariff","All","All","Male","All","Main scheme application","935","95","0.10200000000000001"
"2022","Medium tariff","All","All","Male","All","Main scheme application","945","145","0.155"
"2023","Medium tariff","All","All","Male","All","Main scheme application","785","145","0.186"
"2019","All","All","All","Female","All","Not main scheme application","230","135","0.59"
"2020","All","All","All","Female","All","Not main scheme application","275","140","0.505"
"2021","All","All","All","Female","All","Not main scheme application","245","110","0.449"
"2022","All","All","All","Female","All","Not main scheme application","295","195","0.654"
"2023","All","All","All","Female","All","Not main scheme application","270","210","0.765"
"2019","All","All","All","Male","All","Not main scheme application","70","45","0.614"
"2020","All","All","All","Male","All","Not main scheme application","145","90","0.605"
"2021","All","All","All","Male","All","Not main scheme application","100","45","0.422"
"2022","All","All","All","Male","All","Not main scheme application","145","100","0.676"
"2023","All","All","All","Male","All","Not main scheme application","150","120","0.783"
"2019","All","All","All","Female","All","Main scheme application","3675","1780","0.484"
"2020","All","All","All","Female","All","Main scheme application","3875","1945","0.502"
"2021","All","All","All","Female","All","Main scheme application","4520","1840","0.40700000000000003"
"2022","All","All","All","Female","All","Main scheme application","3990","2170","0.544"
"2023","All","All","All","Female","All","Main scheme application","3320","1860","0.56"
"2019","All","All","All","Male","All","Main scheme application","1480","635","0.428"
"2020","All","All","All","Male","All","Main scheme application","1505","655","0.436"
"2021","All","All","All","Male","All","Main scheme application","1775","640","0.36"
"2022","All","All","All","Male","All","Main scheme application","1700","785","0.462"
"2023","All","All","All","Male","All","Main scheme application","1360","685","0.504"
"2019","Lower tariff","21 - 24","England","All","All","Not main scheme application","5","5"," "
"2020","Lower tariff","21 - 24","England","All","All","Not main scheme application","5","5"," "
"2021","Lower tariff","21 - 24","England","All","All","Not main scheme application","5","0"," "
"2022","Lower tariff","21 - 24","England","All","All","Not main scheme application","10","5"," "
"2023","Lower tariff","21 - 24","England","All","All","Not main scheme application","10","10"," "
"2020","Higher tariff","21 - 24","England","All","All","Not main scheme application","5","5"," "
"2021","Higher tariff","21 - 24","England","All","All","Not main scheme application","5","0"," "
"2022","Medium tariff","21 - 24","England","All","All","Not main scheme application","5","5"," "
"2023","Medium tariff","21 - 24","England","All","All","Not main scheme application","10","10"," "
"2019","Lower tariff","25 - 29","England","All","All","Not main scheme application","5","5"," "
"2020","Lower tariff","25 - 29","England","All","All","Not main scheme application","10","10","0.833"
"2021","Lower tariff","25 - 29","England","All","All","Not main scheme application","5","5"," "
"2022","Lower tariff","25 - 29","England","All","All","Not main scheme application","5","5"," "
"2023","Lower tariff","25 - 29","England","All","All","Not main scheme application","10","10","1"
"2020","Lower tariff","30 - 34","England","All","All","Not main scheme application","5","5"," "
"2021","Lower tariff","30 - 34","England","All","All","Not main scheme application","5","5"," "
"2019","Lower tariff","35 and over","England","All","All","Not main scheme application","10","10"," "
"2020","Lower tariff","35 and over","England","All","All","Not main scheme application","10","10","0.917"
"2021","Lower tariff","35 and over","England","All","All","Not main scheme application","10","10"," "
"2022","Lower tariff","35 and over","England","All","All","Not main scheme application","5","5"," "
"2023","Lower tariff","35 and over","England","All","All","Not main scheme application","10","10"," "
"2021","Higher tariff","18","Scotland","All","All","Not main scheme application","5","0"," "
"2019","Higher tariff","21 - 24","Scotland","All","All","Not main scheme application","75","45","0.587"
"2020","Higher tariff","21 - 24","Scotland","All","All","Not main scheme application","100","40","0.41000000000000003"
"2021","Higher tariff","21 - 24","Scotland","All","All","Not main scheme application","100","45","0.43"
"2022","Higher tariff","21 - 24","Scotland","All","All","Not main scheme application","80","55","0.663"
"2023","Higher tariff","21 - 24","Scotland","All","All","Not main scheme application","65","45","0.642"
"2019","Medium tariff","21 - 24","Scotland","All","All","Not main scheme application","20","5"," "
"2020","Medium tariff","21 - 24","Scotland","All","All","Not main scheme application","20","5"," "
"2021","Medium tariff","21 - 24","Scotland","All","All","Not main scheme application","30","10"," "
"2022","Medium tariff","21 - 24","Scotland","All","All","Not main scheme application","15","5"," "
"2023","Medium tariff","21 - 24","Scotland","All","All","Not main scheme application","10","5"," "
"2019","Higher tariff","25 - 29","Scotland","All","All","Not main scheme application","70","45","0.676"
"2020","Higher tariff","25 - 29","Scotland","All","All","Not main scheme application","90","60","0.663"
"2021","Higher tariff","25 - 29","Scotland","All","All","Not main scheme application","80","35","0.423"
"2022","Higher tariff","25 - 29","Scotland","All","All","Not main scheme application","50","35","0.673"
"2023","Higher tariff","25 - 29","Scotland","All","All","Not main scheme application","50","40","0.833"
"2019","Medium tariff","25 - 29","Scotland","All","All","Not main scheme application","10","5"," "
"2020","Medium tariff","25 - 29","Scotland","All","All","Not main scheme application","25","5"," "
"2021","Medium tariff","25 - 29","Scotland","All","All","Not main scheme application","15","0"," "
"2022","Medium tariff","25 - 29","Scotland","All","All","Not main scheme application","15","5"," "
"2023","Medium tariff","25 - 29","Scotland","All","All","Not main scheme application","10","5"," "
"2019","Higher tariff","30 - 34","Scotland","All","All","Not main scheme application","20","10","0.6"
"2020","Higher tariff","30 - 34","Scotland","All","All","Not main scheme application","25","15","0.538"
"2021","Higher tariff","30 - 34","Scotland","All","All","Not main scheme application","25","10","0.462"
"2022","Higher tariff","30 - 34","Scotland","All","All","Not main scheme application","30","10","0.379"
"2023","Higher tariff","30 - 34","Scotland","All","All","Not main scheme application","25","15","0.6960000000000001"
"2019","Medium tariff","30 - 34","Scotland","All","All","Not main scheme application","5","0"," "
"2020","Medium tariff","30 - 34","Scotland","All","All","Not main scheme application","10","5"," "
"2021","Medium tariff","30 - 34","Scotland","All","All","Not main scheme application","10","5"," "
"2022","Medium tariff","30 - 34","Scotland","All","All","Not main scheme application","5","5"," "
"2023","Medium tariff","30 - 34","Scotland","All","All","Not main scheme application","5","0"," "
"2019","Higher tariff","35 and over","Scotland","All","All","Not main scheme application","55","35","0.614"
"2020","Higher tariff","35 and over","Scotland","All","All","Not main scheme application","70","45","0.623"
"2021","Higher tariff","35 and over","Scotland","All","All","Not main scheme application","40","30","0.707"
"2022","Higher tariff","35 and over","Scotland","All","All","Not main scheme application","45","30","0.6890000000000001"
"2023","Higher tariff","35 and over","Scotland","All","All","Not main scheme application","50","40","0.765"
"2019","Medium tariff","35 and over","Scotland","All","All","Not main scheme application","15","5"," "
"2020","Medium tariff","35 and over","Scotland","All","All","Not main scheme application","15","5"," "
"2021","Medium tariff","35 and over","Scotland","All","All","Not main scheme application","10","0"," "
"2022","Medium tariff","35 and over","Scotland","All","All","Not main scheme application","15","10"," "
"2023","Medium tariff","35 and over","Scotland","All","All","Not main scheme application","10","5"," "
"2022","Lower tariff","21 - 24","Wales","All","All","Not main scheme application","40","30","0.8160000000000001"
"2023","Lower tariff","21 - 24","Wales","All","All","Not main scheme application","45","35","0.75"
"2022","Medium tariff","21 - 24","Wales","All","All","Not main scheme application","30","25","0.8130000000000001"
"2023","Medium tariff","21 - 24","Wales","All","All","Not main scheme application","40","40","0.927"
"2022","Lower tariff","25 - 29","Wales","All","All","Not main scheme application","20","15","0.889"
"2023","Lower tariff","25 - 29","Wales","All","All","Not main scheme application","15","10","0.714"
"2022","Medium tariff","25 - 29","Wales","All","All","Not main scheme application","15","10","0.706"
"2023","Medium tariff","25 - 29","Wales","All","All","Not main scheme application","15","15","0.8130000000000001"
"2022","Lower tariff","30 - 34","Wales","All","All","Not main scheme application","5","5"," "
"2023","Lower tariff","30 - 34","Wales","All","All","Not main scheme application","5","5"," "
"2022","Medium tariff","30 - 34","Wales","All","All","Not main scheme application","5","5"," "
"2023","Medium tariff","30 - 34","Wales","All","All","Not main scheme application","10","10"," "
"2022","Lower tariff","35 and over","Wales","All","All","Not main scheme application","15","10","0.786"
"2023","Lower tariff","35 and over","Wales","All","All","Not main scheme application","10","10"," "
"2022","Medium tariff","35 and over","Wales","All","All","Not main scheme application","5","5"," "
"2023","Medium tariff","35 and over","Wales","All","All","Not main scheme application","10","10"," "
"2020","Higher tariff","21 - 24","EU (excluding UK)","All","All","Not main scheme application","5","0"," "
"2020","Higher tariff","25 - 29","EU (excluding UK)","All","All","Not main scheme application","5","0"," "
"2021","Higher tariff","25 - 29","EU (excluding UK)","All","All","Not main scheme application","5","0"," "
"2022","Lower tariff","21 - 24","Northern Ireland","All","All","Main scheme application","5","0"," "
"2023","Lower tariff","21 - 24","Northern Ireland","All","All","Main scheme application","5","0"," "
"2019","Higher tariff","21 - 24","Northern Ireland","All","All","Main scheme application","60","10","0.17200000000000001"
"2020","Higher tariff","21 - 24","Northern Ireland","All","All","Main scheme application","40","10"," "
"2021","Higher tariff","21 - 24","Northern Ireland","All","All","Main scheme application","65","15","0.222"
"2022","Higher tariff","21 - 24","Northern Ireland","All","All","Main scheme application","45","10","0.23900000000000002"
"2023","Higher tariff","21 - 24","Northern Ireland","All","All","Main scheme application","25","5"," "
"2019","Medium tariff","21 - 24","Northern Ireland","All","All","Main scheme application","20","0"," "
"2020","Medium tariff","21 - 24","Northern Ireland","All","All","Main scheme application","10","0"," "
"2021","Medium tariff","21 - 24","Northern Ireland","All","All","Main scheme application","25","0"," "
"2022","Medium tariff","21 - 24","Northern Ireland","All","All","Main scheme application","20","0"," "
"2023","Medium tariff","21 - 24","Northern Ireland","All","All","Main scheme application","10","0"," "
"2022","Lower tariff","25 - 29","Northern Ireland","All","All","Main scheme application","5","0"," "
"2023","Lower tariff","25 - 29","Northern Ireland","All","All","Main scheme application","5","0"," "
"2019","Higher tariff","25 - 29","Northern Ireland","All","All","Main scheme application","25","10","0.423"
"2020","Higher tariff","25 - 29","Northern Ireland","All","All","Main scheme application","20","5"," "
"2021","Higher tariff","25 - 29","Northern Ireland","All","All","Main scheme application","25","5"," "
"2022","Higher tariff","25 - 29","Northern Ireland","All","All","Main scheme application","15","5"," "
"2023","Higher tariff","25 - 29","Northern Ireland","All","All","Main scheme application","10","5"," "
"2019","Medium tariff","25 - 29","Northern Ireland","All","All","Main scheme application","10","0"," "
"2020","Medium tariff","25 - 29","Northern Ireland","All","All","Main scheme application","10","0"," "
"2021","Medium tariff","25 - 29","Northern Ireland","All","All","Main scheme application","5","0"," "
"2022","Medium tariff","25 - 29","Northern Ireland","All","All","Main scheme application","5","0"," "
"2023","Medium tariff","25 - 29","Northern Ireland","All","All","Main scheme application","5","0"," "
"2020","Higher tariff","30 - 34","Northern Ireland","All","All","Main scheme application","5","0"," "
"2021","Higher tariff","30 - 34","Northern Ireland","All","All","Main scheme application","5","0"," "
"2022","Higher tariff","30 - 34","Northern Ireland","All","All","Main scheme application","5","0"," "
"2023","Higher tariff","30 - 34","Northern Ireland","All","All","Main scheme application","5","0"," "
"2021","Medium tariff","30 - 34","Northern Ireland","All","All","Main scheme application","5","0"," "
"2022","Medium tariff","30 - 34","Northern Ireland","All","All","Main scheme application","5","0"," "
"2019","Higher tariff","35 and over","Northern Ireland","All","All","Main scheme application","5","0"," "
"2023","Higher tariff","35 and over","Northern Ireland","All","All","Main scheme application","5","0"," "
"2021","Medium tariff","35 and over","Northern Ireland","All","All","Main scheme application","5","0"," "
"2022","Lower tariff","18","England","All","All","Main scheme application","5","0"," "
"2022","Medium tariff","18","England","All","All","Main scheme application","5","0"," "
"2023","Medium tariff","18","England","All","All","Main scheme application","5","0"," "
"2019","Lower tariff","21 - 24","England","All","All","Main scheme application","15","10"," "
"2020","Lower tariff","21 - 24","England","All","All","Main scheme application","10","5"," "
"2021","Lower tariff","21 - 24","England","All","All","Main scheme application","10","5"," "
"2022","Lower tariff","21 - 24","England","All","All","Main scheme application","85","35","0.388"
"2023","Lower tariff","21 - 24","England","All","All","Main scheme application","70","30","0.417"
"2019","Higher tariff","21 - 24","England","All","All","Main scheme application","55","20","0.375"
"2020","Higher tariff","21 - 24","England","All","All","Main scheme application","40","15","0.341"
"2021","Higher tariff","21 - 24","England","All","All","Main scheme application","75","20","0.23700000000000002"
"2022","Higher tariff","21 - 24","England","All","All","Main scheme application","50","10","0.24"
"2023","Higher tariff","21 - 24","England","All","All","Main scheme application","40","5"," "
"2019","Medium tariff","21 - 24","England","All","All","Main scheme application","20","0"," "
"2020","Medium tariff","21 - 24","England","All","All","Main scheme application","10","0"," "
"2021","Medium tariff","21 - 24","England","All","All","Main scheme application","20","0"," "
"2022","Medium tariff","21 - 24","England","All","All","Main scheme application","55","20","0.357"
"2023","Medium tariff","21 - 24","England","All","All","Main scheme application","55","20","0.333"
"2019","Lower tariff","25 - 29","England","All","All","Main scheme application","5","0"," "
"2020","Lower tariff","25 - 29","England","All","All","Main scheme application","10","5"," "
"2021","Lower tariff","25 - 29","England","All","All","Main scheme application","15","5"," "
"2022","Lower tariff","25 - 29","England","All","All","Main scheme application","5","0"," "
"2023","Lower tariff","25 - 29","England","All","All","Main scheme application","10","5"," "
"2019","Higher tariff","25 - 29","England","All","All","Main scheme application","25","5"," "
"2020","Higher tariff","25 - 29","England","All","All","Main scheme application","25","10","0.462"
"2021","Higher tariff","25 - 29","England","All","All","Main scheme application","40","15","0.341"
"2022","Higher tariff","25 - 29","England","All","All","Main scheme application","30","5"," "
"2023","Higher tariff","25 - 29","England","All","All","Main scheme application","15","0"," "
"2019","Medium tariff","25 - 29","England","All","All","Main scheme application","10","0"," "
"2020","Medium tariff","25 - 29","England","All","All","Main scheme application","15","5"," "
"2021","Medium tariff","25 - 29","England","All","All","Main scheme application","15","0"," "
"2022","Medium tariff","25 - 29","England","All","All","Main scheme application","15","0"," "
"2023","Medium tariff","25 - 29","England","All","All","Main scheme application","10","0"," "
"2019","Lower tariff","30 - 34","England","All","All","Main scheme application","10","5"," "
"2020","Lower tariff","30 - 34","England","All","All","Main scheme application","10","5"," "
"2021","Lower tariff","30 - 34","England","All","All","Main scheme application","5","0"," "
"2022","Lower tariff","30 - 34","England","All","All","Main scheme application","5","5"," "
"2023","Lower tariff","30 - 34","England","All","All","Main scheme application","5","0"," "
"2019","Higher tariff","30 - 34","England","All","All","Main scheme application","5","0"," "
"2020","Higher tariff","30 - 34","England","All","All","Main scheme application","10","10"," "
"2021","Higher tariff","30 - 34","England","All","All","Main scheme application","15","0"," "
"2022","Higher tariff","30 - 34","England","All","All","Main scheme application","10","0"," "
"2023","Higher tariff","30 - 34","England","All","All","Main scheme application","5","5"," "
"2019","Medium tariff","30 - 34","England","All","All","Main scheme application","5","0"," "
"2020","Medium tariff","30 - 34","England","All","All","Main scheme application","5","0"," "
"2021","Medium tariff","30 - 34","England","All","All","Main scheme application","5","0"," "
"2022","Medium tariff","30 - 34","England","All","All","Main scheme application","10","5"," "
"2023","Medium tariff","30 - 34","England","All","All","Main scheme application","5","0"," "
"2019","Lower tariff","35 and over","England","All","All","Main scheme application","10","5"," "
"2020","Lower tariff","35 and over","England","All","All","Main scheme application","15","5"," "
"2021","Lower tariff","35 and over","England","All","All","Main scheme application","10","10","0.833"
"2022","Lower tariff","35 and over","England","All","All","Main scheme application","10","5"," "
"2023","Lower tariff","35 and over","England","All","All","Main scheme application","10","0"," "
"2019","Higher tariff","35 and over","England","All","All","Main scheme application","10","0"," "
"2020","Higher tariff","35 and over","England","All","All","Main scheme application","5","0"," "
"2021","Higher tariff","35 and over","England","All","All","Main scheme application","10","5"," "
"2022","Higher tariff","35 and over","England","All","All","Main scheme application","5","0"," "
"2019","Medium tariff","35 and over","England","All","All","Main scheme application","5","0"," "
"2020","Medium tariff","35 and over","England","All","All","Main scheme application","5","0"," "
"2021","Medium tariff","35 and over","England","All","All","Main scheme application","10","0"," "
"2023","Medium tariff","35 and over","England","All","All","Main scheme application","5","0"," "
"2019","Higher tariff","18","Scotland","All","All","Main scheme application","10","0"," "
"2020","Higher tariff","18","Scotland","All","All","Main scheme application","15","0"," "
"2021","Higher tariff","18","Scotland","All","All","Main scheme application","20","0"," "
"2022","Higher tariff","18","Scotland","All","All","Main scheme application","20","0"," "
"2023","Higher tariff","18","Scotland","All","All","Main scheme application","20","0"," "
"2019","Medium tariff","18","Scotland","All","All","Main scheme application","5","0"," "
"2020","Medium tariff","18","Scotland","All","All","Main scheme application","10","0"," "
"2021","Medium tariff","18","Scotland","All","All","Main scheme application","5","0"," "
"2022","Medium tariff","18","Scotland","All","All","Main scheme application","5","0"," "
"2023","Medium tariff","18","Scotland","All","All","Main scheme application","5","0"," "
"2019","Higher tariff","19","Scotland","All","All","Main scheme application","5","0"," "
"2021","Higher tariff","19","Scotland","All","All","Main scheme application","5","0"," "
"2022","Higher tariff","19","Scotland","All","All","Main scheme application","10","0"," "
"2023","Higher tariff","19","Scotland","All","All","Main scheme application","5","0"," "
"2019","Medium tariff","19","Scotland","All","All","Main scheme application","5","0"," "
"2021","Medium tariff","19","Scotland","All","All","Main scheme application","5","0"," "
"2019","Higher tariff","20","Scotland","All","All","Main scheme application","5","0"," "
"2020","Higher tariff","20","Scotland","All","All","Main scheme application","5","0"," "
"2021","Higher tariff","20","Scotland","All","All","Main scheme application","15","0"," "
"2022","Higher tariff","20","Scotland","All","All","Main scheme application","5","0"," "
"2023","Higher tariff","20","Scotland","All","All","Main scheme application","5","0"," "
"2020","Medium tariff","20","Scotland","All","All","Main scheme application","5","0"," "
"2021","Medium tariff","20","Scotland","All","All","Main scheme application","5","0"," "
"2022","Medium tariff","20","Scotland","All","All","Main scheme application","5","0"," "
"2023","Medium tariff","20","Scotland","All","All","Main scheme application","5","0"," "
"2022","Lower tariff","21 - 24","Scotland","All","All","Main scheme application","5","0"," "
"2023","Lower tariff","21 - 24","Scotland","All","All","Main scheme application","5","0"," "
"2019","Higher tariff","21 - 24","Scotland","All","All","Main scheme application","1545","710","0.458"
"2020","Higher tariff","21 - 24","Scotland","All","All","Main scheme application","1640","775","0.47300000000000003"
"2021","Higher tariff","21 - 24","Scotland","All","All","Main scheme application","2070","775","0.374"
"2022","Higher tariff","21 - 24","Scotland","All","All","Main scheme application","1500","675","0.449"
"2023","Higher tariff","21 - 24","Scotland","All","All","Main scheme application","1265","635","0.503"
"2019","Medium tariff","21 - 24","Scotland","All","All","Main scheme application","855","90","0.108"
"2020","Medium tariff","21 - 24","Scotland","All","All","Main scheme application","940","95","0.10300000000000001"
"2021","Medium tariff","21 - 24","Scotland","All","All","Main scheme application","1210","100","0.083"
"2022","Medium tariff","21 - 24","Scotland","All","All","Main scheme application","880","90","0.10300000000000001"
"2023","Medium tariff","21 - 24","Scotland","All","All","Main scheme application","740","85","0.112"
"2022","Lower tariff","25 - 29","Scotland","All","All","Main scheme application","5","0"," "
"2023","Lower tariff","25 - 29","Scotland","All","All","Main scheme application","5","0"," "
"2019","Higher tariff","25 - 29","Scotland","All","All","Main scheme application","1270","570","0.449"
"2020","Higher tariff","25 - 29","Scotland","All","All","Main scheme application","1265","565","0.448"
"2021","Higher tariff","25 - 29","Scotland","All","All","Main scheme application","1610","585","0.362"
"2022","Higher tariff","25 - 29","Scotland","All","All","Main scheme application","1100","490","0.447"
"2023","Higher tariff","25 - 29","Scotland","All","All","Main scheme application","810","380","0.467"
"2019","Medium tariff","25 - 29","Scotland","All","All","Main scheme application","805","115","0.14300000000000002"
"2020","Medium tariff","25 - 29","Scotland","All","All","Main scheme application","780","115","0.146"
"2021","Medium tariff","25 - 29","Scotland","All","All","Main scheme application","1010","140","0.139"
"2022","Medium tariff","25 - 29","Scotland","All","All","Main scheme application","705","105","0.148"
"2023","Medium tariff","25 - 29","Scotland","All","All","Main scheme application","545","75","0.134"
"2019","Higher tariff","30 - 34","Scotland","All","All","Main scheme application","560","220","0.397"
"2020","Higher tariff","30 - 34","Scotland","All","All","Main scheme application","585","255","0.44"
"2021","Higher tariff","30 - 34","Scotland","All","All","Main scheme application","685","220","0.32"
"2022","Higher tariff","30 - 34","Scotland","All","All","Main scheme application","480","220","0.453"
"2023","Higher tariff","30 - 34","Scotland","All","All","Main scheme application","355","155","0.434"
"2019","Medium tariff","30 - 34","Scotland","All","All","Main scheme application","340","55","0.165"
"2020","Medium tariff","30 - 34","Scotland","All","All","Main scheme application","365","65","0.181"
"2021","Medium tariff","30 - 34","Scotland","All","All","Main scheme application","410","65","0.157"
"2022","Medium tariff","30 - 34","Scotland","All","All","Main scheme application","295","50","0.165"
"2023","Medium tariff","30 - 34","Scotland","All","All","Main scheme application","240","50","0.202"
"2022","Lower tariff","35 and over","Scotland","All","All","Main scheme application","5","0"," "
"2019","Higher tariff","35 and over","Scotland","All","All","Main scheme application","975","360","0.369"
"2020","Higher tariff","35 and over","Scotland","All","All","Main scheme application","1005","390","0.389"
"2021","Higher tariff","35 and over","Scotland","All","All","Main scheme application","1105","350","0.318"
"2022","Higher tariff","35 and over","Scotland","All","All","Main scheme application","760","305","0.4"
"2023","Higher tariff","35 and over","Scotland","All","All","Main scheme application","620","265","0.429"
"2019","Medium tariff","35 and over","Scotland","All","All","Main scheme application","600","105","0.178"
"2020","Medium tariff","35 and over","Scotland","All","All","Main scheme application","635","130","0.203"
"2021","Medium tariff","35 and over","Scotland","All","All","Main scheme application","660","100","0.154"
"2022","Medium tariff","35 and over","Scotland","All","All","Main scheme application","465","100","0.214"
"2023","Medium tariff","35 and over","Scotland","All","All","Main scheme application","380","90","0.23800000000000002"
"2020","Lower tariff","18","Wales","All","All","Main scheme application","5","0"," "
"2022","Lower tariff","18","Wales","All","All","Main scheme application","5","0"," "
"2022","Medium tariff","18","Wales","All","All","Main scheme application","15","0"," "
"2023","Medium tariff","18","Wales","All","All","Main scheme application","5","0"," "
"2023","Lower tariff","20","Wales","All","All","Main scheme application","5","0"," "
"2022","Lower tariff","21 - 24","Wales","All","All","Main scheme application","560","350","0.623"
"2023","Lower tariff","21 - 24","Wales","All","All","Main scheme application","505","300","0.598"
"2020","Higher tariff","21 - 24","Wales","All","All","Main scheme application","5","0"," "
"2021","Higher tariff","21 - 24","Wales","All","All","Main scheme application","5","0"," "
"2022","Higher tariff","21 - 24","Wales","All","All","Main scheme application","5","0"," "
"2023","Higher tariff","21 - 24","Wales","All","All","Main scheme application","10","0"," "
"2022","Medium tariff","21 - 24","Wales","All","All","Main scheme application","340","110","0.32"
"2023","Medium tariff","21 - 24","Wales","All","All","Main scheme application","345","120","0.34400000000000003"
"2022","Lower tariff","25 - 29","Wales","All","All","Main scheme application","200","125","0.632"
"2023","Lower tariff","25 - 29","Wales","All","All","Main scheme application","185","115","0.63"
"2019","Higher tariff","25 - 29","Wales","All","All","Main scheme application","5","0"," "
"2020","Higher tariff","25 - 29","Wales","All","All","Main scheme application","5","0"," "
"2022","Higher tariff","25 - 29","Wales","All","All","Main scheme application","5","0"," "
"2023","Higher tariff","25 - 29","Wales","All","All","Main scheme application","5","0"," "
"2022","Medium tariff","25 - 29","Wales","All","All","Main scheme application","115","30","0.23900000000000002"
"2023","Medium tariff","25 - 29","Wales","All","All","Main scheme application","100","35","0.324"
"2022","Lower tariff","30 - 34","Wales","All","All","Main scheme application","75","50","0.712"
"2023","Lower tariff","30 - 34","Wales","All","All","Main scheme application","65","40","0.612"
"2022","Medium tariff","30 - 34","Wales","All","All","Main scheme application","40","15","0.41500000000000004"
"2023","Medium tariff","30 - 34","Wales","All","All","Main scheme application","35","10","0.28600000000000003"
"2022","Lower tariff","35 and over","Wales","All","All","Main scheme application","105","55","0.548"
"2023","Lower tariff","35 and over","Wales","All","All","Main scheme application","65","35","0.523"
"2022","Medium tariff","35 and over","Wales","All","All","Main scheme application","45","15","0.356"
"2023","Medium tariff","35 and over","Wales","All","All","Main scheme application","50","20","0.385"
"2022","Lower tariff","21 - 24","Not EU","All","All","Main scheme application","5","0"," "
"2023","Lower tariff","21 - 24","Not EU","All","All","Main scheme application","5","0"," "
"2019","Higher tariff","21 - 24","Not EU","All","All","Main scheme application","15","5"," "
"2020","Higher tariff","21 - 24","Not EU","All","All","Main scheme application","25","5"," "
"2021","Higher tariff","21 - 24","Not EU","All","All","Main scheme application","15","0"," "
"2022","Higher tariff","21 - 24","Not EU","All","All","Main scheme application","15","5"," "
"2023","Higher tariff","21 - 24","Not EU","All","All","Main scheme application","30","5"," "
"2019","Medium tariff","21 - 24","Not EU","All","All","Main scheme application","5","0"," "
"2020","Medium tariff","21 - 24","Not EU","All","All","Main scheme application","5","0"," "
"2021","Medium tariff","21 - 24","Not EU","All","All","Main scheme application","5","0"," "
"2022","Medium tariff","21 - 24","Not EU","All","All","Main scheme application","10","0"," "
"2023","Medium tariff","21 - 24","Not EU","All","All","Main scheme application","10","0"," "
"2022","Lower tariff","25 - 29","Not EU","All","All","Main scheme application","10","0"," "
"2023","Lower tariff","25 - 29","Not EU","All","All","Main scheme application","5","0"," "
"2019","Higher tariff","25 - 29","Not EU","All","All","Main scheme application","15","5"," "
"2020","Higher tariff","25 - 29","Not EU","All","All","Main scheme application","20","5"," "
"2021","Higher tariff","25 - 29","Not EU","All","All","Main scheme application","25","10"," "
"2022","Higher tariff","25 - 29","Not EU","All","All","Main scheme application","30","10"," "
"2023","Higher tariff","25 - 29","Not EU","All","All","Main scheme application","20","10"," "
"2019","Medium tariff","25 - 29","Not EU","All","All","Main scheme application","10","0"," "
"2020","Medium tariff","25 - 29","Not EU","All","All","Main scheme application","5","0"," "
"2021","Medium tariff","25 - 29","Not EU","All","All","Main scheme application","5","0"," "
"2022","Medium tariff","25 - 29","Not EU","All","All","Main scheme application","15","0"," "
"2023","Medium tariff","25 - 29","Not EU","All","All","Main scheme application","10","0"," "
"2022","Lower tariff","30 - 34","Not EU","All","All","Main scheme application","5","0"," "
"2023","Lower tariff","30 - 34","Not EU","All","All","Main scheme application","5","0"," "
"2019","Higher tariff","30 - 34","Not EU","All","All","Main scheme application","10","5"," "
"2020","Higher tariff","30 - 34","Not EU","All","All","Main scheme application","15","5"," "
"2021","Higher tariff","30 - 34","Not EU","All","All","Main scheme application","10","5"," "
"2022","Higher tariff","30 - 34","Not EU","All","All","Main scheme application","20","5"," "
"2023","Higher tariff","30 - 34","Not EU","All","All","Main scheme application","15","0"," "
"2019","Medium tariff","30 - 34","Not EU","All","All","Main scheme application","5","0"," "
"2020","Medium tariff","30 - 34","Not EU","All","All","Main scheme application","5","0"," "
"2021","Medium tariff","30 - 34","Not EU","All","All","Main scheme application","5","0"," "
"2022","Medium tariff","30 - 34","Not EU","All","All","Main scheme application","15","0"," "
"2023","Medium tariff","30 - 34","Not EU","All","All","Main scheme application","15","0"," "
"2022","Lower tariff","35 and over","Not EU","All","All","Main scheme application","10","0"," "
"2023","Lower tariff","35 and over","Not EU","All","All","Main scheme application","10","0"," "
"2019","Higher tariff","35 and over","Not EU","All","All","Main scheme application","15","5"," "
"2020","Higher tariff","35 and over","Not EU","All","All","Main scheme application","10","0"," "
"2021","Higher tariff","35 and over","Not EU","All","All","Main scheme application","20","0"," "
"2022","Higher tariff","35 and over","Not EU","All","All","Main scheme application","25","5"," "
"2023","Higher tariff","35 and over","Not EU","All","All","Main scheme application","15","0"," "
"2019","Medium tariff","35 and over","Not EU","All","All","Main scheme application","5","0"," "
"2020","Medium tariff","35 and over","Not EU","All","All","Main scheme application","5","0"," "
"2021","Medium tariff","35 and over","Not EU","All","All","Main scheme application","10","0"," "
"2022","Medium tariff","35 and over","Not EU","All","All","Main scheme application","20","5"," "
"2023","Medium tariff","35 and over","Not EU","All","All","Main scheme application","15","5"," "
"2019","Higher tariff","20","EU (excluding UK)","All","All","Main scheme application","5","0"," "
"2020","Higher tariff","20","EU (excluding UK)","All","All","Main scheme application","5","0"," "
"2022","Lower tariff","21 - 24","EU (excluding UK)","All","All","Main scheme application","20","0"," "
"2023","Lower tariff","21 - 24","EU (excluding UK)","All","All","Main scheme application","10","0"," "
"2019","Higher tariff","21 - 24","EU (excluding UK)","All","All","Main scheme application","125","35","0.28"
"2020","Higher tariff","21 - 24","EU (excluding UK)","All","All","Main scheme application","145","60","0.406"
"2021","Higher tariff","21 - 24","EU (excluding UK)","All","All","Main scheme application","95","15","0.179"
"2022","Higher tariff","21 - 24","EU (excluding UK)","All","All","Main scheme application","50","5"," "
"2023","Higher tariff","21 - 24","EU (excluding UK)","All","All","Main scheme application","40","10","0.28600000000000003"
"2019","Medium tariff","21 - 24","EU (excluding UK)","All","All","Main scheme application","50","10"," "
"2020","Medium tariff","21 - 24","EU (excluding UK)","All","All","Main scheme application","30","0"," "
"2021","Medium tariff","21 - 24","EU (excluding UK)","All","All","Main scheme application","25","0"," "
"2022","Medium tariff","21 - 24","EU (excluding UK)","All","All","Main scheme application","25","5"," "
"2023","Medium tariff","21 - 24","EU (excluding UK)","All","All","Main scheme application","25","0"," "
"2022","Lower tariff","25 - 29","EU (excluding UK)","All","All","Main scheme application","5","0"," "
"2019","Higher tariff","25 - 29","EU (excluding UK)","All","All","Main scheme application","55","20","0.321"
"2020","Higher tariff","25 - 29","EU (excluding UK)","All","All","Main scheme application","80","30","0.367"
"2021","Higher tariff","25 - 29","EU (excluding UK)","All","All","Main scheme application","55","10","0.193"
"2022","Higher tariff","25 - 29","EU (excluding UK)","All","All","Main scheme application","35","10","0.306"
"2023","Higher tariff","25 - 29","EU (excluding UK)","All","All","Main scheme application","15","5"," "
"2019","Medium tariff","25 - 29","EU (excluding UK)","All","All","Main scheme application","20","5"," "
"2020","Medium tariff","25 - 29","EU (excluding UK)","All","All","Main scheme application","25","0"," "
"2021","Medium tariff","25 - 29","EU (excluding UK)","All","All","Main scheme application","25","0"," "
"2022","Medium tariff","25 - 29","EU (excluding UK)","All","All","Main scheme application","20","0"," "
"2023","Medium tariff","25 - 29","EU (excluding UK)","All","All","Main scheme application","10","0"," "
"2019","Higher tariff","30 - 34","EU (excluding UK)","All","All","Main scheme application","30","10"," "
"2020","Higher tariff","30 - 34","EU (excluding UK)","All","All","Main scheme application","30","10","0.393"
"2021","Higher tariff","30 - 34","EU (excluding UK)","All","All","Main scheme application","15","5"," "
"2022","Higher tariff","30 - 34","EU (excluding UK)","All","All","Main scheme application","10","0"," "
"2023","Higher tariff","30 - 34","EU (excluding UK)","All","All","Main scheme application","5","0"," "
"2019","Medium tariff","30 - 34","EU (excluding UK)","All","All","Main scheme application","15","0"," "
"2020","Medium tariff","30 - 34","EU (excluding UK)","All","All","Main scheme application","15","0"," "
"2021","Medium tariff","30 - 34","EU (excluding UK)","All","All","Main scheme application","5","0"," "
"2022","Medium tariff","30 - 34","EU (excluding UK)","All","All","Main scheme application","5","0"," "
"2023","Medium tariff","30 - 34","EU (excluding UK)","All","All","Main scheme application","5","0"," "
"2019","Higher tariff","35 and over","EU (excluding UK)","All","All","Main scheme application","15","5"," "
"2020","Higher tariff","35 and over","EU (excluding UK)","All","All","Main scheme application","10","5"," "
"2021","Higher tariff","35 and over","EU (excluding UK)","All","All","Main scheme application","10","0"," "
"2022","Higher tariff","35 and over","EU (excluding UK)","All","All","Main scheme application","10","0"," "
"2023","Higher tariff","35 and over","EU (excluding UK)","All","All","Main scheme application","10","0"," "
"2019","Medium tariff","35 and over","EU (excluding UK)","All","All","Main scheme application","10","0"," "
"2020","Medium tariff","35 and over","EU (excluding UK)","All","All","Main scheme application","5","0"," "
"2021","Medium tariff","35 and over","EU (excluding UK)","All","All","Main scheme application","5","0"," "
"2022","Medium tariff","35 and over","EU (excluding UK)","All","All","Main scheme application","5","0"," "
"2023","Medium tariff","35 and over","EU (excluding UK)","All","All","Main scheme application","5","0"," "
"2023","All","21 - 24","Northern Ireland","All","All","Not main scheme application","5","5"," "
"2019","All","21 - 24","England","All","All","Not main scheme application","5","5"," "
"2020","All","21 - 24","England","All","All","Not main scheme application","10","10"," "
"2021","All","21 - 24","England","All","All","Not main scheme application","10","0"," "
"2022","All","21 - 24","England","All","All","Not main scheme application","15","10","0.667"
"2023","All","21 - 24","England","All","All","Not main scheme application","15","15","1"
"2019","All","25 - 29","England","All","All","Not main scheme application","5","5"," "
"2020","All","25 - 29","England","All","All","Not main scheme application","15","10","0.846"
"2021","All","25 - 29","England","All","All","Not main scheme application","5","5"," "
"2022","All","25 - 29","England","All","All","Not main scheme application","5","5"," "
"2023","All","25 - 29","England","All","All","Not main scheme application","15","15","1"
"2020","All","30 - 34","England","All","All","Not main scheme application","5","5"," "
"2021","All","30 - 34","England","All","All","Not main scheme application","5","5"," "
"2023","All","30 - 34","England","All","All","Not main scheme application","5","5"," "
"2019","All","35 and over","England","All","All","Not main scheme application","10","10"," "
"2020","All","35 and over","England","All","All","Not main scheme application","10","10","0.917"
"2021","All","35 and over","England","All","All","Not main scheme application","10","10"," "
"2022","All","35 and over","England","All","All","Not main scheme application","10","5"," "
"2023","All","35 and over","England","All","All","Not main scheme application","10","10"," "
"2021","All","18","Scotland","All","All","Not main scheme application","5","0"," "
"2019","All","21 - 24","Scotland","All","All","Not main scheme application","95","50","0.527"
"2020","All","21 - 24","Scotland","All","All","Not main scheme application","120","45","0.39"
"2021","All","21 - 24","Scotland","All","All","Not main scheme application","130","50","0.392"
"2022","All","21 - 24","Scotland","All","All","Not main scheme application","95","60","0.634"
"2023","All","21 - 24","Scotland","All","All","Not main scheme application","80","50","0.62"
"2019","All","25 - 29","Scotland","All","All","Not main scheme application","80","50","0.62"
"2020","All","25 - 29","Scotland","All","All","Not main scheme application","115","70","0.591"
"2021","All","25 - 29","Scotland","All","All","Not main scheme application","90","35","0.38"
"2022","All","25 - 29","Scotland","All","All","Not main scheme application","65","40","0.636"
"2023","All","25 - 29","Scotland","All","All","Not main scheme application","55","45","0.772"
"2019","All","30 - 34","Scotland","All","All","Not main scheme application","25","15","0.583"
"2020","All","30 - 34","Scotland","All","All","Not main scheme application","35","20","0.514"
"2021","All","30 - 34","Scotland","All","All","Not main scheme application","35","15","0.441"
"2022","All","30 - 34","Scotland","All","All","Not main scheme application","35","15","0.41200000000000003"
"2023","All","30 - 34","Scotland","All","All","Not main scheme application","25","20","0.6920000000000001"
"2019","All","35 and over","Scotland","All","All","Not main scheme application","70","40","0.5710000000000001"
"2020","All","35 and over","Scotland","All","All","Not main scheme application","85","50","0.558"
"2021","All","35 and over","Scotland","All","All","Not main scheme application","50","30","0.612"
"2022","All","35 and over","Scotland","All","All","Not main scheme application","60","40","0.629"
"2023","All","35 and over","Scotland","All","All","Not main scheme application","60","45","0.721"
"2022","All","21 - 24","Wales","All","All","Not main scheme application","70","55","0.8140000000000001"
"2023","All","21 - 24","Wales","All","All","Not main scheme application","85","70","0.835"
"2022","All","25 - 29","Wales","All","All","Not main scheme application","35","30","0.8"
"2023","All","25 - 29","Wales","All","All","Not main scheme application","30","25","0.767"
"2022","All","30 - 34","Wales","All","All","Not main scheme application","10","10"," "
"2023","All","30 - 34","Wales","All","All","Not main scheme application","15","15","0.929"
"2022","All","35 and over","Wales","All","All","Not main scheme application","20","15","0.8"
"2023","All","35 and over","Wales","All","All","Not main scheme application","20","15","0.85"
"2022","All","25 - 29","Not EU","All","All","Not main scheme application","5","0"," "
"2022","All","35 and over","Not EU","All","All","Not main scheme application","5","0"," "
"2020","All","21 - 24","EU (excluding UK)","All","All","Not main scheme application","5","0"," "
"2022","All","21 - 24","EU (excluding UK)","All","All","Not main scheme application","5","0"," "
"2023","All","21 - 24","EU (excluding UK)","All","All","Not main scheme application","5","0"," "
"2020","All","25 - 29","EU (excluding UK)","All","All","Not main scheme application","5","0"," "
"2021","All","25 - 29","EU (excluding UK)","All","All","Not main scheme application","5","0"," "
"2020","All","35 and over","EU (excluding UK)","All","All","Not main scheme application","5","0"," "
"2019","All","21 - 24","Northern Ireland","All","All","Main scheme application","60","10","0.17200000000000001"
"2020","All","21 - 24","Northern Ireland","All","All","Main scheme application","40","10"," "
"2021","All","21 - 24","Northern Ireland","All","All","Main scheme application","65","15","0.254"
"2022","All","21 - 24","Northern Ireland","All","All","Main scheme application","45","15","0.28300000000000003"
"2023","All","21 - 24","Northern Ireland","All","All","Main scheme application","25","5"," "
"2019","All","25 - 29","Northern Ireland","All","All","Main scheme application","25","10","0.423"
"2020","All","25 - 29","Northern Ireland","All","All","Main scheme application","20","5"," "
"2021","All","25 - 29","Northern Ireland","All","All","Main scheme application","25","10"," "
"2022","All","25 - 29","Northern Ireland","All","All","Main scheme application","15","10"," "
"2023","All","25 - 29","Northern Ireland","All","All","Main scheme application","15","5"," "
"2019","All","30 - 34","Northern Ireland","All","All","Main scheme application","5","0"," "
"2020","All","30 - 34","Northern Ireland","All","All","Main scheme application","5","0"," "
"2021","All","30 - 34","Northern Ireland","All","All","Main scheme application","5","0"," "
"2022","All","30 - 34","Northern Ireland","All","All","Main scheme application","5","0"," "
"2023","All","30 - 34","Northern Ireland","All","All","Main scheme application","5","0"," "
"2019","All","35 and over","Northern Ireland","All","All","Main scheme application","5","0"," "
"2021","All","35 and over","Northern Ireland","All","All","Main scheme application","5","5"," "
"2022","All","35 and over","Northern Ireland","All","All","Main scheme application","5","5"," "
"2023","All","35 and over","Northern Ireland","All","All","Main scheme application","5","0"," "
"2020","All","18","England","All","All","Main scheme application","5","0"," "
"2022","All","18","England","All","All","Main scheme application","10","0"," "
"2023","All","18","England","All","All","Main scheme application","5","0"," "
"2019","All","21 - 24","England","All","All","Main scheme application","70","30","0.40800000000000003"
"2020","All","21 - 24","England","All","All","Main scheme application","50","20","0.385"
"2021","All","21 - 24","England","All","All","Main scheme application","90","25","0.28400000000000003"
"2022","All","21 - 24","England","All","All","Main scheme application","145","65","0.448"
"2023","All","21 - 24","England","All","All","Main scheme application","130","55","0.417"
"2019","All","25 - 29","England","All","All","Main scheme application","30","10"," "
"2020","All","25 - 29","England","All","All","Main scheme application","35","20","0.541"
"2021","All","25 - 29","England","All","All","Main scheme application","55","20","0.37"
"2022","All","25 - 29","England","All","All","Main scheme application","35","10","0.278"
"2023","All","25 - 29","England","All","All","Main scheme application","25","10","0.423"
"2019","All","30 - 34","England","All","All","Main scheme application","15","5"," "
"2020","All","30 - 34","England","All","All","Main scheme application","20","15","0.667"
"2021","All","30 - 34","England","All","All","Main scheme application","20","0"," "
"2022","All","30 - 34","England","All","All","Main scheme application","20","5"," "
"2023","All","30 - 34","England","All","All","Main scheme application","10","5"," "
"2019","All","35 and over","England","All","All","Main scheme application","25","5"," "
"2020","All","35 and over","England","All","All","Main scheme application","20","5"," "
"2021","All","35 and over","England","All","All","Main scheme application","20","15","0.682"
"2022","All","35 and over","England","All","All","Main scheme application","15","5"," "
"2023","All","35 and over","England","All","All","Main scheme application","10","5"," "
"2019","All","18","Scotland","All","All","Main scheme application","15","0"," "
"2020","All","18","Scotland","All","All","Main scheme application","25","0"," "
"2021","All","18","Scotland","All","All","Main scheme application","20","0"," "
"2022","All","18","Scotland","All","All","Main scheme application","20","0"," "
"2023","All","18","Scotland","All","All","Main scheme application","25","0"," "
"2019","All","19","Scotland","All","All","Main scheme application","5","0"," "
"2020","All","19","Scotland","All","All","Main scheme application","5","0"," "
"2021","All","19","Scotland","All","All","Main scheme application","5","0"," "
"2022","All","19","Scotland","All","All","Main scheme application","10","0"," "
"2023","All","19","Scotland","All","All","Main scheme application","10","0"," "
"2019","All","20","Scotland","All","All","Main scheme application","5","0"," "
"2020","All","20","Scotland","All","All","Main scheme application","10","0"," "
"2021","All","20","Scotland","All","All","Main scheme application","15","0"," "
"2022","All","20","Scotland","All","All","Main scheme application","10","0"," "
"2023","All","20","Scotland","All","All","Main scheme application","10","0"," "
"2019","All","21 - 24","Scotland","All","All","Main scheme application","1570","800","0.509"
"2020","All","21 - 24","Scotland","All","All","Main scheme application","1680","875","0.519"
"2021","All","21 - 24","Scotland","All","All","Main scheme application","2110","875","0.41400000000000003"
"2022","All","21 - 24","Scotland","All","All","Main scheme application","1525","765","0.5"
"2023","All","21 - 24","Scotland","All","All","Main scheme application","1285","720","0.559"
"2019","All","25 - 29","Scotland","All","All","Main scheme application","1325","685","0.517"
"2020","All","25 - 29","Scotland","All","All","Main scheme application","1325","680","0.514"
"2021","All","25 - 29","Scotland","All","All","Main scheme application","1650","725","0.438"
"2022","All","25 - 29","Scotland","All","All","Main scheme application","1130","595","0.527"
"2023","All","25 - 29","Scotland","All","All","Main scheme application","840","450","0.537"
"2019","All","30 - 34","Scotland","All","All","Main scheme application","605","280","0.459"
"2020","All","30 - 34","Scotland","All","All","Main scheme application","630","325","0.513"
"2021","All","30 - 34","Scotland","All","All","Main scheme application","720","285","0.393"
"2022","All","30 - 34","Scotland","All","All","Main scheme application","505","265","0.528"
"2023","All","30 - 34","Scotland","All","All","Main scheme application","385","205","0.529"
"2019","All","35 and over","Scotland","All","All","Main scheme application","1080","470","0.433"
"2020","All","35 and over","Scotland","All","All","Main scheme application","1145","520","0.455"
"2021","All","35 and over","Scotland","All","All","Main scheme application","1225","455","0.37"
"2022","All","35 and over","Scotland","All","All","Main scheme application","840","400","0.47900000000000004"
"2023","All","35 and over","Scotland","All","All","Main scheme application","690","360","0.518"
"2020","All","18","Wales","All","All","Main scheme application","5","0"," "
"2022","All","18","Wales","All","All","Main scheme application","20","0"," "
"2023","All","18","Wales","All","All","Main scheme application","5","0"," "
"2023","All","20","Wales","All","All","Main scheme application","5","0"," "
"2020","All","21 - 24","Wales","All","All","Main scheme application","5","0"," "
"2021","All","21 - 24","Wales","All","All","Main scheme application","5","0"," "
"2022","All","21 - 24","Wales","All","All","Main scheme application","645","460","0.711"
"2023","All","21 - 24","Wales","All","All","Main scheme application","600","420","0.6990000000000001"
"2019","All","25 - 29","Wales","All","All","Main scheme application","5","0"," "
"2020","All","25 - 29","Wales","All","All","Main scheme application","5","0"," "
"2022","All","25 - 29","Wales","All","All","Main scheme application","230","155","0.671"
"2023","All","25 - 29","Wales","All","All","Main scheme application","220","150","0.683"
"2022","All","30 - 34","Wales","All","All","Main scheme application","95","70","0.742"
"2023","All","30 - 34","Wales","All","All","Main scheme application","80","50","0.654"
"2022","All","35 and over","Wales","All","All","Main scheme application","125","75","0.5750000000000001"
"2023","All","35 and over","Wales","All","All","Main scheme application","90","55","0.593"
"2019","All","21 - 24","Not EU","All","All","Main scheme application","15","5"," "
"2020","All","21 - 24","Not EU","All","All","Main scheme application","30","10"," "
"2021","All","21 - 24","Not EU","All","All","Main scheme application","20","0"," "
"2022","All","21 - 24","Not EU","All","All","Main scheme application","20","5"," "
"2023","All","21 - 24","Not EU","All","All","Main scheme application","30","5"," "
"2019","All","25 - 29","Not EU","All","All","Main scheme application","20","10"," "
"2020","All","25 - 29","Not EU","All","All","Main scheme application","20","5"," "
"2021","All","25 - 29","Not EU","All","All","Main scheme application","25","10"," "
"2022","All","25 - 29","Not EU","All","All","Main scheme application","40","10","0.289"
"2023","All","25 - 29","Not EU","All","All","Main scheme application","30","10","0.333"
"2019","All","30 - 34","Not EU","All","All","Main scheme application","15","5"," "
"2020","All","30 - 34","Not EU","All","All","Main scheme application","15","5"," "
"2021","All","30 - 34","Not EU","All","All","Main scheme application","10","5"," "
"2022","All","30 - 34","Not EU","All","All","Main scheme application","25","5"," "
"2023","All","30 - 34","Not EU","All","All","Main scheme application","20","5"," "
"2019","All","35 and over","Not EU","All","All","Main scheme application","15","5"," "
"2020","All","35 and over","Not EU","All","All","Main scheme application","10","0"," "
"2021","All","35 and over","Not EU","All","All","Main scheme application","20","0"," "
"2022","All","35 and over","Not EU","All","All","Main scheme application","35","5"," "
"2023","All","35 and over","Not EU","All","All","Main scheme application","25","5"," "
"2019","All","20","EU (excluding UK)","All","All","Main scheme application","5","0"," "
"2020","All","20","EU (excluding UK)","All","All","Main scheme application","5","0"," "
"2019","All","21 - 24","EU (excluding UK)","All","All","Main scheme application","125","45","0.352"
"2020","All","21 - 24","EU (excluding UK)","All","All","Main scheme application","145","60","0.41300000000000003"
"2021","All","21 - 24","EU (excluding UK)","All","All","Main scheme application","95","20","0.2"
"2022","All","21 - 24","EU (excluding UK)","All","All","Main scheme application","55","10","0.17500000000000002"
"2023","All","21 - 24","EU (excluding UK)","All","All","Main scheme application","50","15","0.327"
"2019","All","25 - 29","EU (excluding UK)","All","All","Main scheme application","55","20","0.386"
"2020","All","25 - 29","EU (excluding UK)","All","All","Main scheme application","80","30","0.388"
"2021","All","25 - 29","EU (excluding UK)","All","All","Main scheme application","60","10","0.20700000000000002"
"2022","All","25 - 29","EU (excluding UK)","All","All","Main scheme application","35","15","0.417"
"2023","All","25 - 29","EU (excluding UK)","All","All","Main scheme application","20","5"," "
"2019","All","30 - 34","EU (excluding UK)","All","All","Main scheme application","30","10","0.34400000000000003"
"2020","All","30 - 34","EU (excluding UK)","All","All","Main scheme application","30","10","0.41400000000000003"
"2021","All","30 - 34","EU (excluding UK)","All","All","Main scheme application","15","5"," "
"2022","All","30 - 34","EU (excluding UK)","All","All","Main scheme application","10","5"," "
"2023","All","30 - 34","EU (excluding UK)","All","All","Main scheme application","5","5"," "
"2019","All","35 and over","EU (excluding UK)","All","All","Main scheme application","15","5"," "
"2020","All","35 and over","EU (excluding UK)","All","All","Main scheme application","10","5"," "
"2021","All","35 and over","EU (excluding UK)","All","All","Main scheme application","10","0"," "
"2022","All","35 and over","EU (excluding UK)","All","All","Main scheme application","10","0"," "
"2023","All","35 and over","EU (excluding UK)","All","All","Main scheme application","10","0"," "
"2019","Lower tariff","All","England","All","All","Not main scheme application","20","20","1"
"2020","Lower tariff","All","England","All","All","Not main scheme application","35","30","0.889"
"2021","Lower tariff","All","England","All","All","Not main scheme application","20","15","0.85"
"2022","Lower tariff","All","England","All","All","Not main scheme application","20","20","0.857"
"2023","Lower tariff","All","England","All","All","Not main scheme application","30","30","1"
"2019","Higher tariff","All","England","All","All","Not main scheme application","5","0"," "
"2020","Higher tariff","All","England","All","All","Not main scheme application","5","5"," "
"2021","Higher tariff","All","England","All","All","Not main scheme application","5","0"," "
"2022","Higher tariff","All","England","All","All","Not main scheme application","5","0"," "
"2022","Medium tariff","All","England","All","All","Not main scheme application","5","5"," "
"2023","Medium tariff","All","England","All","All","Not main scheme application","10","10","0.917"
"2019","Higher tariff","All","Scotland","All","All","Not main scheme application","220","135","0.623"
"2020","Higher tariff","All","Scotland","All","All","Not main scheme application","285","160","0.554"
"2021","Higher tariff","All","Scotland","All","All","Not main scheme application","250","115","0.47000000000000003"
"2022","Higher tariff","All","Scotland","All","All","Not main scheme application","205","130","0.628"
"2023","Higher tariff","All","Scotland","All","All","Not main scheme application","190","140","0.73"
"2019","Medium tariff","All","Scotland","All","All","Not main scheme application","45","15","0.326"
"2020","Medium tariff","All","Scotland","All","All","Not main scheme application","70","20","0.319"
"2021","Medium tariff","All","Scotland","All","All","Not main scheme application","60","15","0.233"
"2022","Medium tariff","All","Scotland","All","All","Not main scheme application","50","25","0.49"
"2023","Medium tariff","All","Scotland","All","All","Not main scheme application","35","15","0.515"
"2022","Lower tariff","All","Wales","All","All","Not main scheme application","75","60","0.838"
"2023","Lower tariff","All","Wales","All","All","Not main scheme application","75","55","0.757"
"2022","Medium tariff","All","Wales","All","All","Not main scheme application","60","50","0.8"
"2023","Medium tariff","All","Wales","All","All","Not main scheme application","75","70","0.907"
"2020","Higher tariff","All","Not EU","All","All","Not main scheme application","5","0"," "
"2021","Higher tariff","All","Not EU","All","All","Not main scheme application","5","0"," "
"2022","Higher tariff","All","Not EU","All","All","Not main scheme application","5","0"," "
"2022","Medium tariff","All","Not EU","All","All","Not main scheme application","5","0"," "
"2019","Higher tariff","All","EU (excluding UK)","All","All","Not main scheme application","5","5"," "
"2020","Higher tariff","All","EU (excluding UK)","All","All","Not main scheme application","10","5"," "
"2021","Higher tariff","All","EU (excluding UK)","All","All","Not main scheme application","5","0"," "
"2022","Higher tariff","All","EU (excluding UK)","All","All","Not main scheme application","5","0"," "
"2023","Higher tariff","All","EU (excluding UK)","All","All","Not main scheme application","5","0"," "
"2020","Medium tariff","All","EU (excluding UK)","All","All","Not main scheme application","5","0"," "
"2022","Medium tariff","All","EU (excluding UK)","All","All","Not main scheme application","5","0"," "
"2022","Lower tariff","All","Northern Ireland","All","All","Main scheme application","10","5"," "
"2023","Lower tariff","All","Northern Ireland","All","All","Main scheme application","15","0"," "
"2019","Higher tariff","All","Northern Ireland","All","All","Main scheme application","90","20","0.247"
"2020","Higher tariff","All","Northern Ireland","All","All","Main scheme application","65","15","0.209"
"2021","Higher tariff","All","Northern Ireland","All","All","Main scheme application","95","25","0.255"
"2022","Higher tariff","All","Northern Ireland","All","All","Main scheme application","65","20","0.299"
"2023","Higher tariff","All","Northern Ireland","All","All","Main scheme application","45","10"," "
"2019","Medium tariff","All","Northern Ireland","All","All","Main scheme application","30","0"," "
"2020","Medium tariff","All","Northern Ireland","All","All","Main scheme application","25","0"," "
"2021","Medium tariff","All","Northern Ireland","All","All","Main scheme application","40","5"," "
"2022","Medium tariff","All","Northern Ireland","All","All","Main scheme application","35","5"," "
"2023","Medium tariff","All","Northern Ireland","All","All","Main scheme application","20","0"," "
"2019","Lower tariff","All","England","All","All","Main scheme application","40","20","0.47600000000000003"
"2020","Lower tariff","All","England","All","All","Main scheme application","50","20","0.375"
"2021","Lower tariff","All","England","All","All","Main scheme application","40","25","0.61"
"2022","Lower tariff","All","England","All","All","Main scheme application","110","40","0.366"
"2023","Lower tariff","All","England","All","All","Main scheme application","100","40","0.42"
"2019","Higher tariff","All","England","All","All","Main scheme application","95","25","0.28400000000000003"
"2020","Higher tariff","All","England","All","All","Main scheme application","85","35","0.419"
"2021","Higher tariff","All","England","All","All","Main scheme application","140","35","0.246"
"2022","Higher tariff","All","England","All","All","Main scheme application","95","20","0.221"
"2023","Higher tariff","All","England","All","All","Main scheme application","65","15","0.203"
"2019","Medium tariff","All","England","All","All","Main scheme application","40","5"," "
"2020","Medium tariff","All","England","All","All","Main scheme application","35","5"," "
"2021","Medium tariff","All","England","All","All","Main scheme application","50","0"," "
"2022","Medium tariff","All","England","All","All","Main scheme application","85","25","0.294"
"2023","Medium tariff","All","England","All","All","Main scheme application","75","25","0.299"
"2022","Lower tariff","All","Scotland","All","All","Main scheme application","10","0"," "
"2023","Lower tariff","All","Scotland","All","All","Main scheme application","10","0"," "
"2019","Higher tariff","All","Scotland","All","All","Main scheme application","4375","1860","0.426"
"2020","Higher tariff","All","Scotland","All","All","Main scheme application","4520","1990","0.441"
"2021","Higher tariff","All","Scotland","All","All","Main scheme application","5505","1930","0.35000000000000003"
"2022","Higher tariff","All","Scotland","All","All","Main scheme application","3875","1690","0.435"
"2023","Higher tariff","All","Scotland","All","All","Main scheme application","3085","1440","0.466"
"2019","Medium tariff","All","Scotland","All","All","Main scheme application","2610","370","0.14200000000000002"
"2020","Medium tariff","All","Scotland","All","All","Main scheme application","2740","405","0.148"
"2021","Medium tariff","All","Scotland","All","All","Main scheme application","3305","405","0.123"
"2022","Medium tariff","All","Scotland","All","All","Main scheme application","2350","340","0.145"
"2023","Medium tariff","All","Scotland","All","All","Main scheme application","1920","295","0.154"
"2020","Lower tariff","All","Wales","All","All","Main scheme application","5","0"," "
"2022","Lower tariff","All","Wales","All","All","Main scheme application","945","585","0.619"
"2023","Lower tariff","All","Wales","All","All","Main scheme application","825","490","0.596"
"2019","Higher tariff","All","Wales","All","All","Main scheme application","5","0"," "
"2020","Higher tariff","All","Wales","All","All","Main scheme application","10","0"," "
"2021","Higher tariff","All","Wales","All","All","Main scheme application","5","0"," "
"2022","Higher tariff","All","Wales","All","All","Main scheme application","10","0"," "
"2023","Higher tariff","All","Wales","All","All","Main scheme application","15","0"," "
"2019","Medium tariff","All","Wales","All","All","Main scheme application","5","0"," "
"2022","Medium tariff","All","Wales","All","All","Main scheme application","560","170","0.304"
"2023","Medium tariff","All","Wales","All","All","Main scheme application","535","180","0.337"
"2022","Lower tariff","All","Not EU","All","All","Main scheme application","35","5"," "
"2023","Lower tariff","All","Not EU","All","All","Main scheme application","25","0"," "
"2019","Higher tariff","All","Not EU","All","All","Main scheme application","65","20","0.333"
"2020","Higher tariff","All","Not EU","All","All","Main scheme application","70","20","0.264"
"2021","Higher tariff","All","Not EU","All","All","Main scheme application","70","15","0.2"
"2022","Higher tariff","All","Not EU","All","All","Main scheme application","90","20","0.213"
"2023","Higher tariff","All","Not EU","All","All","Main scheme application","80","15","0.2"
"2019","Medium tariff","All","Not EU","All","All","Main scheme application","25","0"," "
"2020","Medium tariff","All","Not EU","All","All","Main scheme application","25","0"," "
"2021","Medium tariff","All","Not EU","All","All","Main scheme application","25","0"," "
"2022","Medium tariff","All","Not EU","All","All","Main scheme application","65","5"," "
"2023","Medium tariff","All","Not EU","All","All","Main scheme application","50","10"," "
"2022","Lower tariff","All","EU (excluding UK)","All","All","Main scheme application","30","0"," "
"2023","Lower tariff","All","EU (excluding UK)","All","All","Main scheme application","15","5"," "
"2019","Higher tariff","All","EU (excluding UK)","All","All","Main scheme application","230","70","0.294"
"2020","Higher tariff","All","EU (excluding UK)","All","All","Main scheme application","265","100","0.378"
"2021","Higher tariff","All","EU (excluding UK)","All","All","Main scheme application","180","35","0.194"
"2022","Higher tariff","All","EU (excluding UK)","All","All","Main scheme application","105","20","0.171"
"2023","Higher tariff","All","EU (excluding UK)","All","All","Main scheme application","75","20","0.257"
"2019","Medium tariff","All","EU (excluding UK)","All","All","Main scheme application","95","15","0.158"
"2020","Medium tariff","All","EU (excluding UK)","All","All","Main scheme application","80","5"," "
"2021","Medium tariff","All","EU (excluding UK)","All","All","Main scheme application","60","5"," "
"2022","Medium tariff","All","EU (excluding UK)","All","All","Main scheme application","55","10"," "
"2023","Medium tariff","All","EU (excluding UK)","All","All","Main scheme application","45","5"," "
"2022","All","All","Northern Ireland","All","All","Not main scheme application","5","0"," "
"2023","All","All","Northern Ireland","All","All","Not main scheme application","5","5"," "
"2019","All","All","England","All","All","Not main scheme application","25","20","0.87"
"2020","All","All","England","All","All","Not main scheme application","40","35","0.902"
"2021","All","All","England","All","All","Not main scheme application","25","20","0.72"
"2022","All","All","England","All","All","Not main scheme application","30","20","0.733"
"2023","All","All","England","All","All","Not main scheme application","40","40","0.976"
"2019","All","All","Scotland","All","All","Not main scheme application","265","150","0.5710000000000001"
"2020","All","All","Scotland","All","All","Not main scheme application","355","180","0.508"
"2021","All","All","Scotland","All","All","Not main scheme application","310","130","0.424"
"2022","All","All","Scotland","All","All","Not main scheme application","255","155","0.602"
"2023","All","All","Scotland","All","All","Not main scheme application","225","155","0.6950000000000001"
"2022","All","All","Wales","All","All","Not main scheme application","135","110","0.8210000000000001"
"2023","All","All","Wales","All","All","Not main scheme application","150","125","0.8320000000000001"
"2020","All","All","Not EU","All","All","Not main scheme application","5","5"," "
"2021","All","All","Not EU","All","All","Not main scheme application","5","5"," "
"2022","All","All","Not EU","All","All","Not main scheme application","10","5"," "
"2023","All","All","Not EU","All","All","Not main scheme application","5","0"," "
"2019","All","All","EU (excluding UK)","All","All","Not main scheme application","5","5"," "
"2020","All","All","EU (excluding UK)","All","All","Not main scheme application","15","5"," "
"2021","All","All","EU (excluding UK)","All","All","Not main scheme application","5","0"," "
"2022","All","All","EU (excluding UK)","All","All","Not main scheme application","5","0"," "
"2023","All","All","EU (excluding UK)","All","All","Not main scheme application","5","0"," "
"2019","All","All","Northern Ireland","All","All","Main scheme application","90","20","0.244"
"2020","All","All","Northern Ireland","All","All","Main scheme application","70","15","0.203"
"2021","All","All","Northern Ireland","All","All","Main scheme application","95","30","0.302"
"2022","All","All","Northern Ireland","All","All","Main scheme application","70","25","0.377"
"2023","All","All","Northern Ireland","All","All","Main scheme application","50","10"," "
"2019","All","All","England","All","All","Main scheme application","140","50","0.355"
"2020","All","All","England","All","All","Main scheme application","135","60","0.445"
"2021","All","All","England","All","All","Main scheme application","185","60","0.333"
"2022","All","All","England","All","All","Main scheme application","225","85","0.387"
"2023","All","All","England","All","All","Main scheme application","190","80","0.40800000000000003"
"2019","All","All","Scotland","All","All","Main scheme application","4615","2230","0.484"
"2020","All","All","Scotland","All","All","Main scheme application","4815","2400","0.498"
"2021","All","All","Scotland","All","All","Main scheme application","5750","2335","0.406"
"2022","All","All","Scotland","All","All","Main scheme application","4045","2030","0.502"
"2023","All","All","Scotland","All","All","Main scheme application","3245","1735","0.534"
"2019","All","All","Wales","All","All","Main scheme application","5","0"," "
"2020","All","All","Wales","All","All","Main scheme application","15","0"," "
"2021","All","All","Wales","All","All","Main scheme application","5","0"," "
"2022","All","All","Wales","All","All","Main scheme application","1115","755","0.676"
"2023","All","All","Wales","All","All","Main scheme application","1000","675","0.675"
"2019","All","All","Not EU","All","All","Main scheme application","65","25","0.34800000000000003"
"2020","All","All","Not EU","All","All","Main scheme application","75","20","0.27"
"2021","All","All","Not EU","All","All","Main scheme application","75","15","0.189"
"2022","All","All","Not EU","All","All","Main scheme application","120","30","0.254"
"2023","All","All","Not EU","All","All","Main scheme application","110","25","0.234"
"2019","All","All","EU (excluding UK)","All","All","Main scheme application","235","85","0.356"
"2020","All","All","EU (excluding UK)","All","All","Main scheme application","270","105","0.394"
"2021","All","All","EU (excluding UK)","All","All","Main scheme application","180","40","0.209"
"2022","All","All","EU (excluding UK)","All","All","Main scheme application","115","30","0.254"
"2023","All","All","EU (excluding UK)","All","All","Main scheme application","85","25","0.306"
"2021","Higher tariff","18","All","All","All","Not main scheme application","5","0"," "
"2019","Lower tariff","21 - 24","All","All","All","Not main scheme application","5","5"," "
"2020","Lower tariff","21 - 24","All","All","All","Not main scheme application","5","5"," "
"2021","Lower tariff","21 - 24","All","All","All","Not main scheme application","5","0"," "
"2022","Lower tariff","21 - 24","All","All","All","Not main scheme application","45","40","0.809"
"2023","Lower tariff","21 - 24","All","All","All","Not main scheme application","55","40","0.774"
"2019","Higher tariff","21 - 24","All","All","All","Not main scheme application","80","45","0.59"
"2020","Higher tariff","21 - 24","All","All","All","Not main scheme application","110","45","0.423"
"2021","Higher tariff","21 - 24","All","All","All","Not main scheme application","105","45","0.429"
"2022","Higher tariff","21 - 24","All","All","All","Not main scheme application","85","55","0.631"
"2023","Higher tariff","21 - 24","All","All","All","Not main scheme application","70","45","0.648"
"2019","Medium tariff","21 - 24","All","All","All","Not main scheme application","20","5"," "
"2020","Medium tariff","21 - 24","All","All","All","Not main scheme application","20","5"," "
"2021","Medium tariff","21 - 24","All","All","All","Not main scheme application","30","10"," "
"2022","Medium tariff","21 - 24","All","All","All","Not main scheme application","55","35","0.679"
"2023","Medium tariff","21 - 24","All","All","All","Not main scheme application","65","55","0.857"
"2019","Lower tariff","25 - 29","All","All","All","Not main scheme application","5","5"," "
"2020","Lower tariff","25 - 29","All","All","All","Not main scheme application","15","10","0.769"
"2021","Lower tariff","25 - 29","All","All","All","Not main scheme application","5","5"," "
"2022","Lower tariff","25 - 29","All","All","All","Not main scheme application","25","20","0.875"
"2023","Lower tariff","25 - 29","All","All","All","Not main scheme application","25","20","0.846"
"2019","Higher tariff","25 - 29","All","All","All","Not main scheme application","75","50","0.662"
"2020","Higher tariff","25 - 29","All","All","All","Not main scheme application","100","65","0.653"
"2021","Higher tariff","25 - 29","All","All","All","Not main scheme application","85","35","0.398"
"2022","Higher tariff","25 - 29","All","All","All","Not main scheme application","55","35","0.661"
"2023","Higher tariff","25 - 29","All","All","All","Not main scheme application","50","40","0.837"
"2019","Medium tariff","25 - 29","All","All","All","Not main scheme application","10","5"," "
"2020","Medium tariff","25 - 29","All","All","All","Not main scheme application","25","10"," "
"2021","Medium tariff","25 - 29","All","All","All","Not main scheme application","15","0"," "
"2022","Medium tariff","25 - 29","All","All","All","Not main scheme application","35","20","0.588"
"2023","Medium tariff","25 - 29","All","All","All","Not main scheme application","25","20","0.6920000000000001"
"2020","Lower tariff","30 - 34","All","All","All","Not main scheme application","5","5"," "
"2021","Lower tariff","30 - 34","All","All","All","Not main scheme application","5","5"," "
"2022","Lower tariff","30 - 34","All","All","All","Not main scheme application","5","5"," "
"2023","Lower tariff","30 - 34","All","All","All","Not main scheme application","10","5"," "
"2019","Higher tariff","30 - 34","All","All","All","Not main scheme application","25","15","0.609"
"2020","Higher tariff","30 - 34","All","All","All","Not main scheme application","25","15","0.556"
"2021","Higher tariff","30 - 34","All","All","All","Not main scheme application","30","15","0.464"
"2022","Higher tariff","30 - 34","All","All","All","Not main scheme application","30","10","0.379"
"2023","Higher tariff","30 - 34","All","All","All","Not main scheme application","25","15","0.6960000000000001"
"2019","Medium tariff","30 - 34","All","All","All","Not main scheme application","5","0"," "
"2020","Medium tariff","30 - 34","All","All","All","Not main scheme application","10","5"," "
"2021","Medium tariff","30 - 34","All","All","All","Not main scheme application","10","5"," "
"2022","Medium tariff","30 - 34","All","All","All","Not main scheme application","10","10"," "
"2023","Medium tariff","30 - 34","All","All","All","Not main scheme application","15","10","0.923"
"2019","Lower tariff","35 and over","All","All","All","Not main scheme application","10","10"," "
"2020","Lower tariff","35 and over","All","All","All","Not main scheme application","10","10","0.917"
"2021","Lower tariff","35 and over","All","All","All","Not main scheme application","10","10"," "
"2022","Lower tariff","35 and over","All","All","All","Not main scheme application","20","15","0.8"
"2023","Lower tariff","35 and over","All","All","All","Not main scheme application","20","15","0.889"
"2019","Higher tariff","35 and over","All","All","All","Not main scheme application","60","35","0.603"
"2020","Higher tariff","35 and over","All","All","All","Not main scheme application","70","45","0.611"
"2021","Higher tariff","35 and over","All","All","All","Not main scheme application","40","30","0.6900000000000001"
"2022","Higher tariff","35 and over","All","All","All","Not main scheme application","50","30","0.667"
"2023","Higher tariff","35 and over","All","All","All","Not main scheme application","50","40","0.765"
"2019","Medium tariff","35 and over","All","All","All","Not main scheme application","15","5"," "
"2020","Medium tariff","35 and over","All","All","All","Not main scheme application","20","5"," "
"2021","Medium tariff","35 and over","All","All","All","Not main scheme application","10","0"," "
"2022","Medium tariff","35 and over","All","All","All","Not main scheme application","25","15","0.538"
"2023","Medium tariff","35 and over","All","All","All","Not main scheme application","20","15","0.682"
"2022","Higher tariff","17 and under","All","All","All","Main scheme application","5","0"," "
"2020","Lower tariff","18","All","All","All","Main scheme application","5","0"," "
"2022","Lower tariff","18","All","All","All","Main scheme application","10","0"," "
"2023","Lower tariff","18","All","All","All","Main scheme application","5","0"," "
"2019","Higher tariff","18","All","All","All","Main scheme application","15","0"," "
"2020","Higher tariff","18","All","All","All","Main scheme application","20","0"," "
"2021","Higher tariff","18","All","All","All","Main scheme application","20","0"," "
"2022","Higher tariff","18","All","All","All","Main scheme application","20","0"," "
"2023","Higher tariff","18","All","All","All","Main scheme application","20","0"," "
"2019","Medium tariff","18","All","All","All","Main scheme application","5","0"," "
"2020","Medium tariff","18","All","All","All","Main scheme application","10","0"," "
"2021","Medium tariff","18","All","All","All","Main scheme application","5","0"," "
"2022","Medium tariff","18","All","All","All","Main scheme application","20","0"," "
"2023","Medium tariff","18","All","All","All","Main scheme application","15","0"," "
"2023","Lower tariff","19","All","All","All","Main scheme application","5","0"," "
"2019","Higher tariff","19","All","All","All","Main scheme application","5","0"," "
"2020","Higher tariff","19","All","All","All","Main scheme application","5","0"," "
"2021","Higher tariff","19","All","All","All","Main scheme application","5","0"," "
"2022","Higher tariff","19","All","All","All","Main scheme application","10","0"," "
"2023","Higher tariff","19","All","All","All","Main scheme application","10","0"," "
"2019","Medium tariff","19","All","All","All","Main scheme application","5","0"," "
"2021","Medium tariff","19","All","All","All","Main scheme application","5","0"," "
"2022","Medium tariff","19","All","All","All","Main scheme application","5","0"," "
"2023","Medium tariff","19","All","All","All","Main scheme application","5","0"," "
"2023","Lower tariff","20","All","All","All","Main scheme application","5","0"," "
"2019","Higher tariff","20","All","All","All","Main scheme application","10","0"," "
"2020","Higher tariff","20","All","All","All","Main scheme application","10","0"," "
"2021","Higher tariff","20","All","All","All","Main scheme application","15","0"," "
"2022","Higher tariff","20","All","All","All","Main scheme application","10","0"," "
"2023","Higher tariff","20","All","All","All","Main scheme application","5","0"," "
"2020","Medium tariff","20","All","All","All","Main scheme application","5","0"," "
"2021","Medium tariff","20","All","All","All","Main scheme application","5","0"," "
"2022","Medium tariff","20","All","All","All","Main scheme application","5","0"," "
"2023","Medium tariff","20","All","All","All","Main scheme application","10","0"," "
"2019","Lower tariff","21 - 24","All","All","All","Main scheme application","15","10"," "
"2020","Lower tariff","21 - 24","All","All","All","Main scheme application","10","5"," "
"2021","Lower tariff","21 - 24","All","All","All","Main scheme application","10","5"," "
"2022","Lower tariff","21 - 24","All","All","All","Main scheme application","675","385","0.5660000000000001"
"2023","Lower tariff","21 - 24","All","All","All","Main scheme application","605","335","0.552"
"2019","Higher tariff","21 - 24","All","All","All","Main scheme application","1800","780","0.433"
"2020","Higher tariff","21 - 24","All","All","All","Main scheme application","1895","865","0.456"
"2021","Higher tariff","21 - 24","All","All","All","Main scheme application","2320","825","0.356"
"2022","Higher tariff","21 - 24","All","All","All","Main scheme application","1670","705","0.423"
"2023","Higher tariff","21 - 24","All","All","All","Main scheme application","1405","670","0.47500000000000003"
"2019","Medium tariff","21 - 24","All","All","All","Main scheme application","950","100","0.107"
"2020","Medium tariff","21 - 24","All","All","All","Main scheme application","1005","100","0.099"
"2021","Medium tariff","21 - 24","All","All","All","Main scheme application","1280","105","0.082"
"2022","Medium tariff","21 - 24","All","All","All","Main scheme application","1335","225","0.17"
"2023","Medium tariff","21 - 24","All","All","All","Main scheme application","1180","220","0.188"
"2019","Lower tariff","25 - 29","All","All","All","Main scheme application","5","0"," "
"2020","Lower tariff","25 - 29","All","All","All","Main scheme application","10","5"," "
"2021","Lower tariff","25 - 29","All","All","All","Main scheme application","15","5"," "
"2022","Lower tariff","25 - 29","All","All","All","Main scheme application","230","135","0.578"
"2023","Lower tariff","25 - 29","All","All","All","Main scheme application","210","125","0.595"
"2019","Higher tariff","25 - 29","All","All","All","Main scheme application","1395","610","0.439"
"2020","Higher tariff","25 - 29","All","All","All","Main scheme application","1410","620","0.438"
"2021","Higher tariff","25 - 29","All","All","All","Main scheme application","1760","625","0.354"
"2022","Higher tariff","25 - 29","All","All","All","Main scheme application","1210","525","0.432"
"2023","Higher tariff","25 - 29","All","All","All","Main scheme application","880","395","0.449"
"2019","Medium tariff","25 - 29","All","All","All","Main scheme application","855","120","0.14300000000000002"
"2020","Medium tariff","25 - 29","All","All","All","Main scheme application","835","120","0.14200000000000002"
"2021","Medium tariff","25 - 29","All","All","All","Main scheme application","1065","140","0.133"
"2022","Medium tariff","25 - 29","All","All","All","Main scheme application","875","140","0.158"
"2023","Medium tariff","25 - 29","All","All","All","Main scheme application","685","110","0.159"
"2019","Lower tariff","30 - 34","All","All","All","Main scheme application","10","5"," "
"2020","Lower tariff","30 - 34","All","All","All","Main scheme application","10","5"," "
"2021","Lower tariff","30 - 34","All","All","All","Main scheme application","5","0"," "
"2022","Lower tariff","30 - 34","All","All","All","Main scheme application","90","55","0.636"
"2023","Lower tariff","30 - 34","All","All","All","Main scheme application","80","45","0.543"
"2019","Higher tariff","30 - 34","All","All","All","Main scheme application","610","240","0.393"
"2020","Higher tariff","30 - 34","All","All","All","Main scheme application","640","280","0.441"
"2021","Higher tariff","30 - 34","All","All","All","Main scheme application","730","230","0.313"
"2022","Higher tariff","30 - 34","All","All","All","Main scheme application","525","225","0.428"
"2023","Higher tariff","30 - 34","All","All","All","Main scheme application","385","160","0.41300000000000003"
"2019","Medium tariff","30 - 34","All","All","All","Main scheme application","365","60","0.161"
"2020","Medium tariff","30 - 34","All","All","All","Main scheme application","390","70","0.17500000000000002"
"2021","Medium tariff","30 - 34","All","All","All","Main scheme application","425","65","0.15"
"2022","Medium tariff","30 - 34","All","All","All","Main scheme application","370","70","0.195"
"2023","Medium tariff","30 - 34","All","All","All","Main scheme application","300","60","0.20800000000000002"
"2019","Lower tariff","35 and over","All","All","All","Main scheme application","10","5"," "
"2020","Lower tariff","35 and over","All","All","All","Main scheme application","15","5"," "
"2021","Lower tariff","35 and over","All","All","All","Main scheme application","15","10","0.714"
"2022","Lower tariff","35 and over","All","All","All","Main scheme application","130","60","0.47300000000000003"
"2023","Lower tariff","35 and over","All","All","All","Main scheme application","85","35","0.419"
"2019","Higher tariff","35 and over","All","All","All","Main scheme application","1020","370","0.361"
"2020","Higher tariff","35 and over","All","All","All","Main scheme application","1035","395","0.384"
"2021","Higher tariff","35 and over","All","All","All","Main scheme application","1145","360","0.314"
"2022","Higher tariff","35 and over","All","All","All","Main scheme application","795","310","0.391"
"2023","Higher tariff","35 and over","All","All","All","Main scheme application","650","270","0.418"
"2019","Medium tariff","35 and over","All","All","All","Main scheme application","620","105","0.17300000000000001"
"2020","Medium tariff","35 and over","All","All","All","Main scheme application","655","130","0.202"
"2021","Medium tariff","35 and over","All","All","All","Main scheme application","690","105","0.154"
"2022","Medium tariff","35 and over","All","All","All","Main scheme application","535","120","0.222"
"2023","Medium tariff","35 and over","All","All","All","Main scheme application","460","120","0.257"
"2021","All","18","All","All","All","Not main scheme application","5","0"," "
"2019","All","21 - 24","All","All","All","Not main scheme application","100","55","0.55"
"2020","All","21 - 24","All","All","All","Not main scheme application","135","60","0.426"
"2021","All","21 - 24","All","All","All","Not main scheme application","140","55","0.388"
"2022","All","21 - 24","All","All","All","Not main scheme application","185","125","0.6900000000000001"
"2023","All","21 - 24","All","All","All","Not main scheme application","185","140","0.754"
"2019","All","25 - 29","All","All","All","Not main scheme application","90","55","0.626"
"2020","All","25 - 29","All","All","All","Not main scheme application","135","85","0.606"
"2021","All","25 - 29","All","All","All","Not main scheme application","100","40","0.38"
"2022","All","25 - 29","All","All","All","Not main scheme application","115","80","0.684"
"2023","All","25 - 29","All","All","All","Not main scheme application","100","80","0.802"
"2019","All","30 - 34","All","All","All","Not main scheme application","30","15","0.607"
"2020","All","30 - 34","All","All","All","Not main scheme application","45","25","0.5680000000000001"
"2021","All","30 - 34","All","All","All","Not main scheme application","40","20","0.5"
"2022","All","30 - 34","All","All","All","Not main scheme application","45","25","0.522"
"2023","All","30 - 34","All","All","All","Not main scheme application","45","35","0.778"
"2019","All","35 and over","All","All","All","Not main scheme application","80","50","0.613"
"2020","All","35 and over","All","All","All","Not main scheme application","105","60","0.592"
"2021","All","35 and over","All","All","All","Not main scheme application","60","40","0.65"
"2022","All","35 and over","All","All","All","Not main scheme application","95","60","0.66"
"2023","All","35 and over","All","All","All","Not main scheme application","90","70","0.769"
"2022","All","17 and under","All","All","All","Main scheme application","5","0"," "
"2019","All","18","All","All","All","Main scheme application","15","0"," "
"2020","All","18","All","All","All","Main scheme application","30","0"," "
"2021","All","18","All","All","All","Main scheme application","25","0"," "
"2022","All","18","All","All","All","Main scheme application","50","0"," "
"2023","All","18","All","All","All","Main scheme application","40","0"," "
"2019","All","19","All","All","All","Main scheme application","10","0"," "
"2020","All","19","All","All","All","Main scheme application","10","0"," "
"2021","All","19","All","All","All","Main scheme application","5","0"," "
"2022","All","19","All","All","All","Main scheme application","15","0"," "
"2023","All","19","All","All","All","Main scheme application","15","0"," "
"2019","All","20","All","All","All","Main scheme application","10","0"," "
"2020","All","20","All","All","All","Main scheme application","15","0"," "
"2021","All","20","All","All","All","Main scheme application","15","0"," "
"2022","All","20","All","All","All","Main scheme application","15","0"," "
"2023","All","20","All","All","All","Main scheme application","15","0"," "
"2019","All","21 - 24","All","All","All","Main scheme application","1845","890","0.482"
"2020","All","21 - 24","All","All","All","Main scheme application","1950","970","0.497"
"2021","All","21 - 24","All","All","All","Main scheme application","2380","940","0.394"
"2022","All","21 - 24","All","All","All","Main scheme application","2440","1315","0.54"
"2023","All","21 - 24","All","All","All","Main scheme application","2130","1225","0.5750000000000001"
"2019","All","25 - 29","All","All","All","Main scheme application","1460","735","0.503"
"2020","All","25 - 29","All","All","All","Main scheme application","1485","745","0.501"
"2021","All","25 - 29","All","All","All","Main scheme application","1810","770","0.426"
"2022","All","25 - 29","All","All","All","Main scheme application","1485","795","0.535"
"2023","All","25 - 29","All","All","All","Main scheme application","1145","630","0.548"
"2019","All","30 - 34","All","All","All","Main scheme application","670","305","0.453"
"2020","All","30 - 34","All","All","All","Main scheme application","700","355","0.507"
"2021","All","30 - 34","All","All","All","Main scheme application","775","295","0.382"
"2022","All","30 - 34","All","All","All","Main scheme application","655","355","0.538"
"2023","All","30 - 34","All","All","All","Main scheme application","500","265","0.53"
"2019","All","35 and over","All","All","All","Main scheme application","1140","480","0.423"
"2020","All","35 and over","All","All","All","Main scheme application","1190","535","0.449"
"2021","All","35 and over","All","All","All","Main scheme application","1285","475","0.371"
"2022","All","35 and over","All","All","All","Main scheme application","1025","490","0.47900000000000004"
"2023","All","35 and over","All","All","All","Main scheme application","830","425","0.511"
"2019","Lower tariff","All","All","All","All","Not main scheme application","20","20","1"
"2020","Lower tariff","All","All","All","All","Not main scheme application","35","30","0.865"
"2021","Lower tariff","All","All","All","All","Not main scheme application","20","15","0.85"
"2022","Lower tariff","All","All","All","All","Not main scheme application","95","80","0.8250000000000001"
"2023","Lower tariff","All","All","All","All","Not main scheme application","105","85","0.811"
"2019","Higher tariff","All","All","All","All","Not main scheme application","235","145","0.618"
"2020","Higher tariff","All","All","All","All","Not main scheme application","310","170","0.552"
"2021","Higher tariff","All","All","All","All","Not main scheme application","260","120","0.458"
"2022","Higher tariff","All","All","All","All","Not main scheme application","220","135","0.607"
"2023","Higher tariff","All","All","All","All","Not main scheme application","195","140","0.732"
"2019","Medium tariff","All","All","All","All","Not main scheme application","45","15","0.319"
"2020","Medium tariff","All","All","All","All","Not main scheme application","75","25","0.333"
"2021","Medium tariff","All","All","All","All","Not main scheme application","65","15","0.23800000000000002"
"2022","Medium tariff","All","All","All","All","Not main scheme application","125","80","0.629"
"2023","Medium tariff","All","All","All","All","Not main scheme application","125","100","0.798"
"2019","Lower tariff","All","All","All","All","Main scheme application","45","20","0.465"
"2020","Lower tariff","All","All","All","All","Main scheme application","55","20","0.34"
"2021","Lower tariff","All","All","All","All","Main scheme application","45","25","0.5680000000000001"
"2022","Lower tariff","All","All","All","All","Main scheme application","1140","635","0.557"
"2023","Lower tariff","All","All","All","All","Main scheme application","990","540","0.544"
"2019","Higher tariff","All","All","All","All","Main scheme application","4860","2000","0.41200000000000003"
"2020","Higher tariff","All","All","All","All","Main scheme application","5020","2165","0.431"
"2021","Higher tariff","All","All","All","All","Main scheme application","6000","2040","0.34"
"2022","Higher tariff","All","All","All","All","Main scheme application","4245","1765","0.41600000000000004"
"2023","Higher tariff","All","All","All","All","Main scheme application","3360","1495","0.445"
"2019","Medium tariff","All","All","All","All","Main scheme application","2800","390","0.139"
"2020","Medium tariff","All","All","All","All","Main scheme application","2900","420","0.14400000000000002"
"2021","Medium tariff","All","All","All","All","Main scheme application","3475","415","0.12"
"2022","Medium tariff","All","All","All","All","Main scheme application","3150","555","0.177"
"2023","Medium tariff","All","All","All","All","Main scheme application","2650","510","0.193"
"2019","All","All","All","All","All","Not main scheme application","300","180","0.595"
"2020","All","All","All","All","All","Not main scheme application","420","225","0.54"
"2021","All","All","All","All","All","Not main scheme application","345","150","0.441"
"2022","All","All","All","All","All","Not main scheme application","440","290","0.661"
"2023","All","All","All","All","All","Not main scheme application","425","325","0.771"
"2019","All","All","All","All","All","Main scheme application","5150","2410","0.468"
"2020","All","All","All","All","All","Main scheme application","5375","2600","0.484"
"2021","All","All","All","All","All","Main scheme application","6295","2480","0.394"
"2022","All","All","All","All","All","Main scheme application","5690","2955","0.52"
"2023","All","All","All","All","All","Main scheme application","4680","2545","0.544"
"2020","Lower tariff","21 - 24","England","Female","Not main scheme applicant","All","5","5"," "
"2022","Lower tariff","21 - 24","England","Female","Not main scheme applicant","All","5","5"," "
"2023","Medium tariff","21 - 24","England","Female","Not main scheme applicant","All","5","5"," "
"2019","Lower tariff","25 - 29","England","Female","Not main scheme applicant","All","5","5"," "
"2020","Lower tariff","25 - 29","England","Female","Not main scheme applicant","All","10","5"," "
"2021","Lower tariff","25 - 29","England","Female","Not main scheme applicant","All","5","5"," "
"2023","Lower tariff","25 - 29","England","Female","Not main scheme applicant","All","5","5"," "
"2020","Lower tariff","30 - 34","England","Female","Not main scheme applicant","All","5","5"," "
"2021","Lower tariff","30 - 34","England","Female","Not main scheme applicant","All","5","5"," "
"2019","Lower tariff","35 and over","England","Female","Not main scheme applicant","All","5","5"," "
"2020","Lower tariff","35 and over","England","Female","Not main scheme applicant","All","10","10"," "
"2021","Lower tariff","35 and over","England","Female","Not main scheme applicant","All","5","5"," "
"2022","Lower tariff","35 and over","England","Female","Not main scheme applicant","All","5","5"," "
"2023","Lower tariff","35 and over","England","Female","Not main scheme applicant","All","10","10"," "
"2019","Higher tariff","21 - 24","Scotland","Female","Not main scheme applicant","All","10","10"," "
"2020","Higher tariff","21 - 24","Scotland","Female","Not main scheme applicant","All","15","10","0.75"
"2021","Higher tariff","21 - 24","Scotland","Female","Not main scheme applicant","All","15","15","0.929"
"2022","Higher tariff","21 - 24","Scotland","Female","Not main scheme applicant","All","10","10"," "
"2023","Higher tariff","21 - 24","Scotland","Female","Not main scheme applicant","All","15","10","0.706"
"2020","Medium tariff","21 - 24","Scotland","Female","Not main scheme applicant","All","5","5"," "
"2019","Higher tariff","25 - 29","Scotland","Female","Not main scheme applicant","All","20","15","0.737"
"2020","Higher tariff","25 - 29","Scotland","Female","Not main scheme applicant","All","25","20","0.87"
"2021","Higher tariff","25 - 29","Scotland","Female","Not main scheme applicant","All","5","5"," "
"2022","Higher tariff","25 - 29","Scotland","Female","Not main scheme applicant","All","15","10","0.846"
"2023","Higher tariff","25 - 29","Scotland","Female","Not main scheme applicant","All","20","15","0.889"
"2020","Medium tariff","25 - 29","Scotland","Female","Not main scheme applicant","All","5","0"," "
"2022","Medium tariff","25 - 29","Scotland","Female","Not main scheme applicant","All","5","0"," "
"2019","Higher tariff","30 - 34","Scotland","Female","Not main scheme applicant","All","5","5"," "
"2020","Higher tariff","30 - 34","Scotland","Female","Not main scheme applicant","All","5","5"," "
"2022","Higher tariff","30 - 34","Scotland","Female","Not main scheme applicant","All","5","5"," "
"2023","Higher tariff","30 - 34","Scotland","Female","Not main scheme applicant","All","10","10"," "
"2020","Medium tariff","30 - 34","Scotland","Female","Not main scheme applicant","All","5","5"," "
"2022","Medium tariff","30 - 34","Scotland","Female","Not main scheme applicant","All","5","0"," "
"2019","Higher tariff","35 and over","Scotland","Female","Not main scheme applicant","All","15","5"," "
"2020","Higher tariff","35 and over","Scotland","Female","Not main scheme applicant","All","20","10","0.611"
"2021","Higher tariff","35 and over","Scotland","Female","Not main scheme applicant","All","10","10","0.833"
"2022","Higher tariff","35 and over","Scotland","Female","Not main scheme applicant","All","15","10","0.769"
"2023","Higher tariff","35 and over","Scotland","Female","Not main scheme applicant","All","15","10","0.8"
"2019","Medium tariff","35 and over","Scotland","Female","Not main scheme applicant","All","5","0"," "
"2020","Medium tariff","35 and over","Scotland","Female","Not main scheme applicant","All","5","0"," "
"2021","Medium tariff","35 and over","Scotland","Female","Not main scheme applicant","All","5","0"," "
"2022","Medium tariff","35 and over","Scotland","Female","Not main scheme applicant","All","5","0"," "
"2023","Medium tariff","35 and over","Scotland","Female","Not main scheme applicant","All","5","0"," "
"2022","Lower tariff","21 - 24","Wales","Female","Not main scheme applicant","All","15","10","0.786"
"2023","Lower tariff","21 - 24","Wales","Female","Not main scheme applicant","All","20","15","0.789"
"2022","Medium tariff","21 - 24","Wales","Female","Not main scheme applicant","All","15","10","0.8"
"2023","Medium tariff","21 - 24","Wales","Female","Not main scheme applicant","All","25","20","0.87"
"2022","Lower tariff","25 - 29","Wales","Female","Not main scheme applicant","All","10","10"," "
"2023","Lower tariff","25 - 29","Wales","Female","Not main scheme applicant","All","5","5"," "
"2022","Medium tariff","25 - 29","Wales","Female","Not main scheme applicant","All","15","10"," "
"2023","Medium tariff","25 - 29","Wales","Female","Not main scheme applicant","All","5","5"," "
"2023","Medium tariff","30 - 34","Wales","Female","Not main scheme applicant","All","5","5"," "
"2022","Lower tariff","35 and over","Wales","Female","Not main scheme applicant","All","10","5"," "
"2023","Lower tariff","35 and over","Wales","Female","Not main scheme applicant","All","5","0"," "
"2022","Medium tariff","35 and over","Wales","Female","Not main scheme applicant","All","5","5"," "
"2023","Medium tariff","35 and over","Wales","Female","Not main scheme applicant","All","5","5"," "
"2020","Lower tariff","21 - 24","England","Male","Not main scheme applicant","All","5","0"," "
"2022","Lower tariff","21 - 24","England","Male","Not main scheme applicant","All","5","5"," "
"2023","Lower tariff","21 - 24","England","Male","Not main scheme applicant","All","5","5"," "
"2023","Medium tariff","21 - 24","England","Male","Not main scheme applicant","All","5","5"," "
"2020","Lower tariff","25 - 29","England","Male","Not main scheme applicant","All","5","5"," "
"2022","Lower tariff","25 - 29","England","Male","Not main scheme applicant","All","5","5"," "
"2023","Lower tariff","25 - 29","England","Male","Not main scheme applicant","All","5","5"," "
"2021","Lower tariff","35 and over","England","Male","Not main scheme applicant","All","5","0"," "
"2019","Higher tariff","21 - 24","Scotland","Male","Not main scheme applicant","All","5","5"," "
"2020","Higher tariff","21 - 24","Scotland","Male","Not main scheme applicant","All","15","10","0.857"
"2021","Higher tariff","21 - 24","Scotland","Male","Not main scheme applicant","All","5","5"," "
"2022","Higher tariff","21 - 24","Scotland","Male","Not main scheme applicant","All","10","10"," "
"2023","Higher tariff","21 - 24","Scotland","Male","Not main scheme applicant","All","10","5"," "
"2019","Higher tariff","25 - 29","Scotland","Male","Not main scheme applicant","All","10","10"," "
"2020","Higher tariff","25 - 29","Scotland","Male","Not main scheme applicant","All","25","20","0.833"
"2021","Higher tariff","25 - 29","Scotland","Male","Not main scheme applicant","All","5","5"," "
"2022","Higher tariff","25 - 29","Scotland","Male","Not main scheme applicant","All","5","5"," "
"2023","Higher tariff","25 - 29","Scotland","Male","Not main scheme applicant","All","5","5"," "
"2020","Medium tariff","25 - 29","Scotland","Male","Not main scheme applicant","All","5","0"," "
"2020","Higher tariff","30 - 34","Scotland","Male","Not main scheme applicant","All","5","5"," "
"2022","Higher tariff","30 - 34","Scotland","Male","Not main scheme applicant","All","5","0"," "
"2023","Higher tariff","30 - 34","Scotland","Male","Not main scheme applicant","All","5","0"," "
"2019","Higher tariff","35 and over","Scotland","Male","Not main scheme applicant","All","5","5"," "
"2020","Higher tariff","35 and over","Scotland","Male","Not main scheme applicant","All","15","15","0.929"
"2021","Higher tariff","35 and over","Scotland","Male","Not main scheme applicant","All","5","5"," "
"2022","Higher tariff","35 and over","Scotland","Male","Not main scheme applicant","All","10","5"," "
"2023","Higher tariff","35 and over","Scotland","Male","Not main scheme applicant","All","15","15","0.9380000000000001"
"2020","Medium tariff","35 and over","Scotland","Male","Not main scheme applicant","All","5","0"," "
"2022","Lower tariff","21 - 24","Wales","Male","Not main scheme applicant","All","15","10","0.846"
"2023","Lower tariff","21 - 24","Wales","Male","Not main scheme applicant","All","15","10"," "
"2022","Medium tariff","21 - 24","Wales","Male","Not main scheme applicant","All","10","10"," "
"2023","Medium tariff","21 - 24","Wales","Male","Not main scheme applicant","All","15","15","1"
"2022","Lower tariff","25 - 29","Wales","Male","Not main scheme applicant","All","10","10"," "
"2023","Medium tariff","25 - 29","Wales","Male","Not main scheme applicant","All","10","5"," "
"2023","Medium tariff","30 - 34","Wales","Male","Not main scheme applicant","All","5","5"," "
"2022","Lower tariff","35 and over","Wales","Male","Not main scheme applicant","All","5","5"," "
"2023","Lower tariff","35 and over","Wales","Male","Not main scheme applicant","All","5","5"," "
"2023","Medium tariff","35 and over","Wales","Male","Not main scheme applicant","All","5","5"," "
"2023","Lower tariff","21 - 24","Northern Ireland","Female","Main scheme applicant","All","5","0"," "
"2019","Higher tariff","21 - 24","Northern Ireland","Female","Main scheme applicant","All","45","10"," "
"2020","Higher tariff","21 - 24","Northern Ireland","Female","Main scheme applicant","All","35","10"," "
"2021","Higher tariff","21 - 24","Northern Ireland","Female","Main scheme applicant","All","45","15","0.289"
"2022","Higher tariff","21 - 24","Northern Ireland","Female","Main scheme applicant","All","30","10"," "
"2023","Higher tariff","21 - 24","Northern Ireland","Female","Main scheme applicant","All","20","5"," "
"2019","Medium tariff","21 - 24","Northern Ireland","Female","Main scheme applicant","All","10","0"," "
"2020","Medium tariff","21 - 24","Northern Ireland","Female","Main scheme applicant","All","10","0"," "
"2021","Medium tariff","21 - 24","Northern Ireland","Female","Main scheme applicant","All","15","0"," "
"2022","Medium tariff","21 - 24","Northern Ireland","Female","Main scheme applicant","All","15","0"," "
"2023","Medium tariff","21 - 24","Northern Ireland","Female","Main scheme applicant","All","5","0"," "
"2022","Lower tariff","25 - 29","Northern Ireland","Female","Main scheme applicant","All","5","0"," "
"2019","Higher tariff","25 - 29","Northern Ireland","Female","Main scheme applicant","All","15","10"," "
"2020","Higher tariff","25 - 29","Northern Ireland","Female","Main scheme applicant","All","15","5"," "
"2021","Higher tariff","25 - 29","Northern Ireland","Female","Main scheme applicant","All","15","5"," "
"2022","Higher tariff","25 - 29","Northern Ireland","Female","Main scheme applicant","All","10","5"," "
"2023","Higher tariff","25 - 29","Northern Ireland","Female","Main scheme applicant","All","10","5"," "
"2019","Medium tariff","25 - 29","Northern Ireland","Female","Main scheme applicant","All","5","0"," "
"2020","Medium tariff","25 - 29","Northern Ireland","Female","Main scheme applicant","All","5","0"," "
"2021","Medium tariff","25 - 29","Northern Ireland","Female","Main scheme applicant","All","5","0"," "
"2022","Medium tariff","25 - 29","Northern Ireland","Female","Main scheme applicant","All","5","0"," "
"2023","Medium tariff","25 - 29","Northern Ireland","Female","Main scheme applicant","All","5","0"," "
"2021","Higher tariff","30 - 34","Northern Ireland","Female","Main scheme applicant","All","5","0"," "
"2022","Higher tariff","30 - 34","Northern Ireland","Female","Main scheme applicant","All","5","0"," "
"2019","Higher tariff","35 and over","Northern Ireland","Female","Main scheme applicant","All","5","0"," "
"2022","Lower tariff","18","England","Female","Main scheme applicant","All","5","0"," "
"2019","Lower tariff","21 - 24","England","Female","Main scheme applicant","All","10","5"," "
"2020","Lower tariff","21 - 24","England","Female","Main scheme applicant","All","10","5"," "
"2021","Lower tariff","21 - 24","England","Female","Main scheme applicant","All","10","5"," "
"2022","Lower tariff","21 - 24","England","Female","Main scheme applicant","All","60","25","0.435"
"2023","Lower tariff","21 - 24","England","Female","Main scheme applicant","All","55","20","0.396"
"2019","Higher tariff","21 - 24","England","Female","Main scheme applicant","All","40","20","0.45"
"2020","Higher tariff","21 - 24","England","Female","Main scheme applicant","All","25","10"," "
"2021","Higher tariff","21 - 24","England","Female","Main scheme applicant","All","55","15","0.263"
"2022","Higher tariff","21 - 24","England","Female","Main scheme applicant","All","30","10"," "
"2023","Higher tariff","21 - 24","England","Female","Main scheme applicant","All","25","5"," "
"2019","Medium tariff","21 - 24","England","Female","Main scheme applicant","All","15","0"," "
"2020","Medium tariff","21 - 24","England","Female","Main scheme applicant","All","10","0"," "
"2021","Medium tariff","21 - 24","England","Female","Main scheme applicant","All","15","0"," "
"2022","Medium tariff","21 - 24","England","Female","Main scheme applicant","All","35","15","0.432"
"2023","Medium tariff","21 - 24","England","Female","Main scheme applicant","All","40","15","0.359"
"2019","Lower tariff","25 - 29","England","Female","Main scheme applicant","All","5","0"," "
"2020","Lower tariff","25 - 29","England","Female","Main scheme applicant","All","10","5"," "
"2021","Lower tariff","25 - 29","England","Female","Main scheme applicant","All","10","5"," "
"2022","Lower tariff","25 - 29","England","Female","Main scheme applicant","All","5","0"," "
"2023","Lower tariff","25 - 29","England","Female","Main scheme applicant","All","5","5"," "
"2019","Higher tariff","25 - 29","England","Female","Main scheme applicant","All","10","0"," "
"2020","Higher tariff","25 - 29","England","Female","Main scheme applicant","All","15","10"," "
"2021","Higher tariff","25 - 29","England","Female","Main scheme applicant","All","30","10","0.367"
"2022","Higher tariff","25 - 29","England","Female","Main scheme applicant","All","20","5"," "
"2023","Higher tariff","25 - 29","England","Female","Main scheme applicant","All","10","0"," "
"2019","Medium tariff","25 - 29","England","Female","Main scheme applicant","All","5","0"," "
"2020","Medium tariff","25 - 29","England","Female","Main scheme applicant","All","10","0"," "
"2021","Medium tariff","25 - 29","England","Female","Main scheme applicant","All","15","0"," "
"2022","Medium tariff","25 - 29","England","Female","Main scheme applicant","All","10","0"," "
"2023","Medium tariff","25 - 29","England","Female","Main scheme applicant","All","5","0"," "
"2019","Lower tariff","30 - 34","England","Female","Main scheme applicant","All","5","0"," "
"2020","Lower tariff","30 - 34","England","Female","Main scheme applicant","All","10","0"," "
"2021","Lower tariff","30 - 34","England","Female","Main scheme applicant","All","5","0"," "
"2022","Lower tariff","30 - 34","England","Female","Main scheme applicant","All","5","0"," "
"2019","Higher tariff","30 - 34","England","Female","Main scheme applicant","All","5","0"," "
"2020","Higher tariff","30 - 34","England","Female","Main scheme applicant","All","5","5"," "
"2021","Higher tariff","30 - 34","England","Female","Main scheme applicant","All","10","0"," "
"2022","Higher tariff","30 - 34","England","Female","Main scheme applicant","All","10","0"," "
"2019","Medium tariff","30 - 34","England","Female","Main scheme applicant","All","5","0"," "
"2021","Medium tariff","30 - 34","England","Female","Main scheme applicant","All","5","0"," "
"2022","Medium tariff","30 - 34","England","Female","Main scheme applicant","All","5","0"," "
"2019","Lower tariff","35 and over","England","Female","Main scheme applicant","All","10","5"," "
"2020","Lower tariff","35 and over","England","Female","Main scheme applicant","All","15","5"," "
"2021","Lower tariff","35 and over","England","Female","Main scheme applicant","All","10","10"," "
"2022","Lower tariff","35 and over","England","Female","Main scheme applicant","All","5","5"," "
"2023","Lower tariff","35 and over","England","Female","Main scheme applicant","All","5","0"," "
"2019","Higher tariff","35 and over","England","Female","Main scheme applicant","All","5","0"," "
"2021","Higher tariff","35 and over","England","Female","Main scheme applicant","All","5","5"," "
"2022","Higher tariff","35 and over","England","Female","Main scheme applicant","All","5","0"," "
"2019","Medium tariff","35 and over","England","Female","Main scheme applicant","All","5","0"," "
"2021","Medium tariff","35 and over","England","Female","Main scheme applicant","All","5","0"," "
"2019","Higher tariff","18","Scotland","Female","Main scheme applicant","All","10","0"," "
"2020","Higher tariff","18","Scotland","Female","Main scheme applicant","All","15","0"," "
"2021","Higher tariff","18","Scotland","Female","Main scheme applicant","All","15","0"," "
"2022","Higher tariff","18","Scotland","Female","Main scheme applicant","All","15","0"," "
"2023","Higher tariff","18","Scotland","Female","Main scheme applicant","All","15","0"," "
"2019","Medium tariff","18","Scotland","Female","Main scheme applicant","All","5","0"," "
"2020","Medium tariff","18","Scotland","Female","Main scheme applicant","All","5","0"," "
"2021","Medium tariff","18","Scotland","Female","Main scheme applicant","All","5","0"," "
"2022","Medium tariff","18","Scotland","Female","Main scheme applicant","All","5","0"," "
"2023","Medium tariff","18","Scotland","Female","Main scheme applicant","All","5","0"," "
"2019","Higher tariff","19","Scotland","Female","Main scheme applicant","All","5","0"," "
"2021","Higher tariff","19","Scotland","Female","Main scheme applicant","All","5","0"," "
"2022","Higher tariff","19","Scotland","Female","Main scheme applicant","All","10","0"," "
"2023","Higher tariff","19","Scotland","Female","Main scheme applicant","All","5","0"," "
"2019","Medium tariff","19","Scotland","Female","Main scheme applicant","All","5","0"," "
"2021","Medium tariff","19","Scotland","Female","Main scheme applicant","All","5","0"," "
"2019","Higher tariff","20","Scotland","Female","Main scheme applicant","All","5","0"," "
"2020","Higher tariff","20","Scotland","Female","Main scheme applicant","All","5","0"," "
"2021","Higher tariff","20","Scotland","Female","Main scheme applicant","All","10","0"," "
"2022","Higher tariff","20","Scotland","Female","Main scheme applicant","All","5","0"," "
"2023","Higher tariff","20","Scotland","Female","Main scheme applicant","All","5","0"," "
"2021","Medium tariff","20","Scotland","Female","Main scheme applicant","All","5","0"," "
"2022","Medium tariff","20","Scotland","Female","Main scheme applicant","All","5","0"," "
"2022","Lower tariff","21 - 24","Scotland","Female","Main scheme applicant","All","5","0"," "
"2023","Lower tariff","21 - 24","Scotland","Female","Main scheme applicant","All","5","0"," "
"2019","Higher tariff","21 - 24","Scotland","Female","Main scheme applicant","All","1125","575","0.509"
"2020","Higher tariff","21 - 24","Scotland","Female","Main scheme applicant","All","1240","630","0.506"
"2021","Higher tariff","21 - 24","Scotland","Female","Main scheme applicant","All","1545","615","0.399"
"2022","Higher tariff","21 - 24","Scotland","Female","Main scheme applicant","All","1105","565","0.511"
"2023","Higher tariff","21 - 24","Scotland","Female","Main scheme applicant","All","950","520","0.546"
"2019","Medium tariff","21 - 24","Scotland","Female","Main scheme applicant","All","635","75","0.116"
"2020","Medium tariff","21 - 24","Scotland","Female","Main scheme applicant","All","720","80","0.11"
"2021","Medium tariff","21 - 24","Scotland","Female","Main scheme applicant","All","920","85","0.095"
"2022","Medium tariff","21 - 24","Scotland","Female","Main scheme applicant","All","645","75","0.117"
"2023","Medium tariff","21 - 24","Scotland","Female","Main scheme applicant","All","545","65","0.121"
"2023","Lower tariff","25 - 29","Scotland","Female","Main scheme applicant","All","5","0"," "
"2019","Higher tariff","25 - 29","Scotland","Female","Main scheme applicant","All","900","445","0.494"
"2020","Higher tariff","25 - 29","Scotland","Female","Main scheme applicant","All","850","410","0.485"
"2021","Higher tariff","25 - 29","Scotland","Female","Main scheme applicant","All","1115","440","0.396"
"2022","Higher tariff","25 - 29","Scotland","Female","Main scheme applicant","All","745","365","0.493"
"2023","Higher tariff","25 - 29","Scotland","Female","Main scheme applicant","All","530","265","0.5"
"2019","Medium tariff","25 - 29","Scotland","Female","Main scheme applicant","All","595","95","0.156"
"2020","Medium tariff","25 - 29","Scotland","Female","Main scheme applicant","All","560","85","0.152"
"2021","Medium tariff","25 - 29","Scotland","Female","Main scheme applicant","All","715","105","0.149"
"2022","Medium tariff","25 - 29","Scotland","Female","Main scheme applicant","All","480","75","0.158"
"2023","Medium tariff","25 - 29","Scotland","Female","Main scheme applicant","All","355","50","0.14"
"2019","Higher tariff","30 - 34","Scotland","Female","Main scheme applicant","All","375","150","0.399"
"2020","Higher tariff","30 - 34","Scotland","Female","Main scheme applicant","All","395","190","0.484"
"2021","Higher tariff","30 - 34","Scotland","Female","Main scheme applicant","All","455","140","0.309"
"2022","Higher tariff","30 - 34","Scotland","Female","Main scheme applicant","All","290","140","0.483"
"2023","Higher tariff","30 - 34","Scotland","Female","Main scheme applicant","All","235","120","0.502"
"2019","Medium tariff","30 - 34","Scotland","Female","Main scheme applicant","All","250","40","0.168"
"2020","Medium tariff","30 - 34","Scotland","Female","Main scheme applicant","All","260","50","0.195"
"2021","Medium tariff","30 - 34","Scotland","Female","Main scheme applicant","All","290","55","0.189"
"2022","Medium tariff","30 - 34","Scotland","Female","Main scheme applicant","All","190","35","0.181"
"2023","Medium tariff","30 - 34","Scotland","Female","Main scheme applicant","All","160","30","0.195"
"2019","Higher tariff","35 and over","Scotland","Female","Main scheme applicant","All","675","260","0.388"
"2020","Higher tariff","35 and over","Scotland","Female","Main scheme applicant","All","730","300","0.41300000000000003"
"2021","Higher tariff","35 and over","Scotland","Female","Main scheme applicant","All","785","275","0.34800000000000003"
"2022","Higher tariff","35 and over","Scotland","Female","Main scheme applicant","All","535","235","0.437"
"2023","Higher tariff","35 and over","Scotland","Female","Main scheme applicant","All","460","215","0.461"
"2019","Medium tariff","35 and over","Scotland","Female","Main scheme applicant","All","440","85","0.191"
"2020","Medium tariff","35 and over","Scotland","Female","Main scheme applicant","All","465","95","0.20800000000000002"
"2021","Medium tariff","35 and over","Scotland","Female","Main scheme applicant","All","490","70","0.146"
"2022","Medium tariff","35 and over","Scotland","Female","Main scheme applicant","All","340","80","0.232"
"2023","Medium tariff","35 and over","Scotland","Female","Main scheme applicant","All","280","75","0.262"
"2020","Lower tariff","18","Wales","Female","Main scheme applicant","All","5","0"," "
"2022","Medium tariff","18","Wales","Female","Main scheme applicant","All","10","0"," "
"2022","Lower tariff","21 - 24","Wales","Female","Main scheme applicant","All","420","270","0.648"
"2023","Lower tariff","21 - 24","Wales","Female","Main scheme applicant","All","375","225","0.596"
"2020","Higher tariff","21 - 24","Wales","Female","Main scheme applicant","All","5","0"," "
"2022","Higher tariff","21 - 24","Wales","Female","Main scheme applicant","All","5","0"," "
"2023","Higher tariff","21 - 24","Wales","Female","Main scheme applicant","All","5","0"," "
"2022","Medium tariff","21 - 24","Wales","Female","Main scheme applicant","All","255","90","0.361"
"2023","Medium tariff","21 - 24","Wales","Female","Main scheme applicant","All","260","90","0.34900000000000003"
"2022","Lower tariff","25 - 29","Wales","Female","Main scheme applicant","All","135","80","0.607"
"2023","Lower tariff","25 - 29","Wales","Female","Main scheme applicant","All","125","85","0.6910000000000001"
"2022","Higher tariff","25 - 29","Wales","Female","Main scheme applicant","All","5","0"," "
"2022","Medium tariff","25 - 29","Wales","Female","Main scheme applicant","All","80","20","0.28200000000000003"
"2023","Medium tariff","25 - 29","Wales","Female","Main scheme applicant","All","65","20","0.318"
"2022","Lower tariff","30 - 34","Wales","Female","Main scheme applicant","All","45","35","0.766"
"2023","Lower tariff","30 - 34","Wales","Female","Main scheme applicant","All","45","30","0.617"
"2022","Medium tariff","30 - 34","Wales","Female","Main scheme applicant","All","20","10","0.545"
"2023","Medium tariff","30 - 34","Wales","Female","Main scheme applicant","All","30","10"," "
"2022","Lower tariff","35 and over","Wales","Female","Main scheme applicant","All","75","40","0.533"
"2023","Lower tariff","35 and over","Wales","Female","Main scheme applicant","All","45","30","0.66"
"2022","Medium tariff","35 and over","Wales","Female","Main scheme applicant","All","30","10","0.333"
"2023","Medium tariff","35 and over","Wales","Female","Main scheme applicant","All","40","15","0.368"
"2022","Lower tariff","21 - 24","Not EU","Female","Main scheme applicant","All","5","0"," "
"2023","Lower tariff","21 - 24","Not EU","Female","Main scheme applicant","All","5","0"," "
"2019","Higher tariff","21 - 24","Not EU","Female","Main scheme applicant","All","15","5"," "
"2020","Higher tariff","21 - 24","Not EU","Female","Main scheme applicant","All","20","5"," "
"2021","Higher tariff","21 - 24","Not EU","Female","Main scheme applicant","All","15","0"," "
"2022","Higher tariff","21 - 24","Not EU","Female","Main scheme applicant","All","10","5"," "
"2023","Higher tariff","21 - 24","Not EU","Female","Main scheme applicant","All","20","5"," "
"2019","Medium tariff","21 - 24","Not EU","Female","Main scheme applicant","All","5","0"," "
"2020","Medium tariff","21 - 24","Not EU","Female","Main scheme applicant","All","5","0"," "
"2021","Medium tariff","21 - 24","Not EU","Female","Main scheme applicant","All","5","0"," "
"2022","Medium tariff","21 - 24","Not EU","Female","Main scheme applicant","All","10","0"," "
"2023","Medium tariff","21 - 24","Not EU","Female","Main scheme applicant","All","10","0"," "
"2022","Lower tariff","25 - 29","Not EU","Female","Main scheme applicant","All","5","0"," "
"2019","Higher tariff","25 - 29","Not EU","Female","Main scheme applicant","All","15","5"," "
"2020","Higher tariff","25 - 29","Not EU","Female","Main scheme applicant","All","15","5"," "
"2021","Higher tariff","25 - 29","Not EU","Female","Main scheme applicant","All","15","5"," "
"2022","Higher tariff","25 - 29","Not EU","Female","Main scheme applicant","All","15","5"," "
"2023","Higher tariff","25 - 29","Not EU","Female","Main scheme applicant","All","15","5"," "
"2019","Medium tariff","25 - 29","Not EU","Female","Main scheme applicant","All","10","0"," "
"2020","Medium tariff","25 - 29","Not EU","Female","Main scheme applicant","All","5","0"," "
"2021","Medium tariff","25 - 29","Not EU","Female","Main scheme applicant","All","5","0"," "
"2022","Medium tariff","25 - 29","Not EU","Female","Main scheme applicant","All","10","0"," "
"2023","Medium tariff","25 - 29","Not EU","Female","Main scheme applicant","All","10","0"," "
"2022","Lower tariff","30 - 34","Not EU","Female","Main scheme applicant","All","5","0"," "
"2023","Lower tariff","30 - 34","Not EU","Female","Main scheme applicant","All","5","0"," "
"2019","Higher tariff","30 - 34","Not EU","Female","Main scheme applicant","All","10","5"," "
"2020","Higher tariff","30 - 34","Not EU","Female","Main scheme applicant","All","10","0"," "
"2021","Higher tariff","30 - 34","Not EU","Female","Main scheme applicant","All","10","5"," "
"2022","Higher tariff","30 - 34","Not EU","Female","Main scheme applicant","All","10","0"," "
"2023","Higher tariff","30 - 34","Not EU","Female","Main scheme applicant","All","10","0"," "
"2019","Medium tariff","30 - 34","Not EU","Female","Main scheme applicant","All","5","0"," "
"2020","Medium tariff","30 - 34","Not EU","Female","Main scheme applicant","All","5","0"," "
"2021","Medium tariff","30 - 34","Not EU","Female","Main scheme applicant","All","5","0"," "
"2022","Medium tariff","30 - 34","Not EU","Female","Main scheme applicant","All","10","0"," "
"2023","Medium tariff","30 - 34","Not EU","Female","Main scheme applicant","All","10","5"," "
"2022","Lower tariff","35 and over","Not EU","Female","Main scheme applicant","All","5","0"," "
"2023","Lower tariff","35 and over","Not EU","Female","Main scheme applicant","All","5","0"," "
"2019","Higher tariff","35 and over","Not EU","Female","Main scheme applicant","All","10","0"," "
"2020","Higher tariff","35 and over","Not EU","Female","Main scheme applicant","All","5","0"," "
"2021","Higher tariff","35 and over","Not EU","Female","Main scheme applicant","All","10","0"," "
"2022","Higher tariff","35 and over","Not EU","Female","Main scheme applicant","All","15","5"," "
"2023","Higher tariff","35 and over","Not EU","Female","Main scheme applicant","All","10","0"," "
"2020","Medium tariff","35 and over","Not EU","Female","Main scheme applicant","All","5","0"," "
"2021","Medium tariff","35 and over","Not EU","Female","Main scheme applicant","All","5","0"," "
"2022","Medium tariff","35 and over","Not EU","Female","Main scheme applicant","All","10","0"," "
"2023","Medium tariff","35 and over","Not EU","Female","Main scheme applicant","All","10","5"," "
"2019","Higher tariff","20","EU (excluding UK)","Female","Main scheme applicant","All","5","0"," "
"2020","Higher tariff","20","EU (excluding UK)","Female","Main scheme applicant","All","5","0"," "
"2022","Lower tariff","21 - 24","EU (excluding UK)","Female","Main scheme applicant","All","15","0"," "
"2023","Lower tariff","21 - 24","EU (excluding UK)","Female","Main scheme applicant","All","10","0"," "
"2019","Higher tariff","21 - 24","EU (excluding UK)","Female","Main scheme applicant","All","95","30","0.302"
"2020","Higher tariff","21 - 24","EU (excluding UK)","Female","Main scheme applicant","All","115","50","0.435"
"2021","Higher tariff","21 - 24","EU (excluding UK)","Female","Main scheme applicant","All","85","15","0.19"
"2022","Higher tariff","21 - 24","EU (excluding UK)","Female","Main scheme applicant","All","35","5"," "
"2023","Higher tariff","21 - 24","EU (excluding UK)","Female","Main scheme applicant","All","35","10","0.314"
"2019","Medium tariff","21 - 24","EU (excluding UK)","Female","Main scheme applicant","All","40","5"," "
"2020","Medium tariff","21 - 24","EU (excluding UK)","Female","Main scheme applicant","All","25","0"," "
"2021","Medium tariff","21 - 24","EU (excluding UK)","Female","Main scheme applicant","All","20","0"," "
"2022","Medium tariff","21 - 24","EU (excluding UK)","Female","Main scheme applicant","All","15","5"," "
"2023","Medium tariff","21 - 24","EU (excluding UK)","Female","Main scheme applicant","All","15","0"," "
"2022","Lower tariff","25 - 29","EU (excluding UK)","Female","Main scheme applicant","All","5","0"," "
"2019","Higher tariff","25 - 29","EU (excluding UK)","Female","Main scheme applicant","All","40","15","0.317"
"2020","Higher tariff","25 - 29","EU (excluding UK)","Female","Main scheme applicant","All","60","20","0.355"
"2021","Higher tariff","25 - 29","EU (excluding UK)","Female","Main scheme applicant","All","40","10"," "
"2022","Higher tariff","25 - 29","EU (excluding UK)","Female","Main scheme applicant","All","30","10"," "
"2023","Higher tariff","25 - 29","EU (excluding UK)","Female","Main scheme applicant","All","15","5"," "
"2019","Medium tariff","25 - 29","EU (excluding UK)","Female","Main scheme applicant","All","15","5"," "
"2020","Medium tariff","25 - 29","EU (excluding UK)","Female","Main scheme applicant","All","20","0"," "
"2021","Medium tariff","25 - 29","EU (excluding UK)","Female","Main scheme applicant","All","20","0"," "
"2022","Medium tariff","25 - 29","EU (excluding UK)","Female","Main scheme applicant","All","15","0"," "
"2023","Medium tariff","25 - 29","EU (excluding UK)","Female","Main scheme applicant","All","10","0"," "
"2019","Higher tariff","30 - 34","EU (excluding UK)","Female","Main scheme applicant","All","20","10"," "
"2020","Higher tariff","30 - 34","EU (excluding UK)","Female","Main scheme applicant","All","15","5"," "
"2021","Higher tariff","30 - 34","EU (excluding UK)","Female","Main scheme applicant","All","10","5"," "
"2022","Higher tariff","30 - 34","EU (excluding UK)","Female","Main scheme applicant","All","5","0"," "
"2023","Higher tariff","30 - 34","EU (excluding UK)","Female","Main scheme applicant","All","5","0"," "
"2019","Medium tariff","30 - 34","EU (excluding UK)","Female","Main scheme applicant","All","5","0"," "
"2020","Medium tariff","30 - 34","EU (excluding UK)","Female","Main scheme applicant","All","5","0"," "
"2022","Medium tariff","30 - 34","EU (excluding UK)","Female","Main scheme applicant","All","5","0"," "
"2023","Medium tariff","30 - 34","EU (excluding UK)","Female","Main scheme applicant","All","5","0"," "
"2019","Higher tariff","35 and over","EU (excluding UK)","Female","Main scheme applicant","All","10","5"," "
"2020","Higher tariff","35 and over","EU (excluding UK)","Female","Main scheme applicant","All","10","0"," "
"2021","Higher tariff","35 and over","EU (excluding UK)","Female","Main scheme applicant","All","5","0"," "
"2022","Higher tariff","35 and over","EU (excluding UK)","Female","Main scheme applicant","All","5","0"," "
"2023","Higher tariff","35 and over","EU (excluding UK)","Female","Main scheme applicant","All","5","0"," "
"2019","Medium tariff","35 and over","EU (excluding UK)","Female","Main scheme applicant","All","5","0"," "
"2020","Medium tariff","35 and over","EU (excluding UK)","Female","Main scheme applicant","All","5","0"," "
"2022","Medium tariff","35 and over","EU (excluding UK)","Female","Main scheme applicant","All","5","0"," "
"2023","Medium tariff","35 and over","EU (excluding UK)","Female","Main scheme applicant","All","5","0"," "
"2022","Lower tariff","21 - 24","Northern Ireland","Male","Main scheme applicant","All","5","0"," "
"2019","Higher tariff","21 - 24","Northern Ireland","Male","Main scheme applicant","All","15","0"," "
"2020","Higher tariff","21 - 24","Northern Ireland","Male","Main scheme applicant","All","5","0"," "
"2021","Higher tariff","21 - 24","Northern Ireland","Male","Main scheme applicant","All","20","0"," "
"2022","Higher tariff","21 - 24","Northern Ireland","Male","Main scheme applicant","All","15","5"," "
"2023","Higher tariff","21 - 24","Northern Ireland","Male","Main scheme applicant","All","5","0"," "
"2019","Medium tariff","21 - 24","Northern Ireland","Male","Main scheme applicant","All","10","0"," "
"2021","Medium tariff","21 - 24","Northern Ireland","Male","Main scheme applicant","All","10","0"," "
"2022","Medium tariff","21 - 24","Northern Ireland","Male","Main scheme applicant","All","10","0"," "
"2019","Higher tariff","25 - 29","Northern Ireland","Male","Main scheme applicant","All","10","5"," "
"2020","Higher tariff","25 - 29","Northern Ireland","Male","Main scheme applicant","All","5","0"," "
"2021","Higher tariff","25 - 29","Northern Ireland","Male","Main scheme applicant","All","10","5"," "
"2022","Higher tariff","25 - 29","Northern Ireland","Male","Main scheme applicant","All","5","0"," "
"2019","Medium tariff","25 - 29","Northern Ireland","Male","Main scheme applicant","All","5","0"," "
"2020","Medium tariff","25 - 29","Northern Ireland","Male","Main scheme applicant","All","5","0"," "
"2020","Higher tariff","30 - 34","Northern Ireland","Male","Main scheme applicant","All","5","0"," "
"2023","Medium tariff","18","England","Male","Main scheme applicant","All","5","0"," "
"2019","Lower tariff","21 - 24","England","Male","Main scheme applicant","All","5","5"," "
"2021","Lower tariff","21 - 24","England","Male","Main scheme applicant","All","5","0"," "
"2022","Lower tariff","21 - 24","England","Male","Main scheme applicant","All","25","5"," "
"2023","Lower tariff","21 - 24","England","Male","Main scheme applicant","All","20","10","0.579"
"2019","Higher tariff","21 - 24","England","Male","Main scheme applicant","All","15","5"," "
"2020","Higher tariff","21 - 24","England","Male","Main scheme applicant","All","15","5"," "
"2021","Higher tariff","21 - 24","England","Male","Main scheme applicant","All","20","5"," "
"2022","Higher tariff","21 - 24","England","Male","Main scheme applicant","All","20","5"," "
"2023","Higher tariff","21 - 24","England","Male","Main scheme applicant","All","10","5"," "
"2019","Medium tariff","21 - 24","England","Male","Main scheme applicant","All","5","0"," "
"2020","Medium tariff","21 - 24","England","Male","Main scheme applicant","All","5","0"," "
"2021","Medium tariff","21 - 24","England","Male","Main scheme applicant","All","5","0"," "
"2022","Medium tariff","21 - 24","England","Male","Main scheme applicant","All","20","5"," "
"2023","Medium tariff","21 - 24","England","Male","Main scheme applicant","All","15","5"," "
"2021","Lower tariff","25 - 29","England","Male","Main scheme applicant","All","5","0"," "
"2023","Lower tariff","25 - 29","England","Male","Main scheme applicant","All","5","0"," "
"2019","Higher tariff","25 - 29","England","Male","Main scheme applicant","All","10","5"," "
"2020","Higher tariff","25 - 29","England","Male","Main scheme applicant","All","10","5"," "
"2021","Higher tariff","25 - 29","England","Male","Main scheme applicant","All","10","5"," "
"2022","Higher tariff","25 - 29","England","Male","Main scheme applicant","All","10","5"," "
"2023","Higher tariff","25 - 29","England","Male","Main scheme applicant","All","5","0"," "
"2019","Medium tariff","25 - 29","England","Male","Main scheme applicant","All","5","0"," "
"2020","Medium tariff","25 - 29","England","Male","Main scheme applicant","All","5","0"," "
"2021","Medium tariff","25 - 29","England","Male","Main scheme applicant","All","5","0"," "
"2022","Medium tariff","25 - 29","England","Male","Main scheme applicant","All","5","0"," "
"2023","Medium tariff","25 - 29","England","Male","Main scheme applicant","All","5","0"," "
"2019","Lower tariff","30 - 34","England","Male","Main scheme applicant","All","5","5"," "
"2022","Lower tariff","30 - 34","England","Male","Main scheme applicant","All","5","0"," "
"2023","Lower tariff","30 - 34","England","Male","Main scheme applicant","All","5","0"," "
"2020","Higher tariff","30 - 34","England","Male","Main scheme applicant","All","5","5"," "
"2021","Higher tariff","30 - 34","England","Male","Main scheme applicant","All","5","0"," "
"2023","Higher tariff","30 - 34","England","Male","Main scheme applicant","All","5","5"," "
"2022","Medium tariff","30 - 34","England","Male","Main scheme applicant","All","5","0"," "
"2023","Medium tariff","30 - 34","England","Male","Main scheme applicant","All","5","0"," "
"2023","Lower tariff","35 and over","England","Male","Main scheme applicant","All","5","0"," "
"2019","Higher tariff","35 and over","England","Male","Main scheme applicant","All","5","0"," "
"2020","Higher tariff","35 and over","England","Male","Main scheme applicant","All","5","0"," "
"2021","Higher tariff","35 and over","England","Male","Main scheme applicant","All","5","0"," "
"2021","Medium tariff","35 and over","England","Male","Main scheme applicant","All","5","0"," "
"2019","Higher tariff","18","Scotland","Male","Main scheme applicant","All","5","0"," "
"2021","Higher tariff","18","Scotland","Male","Main scheme applicant","All","5","0"," "
"2022","Higher tariff","18","Scotland","Male","Main scheme applicant","All","5","0"," "
"2023","Higher tariff","18","Scotland","Male","Main scheme applicant","All","5","0"," "
"2023","Medium tariff","20","Scotland","Male","Main scheme applicant","All","5","0"," "
"2019","Higher tariff","21 - 24","Scotland","Male","Main scheme applicant","All","420","165","0.393"
"2020","Higher tariff","21 - 24","Scotland","Male","Main scheme applicant","All","400","165","0.41400000000000003"
"2021","Higher tariff","21 - 24","Scotland","Male","Main scheme applicant","All","525","185","0.34900000000000003"
"2022","Higher tariff","21 - 24","Scotland","Male","Main scheme applicant","All","400","145","0.363"
"2023","Higher tariff","21 - 24","Scotland","Male","Main scheme applicant","All","320","145","0.45"
"2019","Medium tariff","21 - 24","Scotland","Male","Main scheme applicant","All","225","20","0.084"
"2020","Medium tariff","21 - 24","Scotland","Male","Main scheme applicant","All","225","20","0.089"
"2021","Medium tariff","21 - 24","Scotland","Male","Main scheme applicant","All","300","20","0.066"
"2022","Medium tariff","21 - 24","Scotland","Male","Main scheme applicant","All","235","20","0.076"
"2023","Medium tariff","21 - 24","Scotland","Male","Main scheme applicant","All","200","20","0.111"
"2023","Lower tariff","25 - 29","Scotland","Male","Main scheme applicant","All","5","0"," "
"2019","Higher tariff","25 - 29","Scotland","Male","Main scheme applicant","All","370","150","0.403"
"2020","Higher tariff","25 - 29","Scotland","Male","Main scheme applicant","All","415","175","0.423"
"2021","Higher tariff","25 - 29","Scotland","Male","Main scheme applicant","All","495","165","0.331"
"2022","Higher tariff","25 - 29","Scotland","Male","Main scheme applicant","All","355","145","0.406"
"2023","Higher tariff","25 - 29","Scotland","Male","Main scheme applicant","All","280","130","0.47000000000000003"
"2019","Medium tariff","25 - 29","Scotland","Male","Main scheme applicant","All","215","25","0.113"
"2020","Medium tariff","25 - 29","Scotland","Male","Main scheme applicant","All","230","30","0.14"
"2021","Medium tariff","25 - 29","Scotland","Male","Main scheme applicant","All","295","35","0.11800000000000001"
"2022","Medium tariff","25 - 29","Scotland","Male","Main scheme applicant","All","225","30","0.14200000000000002"
"2023","Medium tariff","25 - 29","Scotland","Male","Main scheme applicant","All","190","25","0.133"
"2019","Higher tariff","30 - 34","Scotland","Male","Main scheme applicant","All","185","80","0.43"
"2020","Higher tariff","30 - 34","Scotland","Male","Main scheme applicant","All","190","75","0.388"
"2021","Higher tariff","30 - 34","Scotland","Male","Main scheme applicant","All","230","90","0.386"
"2022","Higher tariff","30 - 34","Scotland","Male","Main scheme applicant","All","190","85","0.44"
"2023","Higher tariff","30 - 34","Scotland","Male","Main scheme applicant","All","120","40","0.342"
"2019","Medium tariff","30 - 34","Scotland","Male","Main scheme applicant","All","95","15","0.161"
"2020","Medium tariff","30 - 34","Scotland","Male","Main scheme applicant","All","105","15","0.14300000000000002"
"2021","Medium tariff","30 - 34","Scotland","Male","Main scheme applicant","All","120","10","0.085"
"2022","Medium tariff","30 - 34","Scotland","Male","Main scheme applicant","All","110","15","0.147"
"2023","Medium tariff","30 - 34","Scotland","Male","Main scheme applicant","All","80","20","0.228"
"2019","Higher tariff","35 and over","Scotland","Male","Main scheme applicant","All","305","125","0.405"
"2020","Higher tariff","35 and over","Scotland","Male","Main scheme applicant","All","275","110","0.39"
"2021","Higher tariff","35 and over","Scotland","Male","Main scheme applicant","All","320","95","0.292"
"2022","Higher tariff","35 and over","Scotland","Male","Main scheme applicant","All","225","85","0.372"
"2023","Higher tariff","35 and over","Scotland","Male","Main scheme applicant","All","160","65","0.41200000000000003"
"2019","Medium tariff","35 and over","Scotland","Male","Main scheme applicant","All","165","25","0.153"
"2020","Medium tariff","35 and over","Scotland","Male","Main scheme applicant","All","175","35","0.197"
"2021","Medium tariff","35 and over","Scotland","Male","Main scheme applicant","All","170","30","0.176"
"2022","Medium tariff","35 and over","Scotland","Male","Main scheme applicant","All","125","25","0.19"
"2023","Medium tariff","35 and over","Scotland","Male","Main scheme applicant","All","105","20","0.181"
"2022","Lower tariff","18","Wales","Male","Main scheme applicant","All","5","0"," "
"2022","Medium tariff","18","Wales","Male","Main scheme applicant","All","5","0"," "
"2023","Medium tariff","18","Wales","Male","Main scheme applicant","All","5","0"," "
"2022","Lower tariff","21 - 24","Wales","Male","Main scheme applicant","All","140","85","0.606"
"2023","Lower tariff","21 - 24","Wales","Male","Main scheme applicant","All","130","85","0.667"
"2022","Medium tariff","21 - 24","Wales","Male","Main scheme applicant","All","85","25","0.264"
"2023","Medium tariff","21 - 24","Wales","Male","Main scheme applicant","All","85","30","0.386"
"2022","Lower tariff","25 - 29","Wales","Male","Main scheme applicant","All","65","45","0.682"
"2023","Lower tariff","25 - 29","Wales","Male","Main scheme applicant","All","60","40","0.613"
"2020","Higher tariff","25 - 29","Wales","Male","Main scheme applicant","All","5","0"," "
"2022","Medium tariff","25 - 29","Wales","Male","Main scheme applicant","All","40","5"," "
"2023","Medium tariff","25 - 29","Wales","Male","Main scheme applicant","All","35","15","0.417"
"2022","Lower tariff","30 - 34","Wales","Male","Main scheme applicant","All","25","15","0.615"
"2023","Lower tariff","30 - 34","Wales","Male","Main scheme applicant","All","20","15","0.75"
"2022","Medium tariff","30 - 34","Wales","Male","Main scheme applicant","All","20","10"," "
"2023","Medium tariff","30 - 34","Wales","Male","Main scheme applicant","All","5","0"," "
"2022","Lower tariff","35 and over","Wales","Male","Main scheme applicant","All","30","20","0.655"
"2023","Lower tariff","35 and over","Wales","Male","Main scheme applicant","All","20","5"," "
"2022","Medium tariff","35 and over","Wales","Male","Main scheme applicant","All","15","5"," "
"2023","Medium tariff","35 and over","Wales","Male","Main scheme applicant","All","15","5"," "
"2020","Higher tariff","21 - 24","Not EU","Male","Main scheme applicant","All","5","0"," "
"2021","Higher tariff","21 - 24","Not EU","Male","Main scheme applicant","All","5","0"," "
"2022","Higher tariff","21 - 24","Not EU","Male","Main scheme applicant","All","5","0"," "
"2023","Higher tariff","21 - 24","Not EU","Male","Main scheme applicant","All","10","5"," "
"2022","Medium tariff","21 - 24","Not EU","Male","Main scheme applicant","All","5","0"," "
"2023","Medium tariff","21 - 24","Not EU","Male","Main scheme applicant","All","5","0"," "
"2022","Lower tariff","25 - 29","Not EU","Male","Main scheme applicant","All","5","0"," "
"2023","Lower tariff","25 - 29","Not EU","Male","Main scheme applicant","All","5","0"," "
"2020","Higher tariff","25 - 29","Not EU","Male","Main scheme applicant","All","5","0"," "
"2021","Higher tariff","25 - 29","Not EU","Male","Main scheme applicant","All","5","0"," "
"2022","Higher tariff","25 - 29","Not EU","Male","Main scheme applicant","All","15","5"," "
"2023","Higher tariff","25 - 29","Not EU","Male","Main scheme applicant","All","5","5"," "
"2020","Medium tariff","25 - 29","Not EU","Male","Main scheme applicant","All","5","0"," "
"2022","Medium tariff","25 - 29","Not EU","Male","Main scheme applicant","All","10","0"," "
"2022","Lower tariff","30 - 34","Not EU","Male","Main scheme applicant","All","5","0"," "
"2023","Lower tariff","30 - 34","Not EU","Male","Main scheme applicant","All","5","0"," "
"2019","Higher tariff","30 - 34","Not EU","Male","Main scheme applicant","All","5","0"," "
"2020","Higher tariff","30 - 34","Not EU","Male","Main scheme applicant","All","5","0"," "
"2022","Higher tariff","30 - 34","Not EU","Male","Main scheme applicant","All","10","0"," "
"2022","Medium tariff","30 - 34","Not EU","Male","Main scheme applicant","All","5","0"," "
"2023","Medium tariff","30 - 34","Not EU","Male","Main scheme applicant","All","5","0"," "
"2022","Lower tariff","35 and over","Not EU","Male","Main scheme applicant","All","5","0"," "
"2023","Lower tariff","35 and over","Not EU","Male","Main scheme applicant","All","5","0"," "
"2019","Higher tariff","35 and over","Not EU","Male","Main scheme applicant","All","10","0"," "
"2020","Higher tariff","35 and over","Not EU","Male","Main scheme applicant","All","5","0"," "
"2021","Higher tariff","35 and over","Not EU","Male","Main scheme applicant","All","10","0"," "
"2022","Higher tariff","35 and over","Not EU","Male","Main scheme applicant","All","10","0"," "
"2023","Higher tariff","35 and over","Not EU","Male","Main scheme applicant","All","5","0"," "
"2021","Medium tariff","35 and over","Not EU","Male","Main scheme applicant","All","5","0"," "
"2022","Medium tariff","35 and over","Not EU","Male","Main scheme applicant","All","10","5"," "
"2023","Medium tariff","35 and over","Not EU","Male","Main scheme applicant","All","5","0"," "
"2022","Lower tariff","21 - 24","EU (excluding UK)","Male","Main scheme applicant","All","5","0"," "
"2019","Higher tariff","21 - 24","EU (excluding UK)","Male","Main scheme applicant","All","30","5"," "
"2020","Higher tariff","21 - 24","EU (excluding UK)","Male","Main scheme applicant","All","30","10","0.357"
"2021","Higher tariff","21 - 24","EU (excluding UK)","Male","Main scheme applicant","All","10","0"," "
"2022","Higher tariff","21 - 24","EU (excluding UK)","Male","Main scheme applicant","All","15","0"," "
"2023","Higher tariff","21 - 24","EU (excluding UK)","Male","Main scheme applicant","All","5","0"," "
"2019","Medium tariff","21 - 24","EU (excluding UK)","Male","Main scheme applicant","All","10","0"," "
"2020","Medium tariff","21 - 24","EU (excluding UK)","Male","Main scheme applicant","All","5","0"," "
"2021","Medium tariff","21 - 24","EU (excluding UK)","Male","Main scheme applicant","All","5","0"," "
"2022","Medium tariff","21 - 24","EU (excluding UK)","Male","Main scheme applicant","All","10","5"," "
"2023","Medium tariff","21 - 24","EU (excluding UK)","Male","Main scheme applicant","All","5","0"," "
"2019","Higher tariff","25 - 29","EU (excluding UK)","Male","Main scheme applicant","All","15","5"," "
"2020","Higher tariff","25 - 29","EU (excluding UK)","Male","Main scheme applicant","All","15","5"," "
"2021","Higher tariff","25 - 29","EU (excluding UK)","Male","Main scheme applicant","All","15","5"," "
"2022","Higher tariff","25 - 29","EU (excluding UK)","Male","Main scheme applicant","All","5","0"," "
"2019","Medium tariff","25 - 29","EU (excluding UK)","Male","Main scheme applicant","All","5","0"," "
"2020","Medium tariff","25 - 29","EU (excluding UK)","Male","Main scheme applicant","All","5","0"," "
"2021","Medium tariff","25 - 29","EU (excluding UK)","Male","Main scheme applicant","All","5","0"," "
"2019","Higher tariff","30 - 34","EU (excluding UK)","Male","Main scheme applicant","All","10","5"," "
"2020","Higher tariff","30 - 34","EU (excluding UK)","Male","Main scheme applicant","All","15","5"," "
"2021","Higher tariff","30 - 34","EU (excluding UK)","Male","Main scheme applicant","All","5","0"," "
"2019","Medium tariff","30 - 34","EU (excluding UK)","Male","Main scheme applicant","All","10","0"," "
"2020","Medium tariff","30 - 34","EU (excluding UK)","Male","Main scheme applicant","All","5","0"," "
"2021","Medium tariff","30 - 34","EU (excluding UK)","Male","Main scheme applicant","All","5","0"," "
"2023","Medium tariff","30 - 34","EU (excluding UK)","Male","Main scheme applicant","All","5","0"," "
"2019","Higher tariff","35 and over","EU (excluding UK)","Male","Main scheme applicant","All","5","0"," "
"2020","Higher tariff","35 and over","EU (excluding UK)","Male","Main scheme applicant","All","5","0"," "
"2021","Higher tariff","35 and over","EU (excluding UK)","Male","Main scheme applicant","All","5","0"," "
"2022","Higher tariff","35 and over","EU (excluding UK)","Male","Main scheme applicant","All","5","0"," "
"2023","Higher tariff","35 and over","EU (excluding UK)","Male","Main scheme applicant","All","5","0"," "
"2019","Medium tariff","35 and over","EU (excluding UK)","Male","Main scheme applicant","All","5","0"," "
"2021","Medium tariff","35 and over","EU (excluding UK)","Male","Main scheme applicant","All","5","0"," "
"2023","Medium tariff","35 and over","EU (excluding UK)","Male","Main scheme applicant","All","5","0"," "
"2020","All","21 - 24","England","Female","Not main scheme applicant","All","5","5"," "
"2021","All","21 - 24","England","Female","Not main scheme applicant","All","5","0"," "
"2022","All","21 - 24","England","Female","Not main scheme applicant","All","10","5"," "
"2023","All","21 - 24","England","Female","Not main scheme applicant","All","5","5"," "
"2019","All","25 - 29","England","Female","Not main scheme applicant","All","5","5"," "
"2020","All","25 - 29","England","Female","Not main scheme applicant","All","10","5"," "
"2021","All","25 - 29","England","Female","Not main scheme applicant","All","5","5"," "
"2023","All","25 - 29","England","Female","Not main scheme applicant","All","5","5"," "
"2020","All","30 - 34","England","Female","Not main scheme applicant","All","5","5"," "
"2021","All","30 - 34","England","Female","Not main scheme applicant","All","5","5"," "
"2019","All","35 and over","England","Female","Not main scheme applicant","All","5","5"," "
"2020","All","35 and over","England","Female","Not main scheme applicant","All","10","10"," "
"2021","All","35 and over","England","Female","Not main scheme applicant","All","5","5"," "
"2022","All","35 and over","England","Female","Not main scheme applicant","All","5","5"," "
"2023","All","35 and over","England","Female","Not main scheme applicant","All","10","10"," "
"2019","All","21 - 24","Scotland","Female","Not main scheme applicant","All","15","10","0.769"
"2020","All","21 - 24","Scotland","Female","Not main scheme applicant","All","20","15","0.714"
"2021","All","21 - 24","Scotland","Female","Not main scheme applicant","All","15","15","0.8130000000000001"
"2022","All","21 - 24","Scotland","Female","Not main scheme applicant","All","10","10","0.833"
"2023","All","21 - 24","Scotland","Female","Not main scheme applicant","All","20","15","0.684"
"2019","All","25 - 29","Scotland","Female","Not main scheme applicant","All","20","15","0.737"
"2020","All","25 - 29","Scotland","Female","Not main scheme applicant","All","25","20","0.846"
"2021","All","25 - 29","Scotland","Female","Not main scheme applicant","All","10","5"," "
"2022","All","25 - 29","Scotland","Female","Not main scheme applicant","All","15","15","0.765"
"2023","All","25 - 29","Scotland","Female","Not main scheme applicant","All","20","15","0.889"
"2019","All","30 - 34","Scotland","Female","Not main scheme applicant","All","5","5"," "
"2020","All","30 - 34","Scotland","Female","Not main scheme applicant","All","10","5"," "
"2021","All","30 - 34","Scotland","Female","Not main scheme applicant","All","5","0"," "
"2022","All","30 - 34","Scotland","Female","Not main scheme applicant","All","10","5"," "
"2023","All","30 - 34","Scotland","Female","Not main scheme applicant","All","10","10","0.909"
"2019","All","35 and over","Scotland","Female","Not main scheme applicant","All","15","10"," "
"2020","All","35 and over","Scotland","Female","Not main scheme applicant","All","20","10","0.5710000000000001"
"2021","All","35 and over","Scotland","Female","Not main scheme applicant","All","15","10","0.733"
"2022","All","35 and over","Scotland","Female","Not main scheme applicant","All","15","10","0.706"
"2023","All","35 and over","Scotland","Female","Not main scheme applicant","All","20","15","0.7000000000000001"
"2022","All","21 - 24","Wales","Female","Not main scheme applicant","All","30","25","0.793"
"2023","All","21 - 24","Wales","Female","Not main scheme applicant","All","40","35","0.833"
"2022","All","25 - 29","Wales","Female","Not main scheme applicant","All","25","15","0.739"
"2023","All","25 - 29","Wales","Female","Not main scheme applicant","All","10","5"," "
"2022","All","30 - 34","Wales","Female","Not main scheme applicant","All","5","5"," "
"2023","All","30 - 34","Wales","Female","Not main scheme applicant","All","5","5"," "
"2022","All","35 and over","Wales","Female","Not main scheme applicant","All","15","10","0.786"
"2023","All","35 and over","Wales","Female","Not main scheme applicant","All","5","5"," "
"2022","All","25 - 29","Not EU","Female","Not main scheme applicant","All","5","0"," "
"2020","All","25 - 29","EU (excluding UK)","Female","Not main scheme applicant","All","5","0"," "
"2020","All","21 - 24","England","Male","Not main scheme applicant","All","5","5"," "
"2022","All","21 - 24","England","Male","Not main scheme applicant","All","5","5"," "
"2023","All","21 - 24","England","Male","Not main scheme applicant","All","10","10"," "
"2020","All","25 - 29","England","Male","Not main scheme applicant","All","5","5"," "
"2022","All","25 - 29","England","Male","Not main scheme applicant","All","5","5"," "
"2023","All","25 - 29","England","Male","Not main scheme applicant","All","5","5"," "
"2021","All","35 and over","England","Male","Not main scheme applicant","All","5","0"," "
"2019","All","21 - 24","Scotland","Male","Not main scheme applicant","All","10","10"," "
"2020","All","21 - 24","Scotland","Male","Not main scheme applicant","All","15","10","0.8"
"2021","All","21 - 24","Scotland","Male","Not main scheme applicant","All","5","5"," "
"2022","All","21 - 24","Scotland","Male","Not main scheme applicant","All","10","10","0.909"
"2023","All","21 - 24","Scotland","Male","Not main scheme applicant","All","10","5"," "
"2019","All","25 - 29","Scotland","Male","Not main scheme applicant","All","10","10","0.909"
"2020","All","25 - 29","Scotland","Male","Not main scheme applicant","All","25","20","0.8150000000000001"
"2021","All","25 - 29","Scotland","Male","Not main scheme applicant","All","5","5"," "
"2022","All","25 - 29","Scotland","Male","Not main scheme applicant","All","10","5"," "
"2023","All","25 - 29","Scotland","Male","Not main scheme applicant","All","10","5"," "
"2019","All","30 - 34","Scotland","Male","Not main scheme applicant","All","5","5"," "
"2020","All","30 - 34","Scotland","Male","Not main scheme applicant","All","5","5"," "
"2022","All","30 - 34","Scotland","Male","Not main scheme applicant","All","5","0"," "
"2023","All","30 - 34","Scotland","Male","Not main scheme applicant","All","5","0"," "
"2019","All","35 and over","Scotland","Male","Not main scheme applicant","All","10","5"," "
"2020","All","35 and over","Scotland","Male","Not main scheme applicant","All","20","15","0.789"
"2021","All","35 and over","Scotland","Male","Not main scheme applicant","All","5","5"," "
"2022","All","35 and over","Scotland","Male","Not main scheme applicant","All","15","10"," "
"2023","All","35 and over","Scotland","Male","Not main scheme applicant","All","20","15","0.9440000000000001"
"2022","All","21 - 24","Wales","Male","Not main scheme applicant","All","25","20","0.8260000000000001"
"2023","All","21 - 24","Wales","Male","Not main scheme applicant","All","25","20","0.846"
"2022","All","25 - 29","Wales","Male","Not main scheme applicant","All","10","10","0.909"
"2023","All","25 - 29","Wales","Male","Not main scheme applicant","All","10","5"," "
"2023","All","30 - 34","Wales","Male","Not main scheme applicant","All","5","5"," "
"2022","All","35 and over","Wales","Male","Not main scheme applicant","All","5","5"," "
"2023","All","35 and over","Wales","Male","Not main scheme applicant","All","10","10"," "
"2019","All","21 - 24","Northern Ireland","Female","Main scheme applicant","All","45","10"," "
"2020","All","21 - 24","Northern Ireland","Female","Main scheme applicant","All","35","10"," "
"2021","All","21 - 24","Northern Ireland","Female","Main scheme applicant","All","45","15","0.311"
"2022","All","21 - 24","Northern Ireland","Female","Main scheme applicant","All","30","10"," "
"2023","All","21 - 24","Northern Ireland","Female","Main scheme applicant","All","20","5"," "
"2019","All","25 - 29","Northern Ireland","Female","Main scheme applicant","All","15","10"," "
"2020","All","25 - 29","Northern Ireland","Female","Main scheme applicant","All","15","5"," "
"2021","All","25 - 29","Northern Ireland","Female","Main scheme applicant","All","15","5"," "
"2022","All","25 - 29","Northern Ireland","Female","Main scheme applicant","All","10","5"," "
"2023","All","25 - 29","Northern Ireland","Female","Main scheme applicant","All","10","5"," "
"2021","All","30 - 34","Northern Ireland","Female","Main scheme applicant","All","5","0"," "
"2022","All","30 - 34","Northern Ireland","Female","Main scheme applicant","All","5","0"," "
"2019","All","35 and over","Northern Ireland","Female","Main scheme applicant","All","5","0"," "
"2020","All","18","England","Female","Main scheme applicant","All","5","0"," "
"2022","All","18","England","Female","Main scheme applicant","All","5","0"," "
"2019","All","21 - 24","England","Female","Main scheme applicant","All","50","25","0.47100000000000003"
"2020","All","21 - 24","England","Female","Main scheme applicant","All","35","15","0.389"
"2021","All","21 - 24","England","Female","Main scheme applicant","All","65","20","0.318"
"2022","All","21 - 24","England","Female","Main scheme applicant","All","100","50","0.515"
"2023","All","21 - 24","England","Female","Main scheme applicant","All","95","40","0.41100000000000003"
"2019","All","25 - 29","England","Female","Main scheme applicant","All","20","5"," "
"2020","All","25 - 29","England","Female","Main scheme applicant","All","25","15","0.56"
"2021","All","25 - 29","England","Female","Main scheme applicant","All","40","15","0.385"
"2022","All","25 - 29","England","Female","Main scheme applicant","All","25","5"," "
"2023","All","25 - 29","England","Female","Main scheme applicant","All","15","10","0.588"
"2019","All","30 - 34","England","Female","Main scheme applicant","All","10","5"," "
"2020","All","30 - 34","England","Female","Main scheme applicant","All","10","5"," "
"2021","All","30 - 34","England","Female","Main scheme applicant","All","15","0"," "
"2022","All","30 - 34","England","Female","Main scheme applicant","All","10","5"," "
"2023","All","30 - 34","England","Female","Main scheme applicant","All","5","5"," "
"2019","All","35 and over","England","Female","Main scheme applicant","All","20","5"," "
"2020","All","35 and over","England","Female","Main scheme applicant","All","15","5"," "
"2021","All","35 and over","England","Female","Main scheme applicant","All","15","10","0.706"
"2022","All","35 and over","England","Female","Main scheme applicant","All","10","5"," "
"2023","All","35 and over","England","Female","Main scheme applicant","All","5","5"," "
"2019","All","18","Scotland","Female","Main scheme applicant","All","10","0"," "
"2020","All","18","Scotland","Female","Main scheme applicant","All","20","0"," "
"2021","All","18","Scotland","Female","Main scheme applicant","All","20","0"," "
"2022","All","18","Scotland","Female","Main scheme applicant","All","20","0"," "
"2023","All","18","Scotland","Female","Main scheme applicant","All","20","0"," "
"2019","All","19","Scotland","Female","Main scheme applicant","All","5","0"," "
"2021","All","19","Scotland","Female","Main scheme applicant","All","5","0"," "
"2022","All","19","Scotland","Female","Main scheme applicant","All","10","0"," "
"2023","All","19","Scotland","Female","Main scheme applicant","All","5","0"," "
"2019","All","20","Scotland","Female","Main scheme applicant","All","5","0"," "
"2020","All","20","Scotland","Female","Main scheme applicant","All","5","0"," "
"2021","All","20","Scotland","Female","Main scheme applicant","All","15","0"," "
"2022","All","20","Scotland","Female","Main scheme applicant","All","5","0"," "
"2023","All","20","Scotland","Female","Main scheme applicant","All","5","0"," "
"2019","All","21 - 24","Scotland","Female","Main scheme applicant","All","1145","645","0.5660000000000001"
"2020","All","21 - 24","Scotland","Female","Main scheme applicant","All","1270","705","0.556"
"2021","All","21 - 24","Scotland","Female","Main scheme applicant","All","1580","705","0.446"
"2022","All","21 - 24","Scotland","Female","Main scheme applicant","All","1125","640","0.5680000000000001"
"2023","All","21 - 24","Scotland","Female","Main scheme applicant","All","965","585","0.607"
"2019","All","25 - 29","Scotland","Female","Main scheme applicant","All","950","535","0.5650000000000001"
"2020","All","25 - 29","Scotland","Female","Main scheme applicant","All","895","495","0.555"
"2021","All","25 - 29","Scotland","Female","Main scheme applicant","All","1145","550","0.47900000000000004"
"2022","All","25 - 29","Scotland","Female","Main scheme applicant","All","770","445","0.577"
"2023","All","25 - 29","Scotland","Female","Main scheme applicant","All","550","315","0.5720000000000001"
"2019","All","30 - 34","Scotland","Female","Main scheme applicant","All","410","190","0.465"
"2020","All","30 - 34","Scotland","Female","Main scheme applicant","All","435","245","0.561"
"2021","All","30 - 34","Scotland","Female","Main scheme applicant","All","485","195","0.405"
"2022","All","30 - 34","Scotland","Female","Main scheme applicant","All","310","175","0.5650000000000001"
"2023","All","30 - 34","Scotland","Female","Main scheme applicant","All","255","150","0.591"
"2019","All","35 and over","Scotland","Female","Main scheme applicant","All","760","345","0.455"
"2020","All","35 and over","Scotland","Female","Main scheme applicant","All","835","400","0.47800000000000004"
"2021","All","35 and over","Scotland","Female","Main scheme applicant","All","875","345","0.393"
"2022","All","35 and over","Scotland","Female","Main scheme applicant","All","595","315","0.524"
"2023","All","35 and over","Scotland","Female","Main scheme applicant","All","515","285","0.558"
"2020","All","18","Wales","Female","Main scheme applicant","All","5","0"," "
"2022","All","18","Wales","Female","Main scheme applicant","All","15","0"," "
"2020","All","21 - 24","Wales","Female","Main scheme applicant","All","5","0"," "
"2022","All","21 - 24","Wales","Female","Main scheme applicant","All","485","365","0.749"
"2023","All","21 - 24","Wales","Female","Main scheme applicant","All","445","315","0.712"
"2022","All","25 - 29","Wales","Female","Main scheme applicant","All","160","105","0.654"
"2023","All","25 - 29","Wales","Female","Main scheme applicant","All","145","105","0.741"
"2022","All","30 - 34","Wales","Female","Main scheme applicant","All","60","50","0.8"
"2023","All","30 - 34","Wales","Female","Main scheme applicant","All","55","35","0.649"
"2022","All","35 and over","Wales","Female","Main scheme applicant","All","90","50","0.556"
"2023","All","35 and over","Wales","Female","Main scheme applicant","All","65","45","0.682"
"2019","All","21 - 24","Not EU","Female","Main scheme applicant","All","15","5"," "
"2020","All","21 - 24","Not EU","Female","Main scheme applicant","All","25","5"," "
"2021","All","21 - 24","Not EU","Female","Main scheme applicant","All","15","0"," "
"2022","All","21 - 24","Not EU","Female","Main scheme applicant","All","15","5"," "
"2023","All","21 - 24","Not EU","Female","Main scheme applicant","All","20","5"," "
"2019","All","25 - 29","Not EU","Female","Main scheme applicant","All","15","5"," "
"2020","All","25 - 29","Not EU","Female","Main scheme applicant","All","15","5"," "
"2021","All","25 - 29","Not EU","Female","Main scheme applicant","All","15","5"," "
"2022","All","25 - 29","Not EU","Female","Main scheme applicant","All","20","5"," "
"2023","All","25 - 29","Not EU","Female","Main scheme applicant","All","20","5"," "
"2019","All","30 - 34","Not EU","Female","Main scheme applicant","All","10","5"," "
"2020","All","30 - 34","Not EU","Female","Main scheme applicant","All","10","0"," "
"2021","All","30 - 34","Not EU","Female","Main scheme applicant","All","10","5"," "
"2022","All","30 - 34","Not EU","Female","Main scheme applicant","All","15","5"," "
"2023","All","30 - 34","Not EU","Female","Main scheme applicant","All","15","5"," "
"2019","All","35 and over","Not EU","Female","Main scheme applicant","All","10","0"," "
"2020","All","35 and over","Not EU","Female","Main scheme applicant","All","5","0"," "
"2021","All","35 and over","Not EU","Female","Main scheme applicant","All","10","0"," "
"2022","All","35 and over","Not EU","Female","Main scheme applicant","All","20","5"," "
"2023","All","35 and over","Not EU","Female","Main scheme applicant","All","15","5"," "
"2019","All","20","EU (excluding UK)","Female","Main scheme applicant","All","5","0"," "
"2020","All","20","EU (excluding UK)","Female","Main scheme applicant","All","5","0"," "
"2019","All","21 - 24","EU (excluding UK)","Female","Main scheme applicant","All","95","35","0.375"
"2020","All","21 - 24","EU (excluding UK)","Female","Main scheme applicant","All","115","50","0.443"
"2021","All","21 - 24","EU (excluding UK)","Female","Main scheme applicant","All","85","15","0.202"
"2022","All","21 - 24","EU (excluding UK)","Female","Main scheme applicant","All","40","5"," "
"2023","All","21 - 24","EU (excluding UK)","Female","Main scheme applicant","All","40","15","0.366"
"2019","All","25 - 29","EU (excluding UK)","Female","Main scheme applicant","All","40","15","0.381"
"2020","All","25 - 29","EU (excluding UK)","Female","Main scheme applicant","All","60","25","0.387"
"2021","All","25 - 29","EU (excluding UK)","Female","Main scheme applicant","All","45","10"," "
"2022","All","25 - 29","EU (excluding UK)","Female","Main scheme applicant","All","30","10","0.387"
"2023","All","25 - 29","EU (excluding UK)","Female","Main scheme applicant","All","15","5"," "
"2019","All","30 - 34","EU (excluding UK)","Female","Main scheme applicant","All","20","10"," "
"2020","All","30 - 34","EU (excluding UK)","Female","Main scheme applicant","All","15","5"," "
"2021","All","30 - 34","EU (excluding UK)","Female","Main scheme applicant","All","10","5"," "
"2022","All","30 - 34","EU (excluding UK)","Female","Main scheme applicant","All","5","0"," "
"2023","All","30 - 34","EU (excluding UK)","Female","Main scheme applicant","All","5","0"," "
"2019","All","35 and over","EU (excluding UK)","Female","Main scheme applicant","All","10","5"," "
"2020","All","35 and over","EU (excluding UK)","Female","Main scheme applicant","All","10","0"," "
"2021","All","35 and over","EU (excluding UK)","Female","Main scheme applicant","All","5","0"," "
"2022","All","35 and over","EU (excluding UK)","Female","Main scheme applicant","All","5","0"," "
"2023","All","35 and over","EU (excluding UK)","Female","Main scheme applicant","All","5","0"," "
"2019","All","21 - 24","Northern Ireland","Male","Main scheme applicant","All","15","0"," "
"2020","All","21 - 24","Northern Ireland","Male","Main scheme applicant","All","10","0"," "
"2021","All","21 - 24","Northern Ireland","Male","Main scheme applicant","All","20","0"," "
"2022","All","21 - 24","Northern Ireland","Male","Main scheme applicant","All","15","5"," "
"2023","All","21 - 24","Northern Ireland","Male","Main scheme applicant","All","5","0"," "
"2019","All","25 - 29","Northern Ireland","Male","Main scheme applicant","All","10","5"," "
"2020","All","25 - 29","Northern Ireland","Male","Main scheme applicant","All","5","0"," "
"2021","All","25 - 29","Northern Ireland","Male","Main scheme applicant","All","10","5"," "
"2022","All","25 - 29","Northern Ireland","Male","Main scheme applicant","All","5","0"," "
"2023","All","25 - 29","Northern Ireland","Male","Main scheme applicant","All","5","0"," "
"2020","All","30 - 34","Northern Ireland","Male","Main scheme applicant","All","5","0"," "
"2023","All","18","England","Male","Main scheme applicant","All","5","0"," "
"2019","All","21 - 24","England","Male","Main scheme applicant","All","20","5"," "
"2020","All","21 - 24","England","Male","Main scheme applicant","All","15","5"," "
"2021","All","21 - 24","England","Male","Main scheme applicant","All","20","5"," "
"2022","All","21 - 24","England","Male","Main scheme applicant","All","45","15","0.318"
"2023","All","21 - 24","England","Male","Main scheme applicant","All","35","20","0.541"
"2019","All","25 - 29","England","Male","Main scheme applicant","All","10","5"," "
"2020","All","25 - 29","England","Male","Main scheme applicant","All","10","5"," "
"2021","All","25 - 29","England","Male","Main scheme applicant","All","15","5"," "
"2022","All","25 - 29","England","Male","Main scheme applicant","All","10","5"," "
"2023","All","25 - 29","England","Male","Main scheme applicant","All","10","0"," "
"2019","All","30 - 34","England","Male","Main scheme applicant","All","5","5"," "
"2020","All","30 - 34","England","Male","Main scheme applicant","All","10","10"," "
"2021","All","30 - 34","England","Male","Main scheme applicant","All","5","0"," "
"2022","All","30 - 34","England","Male","Main scheme applicant","All","5","5"," "
"2023","All","30 - 34","England","Male","Main scheme applicant","All","5","5"," "
"2019","All","35 and over","England","Male","Main scheme applicant","All","5","0"," "
"2020","All","35 and over","England","Male","Main scheme applicant","All","5","0"," "
"2021","All","35 and over","England","Male","Main scheme applicant","All","5","5"," "
"2022","All","35 and over","England","Male","Main scheme applicant","All","5","0"," "
"2023","All","35 and over","England","Male","Main scheme applicant","All","5","0"," "
"2019","All","18","Scotland","Male","Main scheme applicant","All","5","0"," "
"2020","All","18","Scotland","Male","Main scheme applicant","All","5","0"," "
"2021","All","18","Scotland","Male","Main scheme applicant","All","5","0"," "
"2022","All","18","Scotland","Male","Main scheme applicant","All","5","0"," "
"2023","All","18","Scotland","Male","Main scheme applicant","All","5","0"," "
"2021","All","20","Scotland","Male","Main scheme applicant","All","5","0"," "
"2022","All","20","Scotland","Male","Main scheme applicant","All","5","0"," "
"2023","All","20","Scotland","Male","Main scheme applicant","All","5","0"," "
"2019","All","21 - 24","Scotland","Male","Main scheme applicant","All","430","185","0.429"
"2020","All","21 - 24","Scotland","Male","Main scheme applicant","All","410","185","0.451"
"2021","All","21 - 24","Scotland","Male","Main scheme applicant","All","535","205","0.381"
"2022","All","21 - 24","Scotland","Male","Main scheme applicant","All","405","165","0.403"
"2023","All","21 - 24","Scotland","Male","Main scheme applicant","All","325","165","0.508"
"2019","All","25 - 29","Scotland","Male","Main scheme applicant","All","375","175","0.459"
"2020","All","25 - 29","Scotland","Male","Main scheme applicant","All","430","205","0.483"
"2021","All","25 - 29","Scotland","Male","Main scheme applicant","All","505","200","0.393"
"2022","All","25 - 29","Scotland","Male","Main scheme applicant","All","360","175","0.486"
"2023","All","25 - 29","Scotland","Male","Main scheme applicant","All","290","155","0.541"
"2019","All","30 - 34","Scotland","Male","Main scheme applicant","All","195","95","0.487"
"2020","All","30 - 34","Scotland","Male","Main scheme applicant","All","195","90","0.447"
"2021","All","30 - 34","Scotland","Male","Main scheme applicant","All","235","100","0.41500000000000004"
"2022","All","30 - 34","Scotland","Male","Main scheme applicant","All","200","100","0.505"
"2023","All","30 - 34","Scotland","Male","Main scheme applicant","All","130","60","0.454"
"2019","All","35 and over","Scotland","Male","Main scheme applicant","All","325","150","0.458"
"2020","All","35 and over","Scotland","Male","Main scheme applicant","All","310","140","0.455"
"2021","All","35 and over","Scotland","Male","Main scheme applicant","All","350","125","0.354"
"2022","All","35 and over","Scotland","Male","Main scheme applicant","All","245","105","0.439"
"2023","All","35 and over","Scotland","Male","Main scheme applicant","All","180","85","0.47800000000000004"
"2022","All","18","Wales","Male","Main scheme applicant","All","5","0"," "
"2023","All","18","Wales","Male","Main scheme applicant","All","5","0"," "
"2023","All","20","Wales","Male","Main scheme applicant","All","5","0"," "
"2022","All","21 - 24","Wales","Male","Main scheme applicant","All","160","110","0.681"
"2023","All","21 - 24","Wales","Male","Main scheme applicant","All","160","120","0.747"
"2020","All","25 - 29","Wales","Male","Main scheme applicant","All","5","0"," "
"2022","All","25 - 29","Wales","Male","Main scheme applicant","All","70","50","0.722"
"2023","All","25 - 29","Wales","Male","Main scheme applicant","All","75","55","0.707"
"2022","All","30 - 34","Wales","Male","Main scheme applicant","All","35","25","0.727"
"2023","All","30 - 34","Wales","Male","Main scheme applicant","All","20","15","0.81"
"2022","All","35 and over","Wales","Male","Main scheme applicant","All","35","25","0.676"
"2023","All","35 and over","Wales","Male","Main scheme applicant","All","25","15","0.52"
"2020","All","21 - 24","Not EU","Male","Main scheme applicant","All","5","0"," "
"2021","All","21 - 24","Not EU","Male","Main scheme applicant","All","5","0"," "
"2022","All","21 - 24","Not EU","Male","Main scheme applicant","All","10","0"," "
"2023","All","21 - 24","Not EU","Male","Main scheme applicant","All","10","5"," "
"2020","All","25 - 29","Not EU","Male","Main scheme applicant","All","5","0"," "
"2021","All","25 - 29","Not EU","Male","Main scheme applicant","All","5","0"," "
"2022","All","25 - 29","Not EU","Male","Main scheme applicant","All","20","5"," "
"2023","All","25 - 29","Not EU","Male","Main scheme applicant","All","10","5"," "
"2019","All","30 - 34","Not EU","Male","Main scheme applicant","All","5","0"," "
"2020","All","30 - 34","Not EU","Male","Main scheme applicant","All","5","0"," "
"2022","All","30 - 34","Not EU","Male","Main scheme applicant","All","10","0"," "
"2023","All","30 - 34","Not EU","Male","Main scheme applicant","All","5","0"," "
"2019","All","35 and over","Not EU","Male","Main scheme applicant","All","10","0"," "
"2020","All","35 and over","Not EU","Male","Main scheme applicant","All","5","0"," "
"2021","All","35 and over","Not EU","Male","Main scheme applicant","All","10","0"," "
"2022","All","35 and over","Not EU","Male","Main scheme applicant","All","15","5"," "
"2023","All","35 and over","Not EU","Male","Main scheme applicant","All","10","5"," "
"2019","All","21 - 24","EU (excluding UK)","Male","Main scheme applicant","All","30","10"," "
"2020","All","21 - 24","EU (excluding UK)","Male","Main scheme applicant","All","30","10","0.357"
"2021","All","21 - 24","EU (excluding UK)","Male","Main scheme applicant","All","10","0"," "
"2022","All","21 - 24","EU (excluding UK)","Male","Main scheme applicant","All","15","5"," "
"2023","All","21 - 24","EU (excluding UK)","Male","Main scheme applicant","All","10","0"," "
"2019","All","25 - 29","EU (excluding UK)","Male","Main scheme applicant","All","15","5"," "
"2020","All","25 - 29","EU (excluding UK)","Male","Main scheme applicant","All","20","10"," "
"2021","All","25 - 29","EU (excluding UK)","Male","Main scheme applicant","All","15","5"," "
"2022","All","25 - 29","EU (excluding UK)","Male","Main scheme applicant","All","5","5"," "
"2023","All","25 - 29","EU (excluding UK)","Male","Main scheme applicant","All","5","0"," "
"2019","All","30 - 34","EU (excluding UK)","Male","Main scheme applicant","All","15","5"," "
"2020","All","30 - 34","EU (excluding UK)","Male","Main scheme applicant","All","15","5"," "
"2021","All","30 - 34","EU (excluding UK)","Male","Main scheme applicant","All","5","0"," "
"2023","All","30 - 34","EU (excluding UK)","Male","Main scheme applicant","All","5","0"," "
"2019","All","35 and over","EU (excluding UK)","Male","Main scheme applicant","All","5","0"," "
"2020","All","35 and over","EU (excluding UK)","Male","Main scheme applicant","All","5","5"," "
"2021","All","35 and over","EU (excluding UK)","Male","Main scheme applicant","All","5","0"," "
"2022","All","35 and over","EU (excluding UK)","Male","Main scheme applicant","All","5","0"," "
"2023","All","35 and over","EU (excluding UK)","Male","Main scheme applicant","All","5","0"," "
"2019","Lower tariff","All","England","Female","Not main scheme applicant","All","10","10","1"
"2020","Lower tariff","All","England","Female","Not main scheme applicant","All","25","25","0.923"
"2021","Lower tariff","All","England","Female","Not main scheme applicant","All","15","15","0.929"
"2022","Lower tariff","All","England","Female","Not main scheme applicant","All","10","10","0.909"
"2023","Lower tariff","All","England","Female","Not main scheme applicant","All","20","20","1"
"2023","Medium tariff","All","England","Female","Not main scheme applicant","All","5","5"," "
"2019","Higher tariff","All","Scotland","Female","Not main scheme applicant","All","50","30","0.653"
"2020","Higher tariff","All","Scotland","Female","Not main scheme applicant","All","65","45","0.73"
"2021","Higher tariff","All","Scotland","Female","Not main scheme applicant","All","35","30","0.8240000000000001"
"2022","Higher tariff","All","Scotland","Female","Not main scheme applicant","All","45","35","0.791"
"2023","Higher tariff","All","Scotland","Female","Not main scheme applicant","All","60","50","0.8170000000000001"
"2019","Medium tariff","All","Scotland","Female","Not main scheme applicant","All","5","5"," "
"2020","Medium tariff","All","Scotland","Female","Not main scheme applicant","All","15","10"," "
"2021","Medium tariff","All","Scotland","Female","Not main scheme applicant","All","10","0"," "
"2022","Medium tariff","All","Scotland","Female","Not main scheme applicant","All","15","5"," "
"2023","Medium tariff","All","Scotland","Female","Not main scheme applicant","All","10","5"," "
"2022","Lower tariff","All","Wales","Female","Not main scheme applicant","All","35","25","0.8180000000000001"
"2023","Lower tariff","All","Wales","Female","Not main scheme applicant","All","30","20","0.714"
"2022","Medium tariff","All","Wales","Female","Not main scheme applicant","All","35","30","0.757"
"2023","Medium tariff","All","Wales","Female","Not main scheme applicant","All","35","30","0.857"
"2020","Higher tariff","All","EU (excluding UK)","Female","Not main scheme applicant","All","5","0"," "
"2019","Lower tariff","All","England","Male","Not main scheme applicant","All","5","5"," "
"2020","Lower tariff","All","England","Male","Not main scheme applicant","All","10","10"," "
"2021","Lower tariff","All","England","Male","Not main scheme applicant","All","5","5"," "
"2022","Lower tariff","All","England","Male","Not main scheme applicant","All","10","10"," "
"2023","Lower tariff","All","England","Male","Not main scheme applicant","All","10","10","1"
"2020","Higher tariff","All","England","Male","Not main scheme applicant","All","5","5"," "
"2023","Medium tariff","All","England","Male","Not main scheme applicant","All","5","5"," "
"2019","Higher tariff","All","Scotland","Male","Not main scheme applicant","All","25","20","0.84"
"2020","Higher tariff","All","Scotland","Male","Not main scheme applicant","All","55","50","0.873"
"2021","Higher tariff","All","Scotland","Male","Not main scheme applicant","All","20","15","0.833"
"2022","Higher tariff","All","Scotland","Male","Not main scheme applicant","All","30","20","0.625"
"2023","Higher tariff","All","Scotland","Male","Not main scheme applicant","All","35","30","0.8240000000000001"
"2019","Medium tariff","All","Scotland","Male","Not main scheme applicant","All","5","5"," "
"2020","Medium tariff","All","Scotland","Male","Not main scheme applicant","All","10","5"," "
"2021","Medium tariff","All","Scotland","Male","Not main scheme applicant","All","5","5"," "
"2022","Medium tariff","All","Scotland","Male","Not main scheme applicant","All","5","5"," "
"2023","Medium tariff","All","Scotland","Male","Not main scheme applicant","All","5","5"," "
"2022","Lower tariff","All","Wales","Male","Not main scheme applicant","All","30","25","0.857"
"2023","Lower tariff","All","Wales","Male","Not main scheme applicant","All","20","15","0.7000000000000001"
"2022","Medium tariff","All","Wales","Male","Not main scheme applicant","All","10","10","0.833"
"2023","Medium tariff","All","Wales","Male","Not main scheme applicant","All","30","30","0.935"
"2022","Lower tariff","All","Northern Ireland","Female","Main scheme applicant","All","5","0"," "
"2023","Lower tariff","All","Northern Ireland","Female","Main scheme applicant","All","10","0"," "
"2019","Higher tariff","All","Northern Ireland","Female","Main scheme applicant","All","65","20","0.273"
"2020","Higher tariff","All","Northern Ireland","Female","Main scheme applicant","All","50","15","0.28"
"2021","Higher tariff","All","Northern Ireland","Female","Main scheme applicant","All","65","15","0.27"
"2022","Higher tariff","All","Northern Ireland","Female","Main scheme applicant","All","45","15","0.34900000000000003"
"2023","Higher tariff","All","Northern Ireland","Female","Main scheme applicant","All","35","10"," "
"2019","Medium tariff","All","Northern Ireland","Female","Main scheme applicant","All","15","0"," "
"2020","Medium tariff","All","Northern Ireland","Female","Main scheme applicant","All","15","0"," "
"2021","Medium tariff","All","Northern Ireland","Female","Main scheme applicant","All","25","5"," "
"2022","Medium tariff","All","Northern Ireland","Female","Main scheme applicant","All","20","0"," "
"2023","Medium tariff","All","Northern Ireland","Female","Main scheme applicant","All","15","0"," "
"2019","Lower tariff","All","England","Female","Main scheme applicant","All","35","15","0.5"
"2020","Lower tariff","All","England","Female","Main scheme applicant","All","40","15","0.381"
"2021","Lower tariff","All","England","Female","Main scheme applicant","All","30","20","0.613"
"2022","Lower tariff","All","England","Female","Main scheme applicant","All","80","30","0.39"
"2023","Lower tariff","All","England","Female","Main scheme applicant","All","70","30","0.464"
"2019","Higher tariff","All","England","Female","Main scheme applicant","All","65","20","0.313"
"2020","Higher tariff","All","England","Female","Main scheme applicant","All","50","20","0.44"
"2021","Higher tariff","All","England","Female","Main scheme applicant","All","105","30","0.28200000000000003"
"2022","Higher tariff","All","England","Female","Main scheme applicant","All","65","15","0.219"
"2023","Higher tariff","All","England","Female","Main scheme applicant","All","40","5"," "
"2019","Medium tariff","All","England","Female","Main scheme applicant","All","25","0"," "
"2020","Medium tariff","All","England","Female","Main scheme applicant","All","20","0"," "
"2021","Medium tariff","All","England","Female","Main scheme applicant","All","35","0"," "
"2022","Medium tariff","All","England","Female","Main scheme applicant","All","55","15","0.309"
"2023","Medium tariff","All","England","Female","Main scheme applicant","All","45","15","0.362"
"2022","Lower tariff","All","Scotland","Female","Main scheme applicant","All","5","0"," "
"2023","Lower tariff","All","Scotland","Female","Main scheme applicant","All","5","0"," "
"2019","Higher tariff","All","Scotland","Female","Main scheme applicant","All","3090","1430","0.462"
"2020","Higher tariff","All","Scotland","Female","Main scheme applicant","All","3240","1535","0.47400000000000003"
"2021","Higher tariff","All","Scotland","Female","Main scheme applicant","All","3935","1475","0.374"
"2022","Higher tariff","All","Scotland","Female","Main scheme applicant","All","2710","1305","0.483"
"2023","Higher tariff","All","Scotland","Female","Main scheme applicant","All","2200","1115","0.507"
"2019","Medium tariff","All","Scotland","Female","Main scheme applicant","All","1930","295","0.152"
"2020","Medium tariff","All","Scotland","Female","Main scheme applicant","All","2015","310","0.155"
"2021","Medium tariff","All","Scotland","Female","Main scheme applicant","All","2430","320","0.132"
"2022","Medium tariff","All","Scotland","Female","Main scheme applicant","All","1660","265","0.159"
"2023","Medium tariff","All","Scotland","Female","Main scheme applicant","All","1345","220","0.163"
"2020","Lower tariff","All","Wales","Female","Main scheme applicant","All","5","0"," "
"2022","Lower tariff","All","Wales","Female","Main scheme applicant","All","675","430","0.634"
"2023","Lower tariff","All","Wales","Female","Main scheme applicant","All","595","370","0.618"
"2019","Higher tariff","All","Wales","Female","Main scheme applicant","All","5","0"," "
"2020","Higher tariff","All","Wales","Female","Main scheme applicant","All","5","0"," "
"2021","Higher tariff","All","Wales","Female","Main scheme applicant","All","5","0"," "
"2022","Higher tariff","All","Wales","Female","Main scheme applicant","All","10","0"," "
"2023","Higher tariff","All","Wales","Female","Main scheme applicant","All","10","0"," "
"2022","Medium tariff","All","Wales","Female","Main scheme applicant","All","400","135","0.342"
"2023","Medium tariff","All","Wales","Female","Main scheme applicant","All","395","135","0.34"
"2022","Lower tariff","All","Not EU","Female","Main scheme applicant","All","15","0"," "
"2023","Lower tariff","All","Not EU","Female","Main scheme applicant","All","15","0"," "
"2019","Higher tariff","All","Not EU","Female","Main scheme applicant","All","45","15","0.362"
"2020","Higher tariff","All","Not EU","Female","Main scheme applicant","All","50","15","0.294"
"2021","Higher tariff","All","Not EU","Female","Main scheme applicant","All","50","10","0.216"
"2022","Higher tariff","All","Not EU","Female","Main scheme applicant","All","55","15","0.241"
"2023","Higher tariff","All","Not EU","Female","Main scheme applicant","All","55","10"," "
"2019","Medium tariff","All","Not EU","Female","Main scheme applicant","All","15","0"," "
"2020","Medium tariff","All","Not EU","Female","Main scheme applicant","All","20","0"," "
"2021","Medium tariff","All","Not EU","Female","Main scheme applicant","All","20","0"," "
"2022","Medium tariff","All","Not EU","Female","Main scheme applicant","All","35","0"," "
"2023","Medium tariff","All","Not EU","Female","Main scheme applicant","All","35","10"," "
"2022","Lower tariff","All","EU (excluding UK)","Female","Main scheme applicant","All","25","0"," "
"2023","Lower tariff","All","EU (excluding UK)","Female","Main scheme applicant","All","10","5"," "
"2019","Higher tariff","All","EU (excluding UK)","Female","Main scheme applicant","All","170","55","0.32"
"2020","Higher tariff","All","EU (excluding UK)","Female","Main scheme applicant","All","205","80","0.392"
"2021","Higher tariff","All","EU (excluding UK)","Female","Main scheme applicant","All","140","30","0.197"
"2022","Higher tariff","All","EU (excluding UK)","Female","Main scheme applicant","All","80","15","0.19"
"2023","Higher tariff","All","EU (excluding UK)","Female","Main scheme applicant","All","55","20","0.316"
"2019","Medium tariff","All","EU (excluding UK)","Female","Main scheme applicant","All","70","10","0.162"
"2020","Medium tariff","All","EU (excluding UK)","Female","Main scheme applicant","All","55","5"," "
"2021","Medium tariff","All","EU (excluding UK)","Female","Main scheme applicant","All","40","0"," "
"2022","Medium tariff","All","EU (excluding UK)","Female","Main scheme applicant","All","40","5"," "
"2023","Medium tariff","All","EU (excluding UK)","Female","Main scheme applicant","All","35","0"," "
"2022","Lower tariff","All","Northern Ireland","Male","Main scheme applicant","All","5","0"," "
"2019","Higher tariff","All","Northern Ireland","Male","Main scheme applicant","All","25","5"," "
"2020","Higher tariff","All","Northern Ireland","Male","Main scheme applicant","All","15","0"," "
"2021","Higher tariff","All","Northern Ireland","Male","Main scheme applicant","All","30","5"," "
"2022","Higher tariff","All","Northern Ireland","Male","Main scheme applicant","All","25","5"," "
"2023","Higher tariff","All","Northern Ireland","Male","Main scheme applicant","All","10","0"," "
"2019","Medium tariff","All","Northern Ireland","Male","Main scheme applicant","All","15","0"," "
"2020","Medium tariff","All","Northern Ireland","Male","Main scheme applicant","All","5","0"," "
"2021","Medium tariff","All","Northern Ireland","Male","Main scheme applicant","All","15","0"," "
"2022","Medium tariff","All","Northern Ireland","Male","Main scheme applicant","All","15","0"," "
"2023","Medium tariff","All","Northern Ireland","Male","Main scheme applicant","All","5","0"," "
"2019","Lower tariff","All","England","Male","Main scheme applicant","All","10","5"," "
"2020","Lower tariff","All","England","Male","Main scheme applicant","All","5","0"," "
"2021","Lower tariff","All","England","Male","Main scheme applicant","All","10","5"," "
"2022","Lower tariff","All","England","Male","Main scheme applicant","All","30","10"," "
"2023","Lower tariff","All","England","Male","Main scheme applicant","All","30","10","0.387"
"2019","Higher tariff","All","England","Male","Main scheme applicant","All","30","10"," "
"2020","Higher tariff","All","England","Male","Main scheme applicant","All","35","15","0.417"
"2021","Higher tariff","All","England","Male","Main scheme applicant","All","40","5"," "
"2022","Higher tariff","All","England","Male","Main scheme applicant","All","30","5"," "
"2023","Higher tariff","All","England","Male","Main scheme applicant","All","25","5"," "
"2019","Medium tariff","All","England","Male","Main scheme applicant","All","15","0"," "
"2020","Medium tariff","All","England","Male","Main scheme applicant","All","10","5"," "
"2021","Medium tariff","All","England","Male","Main scheme applicant","All","15","0"," "
"2022","Medium tariff","All","England","Male","Main scheme applicant","All","30","10"," "
"2023","Medium tariff","All","England","Male","Main scheme applicant","All","30","10"," "
"2022","Lower tariff","All","Scotland","Male","Main scheme applicant","All","5","0"," "
"2023","Lower tariff","All","Scotland","Male","Main scheme applicant","All","5","0"," "
"2019","Higher tariff","All","Scotland","Male","Main scheme applicant","All","1285","515","0.402"
"2020","Higher tariff","All","Scotland","Male","Main scheme applicant","All","1280","520","0.40700000000000003"
"2021","Higher tariff","All","Scotland","Male","Main scheme applicant","All","1580","530","0.335"
"2022","Higher tariff","All","Scotland","Male","Main scheme applicant","All","1175","455","0.389"
"2023","Higher tariff","All","Scotland","Male","Main scheme applicant","All","885","385","0.432"
"2019","Medium tariff","All","Scotland","Male","Main scheme applicant","All","695","85","0.11900000000000001"
"2020","Medium tariff","All","Scotland","Male","Main scheme applicant","All","735","100","0.137"
"2021","Medium tariff","All","Scotland","Male","Main scheme applicant","All","885","95","0.107"
"2022","Medium tariff","All","Scotland","Male","Main scheme applicant","All","700","90","0.129"
"2023","Medium tariff","All","Scotland","Male","Main scheme applicant","All","580","85","0.145"
"2022","Lower tariff","All","Wales","Male","Main scheme applicant","All","265","165","0.622"
"2023","Lower tariff","All","Wales","Male","Main scheme applicant","All","230","145","0.628"
"2019","Higher tariff","All","Wales","Male","Main scheme applicant","All","5","0"," "
"2020","Higher tariff","All","Wales","Male","Main scheme applicant","All","5","0"," "
"2022","Higher tariff","All","Wales","Male","Main scheme applicant","All","5","0"," "
"2023","Higher tariff","All","Wales","Male","Main scheme applicant","All","5","0"," "
"2022","Medium tariff","All","Wales","Male","Main scheme applicant","All","165","45","0.27"
"2023","Medium tariff","All","Wales","Male","Main scheme applicant","All","145","55","0.389"
"2022","Lower tariff","All","Not EU","Male","Main scheme applicant","All","20","0"," "
"2023","Lower tariff","All","Not EU","Male","Main scheme applicant","All","15","0"," "
"2019","Higher tariff","All","Not EU","Male","Main scheme applicant","All","15","5"," "
"2020","Higher tariff","All","Not EU","Male","Main scheme applicant","All","20","5"," "
"2021","Higher tariff","All","Not EU","Male","Main scheme applicant","All","20","5"," "
"2022","Higher tariff","All","Not EU","Male","Main scheme applicant","All","35","5"," "
"2023","Higher tariff","All","Not EU","Male","Main scheme applicant","All","25","10"," "
"2019","Medium tariff","All","Not EU","Male","Main scheme applicant","All","5","0"," "
"2020","Medium tariff","All","Not EU","Male","Main scheme applicant","All","10","0"," "
"2021","Medium tariff","All","Not EU","Male","Main scheme applicant","All","5","0"," "
"2022","Medium tariff","All","Not EU","Male","Main scheme applicant","All","30","5"," "
"2023","Medium tariff","All","Not EU","Male","Main scheme applicant","All","15","0"," "
"2022","Lower tariff","All","EU (excluding UK)","Male","Main scheme applicant","All","5","0"," "
"2023","Lower tariff","All","EU (excluding UK)","Male","Main scheme applicant","All","5","0"," "
"2019","Higher tariff","All","EU (excluding UK)","Male","Main scheme applicant","All","60","15","0.258"
"2020","Higher tariff","All","EU (excluding UK)","Male","Main scheme applicant","All","65","25","0.381"
"2021","Higher tariff","All","EU (excluding UK)","Male","Main scheme applicant","All","40","5"," "
"2022","Higher tariff","All","EU (excluding UK)","Male","Main scheme applicant","All","25","5"," "
"2023","Higher tariff","All","EU (excluding UK)","Male","Main scheme applicant","All","15","0"," "
"2019","Medium tariff","All","EU (excluding UK)","Male","Main scheme applicant","All","25","5"," "
"2020","Medium tariff","All","EU (excluding UK)","Male","Main scheme applicant","All","20","5"," "
"2021","Medium tariff","All","EU (excluding UK)","Male","Main scheme applicant","All","15","0"," "
"2022","Medium tariff","All","EU (excluding UK)","Male","Main scheme applicant","All","15","5"," "
"2023","Medium tariff","All","EU (excluding UK)","Male","Main scheme applicant","All","15","0"," "
"2019","All","All","England","Female","Not main scheme applicant","All","10","10","1"
"2020","All","All","England","Female","Not main scheme applicant","All","25","25","0.926"
"2021","All","All","England","Female","Not main scheme applicant","All","15","15","0.8130000000000001"
"2022","All","All","England","Female","Not main scheme applicant","All","15","10","0.733"
"2023","All","All","England","Female","Not main scheme applicant","All","20","20","1"
"2019","All","All","Scotland","Female","Not main scheme applicant","All","55","35","0.667"
"2020","All","All","Scotland","Female","Not main scheme applicant","All","80","55","0.705"
"2021","All","All","Scotland","Female","Not main scheme applicant","All","45","30","0.6980000000000001"
"2022","All","All","Scotland","Female","Not main scheme applicant","All","55","40","0.732"
"2023","All","All","Scotland","Female","Not main scheme applicant","All","70","55","0.779"
"2022","All","All","Wales","Female","Not main scheme applicant","All","70","55","0.786"
"2023","All","All","Wales","Female","Not main scheme applicant","All","65","50","0.794"
"2022","All","All","Not EU","Female","Not main scheme applicant","All","5","0"," "
"2020","All","All","EU (excluding UK)","Female","Not main scheme applicant","All","5","0"," "
"2019","All","All","England","Male","Not main scheme applicant","All","5","5"," "
"2020","All","All","England","Male","Not main scheme applicant","All","15","10","0.846"
"2021","All","All","England","Male","Not main scheme applicant","All","5","5"," "
"2022","All","All","England","Male","Not main scheme applicant","All","10","10","0.909"
"2023","All","All","England","Male","Not main scheme applicant","All","15","15","0.9410000000000001"
"2019","All","All","Scotland","Male","Not main scheme applicant","All","30","25","0.839"
"2020","All","All","Scotland","Male","Not main scheme applicant","All","65","55","0.8180000000000001"
"2021","All","All","Scotland","Male","Not main scheme applicant","All","20","20","0.8180000000000001"
"2022","All","All","Scotland","Male","Not main scheme applicant","All","40","25","0.658"
"2023","All","All","Scotland","Male","Not main scheme applicant","All","40","30","0.842"
"2022","All","All","Wales","Male","Not main scheme applicant","All","40","35","0.85"
"2023","All","All","Wales","Male","Not main scheme applicant","All","50","45","0.843"
"2019","All","All","Northern Ireland","Female","Main scheme applicant","All","65","20","0.273"
"2020","All","All","Northern Ireland","Female","Main scheme applicant","All","50","15","0.275"
"2021","All","All","Northern Ireland","Female","Main scheme applicant","All","65","20","0.323"
"2022","All","All","Northern Ireland","Female","Main scheme applicant","All","45","20","0.40900000000000003"
"2023","All","All","Northern Ireland","Female","Main scheme applicant","All","35","10"," "
"2019","All","All","England","Female","Main scheme applicant","All","100","40","0.39"
"2020","All","All","England","Female","Main scheme applicant","All","95","40","0.426"
"2021","All","All","England","Female","Main scheme applicant","All","135","50","0.36"
"2022","All","All","England","Female","Main scheme applicant","All","155","65","0.401"
"2023","All","All","England","Female","Main scheme applicant","All","125","55","0.437"
"2019","All","All","Scotland","Female","Main scheme applicant","All","3285","1720","0.524"
"2020","All","All","Scotland","Female","Main scheme applicant","All","3460","1850","0.534"
"2021","All","All","Scotland","Female","Main scheme applicant","All","4125","1795","0.435"
"2022","All","All","Scotland","Female","Main scheme applicant","All","2835","1570","0.554"
"2023","All","All","Scotland","Female","Main scheme applicant","All","2310","1335","0.578"
"2019","All","All","Wales","Female","Main scheme applicant","All","5","0"," "
"2020","All","All","Wales","Female","Main scheme applicant","All","10","0"," "
"2021","All","All","Wales","Female","Main scheme applicant","All","5","0"," "
"2022","All","All","Wales","Female","Main scheme applicant","All","810","565","0.6990000000000001"
"2023","All","All","Wales","Female","Main scheme applicant","All","715","505","0.705"
"2019","All","All","Not EU","Female","Main scheme applicant","All","50","20","0.367"
"2020","All","All","Not EU","Female","Main scheme applicant","All","55","15","0.302"
"2021","All","All","Not EU","Female","Main scheme applicant","All","55","10","0.2"
"2022","All","All","Not EU","Female","Main scheme applicant","All","65","15","0.254"
"2023","All","All","Not EU","Female","Main scheme applicant","All","75","15","0.23"
"2019","All","All","EU (excluding UK)","Female","Main scheme applicant","All","170","65","0.382"
"2020","All","All","EU (excluding UK)","Female","Main scheme applicant","All","205","85","0.40700000000000003"
"2021","All","All","EU (excluding UK)","Female","Main scheme applicant","All","145","30","0.21"
"2022","All","All","EU (excluding UK)","Female","Main scheme applicant","All","85","20","0.253"
"2023","All","All","EU (excluding UK)","Female","Main scheme applicant","All","65","25","0.375"
"2019","All","All","Northern Ireland","Male","Main scheme applicant","All","25","5"," "
"2020","All","All","Northern Ireland","Male","Main scheme applicant","All","20","0"," "
"2021","All","All","Northern Ireland","Male","Main scheme applicant","All","30","10"," "
"2022","All","All","Northern Ireland","Male","Main scheme applicant","All","25","10"," "
"2023","All","All","Northern Ireland","Male","Main scheme applicant","All","10","0"," "
"2019","All","All","England","Male","Main scheme applicant","All","40","15","0.357"
"2020","All","All","England","Male","Main scheme applicant","All","45","20","0.512"
"2021","All","All","England","Male","Main scheme applicant","All","50","15","0.28"
"2022","All","All","England","Male","Main scheme applicant","All","70","25","0.357"
"2023","All","All","England","Male","Main scheme applicant","All","65","25","0.41500000000000004"
"2019","All","All","Scotland","Male","Main scheme applicant","All","1330","600","0.451"
"2020","All","All","Scotland","Male","Main scheme applicant","All","1355","620","0.459"
"2021","All","All","Scotland","Male","Main scheme applicant","All","1635","625","0.382"
"2022","All","All","Scotland","Male","Main scheme applicant","All","1215","545","0.45"
"2023","All","All","Scotland","Male","Main scheme applicant","All","935","465","0.498"
"2019","All","All","Wales","Male","Main scheme applicant","All","5","0"," "
"2020","All","All","Wales","Male","Main scheme applicant","All","5","0"," "
"2022","All","All","Wales","Male","Main scheme applicant","All","310","210","0.68"
"2023","All","All","Wales","Male","Main scheme applicant","All","285","200","0.706"
"2019","All","All","Not EU","Male","Main scheme applicant","All","15","5"," "
"2020","All","All","Not EU","Male","Main scheme applicant","All","20","5"," "
"2021","All","All","Not EU","Male","Main scheme applicant","All","20","5"," "
"2022","All","All","Not EU","Male","Main scheme applicant","All","55","15","0.278"
"2023","All","All","Not EU","Male","Main scheme applicant","All","40","10","0.289"
"2019","All","All","EU (excluding UK)","Male","Main scheme applicant","All","65","20","0.317"
"2020","All","All","EU (excluding UK)","Male","Main scheme applicant","All","65","25","0.41500000000000004"
"2021","All","All","EU (excluding UK)","Male","Main scheme applicant","All","40","10"," "
"2022","All","All","EU (excluding UK)","Male","Main scheme applicant","All","25","10"," "
"2023","All","All","EU (excluding UK)","Male","Main scheme applicant","All","20","5"," "
"2020","Lower tariff","21 - 24","All","Female","Not main scheme applicant","All","5","5"," "
"2022","Lower tariff","21 - 24","All","Female","Not main scheme applicant","All","20","15","0.778"
"2023","Lower tariff","21 - 24","All","Female","Not main scheme applicant","All","20","15","0.81"
"2019","Higher tariff","21 - 24","All","Female","Not main scheme applicant","All","10","10"," "
"2020","Higher tariff","21 - 24","All","Female","Not main scheme applicant","All","20","10","0.667"
"2021","Higher tariff","21 - 24","All","Female","Not main scheme applicant","All","15","15","0.8240000000000001"
"2022","Higher tariff","21 - 24","All","Female","Not main scheme applicant","All","15","10"," "
"2023","Higher tariff","21 - 24","All","Female","Not main scheme applicant","All","15","10","0.706"
"2020","Medium tariff","21 - 24","All","Female","Not main scheme applicant","All","5","5"," "
"2022","Medium tariff","21 - 24","All","Female","Not main scheme applicant","All","20","15","0.75"
"2023","Medium tariff","21 - 24","All","Female","Not main scheme applicant","All","30","25","0.8280000000000001"
"2019","Lower tariff","25 - 29","All","Female","Not main scheme applicant","All","5","5"," "
"2020","Lower tariff","25 - 29","All","Female","Not main scheme applicant","All","10","5"," "
"2021","Lower tariff","25 - 29","All","Female","Not main scheme applicant","All","5","5"," "
"2022","Lower tariff","25 - 29","All","Female","Not main scheme applicant","All","10","10","0.833"
"2023","Lower tariff","25 - 29","All","Female","Not main scheme applicant","All","10","10","0.833"
"2019","Higher tariff","25 - 29","All","Female","Not main scheme applicant","All","20","15","0.75"
"2020","Higher tariff","25 - 29","All","Female","Not main scheme applicant","All","25","20","0.833"
"2021","Higher tariff","25 - 29","All","Female","Not main scheme applicant","All","5","5"," "
"2022","Higher tariff","25 - 29","All","Female","Not main scheme applicant","All","15","10","0.786"
"2023","Higher tariff","25 - 29","All","Female","Not main scheme applicant","All","20","15","0.889"
"2020","Medium tariff","25 - 29","All","Female","Not main scheme applicant","All","5","0"," "
"2022","Medium tariff","25 - 29","All","Female","Not main scheme applicant","All","20","10","0.6"
"2023","Medium tariff","25 - 29","All","Female","Not main scheme applicant","All","5","5"," "
"2020","Lower tariff","30 - 34","All","Female","Not main scheme applicant","All","5","5"," "
"2021","Lower tariff","30 - 34","All","Female","Not main scheme applicant","All","5","5"," "
"2022","Lower tariff","30 - 34","All","Female","Not main scheme applicant","All","5","5"," "
"2019","Higher tariff","30 - 34","All","Female","Not main scheme applicant","All","5","5"," "
"2020","Higher tariff","30 - 34","All","Female","Not main scheme applicant","All","5","5"," "
"2022","Higher tariff","30 - 34","All","Female","Not main scheme applicant","All","5","5"," "
"2023","Higher tariff","30 - 34","All","Female","Not main scheme applicant","All","10","10"," "
"2020","Medium tariff","30 - 34","All","Female","Not main scheme applicant","All","5","5"," "
"2022","Medium tariff","30 - 34","All","Female","Not main scheme applicant","All","5","5"," "
"2023","Medium tariff","30 - 34","All","Female","Not main scheme applicant","All","5","5"," "
"2019","Lower tariff","35 and over","All","Female","Not main scheme applicant","All","5","5"," "
"2020","Lower tariff","35 and over","All","Female","Not main scheme applicant","All","10","10"," "
"2021","Lower tariff","35 and over","All","Female","Not main scheme applicant","All","5","5"," "
"2022","Lower tariff","35 and over","All","Female","Not main scheme applicant","All","10","10","0.833"
"2023","Lower tariff","35 and over","All","Female","Not main scheme applicant","All","10","10","0.909"
"2019","Higher tariff","35 and over","All","Female","Not main scheme applicant","All","15","5"," "
"2020","Higher tariff","35 and over","All","Female","Not main scheme applicant","All","20","10","0.579"
"2021","Higher tariff","35 and over","All","Female","Not main scheme applicant","All","10","10","0.833"
"2022","Higher tariff","35 and over","All","Female","Not main scheme applicant","All","15","10","0.769"
"2023","Higher tariff","35 and over","All","Female","Not main scheme applicant","All","15","10","0.8"
"2019","Medium tariff","35 and over","All","Female","Not main scheme applicant","All","5","0"," "
"2020","Medium tariff","35 and over","All","Female","Not main scheme applicant","All","5","0"," "
"2021","Medium tariff","35 and over","All","Female","Not main scheme applicant","All","5","0"," "
"2022","Medium tariff","35 and over","All","Female","Not main scheme applicant","All","10","5"," "
"2023","Medium tariff","35 and over","All","Female","Not main scheme applicant","All","10","5"," "
"2020","Lower tariff","21 - 24","All","Male","Not main scheme applicant","All","5","0"," "
"2022","Lower tariff","21 - 24","All","Male","Not main scheme applicant","All","15","15","0.882"
"2023","Lower tariff","21 - 24","All","Male","Not main scheme applicant","All","15","15","0.765"
"2019","Higher tariff","21 - 24","All","Male","Not main scheme applicant","All","5","5"," "
"2020","Higher tariff","21 - 24","All","Male","Not main scheme applicant","All","15","15","0.882"
"2021","Higher tariff","21 - 24","All","Male","Not main scheme applicant","All","5","5"," "
"2022","Higher tariff","21 - 24","All","Male","Not main scheme applicant","All","10","10"," "
"2023","Higher tariff","21 - 24","All","Male","Not main scheme applicant","All","10","5"," "
"2022","Medium tariff","21 - 24","All","Male","Not main scheme applicant","All","10","10","0.833"
"2023","Medium tariff","21 - 24","All","Male","Not main scheme applicant","All","15","15","1"
"2020","Lower tariff","25 - 29","All","Male","Not main scheme applicant","All","5","5"," "
"2022","Lower tariff","25 - 29","All","Male","Not main scheme applicant","All","10","10","0.917"
"2023","Lower tariff","25 - 29","All","Male","Not main scheme applicant","All","5","5"," "
"2019","Higher tariff","25 - 29","All","Male","Not main scheme applicant","All","10","10"," "
"2020","Higher tariff","25 - 29","All","Male","Not main scheme applicant","All","25","20","0.84"
"2021","Higher tariff","25 - 29","All","Male","Not main scheme applicant","All","5","5"," "
"2022","Higher tariff","25 - 29","All","Male","Not main scheme applicant","All","10","5"," "
"2023","Higher tariff","25 - 29","All","Male","Not main scheme applicant","All","5","5"," "
"2020","Medium tariff","25 - 29","All","Male","Not main scheme applicant","All","5","0"," "
"2022","Medium tariff","25 - 29","All","Male","Not main scheme applicant","All","5","5"," "
"2023","Medium tariff","25 - 29","All","Male","Not main scheme applicant","All","10","10","0.833"
"2022","Lower tariff","30 - 34","All","Male","Not main scheme applicant","All","5","0"," "
"2023","Lower tariff","30 - 34","All","Male","Not main scheme applicant","All","5","5"," "
"2020","Higher tariff","30 - 34","All","Male","Not main scheme applicant","All","5","5"," "
"2022","Higher tariff","30 - 34","All","Male","Not main scheme applicant","All","5","0"," "
"2023","Higher tariff","30 - 34","All","Male","Not main scheme applicant","All","5","0"," "
"2023","Medium tariff","30 - 34","All","Male","Not main scheme applicant","All","5","5"," "
"2021","Lower tariff","35 and over","All","Male","Not main scheme applicant","All","5","0"," "
"2022","Lower tariff","35 and over","All","Male","Not main scheme applicant","All","5","5"," "
"2023","Lower tariff","35 and over","All","Male","Not main scheme applicant","All","5","5"," "
"2019","Higher tariff","35 and over","All","Male","Not main scheme applicant","All","5","5"," "
"2020","Higher tariff","35 and over","All","Male","Not main scheme applicant","All","15","15","0.929"
"2021","Higher tariff","35 and over","All","Male","Not main scheme applicant","All","5","5"," "
"2022","Higher tariff","35 and over","All","Male","Not main scheme applicant","All","10","5"," "
"2023","Higher tariff","35 and over","All","Male","Not main scheme applicant","All","15","15","0.9380000000000001"
"2020","Medium tariff","35 and over","All","Male","Not main scheme applicant","All","5","0"," "
"2023","Medium tariff","35 and over","All","Male","Not main scheme applicant","All","10","5"," "
"2022","Higher tariff","17 and under","All","Female","Main scheme applicant","All","5","0"," "
"2020","Lower tariff","18","All","Female","Main scheme applicant","All","5","0"," "
"2022","Lower tariff","18","All","Female","Main scheme applicant","All","5","0"," "
"2019","Higher tariff","18","All","Female","Main scheme applicant","All","10","0"," "
"2020","Higher tariff","18","All","Female","Main scheme applicant","All","15","0"," "
"2021","Higher tariff","18","All","Female","Main scheme applicant","All","15","0"," "
"2022","Higher tariff","18","All","Female","Main scheme applicant","All","20","0"," "
"2023","Higher tariff","18","All","Female","Main scheme applicant","All","15","0"," "
"2019","Medium tariff","18","All","Female","Main scheme applicant","All","5","0"," "
"2020","Medium tariff","18","All","Female","Main scheme applicant","All","10","0"," "
"2021","Medium tariff","18","All","Female","Main scheme applicant","All","5","0"," "
"2022","Medium tariff","18","All","Female","Main scheme applicant","All","15","0"," "
"2023","Medium tariff","18","All","Female","Main scheme applicant","All","5","0"," "
"2019","Higher tariff","19","All","Female","Main scheme applicant","All","5","0"," "
"2020","Higher tariff","19","All","Female","Main scheme applicant","All","5","0"," "
"2021","Higher tariff","19","All","Female","Main scheme applicant","All","5","0"," "
"2022","Higher tariff","19","All","Female","Main scheme applicant","All","10","0"," "
"2023","Higher tariff","19","All","Female","Main scheme applicant","All","5","0"," "
"2019","Medium tariff","19","All","Female","Main scheme applicant","All","5","0"," "
"2021","Medium tariff","19","All","Female","Main scheme applicant","All","5","0"," "
"2019","Higher tariff","20","All","Female","Main scheme applicant","All","10","0"," "
"2020","Higher tariff","20","All","Female","Main scheme applicant","All","10","0"," "
"2021","Higher tariff","20","All","Female","Main scheme applicant","All","15","0"," "
"2022","Higher tariff","20","All","Female","Main scheme applicant","All","5","0"," "
"2023","Higher tariff","20","All","Female","Main scheme applicant","All","5","0"," "
"2020","Medium tariff","20","All","Female","Main scheme applicant","All","5","0"," "
"2021","Medium tariff","20","All","Female","Main scheme applicant","All","5","0"," "
"2022","Medium tariff","20","All","Female","Main scheme applicant","All","5","0"," "
"2019","Lower tariff","21 - 24","All","Female","Main scheme applicant","All","10","5"," "
"2020","Lower tariff","21 - 24","All","Female","Main scheme applicant","All","10","5"," "
"2021","Lower tariff","21 - 24","All","Female","Main scheme applicant","All","10","5"," "
"2022","Lower tariff","21 - 24","All","Female","Main scheme applicant","All","500","300","0.596"
"2023","Lower tariff","21 - 24","All","Female","Main scheme applicant","All","450","245","0.546"
"2019","Higher tariff","21 - 24","All","Female","Main scheme applicant","All","1320","635","0.48"
"2020","Higher tariff","21 - 24","All","Female","Main scheme applicant","All","1445","700","0.486"
"2021","Higher tariff","21 - 24","All","Female","Main scheme applicant","All","1745","665","0.38"
"2022","Higher tariff","21 - 24","All","Female","Main scheme applicant","All","1215","590","0.485"
"2023","Higher tariff","21 - 24","All","Female","Main scheme applicant","All","1060","545","0.514"
"2019","Medium tariff","21 - 24","All","Female","Main scheme applicant","All","705","80","0.115"
"2020","Medium tariff","21 - 24","All","Female","Main scheme applicant","All","770","80","0.10400000000000001"
"2021","Medium tariff","21 - 24","All","Female","Main scheme applicant","All","970","90","0.092"
"2022","Medium tariff","21 - 24","All","Female","Main scheme applicant","All","975","185","0.192"
"2023","Medium tariff","21 - 24","All","Female","Main scheme applicant","All","875","175","0.198"
"2019","Lower tariff","25 - 29","All","Female","Main scheme applicant","All","5","0"," "
"2020","Lower tariff","25 - 29","All","Female","Main scheme applicant","All","10","5"," "
"2021","Lower tariff","25 - 29","All","Female","Main scheme applicant","All","10","5"," "
"2022","Lower tariff","25 - 29","All","Female","Main scheme applicant","All","155","85","0.551"
"2023","Lower tariff","25 - 29","All","Female","Main scheme applicant","All","135","95","0.679"
"2019","Higher tariff","25 - 29","All","Female","Main scheme applicant","All","985","475","0.48"
"2020","Higher tariff","25 - 29","All","Female","Main scheme applicant","All","955","455","0.47300000000000003"
"2021","Higher tariff","25 - 29","All","Female","Main scheme applicant","All","1225","470","0.386"
"2022","Higher tariff","25 - 29","All","Female","Main scheme applicant","All","825","390","0.47200000000000003"
"2023","Higher tariff","25 - 29","All","Female","Main scheme applicant","All","580","280","0.47800000000000004"
"2019","Medium tariff","25 - 29","All","Female","Main scheme applicant","All","635","100","0.155"
"2020","Medium tariff","25 - 29","All","Female","Main scheme applicant","All","595","90","0.149"
"2021","Medium tariff","25 - 29","All","Female","Main scheme applicant","All","760","110","0.14300000000000002"
"2022","Medium tariff","25 - 29","All","Female","Main scheme applicant","All","595","100","0.168"
"2023","Medium tariff","25 - 29","All","Female","Main scheme applicant","All","450","75","0.162"
"2019","Lower tariff","30 - 34","All","Female","Main scheme applicant","All","5","0"," "
"2020","Lower tariff","30 - 34","All","Female","Main scheme applicant","All","10","0"," "
"2021","Lower tariff","30 - 34","All","Female","Main scheme applicant","All","5","0"," "
"2022","Lower tariff","30 - 34","All","Female","Main scheme applicant","All","55","40","0.722"
"2023","Lower tariff","30 - 34","All","Female","Main scheme applicant","All","55","30","0.582"
"2019","Higher tariff","30 - 34","All","Female","Main scheme applicant","All","405","165","0.404"
"2020","Higher tariff","30 - 34","All","Female","Main scheme applicant","All","425","205","0.483"
"2021","Higher tariff","30 - 34","All","Female","Main scheme applicant","All","490","145","0.301"
"2022","Higher tariff","30 - 34","All","Female","Main scheme applicant","All","320","145","0.45"
"2023","Higher tariff","30 - 34","All","Female","Main scheme applicant","All","260","120","0.46900000000000003"
"2019","Medium tariff","30 - 34","All","Female","Main scheme applicant","All","265","45","0.167"
"2020","Medium tariff","30 - 34","All","Female","Main scheme applicant","All","275","50","0.186"
"2021","Medium tariff","30 - 34","All","Female","Main scheme applicant","All","305","55","0.182"
"2022","Medium tariff","30 - 34","All","Female","Main scheme applicant","All","230","50","0.214"
"2023","Medium tariff","30 - 34","All","Female","Main scheme applicant","All","205","45","0.212"
"2019","Lower tariff","35 and over","All","Female","Main scheme applicant","All","10","5"," "
"2020","Lower tariff","35 and over","All","Female","Main scheme applicant","All","15","5"," "
"2021","Lower tariff","35 and over","All","Female","Main scheme applicant","All","10","10"," "
"2022","Lower tariff","35 and over","All","Female","Main scheme applicant","All","90","45","0.47800000000000004"
"2023","Lower tariff","35 and over","All","Female","Main scheme applicant","All","60","35","0.55"
"2019","Higher tariff","35 and over","All","Female","Main scheme applicant","All","705","265","0.379"
"2020","Higher tariff","35 and over","All","Female","Main scheme applicant","All","750","305","0.41000000000000003"
"2021","Higher tariff","35 and over","All","Female","Main scheme applicant","All","805","275","0.34500000000000003"
"2022","Higher tariff","35 and over","All","Female","Main scheme applicant","All","560","240","0.43"
"2023","Higher tariff","35 and over","All","Female","Main scheme applicant","All","475","215","0.454"
"2019","Medium tariff","35 and over","All","Female","Main scheme applicant","All","450","85","0.186"
"2020","Medium tariff","35 and over","All","Female","Main scheme applicant","All","480","100","0.20500000000000002"
"2021","Medium tariff","35 and over","All","Female","Main scheme applicant","All","505","75","0.149"
"2022","Medium tariff","35 and over","All","Female","Main scheme applicant","All","385","90","0.231"
"2023","Medium tariff","35 and over","All","Female","Main scheme applicant","All","330","90","0.277"
"2022","Lower tariff","18","All","Male","Main scheme applicant","All","5","0"," "
"2019","Higher tariff","18","All","Male","Main scheme applicant","All","5","0"," "
"2021","Higher tariff","18","All","Male","Main scheme applicant","All","10","0"," "
"2022","Higher tariff","18","All","Male","Main scheme applicant","All","5","0"," "
"2023","Higher tariff","18","All","Male","Main scheme applicant","All","5","0"," "
"2022","Medium tariff","18","All","Male","Main scheme applicant","All","5","0"," "
"2023","Medium tariff","18","All","Male","Main scheme applicant","All","10","0"," "
"2020","Higher tariff","19","All","Male","Main scheme applicant","All","5","0"," "
"2023","Higher tariff","20","All","Male","Main scheme applicant","All","5","0"," "
"2023","Medium tariff","20","All","Male","Main scheme applicant","All","5","0"," "
"2019","Lower tariff","21 - 24","All","Male","Main scheme applicant","All","5","5"," "
"2021","Lower tariff","21 - 24","All","Male","Main scheme applicant","All","5","0"," "
"2022","Lower tariff","21 - 24","All","Male","Main scheme applicant","All","175","95","0.528"
"2023","Lower tariff","21 - 24","All","Male","Main scheme applicant","All","155","95","0.63"
"2019","Higher tariff","21 - 24","All","Male","Main scheme applicant","All","480","175","0.364"
"2020","Higher tariff","21 - 24","All","Male","Main scheme applicant","All","455","180","0.402"
"2021","Higher tariff","21 - 24","All","Male","Main scheme applicant","All","580","190","0.329"
"2022","Higher tariff","21 - 24","All","Male","Main scheme applicant","All","455","150","0.333"
"2023","Higher tariff","21 - 24","All","Male","Main scheme applicant","All","350","150","0.43"
"2019","Medium tariff","21 - 24","All","Male","Main scheme applicant","All","255","20","0.08700000000000001"
"2020","Medium tariff","21 - 24","All","Male","Main scheme applicant","All","240","20","0.092"
"2021","Medium tariff","21 - 24","All","Male","Main scheme applicant","All","325","20","0.068"
"2022","Medium tariff","21 - 24","All","Male","Main scheme applicant","All","365","50","0.139"
"2023","Medium tariff","21 - 24","All","Male","Main scheme applicant","All","310","60","0.198"
"2021","Lower tariff","25 - 29","All","Male","Main scheme applicant","All","5","0"," "
"2022","Lower tariff","25 - 29","All","Male","Main scheme applicant","All","75","45","0.635"
"2023","Lower tariff","25 - 29","All","Male","Main scheme applicant","All","75","40","0.527"
"2019","Higher tariff","25 - 29","All","Male","Main scheme applicant","All","410","165","0.401"
"2020","Higher tariff","25 - 29","All","Male","Main scheme applicant","All","455","190","0.41500000000000004"
"2021","Higher tariff","25 - 29","All","Male","Main scheme applicant","All","535","175","0.324"
"2022","Higher tariff","25 - 29","All","Male","Main scheme applicant","All","390","155","0.399"
"2023","Higher tariff","25 - 29","All","Male","Main scheme applicant","All","300","135","0.457"
"2019","Medium tariff","25 - 29","All","Male","Main scheme applicant","All","230","25","0.114"
"2020","Medium tariff","25 - 29","All","Male","Main scheme applicant","All","245","35","0.14200000000000002"
"2021","Medium tariff","25 - 29","All","Male","Main scheme applicant","All","305","35","0.114"
"2022","Medium tariff","25 - 29","All","Male","Main scheme applicant","All","280","45","0.154"
"2023","Medium tariff","25 - 29","All","Male","Main scheme applicant","All","235","40","0.17400000000000002"
"2019","Lower tariff","30 - 34","All","Male","Main scheme applicant","All","5","5"," "
"2022","Lower tariff","30 - 34","All","Male","Main scheme applicant","All","35","15","0.5"
"2023","Lower tariff","30 - 34","All","Male","Main scheme applicant","All","25","15","0.556"
"2019","Higher tariff","30 - 34","All","Male","Main scheme applicant","All","205","85","0.417"
"2020","Higher tariff","30 - 34","All","Male","Main scheme applicant","All","215","85","0.394"
"2021","Higher tariff","30 - 34","All","Male","Main scheme applicant","All","240","90","0.38"
"2022","Higher tariff","30 - 34","All","Male","Main scheme applicant","All","205","85","0.422"
"2023","Higher tariff","30 - 34","All","Male","Main scheme applicant","All","130","45","0.341"
"2019","Medium tariff","30 - 34","All","Male","Main scheme applicant","All","105","15","0.151"
"2020","Medium tariff","30 - 34","All","Male","Main scheme applicant","All","115","15","0.145"
"2021","Medium tariff","30 - 34","All","Male","Main scheme applicant","All","125","10","0.08"
"2022","Medium tariff","30 - 34","All","Male","Main scheme applicant","All","140","25","0.191"
"2023","Medium tariff","30 - 34","All","Male","Main scheme applicant","All","95","20","0.221"
"2021","Lower tariff","35 and over","All","Male","Main scheme applicant","All","5","0"," "
"2022","Lower tariff","35 and over","All","Male","Main scheme applicant","All","40","20","0.512"
"2023","Lower tariff","35 and over","All","Male","Main scheme applicant","All","25","5"," "
"2019","Higher tariff","35 and over","All","Male","Main scheme applicant","All","320","125","0.393"
"2020","Higher tariff","35 and over","All","Male","Main scheme applicant","All","290","110","0.379"
"2021","Higher tariff","35 and over","All","Male","Main scheme applicant","All","340","100","0.28700000000000003"
"2022","Higher tariff","35 and over","All","Male","Main scheme applicant","All","235","85","0.359"
"2023","Higher tariff","35 and over","All","Male","Main scheme applicant","All","175","70","0.389"
"2019","Medium tariff","35 and over","All","Male","Main scheme applicant","All","170","25","0.147"
"2020","Medium tariff","35 and over","All","Male","Main scheme applicant","All","180","35","0.201"
"2021","Medium tariff","35 and over","All","Male","Main scheme applicant","All","185","30","0.17400000000000002"
"2022","Medium tariff","35 and over","All","Male","Main scheme applicant","All","155","35","0.226"
"2023","Medium tariff","35 and over","All","Male","Main scheme applicant","All","130","30","0.221"
"2019","All","21 - 24","All","Female","Not main scheme applicant","All","15","15","0.8130000000000001"
"2020","All","21 - 24","All","Female","Not main scheme applicant","All","25","20","0.704"
"2021","All","21 - 24","All","Female","Not main scheme applicant","All","20","15","0.7000000000000001"
"2022","All","21 - 24","All","Female","Not main scheme applicant","All","50","35","0.712"
"2023","All","21 - 24","All","Female","Not main scheme applicant","All","65","55","0.791"
"2019","All","25 - 29","All","Female","Not main scheme applicant","All","25","20","0.783"
"2020","All","25 - 29","All","Female","Not main scheme applicant","All","35","30","0.784"
"2021","All","25 - 29","All","Female","Not main scheme applicant","All","10","5"," "
"2022","All","25 - 29","All","Female","Not main scheme applicant","All","45","35","0.717"
"2023","All","25 - 29","All","Female","Not main scheme applicant","All","35","30","0.853"
"2019","All","30 - 34","All","Female","Not main scheme applicant","All","5","5"," "
"2020","All","30 - 34","All","Female","Not main scheme applicant","All","15","10","0.733"
"2021","All","30 - 34","All","Female","Not main scheme applicant","All","10","5"," "
"2022","All","30 - 34","All","Female","Not main scheme applicant","All","15","10","0.733"
"2023","All","30 - 34","All","Female","Not main scheme applicant","All","15","15","0.882"
"2019","All","35 and over","All","Female","Not main scheme applicant","All","20","15","0.682"
"2020","All","35 and over","All","Female","Not main scheme applicant","All","35","20","0.667"
"2021","All","35 and over","All","Female","Not main scheme applicant","All","20","15","0.81"
"2022","All","35 and over","All","Female","Not main scheme applicant","All","35","25","0.771"
"2023","All","35 and over","All","Female","Not main scheme applicant","All","35","25","0.771"
"2019","All","21 - 24","All","Male","Not main scheme applicant","All","10","10","1"
"2020","All","21 - 24","All","Male","Not main scheme applicant","All","20","15","0.81"
"2021","All","21 - 24","All","Male","Not main scheme applicant","All","10","5"," "
"2022","All","21 - 24","All","Male","Not main scheme applicant","All","40","35","0.872"
"2023","All","21 - 24","All","Male","Not main scheme applicant","All","45","35","0.86"
"2019","All","25 - 29","All","Male","Not main scheme applicant","All","10","10","0.917"
"2020","All","25 - 29","All","Male","Not main scheme applicant","All","30","25","0.8130000000000001"
"2021","All","25 - 29","All","Male","Not main scheme applicant","All","5","5"," "
"2022","All","25 - 29","All","Male","Not main scheme applicant","All","25","20","0.792"
"2023","All","25 - 29","All","Male","Not main scheme applicant","All","25","20","0.833"
"2019","All","30 - 34","All","Male","Not main scheme applicant","All","5","5"," "
"2020","All","30 - 34","All","Male","Not main scheme applicant","All","5","5"," "
"2021","All","30 - 34","All","Male","Not main scheme applicant","All","5","5"," "
"2022","All","30 - 34","All","Male","Not main scheme applicant","All","10","5"," "
"2023","All","30 - 34","All","Male","Not main scheme applicant","All","10","10","0.833"
"2019","All","35 and over","All","Male","Not main scheme applicant","All","10","5"," "
"2020","All","35 and over","All","Male","Not main scheme applicant","All","20","15","0.81"
"2021","All","35 and over","All","Male","Not main scheme applicant","All","10","5"," "
"2022","All","35 and over","All","Male","Not main scheme applicant","All","20","15","0.684"
"2023","All","35 and over","All","Male","Not main scheme applicant","All","30","25","0.893"
"2022","All","17 and under","All","Female","Main scheme applicant","All","5","0"," "
"2019","All","18","All","Female","Main scheme applicant","All","10","0"," "
"2020","All","18","All","Female","Main scheme applicant","All","30","0"," "
"2021","All","18","All","Female","Main scheme applicant","All","20","0"," "
"2022","All","18","All","Female","Main scheme applicant","All","40","0"," "
"2023","All","18","All","Female","Main scheme applicant","All","25","0"," "
"2019","All","19","All","Female","Main scheme applicant","All","5","0"," "
"2020","All","19","All","Female","Main scheme applicant","All","5","0"," "
"2021","All","19","All","Female","Main scheme applicant","All","5","0"," "
"2022","All","19","All","Female","Main scheme applicant","All","10","0"," "
"2023","All","19","All","Female","Main scheme applicant","All","10","0"," "
"2019","All","20","All","Female","Main scheme applicant","All","10","0"," "
"2020","All","20","All","Female","Main scheme applicant","All","10","0"," "
"2021","All","20","All","Female","Main scheme applicant","All","15","0"," "
"2022","All","20","All","Female","Main scheme applicant","All","10","0"," "
"2023","All","20","All","Female","Main scheme applicant","All","5","0"," "
"2019","All","21 - 24","All","Female","Main scheme applicant","All","1350","720","0.534"
"2020","All","21 - 24","All","Female","Main scheme applicant","All","1485","785","0.53"
"2021","All","21 - 24","All","Female","Main scheme applicant","All","1790","760","0.423"
"2022","All","21 - 24","All","Female","Main scheme applicant","All","1795","1075","0.599"
"2023","All","21 - 24","All","Female","Main scheme applicant","All","1585","965","0.608"
"2019","All","25 - 29","All","Female","Main scheme applicant","All","1045","575","0.548"
"2020","All","25 - 29","All","Female","Main scheme applicant","All","1010","545","0.541"
"2021","All","25 - 29","All","Female","Main scheme applicant","All","1260","585","0.464"
"2022","All","25 - 29","All","Female","Main scheme applicant","All","1015","575","0.5680000000000001"
"2023","All","25 - 29","All","Female","Main scheme applicant","All","755","445","0.587"
"2019","All","30 - 34","All","Female","Main scheme applicant","All","450","210","0.466"
"2020","All","30 - 34","All","Female","Main scheme applicant","All","470","260","0.55"
"2021","All","30 - 34","All","Female","Main scheme applicant","All","520","205","0.39"
"2022","All","30 - 34","All","Female","Main scheme applicant","All","405","230","0.5740000000000001"
"2023","All","30 - 34","All","Female","Main scheme applicant","All","340","195","0.58"
"2019","All","35 and over","All","Female","Main scheme applicant","All","800","360","0.446"
"2020","All","35 and over","All","Female","Main scheme applicant","All","865","410","0.47200000000000003"
"2021","All","35 and over","All","Female","Main scheme applicant","All","910","360","0.395"
"2022","All","35 and over","All","Female","Main scheme applicant","All","725","375","0.514"
"2023","All","35 and over","All","Female","Main scheme applicant","All","605","340","0.561"
"2019","All","18","All","Male","Main scheme applicant","All","5","0"," "
"2020","All","18","All","Male","Main scheme applicant","All","5","0"," "
"2021","All","18","All","Male","Main scheme applicant","All","10","0"," "
"2022","All","18","All","Male","Main scheme applicant","All","15","0"," "
"2023","All","18","All","Male","Main scheme applicant","All","15","0"," "
"2020","All","19","All","Male","Main scheme applicant","All","5","0"," "
"2022","All","19","All","Male","Main scheme applicant","All","5","0"," "
"2023","All","19","All","Male","Main scheme applicant","All","5","0"," "
"2021","All","20","All","Male","Main scheme applicant","All","5","0"," "
"2022","All","20","All","Male","Main scheme applicant","All","5","0"," "
"2023","All","20","All","Male","Main scheme applicant","All","10","0"," "
"2019","All","21 - 24","All","Male","Main scheme applicant","All","495","200","0.405"
"2020","All","21 - 24","All","Male","Main scheme applicant","All","465","205","0.437"
"2021","All","21 - 24","All","Male","Main scheme applicant","All","590","215","0.362"
"2022","All","21 - 24","All","Male","Main scheme applicant","All","650","295","0.455"
"2023","All","21 - 24","All","Male","Main scheme applicant","All","545","310","0.5680000000000001"
"2019","All","25 - 29","All","Male","Main scheme applicant","All","415","190","0.457"
"2020","All","25 - 29","All","Male","Main scheme applicant","All","475","225","0.47400000000000003"
"2021","All","25 - 29","All","Male","Main scheme applicant","All","550","210","0.383"
"2022","All","25 - 29","All","Male","Main scheme applicant","All","475","245","0.518"
"2023","All","25 - 29","All","Male","Main scheme applicant","All","390","215","0.554"
"2019","All","30 - 34","All","Male","Main scheme applicant","All","220","105","0.47300000000000003"
"2020","All","30 - 34","All","Male","Main scheme applicant","All","230","105","0.454"
"2021","All","30 - 34","All","Male","Main scheme applicant","All","250","105","0.40900000000000003"
"2022","All","30 - 34","All","Male","Main scheme applicant","All","250","130","0.52"
"2023","All","30 - 34","All","Male","Main scheme applicant","All","165","80","0.485"
"2019","All","35 and over","All","Male","Main scheme applicant","All","340","150","0.443"
"2020","All","35 and over","All","Male","Main scheme applicant","All","325","145","0.449"
"2021","All","35 and over","All","Male","Main scheme applicant","All","375","130","0.354"
"2022","All","35 and over","All","Male","Main scheme applicant","All","305","140","0.462"
"2023","All","35 and over","All","Male","Main scheme applicant","All","225","105","0.458"
"2019","Lower tariff","All","All","Female","Not main scheme applicant","All","10","10","1"
"2020","Lower tariff","All","All","Female","Not main scheme applicant","All","25","25","0.889"
"2021","Lower tariff","All","All","Female","Not main scheme applicant","All","15","15","0.929"
"2022","Lower tariff","All","All","Female","Not main scheme applicant","All","45","35","0.8220000000000001"
"2023","Lower tariff","All","All","Female","Not main scheme applicant","All","45","40","0.8260000000000001"
"2019","Higher tariff","All","All","Female","Not main scheme applicant","All","50","35","0.667"
"2020","Higher tariff","All","All","Female","Not main scheme applicant","All","70","45","0.6910000000000001"
"2021","Higher tariff","All","All","Female","Not main scheme applicant","All","40","30","0.763"
"2022","Higher tariff","All","All","Female","Not main scheme applicant","All","50","35","0.708"
"2023","Higher tariff","All","All","Female","Not main scheme applicant","All","60","50","0.8170000000000001"
"2019","Medium tariff","All","All","Female","Not main scheme applicant","All","5","5"," "
"2020","Medium tariff","All","All","Female","Not main scheme applicant","All","15","10","0.588"
"2021","Medium tariff","All","All","Female","Not main scheme applicant","All","10","0"," "
"2022","Medium tariff","All","All","Female","Not main scheme applicant","All","55","35","0.673"
"2023","Medium tariff","All","All","Female","Not main scheme applicant","All","45","35","0.787"
"2019","Lower tariff","All","All","Male","Not main scheme applicant","All","5","5"," "
"2020","Lower tariff","All","All","Male","Not main scheme applicant","All","10","10"," "
"2021","Lower tariff","All","All","Male","Not main scheme applicant","All","5","5"," "
"2022","Lower tariff","All","All","Male","Not main scheme applicant","All","40","30","0.842"
"2023","Lower tariff","All","All","Male","Not main scheme applicant","All","30","25","0.8"
"2019","Higher tariff","All","All","Male","Not main scheme applicant","All","25","20","0.846"
"2020","Higher tariff","All","All","Male","Not main scheme applicant","All","60","50","0.881"
"2021","Higher tariff","All","All","Male","Not main scheme applicant","All","20","15","0.842"
"2022","Higher tariff","All","All","Male","Not main scheme applicant","All","35","20","0.636"
"2023","Higher tariff","All","All","Male","Not main scheme applicant","All","35","30","0.8290000000000001"
"2019","Medium tariff","All","All","Male","Not main scheme applicant","All","5","5"," "
"2020","Medium tariff","All","All","Male","Not main scheme applicant","All","10","5"," "
"2021","Medium tariff","All","All","Male","Not main scheme applicant","All","5","5"," "
"2022","Medium tariff","All","All","Male","Not main scheme applicant","All","20","15","0.842"
"2023","Medium tariff","All","All","Male","Not main scheme applicant","All","40","40","0.929"
"2019","Lower tariff","All","All","Female","Main scheme applicant","All","35","15","0.486"
"2020","Lower tariff","All","All","Female","Main scheme applicant","All","45","15","0.34"
"2021","Lower tariff","All","All","Female","Main scheme applicant","All","35","20","0.5760000000000001"
"2022","Lower tariff","All","All","Female","Main scheme applicant","All","810","465","0.577"
"2023","Lower tariff","All","All","Female","Main scheme applicant","All","710","405","0.5710000000000001"
"2019","Higher tariff","All","All","Female","Main scheme applicant","All","3440","1540","0.448"
"2020","Higher tariff","All","All","Female","Main scheme applicant","All","3600","1670","0.463"
"2021","Higher tariff","All","All","Female","Main scheme applicant","All","4295","1560","0.363"
"2022","Higher tariff","All","All","Female","Main scheme applicant","All","2955","1365","0.462"
"2023","Higher tariff","All","All","Female","Main scheme applicant","All","2395","1160","0.483"
"2019","Medium tariff","All","All","Female","Main scheme applicant","All","2060","305","0.149"
"2020","Medium tariff","All","All","Female","Main scheme applicant","All","2130","320","0.149"
"2021","Medium tariff","All","All","Female","Main scheme applicant","All","2550","330","0.129"
"2022","Medium tariff","All","All","Female","Main scheme applicant","All","2210","425","0.192"
"2023","Medium tariff","All","All","Female","Main scheme applicant","All","1875","380","0.20400000000000001"
"2019","Lower tariff","All","All","Male","Main scheme applicant","All","10","5"," "
"2020","Lower tariff","All","All","Male","Main scheme applicant","All","5","0"," "
"2021","Lower tariff","All","All","Male","Main scheme applicant","All","10","5"," "
"2022","Lower tariff","All","All","Male","Main scheme applicant","All","330","180","0.539"
"2023","Lower tariff","All","All","Male","Main scheme applicant","All","285","160","0.552"
"2019","Higher tariff","All","All","Male","Main scheme applicant","All","1420","550","0.387"
"2020","Higher tariff","All","All","Male","Main scheme applicant","All","1420","565","0.398"
"2021","Higher tariff","All","All","Male","Main scheme applicant","All","1710","555","0.324"
"2022","Higher tariff","All","All","Male","Main scheme applicant","All","1295","480","0.371"
"2023","Higher tariff","All","All","Male","Main scheme applicant","All","965","400","0.41600000000000004"
"2019","Medium tariff","All","All","Male","Main scheme applicant","All","760","90","0.117"
"2020","Medium tariff","All","All","Male","Main scheme applicant","All","785","110","0.14"
"2021","Medium tariff","All","All","Male","Main scheme applicant","All","940","100","0.105"
"2022","Medium tariff","All","All","Male","Main scheme applicant","All","950","155","0.164"
"2023","Medium tariff","All","All","Male","Main scheme applicant","All","785","150","0.193"
"2019","All","All","All","Female","Not main scheme applicant","All","70","50","0.735"
"2020","All","All","All","Female","Not main scheme applicant","All","110","80","0.723"
"2021","All","All","All","Female","Not main scheme applicant","All","60","45","0.721"
"2022","All","All","All","Female","Not main scheme applicant","All","150","110","0.73"
"2023","All","All","All","Female","Not main scheme applicant","All","155","125","0.81"
"2019","All","All","All","Male","Not main scheme applicant","All","35","30","0.861"
"2020","All","All","All","Male","Not main scheme applicant","All","80","65","0.8250000000000001"
"2021","All","All","All","Male","Not main scheme applicant","All","30","25","0.767"
"2022","All","All","All","Male","Not main scheme applicant","All","90","70","0.767"
"2023","All","All","All","Male","Not main scheme applicant","All","105","90","0.86"
"2019","All","All","All","Female","Main scheme applicant","All","3675","1865","0.507"
"2020","All","All","All","Female","Main scheme applicant","All","3875","2005","0.517"
"2021","All","All","All","Female","Main scheme applicant","All","4525","1905","0.421"
"2022","All","All","All","Female","Main scheme applicant","All","4000","2255","0.5640000000000001"
"2023","All","All","All","Female","Main scheme applicant","All","3325","1945","0.585"
"2019","All","All","All","Male","Main scheme applicant","All","1480","645","0.436"
"2020","All","All","All","Male","Main scheme applicant","All","1505","680","0.45"
"2021","All","All","All","Male","Main scheme applicant","All","1775","660","0.371"
"2022","All","All","All","Male","Main scheme applicant","All","1700","815","0.47900000000000004"
"2023","All","All","All","Male","Main scheme applicant","All","1360","710","0.524"
"2019","Lower tariff","21 - 24","England","All","Not main scheme applicant","All","5","5"," "
"2020","Lower tariff","21 - 24","England","All","Not main scheme applicant","All","5","5"," "
"2021","Lower tariff","21 - 24","England","All","Not main scheme applicant","All","5","0"," "
"2022","Lower tariff","21 - 24","England","All","Not main scheme applicant","All","10","5"," "
"2023","Lower tariff","21 - 24","England","All","Not main scheme applicant","All","5","5"," "
"2022","Medium tariff","21 - 24","England","All","Not main scheme applicant","All","5","0"," "
"2023","Medium tariff","21 - 24","England","All","Not main scheme applicant","All","5","5"," "
"2019","Lower tariff","25 - 29","England","All","Not main scheme applicant","All","5","5"," "
"2020","Lower tariff","25 - 29","England","All","Not main scheme applicant","All","10","10","0.833"
"2021","Lower tariff","25 - 29","England","All","Not main scheme applicant","All","5","5"," "
"2022","Lower tariff","25 - 29","England","All","Not main scheme applicant","All","5","5"," "
"2023","Lower tariff","25 - 29","England","All","Not main scheme applicant","All","10","10","1"
"2020","Lower tariff","30 - 34","England","All","Not main scheme applicant","All","5","5"," "
"2021","Lower tariff","30 - 34","England","All","Not main scheme applicant","All","5","5"," "
"2019","Lower tariff","35 and over","England","All","Not main scheme applicant","All","10","10"," "
"2020","Lower tariff","35 and over","England","All","Not main scheme applicant","All","10","10","0.917"
"2021","Lower tariff","35 and over","England","All","Not main scheme applicant","All","10","10"," "
"2022","Lower tariff","35 and over","England","All","Not main scheme applicant","All","5","5"," "
"2023","Lower tariff","35 and over","England","All","Not main scheme applicant","All","10","10"," "
"2019","Higher tariff","21 - 24","Scotland","All","Not main scheme applicant","All","15","15","0.8240000000000001"
"2020","Higher tariff","21 - 24","Scotland","All","Not main scheme applicant","All","30","25","0.8"
"2021","Higher tariff","21 - 24","Scotland","All","Not main scheme applicant","All","20","15","0.9440000000000001"
"2022","Higher tariff","21 - 24","Scotland","All","Not main scheme applicant","All","20","15","0.85"
"2023","Higher tariff","21 - 24","Scotland","All","Not main scheme applicant","All","25","20","0.72"
"2019","Medium tariff","21 - 24","Scotland","All","Not main scheme applicant","All","5","5"," "
"2020","Medium tariff","21 - 24","Scotland","All","Not main scheme applicant","All","5","5"," "
"2021","Medium tariff","21 - 24","Scotland","All","Not main scheme applicant","All","5","0"," "
"2022","Medium tariff","21 - 24","Scotland","All","Not main scheme applicant","All","5","5"," "
"2019","Higher tariff","25 - 29","Scotland","All","Not main scheme applicant","All","30","25","0.793"
"2020","Higher tariff","25 - 29","Scotland","All","Not main scheme applicant","All","45","40","0.851"
"2021","Higher tariff","25 - 29","Scotland","All","Not main scheme applicant","All","15","10","0.714"
"2022","Higher tariff","25 - 29","Scotland","All","Not main scheme applicant","All","20","15","0.75"
"2023","Higher tariff","25 - 29","Scotland","All","Not main scheme applicant","All","25","20","0.875"
"2020","Medium tariff","25 - 29","Scotland","All","Not main scheme applicant","All","5","5"," "
"2022","Medium tariff","25 - 29","Scotland","All","Not main scheme applicant","All","5","5"," "
"2019","Higher tariff","30 - 34","Scotland","All","Not main scheme applicant","All","10","5"," "
"2020","Higher tariff","30 - 34","Scotland","All","Not main scheme applicant","All","10","5"," "
"2022","Higher tariff","30 - 34","Scotland","All","Not main scheme applicant","All","10","5"," "
"2023","Higher tariff","30 - 34","Scotland","All","Not main scheme applicant","All","15","10","0.786"
"2020","Medium tariff","30 - 34","Scotland","All","Not main scheme applicant","All","5","5"," "
"2021","Medium tariff","30 - 34","Scotland","All","Not main scheme applicant","All","5","0"," "
"2022","Medium tariff","30 - 34","Scotland","All","Not main scheme applicant","All","5","0"," "
"2019","Higher tariff","35 and over","Scotland","All","Not main scheme applicant","All","20","10","0.55"
"2020","Higher tariff","35 and over","Scotland","All","Not main scheme applicant","All","30","25","0.75"
"2021","Higher tariff","35 and over","Scotland","All","Not main scheme applicant","All","20","15","0.778"
"2022","Higher tariff","35 and over","Scotland","All","Not main scheme applicant","All","25","15","0.708"
"2023","Higher tariff","35 and over","Scotland","All","Not main scheme applicant","All","30","25","0.871"
"2019","Medium tariff","35 and over","Scotland","All","Not main scheme applicant","All","5","5"," "
"2020","Medium tariff","35 and over","Scotland","All","Not main scheme applicant","All","10","5"," "
"2021","Medium tariff","35 and over","Scotland","All","Not main scheme applicant","All","5","0"," "
"2022","Medium tariff","35 and over","Scotland","All","Not main scheme applicant","All","5","5"," "
"2023","Medium tariff","35 and over","Scotland","All","Not main scheme applicant","All","5","5"," "
"2022","Lower tariff","21 - 24","Wales","All","Not main scheme applicant","All","25","20","0.8150000000000001"
"2023","Lower tariff","21 - 24","Wales","All","Not main scheme applicant","All","30","25","0.75"
"2022","Medium tariff","21 - 24","Wales","All","Not main scheme applicant","All","25","20","0.8"
"2023","Medium tariff","21 - 24","Wales","All","Not main scheme applicant","All","35","35","0.917"
"2022","Lower tariff","25 - 29","Wales","All","Not main scheme applicant","All","20","15","0.889"
"2023","Lower tariff","25 - 29","Wales","All","Not main scheme applicant","All","5","5"," "
"2022","Medium tariff","25 - 29","Wales","All","Not main scheme applicant","All","15","10","0.6880000000000001"
"2023","Medium tariff","25 - 29","Wales","All","Not main scheme applicant","All","15","10","0.769"
"2022","Lower tariff","30 - 34","Wales","All","Not main scheme applicant","All","5","5"," "
"2023","Lower tariff","30 - 34","Wales","All","Not main scheme applicant","All","5","0"," "
"2023","Medium tariff","30 - 34","Wales","All","Not main scheme applicant","All","10","10"," "
"2022","Lower tariff","35 and over","Wales","All","Not main scheme applicant","All","10","10"," "
"2023","Lower tariff","35 and over","Wales","All","Not main scheme applicant","All","5","5"," "
"2022","Medium tariff","35 and over","Wales","All","Not main scheme applicant","All","5","5"," "
"2023","Medium tariff","35 and over","Wales","All","Not main scheme applicant","All","10","10"," "
"2022","Lower tariff","21 - 24","Northern Ireland","All","Main scheme applicant","All","5","0"," "
"2023","Lower tariff","21 - 24","Northern Ireland","All","Main scheme applicant","All","5","0"," "
"2019","Higher tariff","21 - 24","Northern Ireland","All","Main scheme applicant","All","60","10","0.17200000000000001"
"2020","Higher tariff","21 - 24","Northern Ireland","All","Main scheme applicant","All","40","10"," "
"2021","Higher tariff","21 - 24","Northern Ireland","All","Main scheme applicant","All","65","15","0.222"
"2022","Higher tariff","21 - 24","Northern Ireland","All","Main scheme applicant","All","45","10","0.23900000000000002"
"2023","Higher tariff","21 - 24","Northern Ireland","All","Main scheme applicant","All","25","5"," "
"2019","Medium tariff","21 - 24","Northern Ireland","All","Main scheme applicant","All","20","0"," "
"2020","Medium tariff","21 - 24","Northern Ireland","All","Main scheme applicant","All","10","0"," "
"2021","Medium tariff","21 - 24","Northern Ireland","All","Main scheme applicant","All","25","0"," "
"2022","Medium tariff","21 - 24","Northern Ireland","All","Main scheme applicant","All","20","0"," "
"2023","Medium tariff","21 - 24","Northern Ireland","All","Main scheme applicant","All","10","0"," "
"2022","Lower tariff","25 - 29","Northern Ireland","All","Main scheme applicant","All","5","0"," "
"2023","Lower tariff","25 - 29","Northern Ireland","All","Main scheme applicant","All","5","0"," "
"2019","Higher tariff","25 - 29","Northern Ireland","All","Main scheme applicant","All","25","10","0.423"
"2020","Higher tariff","25 - 29","Northern Ireland","All","Main scheme applicant","All","20","5"," "
"2021","Higher tariff","25 - 29","Northern Ireland","All","Main scheme applicant","All","25","5"," "
"2022","Higher tariff","25 - 29","Northern Ireland","All","Main scheme applicant","All","15","5"," "
"2023","Higher tariff","25 - 29","Northern Ireland","All","Main scheme applicant","All","10","5"," "
"2019","Medium tariff","25 - 29","Northern Ireland","All","Main scheme applicant","All","10","0"," "
"2020","Medium tariff","25 - 29","Northern Ireland","All","Main scheme applicant","All","10","0"," "
"2021","Medium tariff","25 - 29","Northern Ireland","All","Main scheme applicant","All","5","0"," "
"2022","Medium tariff","25 - 29","Northern Ireland","All","Main scheme applicant","All","5","0"," "
"2023","Medium tariff","25 - 29","Northern Ireland","All","Main scheme applicant","All","5","0"," "
"2020","Higher tariff","30 - 34","Northern Ireland","All","Main scheme applicant","All","5","0"," "
"2021","Higher tariff","30 - 34","Northern Ireland","All","Main scheme applicant","All","5","0"," "
"2022","Higher tariff","30 - 34","Northern Ireland","All","Main scheme applicant","All","5","0"," "
"2023","Higher tariff","30 - 34","Northern Ireland","All","Main scheme applicant","All","5","0"," "
"2021","Medium tariff","30 - 34","Northern Ireland","All","Main scheme applicant","All","5","0"," "
"2022","Medium tariff","30 - 34","Northern Ireland","All","Main scheme applicant","All","5","0"," "
"2019","Higher tariff","35 and over","Northern Ireland","All","Main scheme applicant","All","5","0"," "
"2023","Higher tariff","35 and over","Northern Ireland","All","Main scheme applicant","All","5","0"," "
"2021","Medium tariff","35 and over","Northern Ireland","All","Main scheme applicant","All","5","0"," "
"2022","Lower tariff","18","England","All","Main scheme applicant","All","5","0"," "
"2022","Medium tariff","18","England","All","Main scheme applicant","All","5","0"," "
"2023","Medium tariff","18","England","All","Main scheme applicant","All","5","0"," "
"2019","Lower tariff","21 - 24","England","All","Main scheme applicant","All","15","10"," "
"2020","Lower tariff","21 - 24","England","All","Main scheme applicant","All","10","5"," "
"2021","Lower tariff","21 - 24","England","All","Main scheme applicant","All","10","5"," "
"2022","Lower tariff","21 - 24","England","All","Main scheme applicant","All","85","35","0.388"
"2023","Lower tariff","21 - 24","England","All","Main scheme applicant","All","70","30","0.444"
"2019","Higher tariff","21 - 24","England","All","Main scheme applicant","All","55","20","0.375"
"2020","Higher tariff","21 - 24","England","All","Main scheme applicant","All","40","15","0.366"
"2021","Higher tariff","21 - 24","England","All","Main scheme applicant","All","75","20","0.25"
"2022","Higher tariff","21 - 24","England","All","Main scheme applicant","All","50","10","0.24"
"2023","Higher tariff","21 - 24","England","All","Main scheme applicant","All","40","5"," "
"2019","Medium tariff","21 - 24","England","All","Main scheme applicant","All","20","0"," "
"2020","Medium tariff","21 - 24","England","All","Main scheme applicant","All","10","0"," "
"2021","Medium tariff","21 - 24","England","All","Main scheme applicant","All","20","0"," "
"2022","Medium tariff","21 - 24","England","All","Main scheme applicant","All","55","20","0.375"
"2023","Medium tariff","21 - 24","England","All","Main scheme applicant","All","55","20","0.37"
"2019","Lower tariff","25 - 29","England","All","Main scheme applicant","All","5","0"," "
"2020","Lower tariff","25 - 29","England","All","Main scheme applicant","All","10","5"," "
"2021","Lower tariff","25 - 29","England","All","Main scheme applicant","All","15","5"," "
"2022","Lower tariff","25 - 29","England","All","Main scheme applicant","All","5","0"," "
"2023","Lower tariff","25 - 29","England","All","Main scheme applicant","All","10","5"," "
"2019","Higher tariff","25 - 29","England","All","Main scheme applicant","All","25","5"," "
"2020","Higher tariff","25 - 29","England","All","Main scheme applicant","All","25","10","0.462"
"2021","Higher tariff","25 - 29","England","All","Main scheme applicant","All","40","15","0.341"
"2022","Higher tariff","25 - 29","England","All","Main scheme applicant","All","30","5"," "
"2023","Higher tariff","25 - 29","England","All","Main scheme applicant","All","15","0"," "
"2019","Medium tariff","25 - 29","England","All","Main scheme applicant","All","10","0"," "
"2020","Medium tariff","25 - 29","England","All","Main scheme applicant","All","15","5"," "
"2021","Medium tariff","25 - 29","England","All","Main scheme applicant","All","15","0"," "
"2022","Medium tariff","25 - 29","England","All","Main scheme applicant","All","15","0"," "
"2023","Medium tariff","25 - 29","England","All","Main scheme applicant","All","10","0"," "
"2019","Lower tariff","30 - 34","England","All","Main scheme applicant","All","10","5"," "
"2020","Lower tariff","30 - 34","England","All","Main scheme applicant","All","10","5"," "
"2021","Lower tariff","30 - 34","England","All","Main scheme applicant","All","5","0"," "
"2022","Lower tariff","30 - 34","England","All","Main scheme applicant","All","5","5"," "
"2023","Lower tariff","30 - 34","England","All","Main scheme applicant","All","5","0"," "
"2019","Higher tariff","30 - 34","England","All","Main scheme applicant","All","5","0"," "
"2020","Higher tariff","30 - 34","England","All","Main scheme applicant","All","10","10"," "
"2021","Higher tariff","30 - 34","England","All","Main scheme applicant","All","15","0"," "
"2022","Higher tariff","30 - 34","England","All","Main scheme applicant","All","10","0"," "
"2023","Higher tariff","30 - 34","England","All","Main scheme applicant","All","5","5"," "
"2019","Medium tariff","30 - 34","England","All","Main scheme applicant","All","5","0"," "
"2020","Medium tariff","30 - 34","England","All","Main scheme applicant","All","5","0"," "
"2021","Medium tariff","30 - 34","England","All","Main scheme applicant","All","5","0"," "
"2022","Medium tariff","30 - 34","England","All","Main scheme applicant","All","10","5"," "
"2023","Medium tariff","30 - 34","England","All","Main scheme applicant","All","5","0"," "
"2019","Lower tariff","35 and over","England","All","Main scheme applicant","All","10","5"," "
"2020","Lower tariff","35 and over","England","All","Main scheme applicant","All","15","5"," "
"2021","Lower tariff","35 and over","England","All","Main scheme applicant","All","10","10","0.833"
"2022","Lower tariff","35 and over","England","All","Main scheme applicant","All","10","5"," "
"2023","Lower tariff","35 and over","England","All","Main scheme applicant","All","10","0"," "
"2019","Higher tariff","35 and over","England","All","Main scheme applicant","All","10","0"," "
"2020","Higher tariff","35 and over","England","All","Main scheme applicant","All","5","0"," "
"2021","Higher tariff","35 and over","England","All","Main scheme applicant","All","10","5"," "
"2022","Higher tariff","35 and over","England","All","Main scheme applicant","All","5","0"," "
"2019","Medium tariff","35 and over","England","All","Main scheme applicant","All","5","0"," "
"2020","Medium tariff","35 and over","England","All","Main scheme applicant","All","5","0"," "
"2021","Medium tariff","35 and over","England","All","Main scheme applicant","All","10","0"," "
"2023","Medium tariff","35 and over","England","All","Main scheme applicant","All","5","0"," "
"2019","Higher tariff","18","Scotland","All","Main scheme applicant","All","10","0"," "
"2020","Higher tariff","18","Scotland","All","Main scheme applicant","All","15","0"," "
"2021","Higher tariff","18","Scotland","All","Main scheme applicant","All","20","0"," "
"2022","Higher tariff","18","Scotland","All","Main scheme applicant","All","20","0"," "
"2023","Higher tariff","18","Scotland","All","Main scheme applicant","All","20","0"," "
"2019","Medium tariff","18","Scotland","All","Main scheme applicant","All","5","0"," "
"2020","Medium tariff","18","Scotland","All","Main scheme applicant","All","10","0"," "
"2021","Medium tariff","18","Scotland","All","Main scheme applicant","All","5","0"," "
"2022","Medium tariff","18","Scotland","All","Main scheme applicant","All","5","0"," "
"2023","Medium tariff","18","Scotland","All","Main scheme applicant","All","5","0"," "
"2019","Higher tariff","19","Scotland","All","Main scheme applicant","All","5","0"," "
"2021","Higher tariff","19","Scotland","All","Main scheme applicant","All","5","0"," "
"2022","Higher tariff","19","Scotland","All","Main scheme applicant","All","10","0"," "
"2023","Higher tariff","19","Scotland","All","Main scheme applicant","All","5","0"," "
"2019","Medium tariff","19","Scotland","All","Main scheme applicant","All","5","0"," "
"2021","Medium tariff","19","Scotland","All","Main scheme applicant","All","5","0"," "
"2019","Higher tariff","20","Scotland","All","Main scheme applicant","All","5","0"," "
"2020","Higher tariff","20","Scotland","All","Main scheme applicant","All","5","0"," "
"2021","Higher tariff","20","Scotland","All","Main scheme applicant","All","15","0"," "
"2022","Higher tariff","20","Scotland","All","Main scheme applicant","All","5","0"," "
"2023","Higher tariff","20","Scotland","All","Main scheme applicant","All","5","0"," "
"2020","Medium tariff","20","Scotland","All","Main scheme applicant","All","5","0"," "
"2021","Medium tariff","20","Scotland","All","Main scheme applicant","All","5","0"," "
"2022","Medium tariff","20","Scotland","All","Main scheme applicant","All","5","0"," "
"2023","Medium tariff","20","Scotland","All","Main scheme applicant","All","5","0"," "
"2022","Lower tariff","21 - 24","Scotland","All","Main scheme applicant","All","5","0"," "
"2023","Lower tariff","21 - 24","Scotland","All","Main scheme applicant","All","5","0"," "
"2019","Higher tariff","21 - 24","Scotland","All","Main scheme applicant","All","1545","740","0.47800000000000004"
"2020","Higher tariff","21 - 24","Scotland","All","Main scheme applicant","All","1640","795","0.483"
"2021","Higher tariff","21 - 24","Scotland","All","Main scheme applicant","All","2070","800","0.386"
"2022","Higher tariff","21 - 24","Scotland","All","Main scheme applicant","All","1505","710","0.47200000000000003"
"2023","Higher tariff","21 - 24","Scotland","All","Main scheme applicant","All","1270","660","0.522"
"2019","Medium tariff","21 - 24","Scotland","All","Main scheme applicant","All","860","95","0.108"
"2020","Medium tariff","21 - 24","Scotland","All","Main scheme applicant","All","945","100","0.105"
"2021","Medium tariff","21 - 24","Scotland","All","Main scheme applicant","All","1220","105","0.088"
"2022","Medium tariff","21 - 24","Scotland","All","Main scheme applicant","All","880","95","0.106"
"2023","Medium tariff","21 - 24","Scotland","All","Main scheme applicant","All","745","90","0.11800000000000001"
"2022","Lower tariff","25 - 29","Scotland","All","Main scheme applicant","All","5","0"," "
"2023","Lower tariff","25 - 29","Scotland","All","Main scheme applicant","All","5","0"," "
"2019","Higher tariff","25 - 29","Scotland","All","Main scheme applicant","All","1270","595","0.467"
"2020","Higher tariff","25 - 29","Scotland","All","Main scheme applicant","All","1265","585","0.464"
"2021","Higher tariff","25 - 29","Scotland","All","Main scheme applicant","All","1615","605","0.376"
"2022","Higher tariff","25 - 29","Scotland","All","Main scheme applicant","All","1100","510","0.465"
"2023","Higher tariff","25 - 29","Scotland","All","Main scheme applicant","All","810","395","0.49"
"2019","Medium tariff","25 - 29","Scotland","All","Main scheme applicant","All","810","115","0.14400000000000002"
"2020","Medium tariff","25 - 29","Scotland","All","Main scheme applicant","All","790","115","0.148"
"2021","Medium tariff","25 - 29","Scotland","All","Main scheme applicant","All","1015","140","0.14"
"2022","Medium tariff","25 - 29","Scotland","All","Main scheme applicant","All","705","110","0.153"
"2023","Medium tariff","25 - 29","Scotland","All","Main scheme applicant","All","545","75","0.138"
"2019","Higher tariff","30 - 34","Scotland","All","Main scheme applicant","All","560","230","0.41000000000000003"
"2020","Higher tariff","30 - 34","Scotland","All","Main scheme applicant","All","585","265","0.453"
"2021","Higher tariff","30 - 34","Scotland","All","Main scheme applicant","All","685","230","0.335"
"2022","Higher tariff","30 - 34","Scotland","All","Main scheme applicant","All","480","225","0.466"
"2023","Higher tariff","30 - 34","Scotland","All","Main scheme applicant","All","355","160","0.448"
"2019","Medium tariff","30 - 34","Scotland","All","Main scheme applicant","All","345","55","0.166"
"2020","Medium tariff","30 - 34","Scotland","All","Main scheme applicant","All","365","65","0.18"
"2021","Medium tariff","30 - 34","Scotland","All","Main scheme applicant","All","410","65","0.159"
"2022","Medium tariff","30 - 34","Scotland","All","Main scheme applicant","All","295","50","0.168"
"2023","Medium tariff","30 - 34","Scotland","All","Main scheme applicant","All","240","50","0.20600000000000002"
"2022","Lower tariff","35 and over","Scotland","All","Main scheme applicant","All","5","0"," "
"2019","Higher tariff","35 and over","Scotland","All","Main scheme applicant","All","980","385","0.393"
"2020","Higher tariff","35 and over","Scotland","All","Main scheme applicant","All","1010","410","0.40700000000000003"
"2021","Higher tariff","35 and over","Scotland","All","Main scheme applicant","All","1105","365","0.332"
"2022","Higher tariff","35 and over","Scotland","All","Main scheme applicant","All","760","315","0.418"
"2023","Higher tariff","35 and over","Scotland","All","Main scheme applicant","All","620","280","0.449"
"2019","Medium tariff","35 and over","Scotland","All","Main scheme applicant","All","605","110","0.181"
"2020","Medium tariff","35 and over","Scotland","All","Main scheme applicant","All","640","130","0.20500000000000002"
"2021","Medium tariff","35 and over","Scotland","All","Main scheme applicant","All","660","100","0.154"
"2022","Medium tariff","35 and over","Scotland","All","Main scheme applicant","All","465","105","0.221"
"2023","Medium tariff","35 and over","Scotland","All","Main scheme applicant","All","385","90","0.24"
"2020","Lower tariff","18","Wales","All","Main scheme applicant","All","5","0"," "
"2022","Lower tariff","18","Wales","All","Main scheme applicant","All","5","0"," "
"2022","Medium tariff","18","Wales","All","Main scheme applicant","All","15","0"," "
"2023","Medium tariff","18","Wales","All","Main scheme applicant","All","5","0"," "
"2023","Lower tariff","20","Wales","All","Main scheme applicant","All","5","0"," "
"2022","Lower tariff","21 - 24","Wales","All","Main scheme applicant","All","560","355","0.637"
"2023","Lower tariff","21 - 24","Wales","All","Main scheme applicant","All","505","310","0.614"
"2020","Higher tariff","21 - 24","Wales","All","Main scheme applicant","All","5","0"," "
"2021","Higher tariff","21 - 24","Wales","All","Main scheme applicant","All","5","0"," "
"2022","Higher tariff","21 - 24","Wales","All","Main scheme applicant","All","5","0"," "
"2023","Higher tariff","21 - 24","Wales","All","Main scheme applicant","All","10","0"," "
"2022","Medium tariff","21 - 24","Wales","All","Main scheme applicant","All","340","115","0.336"
"2023","Medium tariff","21 - 24","Wales","All","Main scheme applicant","All","345","125","0.358"
"2022","Lower tariff","25 - 29","Wales","All","Main scheme applicant","All","200","125","0.632"
"2023","Lower tariff","25 - 29","Wales","All","Main scheme applicant","All","185","125","0.665"
"2019","Higher tariff","25 - 29","Wales","All","Main scheme applicant","All","5","0"," "
"2020","Higher tariff","25 - 29","Wales","All","Main scheme applicant","All","5","0"," "
"2022","Higher tariff","25 - 29","Wales","All","Main scheme applicant","All","5","0"," "
"2023","Higher tariff","25 - 29","Wales","All","Main scheme applicant","All","5","0"," "
"2022","Medium tariff","25 - 29","Wales","All","Main scheme applicant","All","115","30","0.248"
"2023","Medium tariff","25 - 29","Wales","All","Main scheme applicant","All","100","35","0.353"
"2022","Lower tariff","30 - 34","Wales","All","Main scheme applicant","All","75","50","0.712"
"2023","Lower tariff","30 - 34","Wales","All","Main scheme applicant","All","65","45","0.657"
"2022","Medium tariff","30 - 34","Wales","All","Main scheme applicant","All","40","20","0.488"
"2023","Medium tariff","30 - 34","Wales","All","Main scheme applicant","All","35","10","0.28600000000000003"
"2022","Lower tariff","35 and over","Wales","All","Main scheme applicant","All","105","60","0.5670000000000001"
"2023","Lower tariff","35 and over","Wales","All","Main scheme applicant","All","65","35","0.5690000000000001"
"2022","Medium tariff","35 and over","Wales","All","Main scheme applicant","All","45","15","0.356"
"2023","Medium tariff","35 and over","Wales","All","Main scheme applicant","All","50","20","0.404"
"2022","Lower tariff","21 - 24","Not EU","All","Main scheme applicant","All","5","0"," "
"2023","Lower tariff","21 - 24","Not EU","All","Main scheme applicant","All","5","0"," "
"2019","Higher tariff","21 - 24","Not EU","All","Main scheme applicant","All","15","5"," "
"2020","Higher tariff","21 - 24","Not EU","All","Main scheme applicant","All","25","5"," "
"2021","Higher tariff","21 - 24","Not EU","All","Main scheme applicant","All","15","0"," "
"2022","Higher tariff","21 - 24","Not EU","All","Main scheme applicant","All","15","5"," "
"2023","Higher tariff","21 - 24","Not EU","All","Main scheme applicant","All","30","5"," "
"2019","Medium tariff","21 - 24","Not EU","All","Main scheme applicant","All","5","0"," "
"2020","Medium tariff","21 - 24","Not EU","All","Main scheme applicant","All","5","0"," "
"2021","Medium tariff","21 - 24","Not EU","All","Main scheme applicant","All","5","0"," "
"2022","Medium tariff","21 - 24","Not EU","All","Main scheme applicant","All","15","0"," "
"2023","Medium tariff","21 - 24","Not EU","All","Main scheme applicant","All","10","0"," "
"2022","Lower tariff","25 - 29","Not EU","All","Main scheme applicant","All","10","0"," "
"2023","Lower tariff","25 - 29","Not EU","All","Main scheme applicant","All","5","0"," "
"2019","Higher tariff","25 - 29","Not EU","All","Main scheme applicant","All","15","10"," "
"2020","Higher tariff","25 - 29","Not EU","All","Main scheme applicant","All","20","5"," "
"2021","Higher tariff","25 - 29","Not EU","All","Main scheme applicant","All","25","10"," "
"2022","Higher tariff","25 - 29","Not EU","All","Main scheme applicant","All","30","10"," "
"2023","Higher tariff","25 - 29","Not EU","All","Main scheme applicant","All","20","10"," "
"2019","Medium tariff","25 - 29","Not EU","All","Main scheme applicant","All","10","0"," "
"2020","Medium tariff","25 - 29","Not EU","All","Main scheme applicant","All","5","0"," "
"2021","Medium tariff","25 - 29","Not EU","All","Main scheme applicant","All","5","0"," "
"2022","Medium tariff","25 - 29","Not EU","All","Main scheme applicant","All","15","0"," "
"2023","Medium tariff","25 - 29","Not EU","All","Main scheme applicant","All","10","0"," "
"2022","Lower tariff","30 - 34","Not EU","All","Main scheme applicant","All","5","0"," "
"2023","Lower tariff","30 - 34","Not EU","All","Main scheme applicant","All","5","0"," "
"2019","Higher tariff","30 - 34","Not EU","All","Main scheme applicant","All","10","5"," "
"2020","Higher tariff","30 - 34","Not EU","All","Main scheme applicant","All","15","5"," "
"2021","Higher tariff","30 - 34","Not EU","All","Main scheme applicant","All","10","5"," "
"2022","Higher tariff","30 - 34","Not EU","All","Main scheme applicant","All","20","5"," "
"2023","Higher tariff","30 - 34","Not EU","All","Main scheme applicant","All","15","0"," "
"2019","Medium tariff","30 - 34","Not EU","All","Main scheme applicant","All","5","0"," "
"2020","Medium tariff","30 - 34","Not EU","All","Main scheme applicant","All","5","0"," "
"2021","Medium tariff","30 - 34","Not EU","All","Main scheme applicant","All","5","0"," "
"2022","Medium tariff","30 - 34","Not EU","All","Main scheme applicant","All","15","0"," "
"2023","Medium tariff","30 - 34","Not EU","All","Main scheme applicant","All","15","5"," "
"2022","Lower tariff","35 and over","Not EU","All","Main scheme applicant","All","10","0"," "
"2023","Lower tariff","35 and over","Not EU","All","Main scheme applicant","All","10","0"," "
"2019","Higher tariff","35 and over","Not EU","All","Main scheme applicant","All","15","5"," "
"2020","Higher tariff","35 and over","Not EU","All","Main scheme applicant","All","10","0"," "
"2021","Higher tariff","35 and over","Not EU","All","Main scheme applicant","All","20","0"," "
"2022","Higher tariff","35 and over","Not EU","All","Main scheme applicant","All","25","5"," "
"2023","Higher tariff","35 and over","Not EU","All","Main scheme applicant","All","15","0"," "
"2019","Medium tariff","35 and over","Not EU","All","Main scheme applicant","All","5","0"," "
"2020","Medium tariff","35 and over","Not EU","All","Main scheme applicant","All","5","0"," "
"2021","Medium tariff","35 and over","Not EU","All","Main scheme applicant","All","10","0"," "
"2022","Medium tariff","35 and over","Not EU","All","Main scheme applicant","All","20","5"," "
"2023","Medium tariff","35 and over","Not EU","All","Main scheme applicant","All","15","5"," "
"2019","Higher tariff","20","EU (excluding UK)","All","Main scheme applicant","All","5","0"," "
"2020","Higher tariff","20","EU (excluding UK)","All","Main scheme applicant","All","5","0"," "
"2022","Lower tariff","21 - 24","EU (excluding UK)","All","Main scheme applicant","All","20","0"," "
"2023","Lower tariff","21 - 24","EU (excluding UK)","All","Main scheme applicant","All","10","0"," "
"2019","Higher tariff","21 - 24","EU (excluding UK)","All","Main scheme applicant","All","125","35","0.28"
"2020","Higher tariff","21 - 24","EU (excluding UK)","All","Main scheme applicant","All","145","60","0.42"
"2021","Higher tariff","21 - 24","EU (excluding UK)","All","Main scheme applicant","All","95","15","0.179"
"2022","Higher tariff","21 - 24","EU (excluding UK)","All","Main scheme applicant","All","50","5"," "
"2023","Higher tariff","21 - 24","EU (excluding UK)","All","Main scheme applicant","All","40","10","0.28600000000000003"
"2019","Medium tariff","21 - 24","EU (excluding UK)","All","Main scheme applicant","All","50","10"," "
"2020","Medium tariff","21 - 24","EU (excluding UK)","All","Main scheme applicant","All","30","0"," "
"2021","Medium tariff","21 - 24","EU (excluding UK)","All","Main scheme applicant","All","25","0"," "
"2022","Medium tariff","21 - 24","EU (excluding UK)","All","Main scheme applicant","All","30","5"," "
"2023","Medium tariff","21 - 24","EU (excluding UK)","All","Main scheme applicant","All","25","0"," "
"2022","Lower tariff","25 - 29","EU (excluding UK)","All","Main scheme applicant","All","5","0"," "
"2019","Higher tariff","25 - 29","EU (excluding UK)","All","Main scheme applicant","All","55","20","0.321"
"2020","Higher tariff","25 - 29","EU (excluding UK)","All","Main scheme applicant","All","80","30","0.367"
"2021","Higher tariff","25 - 29","EU (excluding UK)","All","Main scheme applicant","All","55","10","0.193"
"2022","Higher tariff","25 - 29","EU (excluding UK)","All","Main scheme applicant","All","35","10","0.306"
"2023","Higher tariff","25 - 29","EU (excluding UK)","All","Main scheme applicant","All","15","5"," "
"2019","Medium tariff","25 - 29","EU (excluding UK)","All","Main scheme applicant","All","20","5"," "
"2020","Medium tariff","25 - 29","EU (excluding UK)","All","Main scheme applicant","All","25","5"," "
"2021","Medium tariff","25 - 29","EU (excluding UK)","All","Main scheme applicant","All","25","0"," "
"2022","Medium tariff","25 - 29","EU (excluding UK)","All","Main scheme applicant","All","20","0"," "
"2023","Medium tariff","25 - 29","EU (excluding UK)","All","Main scheme applicant","All","10","0"," "
"2019","Higher tariff","30 - 34","EU (excluding UK)","All","Main scheme applicant","All","30","10","0.355"
"2020","Higher tariff","30 - 34","EU (excluding UK)","All","Main scheme applicant","All","30","10","0.393"
"2021","Higher tariff","30 - 34","EU (excluding UK)","All","Main scheme applicant","All","15","5"," "
"2022","Higher tariff","30 - 34","EU (excluding UK)","All","Main scheme applicant","All","10","0"," "
"2023","Higher tariff","30 - 34","EU (excluding UK)","All","Main scheme applicant","All","5","0"," "
"2019","Medium tariff","30 - 34","EU (excluding UK)","All","Main scheme applicant","All","15","0"," "
"2020","Medium tariff","30 - 34","EU (excluding UK)","All","Main scheme applicant","All","15","0"," "
"2021","Medium tariff","30 - 34","EU (excluding UK)","All","Main scheme applicant","All","5","0"," "
"2022","Medium tariff","30 - 34","EU (excluding UK)","All","Main scheme applicant","All","5","0"," "
"2023","Medium tariff","30 - 34","EU (excluding UK)","All","Main scheme applicant","All","5","0"," "
"2019","Higher tariff","35 and over","EU (excluding UK)","All","Main scheme applicant","All","15","5"," "
"2020","Higher tariff","35 and over","EU (excluding UK)","All","Main scheme applicant","All","10","5"," "
"2021","Higher tariff","35 and over","EU (excluding UK)","All","Main scheme applicant","All","10","0"," "
"2022","Higher tariff","35 and over","EU (excluding UK)","All","Main scheme applicant","All","10","0"," "
"2023","Higher tariff","35 and over","EU (excluding UK)","All","Main scheme applicant","All","10","0"," "
"2019","Medium tariff","35 and over","EU (excluding UK)","All","Main scheme applicant","All","10","0"," "
"2020","Medium tariff","35 and over","EU (excluding UK)","All","Main scheme applicant","All","5","0"," "
"2021","Medium tariff","35 and over","EU (excluding UK)","All","Main scheme applicant","All","5","0"," "
"2022","Medium tariff","35 and over","EU (excluding UK)","All","Main scheme applicant","All","5","0"," "
"2023","Medium tariff","35 and over","EU (excluding UK)","All","Main scheme applicant","All","5","0"," "
"2019","All","21 - 24","England","All","Not main scheme applicant","All","5","5"," "
"2020","All","21 - 24","England","All","Not main scheme applicant","All","10","10"," "
"2021","All","21 - 24","England","All","Not main scheme applicant","All","5","0"," "
"2022","All","21 - 24","England","All","Not main scheme applicant","All","15","10"," "
"2023","All","21 - 24","England","All","Not main scheme applicant","All","15","15","1"
"2019","All","25 - 29","England","All","Not main scheme applicant","All","5","5"," "
"2020","All","25 - 29","England","All","Not main scheme applicant","All","15","10","0.846"
"2021","All","25 - 29","England","All","Not main scheme applicant","All","5","5"," "
"2022","All","25 - 29","England","All","Not main scheme applicant","All","5","5"," "
"2023","All","25 - 29","England","All","Not main scheme applicant","All","15","15","1"
"2020","All","30 - 34","England","All","Not main scheme applicant","All","5","5"," "
"2021","All","30 - 34","England","All","Not main scheme applicant","All","5","5"," "
"2023","All","30 - 34","England","All","Not main scheme applicant","All","5","5"," "
"2019","All","35 and over","England","All","Not main scheme applicant","All","10","10"," "
"2020","All","35 and over","England","All","Not main scheme applicant","All","10","10","0.917"
"2021","All","35 and over","England","All","Not main scheme applicant","All","10","10"," "
"2022","All","35 and over","England","All","Not main scheme applicant","All","5","5"," "
"2023","All","35 and over","England","All","Not main scheme applicant","All","10","10"," "
"2019","All","21 - 24","Scotland","All","Not main scheme applicant","All","20","20","0.857"
"2020","All","21 - 24","Scotland","All","Not main scheme applicant","All","35","25","0.75"
"2021","All","21 - 24","Scotland","All","Not main scheme applicant","All","20","20","0.864"
"2022","All","21 - 24","Scotland","All","Not main scheme applicant","All","25","20","0.87"
"2023","All","21 - 24","Scotland","All","Not main scheme applicant","All","25","20","0.704"
"2019","All","25 - 29","Scotland","All","Not main scheme applicant","All","30","25","0.8"
"2020","All","25 - 29","Scotland","All","Not main scheme applicant","All","55","45","0.8300000000000001"
"2021","All","25 - 29","Scotland","All","Not main scheme applicant","All","15","10","0.625"
"2022","All","25 - 29","Scotland","All","Not main scheme applicant","All","25","20","0.6920000000000001"
"2023","All","25 - 29","Scotland","All","Not main scheme applicant","All","25","25","0.885"
"2019","All","30 - 34","Scotland","All","Not main scheme applicant","All","10","5"," "
"2020","All","30 - 34","Scotland","All","Not main scheme applicant","All","15","10","0.733"
"2021","All","30 - 34","Scotland","All","Not main scheme applicant","All","5","5"," "
"2022","All","30 - 34","Scotland","All","Not main scheme applicant","All","15","5"," "
"2023","All","30 - 34","Scotland","All","Not main scheme applicant","All","15","10","0.8"
"2019","All","35 and over","Scotland","All","Not main scheme applicant","All","25","15","0.56"
"2020","All","35 and over","Scotland","All","Not main scheme applicant","All","40","25","0.675"
"2021","All","35 and over","Scotland","All","Not main scheme applicant","All","20","15","0.682"
"2022","All","35 and over","Scotland","All","Not main scheme applicant","All","30","20","0.7000000000000001"
"2023","All","35 and over","Scotland","All","Not main scheme applicant","All","40","30","0.8160000000000001"
"2022","All","21 - 24","Wales","All","Not main scheme applicant","All","50","40","0.808"
"2023","All","21 - 24","Wales","All","Not main scheme applicant","All","70","55","0.838"
"2022","All","25 - 29","Wales","All","Not main scheme applicant","All","35","25","0.794"
"2023","All","25 - 29","Wales","All","Not main scheme applicant","All","20","15","0.684"
"2022","All","30 - 34","Wales","All","Not main scheme applicant","All","5","5"," "
"2023","All","30 - 34","Wales","All","Not main scheme applicant","All","10","10","0.909"
"2022","All","35 and over","Wales","All","Not main scheme applicant","All","20","15","0.778"
"2023","All","35 and over","Wales","All","Not main scheme applicant","All","15","15","0.8130000000000001"
"2022","All","25 - 29","Not EU","All","Not main scheme applicant","All","5","0"," "
"2020","All","25 - 29","EU (excluding UK)","All","Not main scheme applicant","All","5","0"," "
"2019","All","21 - 24","Northern Ireland","All","Main scheme applicant","All","60","10","0.17200000000000001"
"2020","All","21 - 24","Northern Ireland","All","Main scheme applicant","All","40","10"," "
"2021","All","21 - 24","Northern Ireland","All","Main scheme applicant","All","65","15","0.254"
"2022","All","21 - 24","Northern Ireland","All","Main scheme applicant","All","45","15","0.28300000000000003"
"2023","All","21 - 24","Northern Ireland","All","Main scheme applicant","All","25","10"," "
"2019","All","25 - 29","Northern Ireland","All","Main scheme applicant","All","25","10","0.423"
"2020","All","25 - 29","Northern Ireland","All","Main scheme applicant","All","20","5"," "
"2021","All","25 - 29","Northern Ireland","All","Main scheme applicant","All","25","10"," "
"2022","All","25 - 29","Northern Ireland","All","Main scheme applicant","All","15","10"," "
"2023","All","25 - 29","Northern Ireland","All","Main scheme applicant","All","15","5"," "
"2019","All","30 - 34","Northern Ireland","All","Main scheme applicant","All","5","0"," "
"2020","All","30 - 34","Northern Ireland","All","Main scheme applicant","All","5","0"," "
"2021","All","30 - 34","Northern Ireland","All","Main scheme applicant","All","5","0"," "
"2022","All","30 - 34","Northern Ireland","All","Main scheme applicant","All","5","0"," "
"2023","All","30 - 34","Northern Ireland","All","Main scheme applicant","All","5","0"," "
"2019","All","35 and over","Northern Ireland","All","Main scheme applicant","All","5","0"," "
"2021","All","35 and over","Northern Ireland","All","Main scheme applicant","All","5","5"," "
"2022","All","35 and over","Northern Ireland","All","Main scheme applicant","All","5","5"," "
"2023","All","35 and over","Northern Ireland","All","Main scheme applicant","All","5","0"," "
"2020","All","18","England","All","Main scheme applicant","All","5","0"," "
"2022","All","18","England","All","Main scheme applicant","All","10","0"," "
"2023","All","18","England","All","Main scheme applicant","All","5","0"," "
"2019","All","21 - 24","England","All","Main scheme applicant","All","70","30","0.423"
"2020","All","21 - 24","England","All","Main scheme applicant","All","50","20","0.404"
"2021","All","21 - 24","England","All","Main scheme applicant","All","90","25","0.295"
"2022","All","21 - 24","England","All","Main scheme applicant","All","145","65","0.455"
"2023","All","21 - 24","England","All","Main scheme applicant","All","130","60","0.447"
"2019","All","25 - 29","England","All","Main scheme applicant","All","30","10","0.333"
"2020","All","25 - 29","England","All","Main scheme applicant","All","35","20","0.541"
"2021","All","25 - 29","England","All","Main scheme applicant","All","55","20","0.37"
"2022","All","25 - 29","England","All","Main scheme applicant","All","35","10","0.278"
"2023","All","25 - 29","England","All","Main scheme applicant","All","25","10","0.423"
"2019","All","30 - 34","England","All","Main scheme applicant","All","15","5"," "
"2020","All","30 - 34","England","All","Main scheme applicant","All","20","15","0.667"
"2021","All","30 - 34","England","All","Main scheme applicant","All","20","0"," "
"2022","All","30 - 34","England","All","Main scheme applicant","All","20","5"," "
"2023","All","30 - 34","England","All","Main scheme applicant","All","10","5"," "
"2019","All","35 and over","England","All","Main scheme applicant","All","25","5"," "
"2020","All","35 and over","England","All","Main scheme applicant","All","20","5"," "
"2021","All","35 and over","England","All","Main scheme applicant","All","20","15","0.682"
"2022","All","35 and over","England","All","Main scheme applicant","All","15","5"," "
"2023","All","35 and over","England","All","Main scheme applicant","All","10","5"," "
"2019","All","18","Scotland","All","Main scheme applicant","All","15","0"," "
"2020","All","18","Scotland","All","Main scheme applicant","All","25","0"," "
"2021","All","18","Scotland","All","Main scheme applicant","All","25","0"," "
"2022","All","18","Scotland","All","Main scheme applicant","All","20","0"," "
"2023","All","18","Scotland","All","Main scheme applicant","All","25","0"," "
"2019","All","19","Scotland","All","Main scheme applicant","All","5","0"," "
"2020","All","19","Scotland","All","Main scheme applicant","All","5","0"," "
"2021","All","19","Scotland","All","Main scheme applicant","All","5","0"," "
"2022","All","19","Scotland","All","Main scheme applicant","All","10","0"," "
"2023","All","19","Scotland","All","Main scheme applicant","All","10","0"," "
"2019","All","20","Scotland","All","Main scheme applicant","All","5","0"," "
"2020","All","20","Scotland","All","Main scheme applicant","All","10","0"," "
"2021","All","20","Scotland","All","Main scheme applicant","All","15","0"," "
"2022","All","20","Scotland","All","Main scheme applicant","All","10","0"," "
"2023","All","20","Scotland","All","Main scheme applicant","All","10","0"," "
"2019","All","21 - 24","Scotland","All","Main scheme applicant","All","1570","830","0.529"
"2020","All","21 - 24","Scotland","All","Main scheme applicant","All","1680","890","0.53"
"2021","All","21 - 24","Scotland","All","Main scheme applicant","All","2115","905","0.429"
"2022","All","21 - 24","Scotland","All","Main scheme applicant","All","1530","805","0.525"
"2023","All","21 - 24","Scotland","All","Main scheme applicant","All","1290","750","0.582"
"2019","All","25 - 29","Scotland","All","Main scheme applicant","All","1325","710","0.535"
"2020","All","25 - 29","Scotland","All","Main scheme applicant","All","1325","705","0.532"
"2021","All","25 - 29","Scotland","All","Main scheme applicant","All","1650","750","0.453"
"2022","All","25 - 29","Scotland","All","Main scheme applicant","All","1130","620","0.548"
"2023","All","25 - 29","Scotland","All","Main scheme applicant","All","840","470","0.561"
"2019","All","30 - 34","Scotland","All","Main scheme applicant","All","605","285","0.47200000000000003"
"2020","All","30 - 34","Scotland","All","Main scheme applicant","All","630","330","0.525"
"2021","All","30 - 34","Scotland","All","Main scheme applicant","All","720","295","0.40800000000000003"
"2022","All","30 - 34","Scotland","All","Main scheme applicant","All","505","275","0.542"
"2023","All","30 - 34","Scotland","All","Main scheme applicant","All","385","210","0.544"
"2019","All","35 and over","Scotland","All","Main scheme applicant","All","1085","495","0.456"
"2020","All","35 and over","Scotland","All","Main scheme applicant","All","1145","540","0.47200000000000003"
"2021","All","35 and over","Scotland","All","Main scheme applicant","All","1225","470","0.382"
"2022","All","35 and over","Scotland","All","Main scheme applicant","All","840","420","0.499"
"2023","All","35 and over","Scotland","All","Main scheme applicant","All","690","370","0.537"
"2020","All","18","Wales","All","Main scheme applicant","All","5","0"," "
"2022","All","18","Wales","All","Main scheme applicant","All","20","0"," "
"2023","All","18","Wales","All","Main scheme applicant","All","5","0"," "
"2023","All","20","Wales","All","Main scheme applicant","All","5","0"," "
"2020","All","21 - 24","Wales","All","Main scheme applicant","All","5","0"," "
"2021","All","21 - 24","Wales","All","Main scheme applicant","All","5","0"," "
"2022","All","21 - 24","Wales","All","Main scheme applicant","All","645","475","0.732"
"2023","All","21 - 24","Wales","All","Main scheme applicant","All","600","435","0.721"
"2019","All","25 - 29","Wales","All","Main scheme applicant","All","5","0"," "
"2020","All","25 - 29","Wales","All","Main scheme applicant","All","5","0"," "
"2022","All","25 - 29","Wales","All","Main scheme applicant","All","230","155","0.675"
"2023","All","25 - 29","Wales","All","Main scheme applicant","All","220","160","0.729"
"2022","All","30 - 34","Wales","All","Main scheme applicant","All","95","70","0.774"
"2023","All","30 - 34","Wales","All","Main scheme applicant","All","80","55","0.6920000000000001"
"2022","All","35 and over","Wales","All","Main scheme applicant","All","125","75","0.591"
"2023","All","35 and over","Wales","All","Main scheme applicant","All","90","60","0.637"
"2019","All","21 - 24","Not EU","All","Main scheme applicant","All","15","5"," "
"2020","All","21 - 24","Not EU","All","Main scheme applicant","All","30","10"," "
"2021","All","21 - 24","Not EU","All","Main scheme applicant","All","20","0"," "
"2022","All","21 - 24","Not EU","All","Main scheme applicant","All","20","5"," "
"2023","All","21 - 24","Not EU","All","Main scheme applicant","All","30","5"," "
"2019","All","25 - 29","Not EU","All","Main scheme applicant","All","20","10"," "
"2020","All","25 - 29","Not EU","All","Main scheme applicant","All","20","10"," "
"2021","All","25 - 29","Not EU","All","Main scheme applicant","All","25","10"," "
"2022","All","25 - 29","Not EU","All","Main scheme applicant","All","40","10","0.289"
"2023","All","25 - 29","Not EU","All","Main scheme applicant","All","30","10","0.333"
"2019","All","30 - 34","Not EU","All","Main scheme applicant","All","15","5"," "
"2020","All","30 - 34","Not EU","All","Main scheme applicant","All","15","5"," "
"2021","All","30 - 34","Not EU","All","Main scheme applicant","All","10","5"," "
"2022","All","30 - 34","Not EU","All","Main scheme applicant","All","25","5"," "
"2023","All","30 - 34","Not EU","All","Main scheme applicant","All","20","5"," "
"2019","All","35 and over","Not EU","All","Main scheme applicant","All","15","5"," "
"2020","All","35 and over","Not EU","All","Main scheme applicant","All","10","0"," "
"2021","All","35 and over","Not EU","All","Main scheme applicant","All","20","0"," "
"2022","All","35 and over","Not EU","All","Main scheme applicant","All","35","10"," "
"2023","All","35 and over","Not EU","All","Main scheme applicant","All","25","5"," "
"2019","All","20","EU (excluding UK)","All","Main scheme applicant","All","5","0"," "
"2020","All","20","EU (excluding UK)","All","Main scheme applicant","All","5","0"," "
"2019","All","21 - 24","EU (excluding UK)","All","Main scheme applicant","All","125","45","0.352"
"2020","All","21 - 24","EU (excluding UK)","All","Main scheme applicant","All","145","60","0.427"
"2021","All","21 - 24","EU (excluding UK)","All","Main scheme applicant","All","95","20","0.2"
"2022","All","21 - 24","EU (excluding UK)","All","Main scheme applicant","All","55","10","0.193"
"2023","All","21 - 24","EU (excluding UK)","All","Main scheme applicant","All","50","15","0.327"
"2019","All","25 - 29","EU (excluding UK)","All","Main scheme applicant","All","55","20","0.386"
"2020","All","25 - 29","EU (excluding UK)","All","Main scheme applicant","All","80","30","0.4"
"2021","All","25 - 29","EU (excluding UK)","All","Main scheme applicant","All","60","10","0.20700000000000002"
"2022","All","25 - 29","EU (excluding UK)","All","Main scheme applicant","All","35","15","0.417"
"2023","All","25 - 29","EU (excluding UK)","All","Main scheme applicant","All","20","5"," "
"2019","All","30 - 34","EU (excluding UK)","All","Main scheme applicant","All","30","15","0.406"
"2020","All","30 - 34","EU (excluding UK)","All","Main scheme applicant","All","30","10","0.41400000000000003"
"2021","All","30 - 34","EU (excluding UK)","All","Main scheme applicant","All","15","5"," "
"2022","All","30 - 34","EU (excluding UK)","All","Main scheme applicant","All","10","5"," "
"2023","All","30 - 34","EU (excluding UK)","All","Main scheme applicant","All","5","5"," "
"2019","All","35 and over","EU (excluding UK)","All","Main scheme applicant","All","15","5"," "
"2020","All","35 and over","EU (excluding UK)","All","Main scheme applicant","All","10","5"," "
"2021","All","35 and over","EU (excluding UK)","All","Main scheme applicant","All","10","0"," "
"2022","All","35 and over","EU (excluding UK)","All","Main scheme applicant","All","10","0"," "
"2023","All","35 and over","EU (excluding UK)","All","Main scheme applicant","All","10","0"," "
"2019","Lower tariff","All","England","All","Not main scheme applicant","All","15","15","1"
"2020","Lower tariff","All","England","All","Not main scheme applicant","All","35","30","0.889"
"2021","Lower tariff","All","England","All","Not main scheme applicant","All","20","15","0.85"
"2022","Lower tariff","All","England","All","Not main scheme applicant","All","20","20","0.9"
"2023","Lower tariff","All","England","All","Not main scheme applicant","All","30","30","1"
"2020","Higher tariff","All","England","All","Not main scheme applicant","All","5","5"," "
"2022","Higher tariff","All","England","All","Not main scheme applicant","All","5","0"," "
"2022","Medium tariff","All","England","All","Not main scheme applicant","All","5","0"," "
"2023","Medium tariff","All","England","All","Not main scheme applicant","All","10","10"," "
"2019","Higher tariff","All","Scotland","All","Not main scheme applicant","All","75","55","0.716"
"2020","Higher tariff","All","Scotland","All","Not main scheme applicant","All","120","95","0.797"
"2021","Higher tariff","All","Scotland","All","Not main scheme applicant","All","50","45","0.8270000000000001"
"2022","Higher tariff","All","Scotland","All","Not main scheme applicant","All","75","55","0.72"
"2023","Higher tariff","All","Scotland","All","Not main scheme applicant","All","95","75","0.8190000000000001"
"2019","Medium tariff","All","Scotland","All","Not main scheme applicant","All","10","10"," "
"2020","Medium tariff","All","Scotland","All","Not main scheme applicant","All","25","15","0.577"
"2021","Medium tariff","All","Scotland","All","Not main scheme applicant","All","15","5"," "
"2022","Medium tariff","All","Scotland","All","Not main scheme applicant","All","20","10","0.632"
"2023","Medium tariff","All","Scotland","All","Not main scheme applicant","All","10","10"," "
"2022","Lower tariff","All","Wales","All","Not main scheme applicant","All","60","50","0.836"
"2023","Lower tariff","All","Wales","All","Not main scheme applicant","All","50","35","0.708"
"2022","Medium tariff","All","Wales","All","Not main scheme applicant","All","50","40","0.776"
"2023","Medium tariff","All","Wales","All","Not main scheme applicant","All","65","60","0.894"
"2020","Higher tariff","All","EU (excluding UK)","All","Not main scheme applicant","All","5","0"," "
"2022","Lower tariff","All","Northern Ireland","All","Main scheme applicant","All","10","5"," "
"2023","Lower tariff","All","Northern Ireland","All","Main scheme applicant","All","15","0"," "
"2019","Higher tariff","All","Northern Ireland","All","Main scheme applicant","All","90","20","0.247"
"2020","Higher tariff","All","Northern Ireland","All","Main scheme applicant","All","65","15","0.224"
"2021","Higher tariff","All","Northern Ireland","All","Main scheme applicant","All","95","25","0.255"
"2022","Higher tariff","All","Northern Ireland","All","Main scheme applicant","All","65","20","0.313"
"2023","Higher tariff","All","Northern Ireland","All","Main scheme applicant","All","45","10","0.227"
"2019","Medium tariff","All","Northern Ireland","All","Main scheme applicant","All","30","0"," "
"2020","Medium tariff","All","Northern Ireland","All","Main scheme applicant","All","25","0"," "
"2021","Medium tariff","All","Northern Ireland","All","Main scheme applicant","All","40","5"," "
"2022","Medium tariff","All","Northern Ireland","All","Main scheme applicant","All","35","5"," "
"2023","Medium tariff","All","Northern Ireland","All","Main scheme applicant","All","20","0"," "
"2019","Lower tariff","All","England","All","Main scheme applicant","All","40","25","0.548"
"2020","Lower tariff","All","England","All","Main scheme applicant","All","50","20","0.375"
"2021","Lower tariff","All","England","All","Main scheme applicant","All","40","25","0.61"
"2022","Lower tariff","All","England","All","Main scheme applicant","All","110","40","0.366"
"2023","Lower tariff","All","England","All","Main scheme applicant","All","100","45","0.44"
"2019","Higher tariff","All","England","All","Main scheme applicant","All","95","30","0.292"
"2020","Higher tariff","All","England","All","Main scheme applicant","All","85","35","0.43"
"2021","Higher tariff","All","England","All","Main scheme applicant","All","140","35","0.254"
"2022","Higher tariff","All","England","All","Main scheme applicant","All","95","20","0.221"
"2023","Higher tariff","All","England","All","Main scheme applicant","All","65","15","0.203"
"2019","Medium tariff","All","England","All","Main scheme applicant","All","40","5"," "
"2020","Medium tariff","All","England","All","Main scheme applicant","All","35","5"," "
"2021","Medium tariff","All","England","All","Main scheme applicant","All","50","0"," "
"2022","Medium tariff","All","England","All","Main scheme applicant","All","85","25","0.299"
"2023","Medium tariff","All","England","All","Main scheme applicant","All","75","25","0.325"
"2022","Lower tariff","All","Scotland","All","Main scheme applicant","All","10","0"," "
"2023","Lower tariff","All","Scotland","All","Main scheme applicant","All","10","0"," "
"2019","Higher tariff","All","Scotland","All","Main scheme applicant","All","4375","1945","0.445"
"2020","Higher tariff","All","Scotland","All","Main scheme applicant","All","4525","2055","0.455"
"2021","Higher tariff","All","Scotland","All","Main scheme applicant","All","5515","2000","0.363"
"2022","Higher tariff","All","Scotland","All","Main scheme applicant","All","3880","1765","0.454"
"2023","Higher tariff","All","Scotland","All","Main scheme applicant","All","3090","1500","0.485"
"2019","Medium tariff","All","Scotland","All","Main scheme applicant","All","2625","375","0.14300000000000002"
"2020","Medium tariff","All","Scotland","All","Main scheme applicant","All","2755","415","0.15"
"2021","Medium tariff","All","Scotland","All","Main scheme applicant","All","3320","415","0.125"
"2022","Medium tariff","All","Scotland","All","Main scheme applicant","All","2360","355","0.15"
"2023","Medium tariff","All","Scotland","All","Main scheme applicant","All","1925","305","0.158"
"2020","Lower tariff","All","Wales","All","Main scheme applicant","All","5","0"," "
"2022","Lower tariff","All","Wales","All","Main scheme applicant","All","945","595","0.63"
"2023","Lower tariff","All","Wales","All","Main scheme applicant","All","830","515","0.621"
"2019","Higher tariff","All","Wales","All","Main scheme applicant","All","5","0"," "
"2020","Higher tariff","All","Wales","All","Main scheme applicant","All","10","0"," "
"2021","Higher tariff","All","Wales","All","Main scheme applicant","All","5","0"," "
"2022","Higher tariff","All","Wales","All","Main scheme applicant","All","10","0"," "
"2023","Higher tariff","All","Wales","All","Main scheme applicant","All","15","0"," "
"2019","Medium tariff","All","Wales","All","Main scheme applicant","All","5","0"," "
"2022","Medium tariff","All","Wales","All","Main scheme applicant","All","560","180","0.321"
"2023","Medium tariff","All","Wales","All","Main scheme applicant","All","540","190","0.353"
"2022","Lower tariff","All","Not EU","All","Main scheme applicant","All","35","5"," "
"2023","Lower tariff","All","Not EU","All","Main scheme applicant","All","25","0"," "
"2019","Higher tariff","All","Not EU","All","Main scheme applicant","All","65","20","0.34900000000000003"
"2020","Higher tariff","All","Not EU","All","Main scheme applicant","All","75","20","0.274"
"2021","Higher tariff","All","Not EU","All","Main scheme applicant","All","70","15","0.2"
"2022","Higher tariff","All","Not EU","All","Main scheme applicant","All","90","20","0.22"
"2023","Higher tariff","All","Not EU","All","Main scheme applicant","All","80","15","0.2"
"2019","Medium tariff","All","Not EU","All","Main scheme applicant","All","25","0"," "
"2020","Medium tariff","All","Not EU","All","Main scheme applicant","All","25","0"," "
"2021","Medium tariff","All","Not EU","All","Main scheme applicant","All","25","0"," "
"2022","Medium tariff","All","Not EU","All","Main scheme applicant","All","65","10"," "
"2023","Medium tariff","All","Not EU","All","Main scheme applicant","All","55","10","0.20800000000000002"
"2022","Lower tariff","All","EU (excluding UK)","All","Main scheme applicant","All","30","0"," "
"2023","Lower tariff","All","EU (excluding UK)","All","Main scheme applicant","All","15","5"," "
"2019","Higher tariff","All","EU (excluding UK)","All","Main scheme applicant","All","230","70","0.303"
"2020","Higher tariff","All","EU (excluding UK)","All","Main scheme applicant","All","265","105","0.39"
"2021","Higher tariff","All","EU (excluding UK)","All","Main scheme applicant","All","180","35","0.194"
"2022","Higher tariff","All","EU (excluding UK)","All","Main scheme applicant","All","105","20","0.171"
"2023","Higher tariff","All","EU (excluding UK)","All","Main scheme applicant","All","75","20","0.27"
"2019","Medium tariff","All","EU (excluding UK)","All","Main scheme applicant","All","95","15","0.158"
"2020","Medium tariff","All","EU (excluding UK)","All","Main scheme applicant","All","80","5"," "
"2021","Medium tariff","All","EU (excluding UK)","All","Main scheme applicant","All","60","5"," "
"2022","Medium tariff","All","EU (excluding UK)","All","Main scheme applicant","All","55","10","0.179"
"2023","Medium tariff","All","EU (excluding UK)","All","Main scheme applicant","All","45","5"," "
"2019","All","All","England","All","Not main scheme applicant","All","15","15","1"
"2020","All","All","England","All","Not main scheme applicant","All","40","35","0.9"
"2021","All","All","England","All","Not main scheme applicant","All","20","15","0.773"
"2022","All","All","England","All","Not main scheme applicant","All","25","20","0.808"
"2023","All","All","England","All","Not main scheme applicant","All","40","35","0.974"
"2019","All","All","Scotland","All","Not main scheme applicant","All","85","60","0.729"
"2020","All","All","Scotland","All","Not main scheme applicant","All","145","110","0.757"
"2021","All","All","Scotland","All","Not main scheme applicant","All","65","50","0.738"
"2022","All","All","Scotland","All","Not main scheme applicant","All","95","65","0.7020000000000001"
"2023","All","All","Scotland","All","Not main scheme applicant","All","105","85","0.802"
"2022","All","All","Wales","All","Not main scheme applicant","All","110","90","0.809"
"2023","All","All","Wales","All","Not main scheme applicant","All","115","95","0.8160000000000001"
"2022","All","All","Not EU","All","Not main scheme applicant","All","5","0"," "
"2020","All","All","EU (excluding UK)","All","Not main scheme applicant","All","5","0"," "
"2019","All","All","Northern Ireland","All","Main scheme applicant","All","90","20","0.244"
"2020","All","All","Northern Ireland","All","Main scheme applicant","All","70","15","0.217"
"2021","All","All","Northern Ireland","All","Main scheme applicant","All","95","30","0.302"
"2022","All","All","Northern Ireland","All","Main scheme applicant","All","70","25","0.391"
"2023","All","All","Northern Ireland","All","Main scheme applicant","All","50","10","0.229"
"2019","All","All","England","All","Main scheme applicant","All","140","55","0.38"
"2020","All","All","England","All","Main scheme applicant","All","135","60","0.453"
"2021","All","All","England","All","Main scheme applicant","All","185","65","0.339"
"2022","All","All","England","All","Main scheme applicant","All","225","90","0.388"
"2023","All","All","England","All","Main scheme applicant","All","190","80","0.429"
"2019","All","All","Scotland","All","Main scheme applicant","All","4620","2320","0.503"
"2020","All","All","Scotland","All","Main scheme applicant","All","4815","2470","0.513"
"2021","All","All","Scotland","All","Main scheme applicant","All","5760","2420","0.42"
"2022","All","All","Scotland","All","Main scheme applicant","All","4050","2120","0.523"
"2023","All","All","Scotland","All","Main scheme applicant","All","3245","1805","0.555"
"2019","All","All","Wales","All","Main scheme applicant","All","5","0"," "
"2020","All","All","Wales","All","Main scheme applicant","All","15","0"," "
"2021","All","All","Wales","All","Main scheme applicant","All","5","0"," "
"2022","All","All","Wales","All","Main scheme applicant","All","1120","775","0.6930000000000001"
"2023","All","All","Wales","All","Main scheme applicant","All","1000","705","0.705"
"2019","All","All","Not EU","All","Main scheme applicant","All","65","25","0.364"
"2020","All","All","Not EU","All","Main scheme applicant","All","75","20","0.293"
"2021","All","All","Not EU","All","Main scheme applicant","All","75","15","0.203"
"2022","All","All","Not EU","All","Main scheme applicant","All","120","30","0.264"
"2023","All","All","Not EU","All","Main scheme applicant","All","110","30","0.25"
"2019","All","All","EU (excluding UK)","All","Main scheme applicant","All","235","85","0.365"
"2020","All","All","EU (excluding UK)","All","Main scheme applicant","All","270","110","0.40900000000000003"
"2021","All","All","EU (excluding UK)","All","Main scheme applicant","All","180","40","0.209"
"2022","All","All","EU (excluding UK)","All","Main scheme applicant","All","115","30","0.263"
"2023","All","All","EU (excluding UK)","All","Main scheme applicant","All","85","25","0.318"
"2019","Lower tariff","21 - 24","All","All","Not main scheme applicant","All","5","5"," "
"2020","Lower tariff","21 - 24","All","All","Not main scheme applicant","All","5","5"," "
"2021","Lower tariff","21 - 24","All","All","Not main scheme applicant","All","5","0"," "
"2022","Lower tariff","21 - 24","All","All","Not main scheme applicant","All","35","30","0.8290000000000001"
"2023","Lower tariff","21 - 24","All","All","Not main scheme applicant","All","40","30","0.789"
"2019","Higher tariff","21 - 24","All","All","Not main scheme applicant","All","20","15","0.842"
"2020","Higher tariff","21 - 24","All","All","Not main scheme applicant","All","35","25","0.771"
"2021","Higher tariff","21 - 24","All","All","Not main scheme applicant","All","20","20","0.857"
"2022","Higher tariff","21 - 24","All","All","Not main scheme applicant","All","25","15","0.708"
"2023","Higher tariff","21 - 24","All","All","Not main scheme applicant","All","25","20","0.731"
"2019","Medium tariff","21 - 24","All","All","Not main scheme applicant","All","5","5"," "
"2020","Medium tariff","21 - 24","All","All","Not main scheme applicant","All","5","5"," "
"2021","Medium tariff","21 - 24","All","All","Not main scheme applicant","All","5","0"," "
"2022","Medium tariff","21 - 24","All","All","Not main scheme applicant","All","30","25","0.781"
"2023","Medium tariff","21 - 24","All","All","Not main scheme applicant","All","45","40","0.891"
"2019","Lower tariff","25 - 29","All","All","Not main scheme applicant","All","5","5"," "
"2020","Lower tariff","25 - 29","All","All","Not main scheme applicant","All","15","10","0.769"
"2021","Lower tariff","25 - 29","All","All","Not main scheme applicant","All","5","5"," "
"2022","Lower tariff","25 - 29","All","All","Not main scheme applicant","All","25","20","0.875"
"2023","Lower tariff","25 - 29","All","All","Not main scheme applicant","All","20","15","0.833"
"2019","Higher tariff","25 - 29","All","All","Not main scheme applicant","All","30","25","0.8"
"2020","Higher tariff","25 - 29","All","All","Not main scheme applicant","All","50","40","0.837"
"2021","Higher tariff","25 - 29","All","All","Not main scheme applicant","All","15","10","0.714"
"2022","Higher tariff","25 - 29","All","All","Not main scheme applicant","All","20","15","0.727"
"2023","Higher tariff","25 - 29","All","All","Not main scheme applicant","All","25","20","0.875"
"2020","Medium tariff","25 - 29","All","All","Not main scheme applicant","All","5","5"," "
"2022","Medium tariff","25 - 29","All","All","Not main scheme applicant","All","25","15","0.625"
"2023","Medium tariff","25 - 29","All","All","Not main scheme applicant","All","15","15","0.8130000000000001"
"2020","Lower tariff","30 - 34","All","All","Not main scheme applicant","All","5","5"," "
"2021","Lower tariff","30 - 34","All","All","Not main scheme applicant","All","5","5"," "
"2022","Lower tariff","30 - 34","All","All","Not main scheme applicant","All","5","5"," "
"2023","Lower tariff","30 - 34","All","All","Not main scheme applicant","All","5","5"," "
"2019","Higher tariff","30 - 34","All","All","Not main scheme applicant","All","10","5"," "
"2020","Higher tariff","30 - 34","All","All","Not main scheme applicant","All","10","5"," "
"2021","Higher tariff","30 - 34","All","All","Not main scheme applicant","All","5","5"," "
"2022","Higher tariff","30 - 34","All","All","Not main scheme applicant","All","10","5"," "
"2023","Higher tariff","30 - 34","All","All","Not main scheme applicant","All","15","10","0.786"
"2020","Medium tariff","30 - 34","All","All","Not main scheme applicant","All","5","5"," "
"2021","Medium tariff","30 - 34","All","All","Not main scheme applicant","All","5","0"," "
"2022","Medium tariff","30 - 34","All","All","Not main scheme applicant","All","5","5"," "
"2023","Medium tariff","30 - 34","All","All","Not main scheme applicant","All","10","10","1"
"2019","Lower tariff","35 and over","All","All","Not main scheme applicant","All","10","10"," "
"2020","Lower tariff","35 and over","All","All","Not main scheme applicant","All","10","10","0.917"
"2021","Lower tariff","35 and over","All","All","Not main scheme applicant","All","10","10"," "
"2022","Lower tariff","35 and over","All","All","Not main scheme applicant","All","20","15","0.778"
"2023","Lower tariff","35 and over","All","All","Not main scheme applicant","All","15","15","0.867"
"2019","Higher tariff","35 and over","All","All","Not main scheme applicant","All","20","10","0.55"
"2020","Higher tariff","35 and over","All","All","Not main scheme applicant","All","35","25","0.727"
"2021","Higher tariff","35 and over","All","All","Not main scheme applicant","All","20","15","0.778"
"2022","Higher tariff","35 and over","All","All","Not main scheme applicant","All","25","15","0.708"
"2023","Higher tariff","35 and over","All","All","Not main scheme applicant","All","30","25","0.871"
"2019","Medium tariff","35 and over","All","All","Not main scheme applicant","All","5","5"," "
"2020","Medium tariff","35 and over","All","All","Not main scheme applicant","All","10","5"," "
"2021","Medium tariff","35 and over","All","All","Not main scheme applicant","All","5","0"," "
"2022","Medium tariff","35 and over","All","All","Not main scheme applicant","All","10","10"," "
"2023","Medium tariff","35 and over","All","All","Not main scheme applicant","All","15","10","0.706"
"2022","Higher tariff","17 and under","All","All","Main scheme applicant","All","5","0"," "
"2020","Lower tariff","18","All","All","Main scheme applicant","All","5","0"," "
"2022","Lower tariff","18","All","All","Main scheme applicant","All","10","0"," "
"2023","Lower tariff","18","All","All","Main scheme applicant","All","5","0"," "
"2019","Higher tariff","18","All","All","Main scheme applicant","All","15","0"," "
"2020","Higher tariff","18","All","All","Main scheme applicant","All","20","0"," "
"2021","Higher tariff","18","All","All","Main scheme applicant","All","25","0"," "
"2022","Higher tariff","18","All","All","Main scheme applicant","All","20","0"," "
"2023","Higher tariff","18","All","All","Main scheme applicant","All","20","0"," "
"2019","Medium tariff","18","All","All","Main scheme applicant","All","5","0"," "
"2020","Medium tariff","18","All","All","Main scheme applicant","All","10","0"," "
"2021","Medium tariff","18","All","All","Main scheme applicant","All","5","0"," "
"2022","Medium tariff","18","All","All","Main scheme applicant","All","20","0"," "
"2023","Medium tariff","18","All","All","Main scheme applicant","All","15","0"," "
"2023","Lower tariff","19","All","All","Main scheme applicant","All","5","0"," "
"2019","Higher tariff","19","All","All","Main scheme applicant","All","5","0"," "
"2020","Higher tariff","19","All","All","Main scheme applicant","All","5","0"," "
"2021","Higher tariff","19","All","All","Main scheme applicant","All","5","0"," "
"2022","Higher tariff","19","All","All","Main scheme applicant","All","10","0"," "
"2023","Higher tariff","19","All","All","Main scheme applicant","All","10","0"," "
"2019","Medium tariff","19","All","All","Main scheme applicant","All","5","0"," "
"2021","Medium tariff","19","All","All","Main scheme applicant","All","5","0"," "
"2022","Medium tariff","19","All","All","Main scheme applicant","All","5","0"," "
"2023","Medium tariff","19","All","All","Main scheme applicant","All","5","0"," "
"2023","Lower tariff","20","All","All","Main scheme applicant","All","5","0"," "
"2019","Higher tariff","20","All","All","Main scheme applicant","All","10","0"," "
"2020","Higher tariff","20","All","All","Main scheme applicant","All","10","0"," "
"2021","Higher tariff","20","All","All","Main scheme applicant","All","15","0"," "
"2022","Higher tariff","20","All","All","Main scheme applicant","All","10","0"," "
"2023","Higher tariff","20","All","All","Main scheme applicant","All","5","0"," "
"2020","Medium tariff","20","All","All","Main scheme applicant","All","5","0"," "
"2021","Medium tariff","20","All","All","Main scheme applicant","All","5","0"," "
"2022","Medium tariff","20","All","All","Main scheme applicant","All","5","0"," "
"2023","Medium tariff","20","All","All","Main scheme applicant","All","10","0"," "
"2019","Lower tariff","21 - 24","All","All","Main scheme applicant","All","15","10"," "
"2020","Lower tariff","21 - 24","All","All","Main scheme applicant","All","10","5"," "
"2021","Lower tariff","21 - 24","All","All","Main scheme applicant","All","10","5"," "
"2022","Lower tariff","21 - 24","All","All","Main scheme applicant","All","680","390","0.578"
"2023","Lower tariff","21 - 24","All","All","Main scheme applicant","All","605","345","0.5680000000000001"
"2019","Higher tariff","21 - 24","All","All","Main scheme applicant","All","1800","810","0.449"
"2020","Higher tariff","21 - 24","All","All","Main scheme applicant","All","1895","885","0.466"
"2021","Higher tariff","21 - 24","All","All","Main scheme applicant","All","2325","855","0.367"
"2022","Higher tariff","21 - 24","All","All","Main scheme applicant","All","1675","740","0.444"
"2023","Higher tariff","21 - 24","All","All","Main scheme applicant","All","1410","695","0.493"
"2019","Medium tariff","21 - 24","All","All","Main scheme applicant","All","955","105","0.108"
"2020","Medium tariff","21 - 24","All","All","Main scheme applicant","All","1010","100","0.101"
"2021","Medium tariff","21 - 24","All","All","Main scheme applicant","All","1290","110","0.08600000000000001"
"2022","Medium tariff","21 - 24","All","All","Main scheme applicant","All","1340","240","0.177"
"2023","Medium tariff","21 - 24","All","All","Main scheme applicant","All","1185","235","0.198"
"2019","Lower tariff","25 - 29","All","All","Main scheme applicant","All","5","0"," "
"2020","Lower tariff","25 - 29","All","All","Main scheme applicant","All","10","5"," "
"2021","Lower tariff","25 - 29","All","All","Main scheme applicant","All","15","5"," "
"2022","Lower tariff","25 - 29","All","All","Main scheme applicant","All","230","135","0.578"
"2023","Lower tariff","25 - 29","All","All","Main scheme applicant","All","210","130","0.626"
"2019","Higher tariff","25 - 29","All","All","Main scheme applicant","All","1395","635","0.457"
"2020","Higher tariff","25 - 29","All","All","Main scheme applicant","All","1410","640","0.455"
"2021","Higher tariff","25 - 29","All","All","Main scheme applicant","All","1760","645","0.367"
"2022","Higher tariff","25 - 29","All","All","Main scheme applicant","All","1210","545","0.449"
"2023","Higher tariff","25 - 29","All","All","Main scheme applicant","All","880","415","0.47100000000000003"
"2019","Medium tariff","25 - 29","All","All","Main scheme applicant","All","860","125","0.14400000000000002"
"2020","Medium tariff","25 - 29","All","All","Main scheme applicant","All","845","125","0.147"
"2021","Medium tariff","25 - 29","All","All","Main scheme applicant","All","1070","145","0.135"
"2022","Medium tariff","25 - 29","All","All","Main scheme applicant","All","875","145","0.163"
"2023","Medium tariff","25 - 29","All","All","Main scheme applicant","All","685","115","0.166"
"2019","Lower tariff","30 - 34","All","All","Main scheme applicant","All","10","5"," "
"2020","Lower tariff","30 - 34","All","All","Main scheme applicant","All","10","5"," "
"2021","Lower tariff","30 - 34","All","All","Main scheme applicant","All","5","0"," "
"2022","Lower tariff","30 - 34","All","All","Main scheme applicant","All","90","55","0.636"
"2023","Lower tariff","30 - 34","All","All","Main scheme applicant","All","80","45","0.5730000000000001"
"2019","Higher tariff","30 - 34","All","All","Main scheme applicant","All","610","250","0.40800000000000003"
"2020","Higher tariff","30 - 34","All","All","Main scheme applicant","All","640","290","0.453"
"2021","Higher tariff","30 - 34","All","All","Main scheme applicant","All","730","240","0.327"
"2022","Higher tariff","30 - 34","All","All","Main scheme applicant","All","525","230","0.439"
"2023","Higher tariff","30 - 34","All","All","Main scheme applicant","All","385","165","0.426"
"2019","Medium tariff","30 - 34","All","All","Main scheme applicant","All","370","60","0.162"
"2020","Medium tariff","30 - 34","All","All","Main scheme applicant","All","390","70","0.17400000000000002"
"2021","Medium tariff","30 - 34","All","All","Main scheme applicant","All","430","65","0.152"
"2022","Medium tariff","30 - 34","All","All","Main scheme applicant","All","370","75","0.20500000000000002"
"2023","Medium tariff","30 - 34","All","All","Main scheme applicant","All","300","65","0.215"
"2019","Lower tariff","35 and over","All","All","Main scheme applicant","All","10","5"," "
"2020","Lower tariff","35 and over","All","All","Main scheme applicant","All","15","5"," "
"2021","Lower tariff","35 and over","All","All","Main scheme applicant","All","15","10","0.714"
"2022","Lower tariff","35 and over","All","All","Main scheme applicant","All","130","65","0.489"
"2023","Lower tariff","35 and over","All","All","Main scheme applicant","All","85","40","0.453"
"2019","Higher tariff","35 and over","All","All","Main scheme applicant","All","1025","395","0.383"
"2020","Higher tariff","35 and over","All","All","Main scheme applicant","All","1040","415","0.402"
"2021","Higher tariff","35 and over","All","All","Main scheme applicant","All","1145","375","0.327"
"2022","Higher tariff","35 and over","All","All","Main scheme applicant","All","795","325","0.40900000000000003"
"2023","Higher tariff","35 and over","All","All","Main scheme applicant","All","650","285","0.436"
"2019","Medium tariff","35 and over","All","All","Main scheme applicant","All","620","110","0.17500000000000002"
"2020","Medium tariff","35 and over","All","All","Main scheme applicant","All","660","135","0.20400000000000001"
"2021","Medium tariff","35 and over","All","All","Main scheme applicant","All","690","105","0.155"
"2022","Medium tariff","35 and over","All","All","Main scheme applicant","All","540","125","0.229"
"2023","Medium tariff","35 and over","All","All","Main scheme applicant","All","465","120","0.261"
"2019","All","21 - 24","All","All","Not main scheme applicant","All","25","25","0.885"
"2020","All","21 - 24","All","All","Not main scheme applicant","All","50","35","0.75"
"2021","All","21 - 24","All","All","Not main scheme applicant","All","30","20","0.75"
"2022","All","21 - 24","All","All","Not main scheme applicant","All","90","70","0.78"
"2023","All","21 - 24","All","All","Not main scheme applicant","All","110","90","0.8180000000000001"
"2019","All","25 - 29","All","All","Not main scheme applicant","All","35","30","0.8290000000000001"
"2020","All","25 - 29","All","All","Not main scheme applicant","All","70","55","0.797"
"2021","All","25 - 29","All","All","Not main scheme applicant","All","20","15","0.684"
"2022","All","25 - 29","All","All","Not main scheme applicant","All","70","50","0.743"
"2023","All","25 - 29","All","All","Not main scheme applicant","All","60","50","0.845"
"2019","All","30 - 34","All","All","Not main scheme applicant","All","10","5"," "
"2020","All","30 - 34","All","All","Not main scheme applicant","All","20","15","0.81"
"2021","All","30 - 34","All","All","Not main scheme applicant","All","15","10","0.769"
"2022","All","30 - 34","All","All","Not main scheme applicant","All","25","15","0.609"
"2023","All","30 - 34","All","All","Not main scheme applicant","All","30","25","0.862"
"2019","All","35 and over","All","All","Not main scheme applicant","All","35","20","0.667"
"2020","All","35 and over","All","All","Not main scheme applicant","All","55","40","0.722"
"2021","All","35 and over","All","All","Not main scheme applicant","All","30","25","0.742"
"2022","All","35 and over","All","All","Not main scheme applicant","All","55","40","0.741"
"2023","All","35 and over","All","All","Not main scheme applicant","All","65","50","0.8250000000000001"
"2022","All","17 and under","All","All","Main scheme applicant","All","5","0"," "
"2019","All","18","All","All","Main scheme applicant","All","15","0"," "
"2020","All","18","All","All","Main scheme applicant","All","30","0"," "
"2021","All","18","All","All","Main scheme applicant","All","25","0"," "
"2022","All","18","All","All","Main scheme applicant","All","50","0"," "
"2023","All","18","All","All","Main scheme applicant","All","40","0"," "
"2019","All","19","All","All","Main scheme applicant","All","10","0"," "
"2020","All","19","All","All","Main scheme applicant","All","10","0"," "
"2021","All","19","All","All","Main scheme applicant","All","5","0"," "
"2022","All","19","All","All","Main scheme applicant","All","15","0"," "
"2023","All","19","All","All","Main scheme applicant","All","15","0"," "
"2019","All","20","All","All","Main scheme applicant","All","10","0"," "
"2020","All","20","All","All","Main scheme applicant","All","15","0"," "
"2021","All","20","All","All","Main scheme applicant","All","15","0"," "
"2022","All","20","All","All","Main scheme applicant","All","15","0"," "
"2023","All","20","All","All","Main scheme applicant","All","15","0"," "
"2019","All","21 - 24","All","All","Main scheme applicant","All","1845","920","0.5"
"2020","All","21 - 24","All","All","Main scheme applicant","All","1950","990","0.508"
"2021","All","21 - 24","All","All","Main scheme applicant","All","2380","970","0.40800000000000003"
"2022","All","21 - 24","All","All","Main scheme applicant","All","2445","1370","0.561"
"2023","All","21 - 24","All","All","Main scheme applicant","All","2130","1275","0.598"
"2019","All","25 - 29","All","All","Main scheme applicant","All","1460","765","0.522"
"2020","All","25 - 29","All","All","Main scheme applicant","All","1485","770","0.52"
"2021","All","25 - 29","All","All","Main scheme applicant","All","1810","795","0.439"
"2022","All","25 - 29","All","All","Main scheme applicant","All","1485","820","0.552"
"2023","All","25 - 29","All","All","Main scheme applicant","All","1150","660","0.5760000000000001"
"2019","All","30 - 34","All","All","Main scheme applicant","All","670","315","0.468"
"2020","All","30 - 34","All","All","Main scheme applicant","All","700","360","0.519"
"2021","All","30 - 34","All","All","Main scheme applicant","All","775","305","0.396"
"2022","All","30 - 34","All","All","Main scheme applicant","All","655","365","0.553"
"2023","All","30 - 34","All","All","Main scheme applicant","All","505","275","0.549"
"2019","All","35 and over","All","All","Main scheme applicant","All","1145","510","0.445"
"2020","All","35 and over","All","All","Main scheme applicant","All","1190","555","0.466"
"2021","All","35 and over","All","All","Main scheme applicant","All","1285","490","0.383"
"2022","All","35 and over","All","All","Main scheme applicant","All","1030","515","0.499"
"2023","All","35 and over","All","All","Main scheme applicant","All","830","445","0.533"
"2019","Lower tariff","All","All","All","Not main scheme applicant","All","15","15","1"
"2020","Lower tariff","All","All","All","Not main scheme applicant","All","35","30","0.865"
"2021","Lower tariff","All","All","All","Not main scheme applicant","All","20","15","0.85"
"2022","Lower tariff","All","All","All","Not main scheme applicant","All","85","70","0.8310000000000001"
"2023","Lower tariff","All","All","All","Not main scheme applicant","All","75","60","0.8160000000000001"
"2019","Higher tariff","All","All","All","Not main scheme applicant","All","75","55","0.727"
"2020","Higher tariff","All","All","All","Not main scheme applicant","All","125","100","0.78"
"2021","Higher tariff","All","All","All","Not main scheme applicant","All","55","45","0.789"
"2022","Higher tariff","All","All","All","Not main scheme applicant","All","80","55","0.679"
"2023","Higher tariff","All","All","All","Not main scheme applicant","All","95","80","0.8210000000000001"
"2019","Medium tariff","All","All","All","Not main scheme applicant","All","10","10"," "
"2020","Medium tariff","All","All","All","Not main scheme applicant","All","30","15","0.5710000000000001"
"2021","Medium tariff","All","All","All","Not main scheme applicant","All","15","5"," "
"2022","Medium tariff","All","All","All","Not main scheme applicant","All","75","55","0.716"
"2023","Medium tariff","All","All","All","Not main scheme applicant","All","90","75","0.854"
"2019","Lower tariff","All","All","All","Main scheme applicant","All","45","25","0.535"
"2020","Lower tariff","All","All","All","Main scheme applicant","All","55","20","0.34"
"2021","Lower tariff","All","All","All","Main scheme applicant","All","45","25","0.5680000000000001"
"2022","Lower tariff","All","All","All","Main scheme applicant","All","1140","645","0.5660000000000001"
"2023","Lower tariff","All","All","All","Main scheme applicant","All","995","565","0.5660000000000001"
"2019","Higher tariff","All","All","All","Main scheme applicant","All","4860","2090","0.43"
"2020","Higher tariff","All","All","All","Main scheme applicant","All","5025","2235","0.445"
"2021","Higher tariff","All","All","All","Main scheme applicant","All","6005","2115","0.352"
"2022","Higher tariff","All","All","All","Main scheme applicant","All","4250","1845","0.434"
"2023","Higher tariff","All","All","All","Main scheme applicant","All","3365","1560","0.464"
"2019","Medium tariff","All","All","All","Main scheme applicant","All","2820","395","0.14"
"2020","Medium tariff","All","All","All","Main scheme applicant","All","2915","430","0.147"
"2021","Medium tariff","All","All","All","Main scheme applicant","All","3490","425","0.122"
"2022","Medium tariff","All","All","All","Main scheme applicant","All","3160","580","0.184"
"2023","Medium tariff","All","All","All","Main scheme applicant","All","2660","535","0.201"
"2019","All","All","All","All","Not main scheme applicant","All","105","80","0.779"
"2020","All","All","All","All","Not main scheme applicant","All","190","145","0.766"
"2021","All","All","All","All","Not main scheme applicant","All","90","65","0.736"
"2022","All","All","All","All","Not main scheme applicant","All","240","175","0.744"
"2023","All","All","All","All","Not main scheme applicant","All","260","215","0.8310000000000001"
"2019","All","All","All","All","Main scheme applicant","All","5155","2510","0.487"
"2020","All","All","All","All","Main scheme applicant","All","5380","2680","0.498"
"2021","All","All","All","All","Main scheme applicant","All","6300","2565","0.40700000000000003"
"2022","All","All","All","All","Main scheme applicant","All","5700","3070","0.539"
"2023","All","All","All","All","Main scheme applicant","All","4685","2655","0.5670000000000001"
"2023","Lower tariff","21 - 24","Northern Ireland","Female","All","All","5","0"," "
"2019","Higher tariff","21 - 24","Northern Ireland","Female","All","All","45","10","0.222"
"2020","Higher tariff","21 - 24","Northern Ireland","Female","All","All","35","10"," "
"2021","Higher tariff","21 - 24","Northern Ireland","Female","All","All","45","15","0.289"
"2022","Higher tariff","21 - 24","Northern Ireland","Female","All","All","30","10"," "
"2023","Higher tariff","21 - 24","Northern Ireland","Female","All","All","20","5"," "
"2019","Medium tariff","21 - 24","Northern Ireland","Female","All","All","10","0"," "
"2020","Medium tariff","21 - 24","Northern Ireland","Female","All","All","10","0"," "
"2021","Medium tariff","21 - 24","Northern Ireland","Female","All","All","15","0"," "
"2022","Medium tariff","21 - 24","Northern Ireland","Female","All","All","15","0"," "
"2023","Medium tariff","21 - 24","Northern Ireland","Female","All","All","5","0"," "
"2022","Lower tariff","25 - 29","Northern Ireland","Female","All","All","5","0"," "
"2019","Higher tariff","25 - 29","Northern Ireland","Female","All","All","15","10"," "
"2020","Higher tariff","25 - 29","Northern Ireland","Female","All","All","15","5"," "
"2021","Higher tariff","25 - 29","Northern Ireland","Female","All","All","15","5"," "
"2022","Higher tariff","25 - 29","Northern Ireland","Female","All","All","10","5"," "
"2023","Higher tariff","25 - 29","Northern Ireland","Female","All","All","10","5"," "
"2019","Medium tariff","25 - 29","Northern Ireland","Female","All","All","5","0"," "
"2020","Medium tariff","25 - 29","Northern Ireland","Female","All","All","5","0"," "
"2021","Medium tariff","25 - 29","Northern Ireland","Female","All","All","5","0"," "
"2022","Medium tariff","25 - 29","Northern Ireland","Female","All","All","5","0"," "
"2023","Medium tariff","25 - 29","Northern Ireland","Female","All","All","5","0"," "
"2021","Higher tariff","30 - 34","Northern Ireland","Female","All","All","5","0"," "
"2022","Higher tariff","30 - 34","Northern Ireland","Female","All","All","5","0"," "
"2019","Higher tariff","35 and over","Northern Ireland","Female","All","All","5","0"," "
"2022","Lower tariff","18","England","Female","All","All","5","0"," "
"2019","Lower tariff","21 - 24","England","Female","All","All","15","10"," "
"2020","Lower tariff","21 - 24","England","Female","All","All","15","10"," "
"2021","Lower tariff","21 - 24","England","Female","All","All","10","5"," "
"2022","Lower tariff","21 - 24","England","Female","All","All","65","30","0.455"
"2023","Lower tariff","21 - 24","England","Female","All","All","55","25","0.418"
"2019","Higher tariff","21 - 24","England","Female","All","All","40","20","0.45"
"2020","Higher tariff","21 - 24","England","Female","All","All","25","10"," "
"2021","Higher tariff","21 - 24","England","Female","All","All","60","15","0.254"
"2022","Higher tariff","21 - 24","England","Female","All","All","35","10"," "
"2023","Higher tariff","21 - 24","England","Female","All","All","25","5"," "
"2019","Medium tariff","21 - 24","England","Female","All","All","15","0"," "
"2020","Medium tariff","21 - 24","England","Female","All","All","10","0"," "
"2021","Medium tariff","21 - 24","England","Female","All","All","15","0"," "
"2022","Medium tariff","21 - 24","England","Female","All","All","40","15","0.436"
"2023","Medium tariff","21 - 24","England","Female","All","All","40","15","0.405"
"2019","Lower tariff","25 - 29","England","Female","All","All","10","5"," "
"2020","Lower tariff","25 - 29","England","Female","All","All","15","10","0.706"
"2021","Lower tariff","25 - 29","England","Female","All","All","10","5"," "
"2022","Lower tariff","25 - 29","England","Female","All","All","10","0"," "
"2023","Lower tariff","25 - 29","England","Female","All","All","15","15","1"
"2019","Higher tariff","25 - 29","England","Female","All","All","10","0"," "
"2020","Higher tariff","25 - 29","England","Female","All","All","15","10"," "
"2021","Higher tariff","25 - 29","England","Female","All","All","30","10","0.367"
"2022","Higher tariff","25 - 29","England","Female","All","All","20","5"," "
"2023","Higher tariff","25 - 29","England","Female","All","All","10","0"," "
"2019","Medium tariff","25 - 29","England","Female","All","All","5","0"," "
"2020","Medium tariff","25 - 29","England","Female","All","All","10","0"," "
"2021","Medium tariff","25 - 29","England","Female","All","All","15","0"," "
"2022","Medium tariff","25 - 29","England","Female","All","All","10","0"," "
"2023","Medium tariff","25 - 29","England","Female","All","All","5","0"," "
"2019","Lower tariff","30 - 34","England","Female","All","All","5","5"," "
"2020","Lower tariff","30 - 34","England","Female","All","All","10","5"," "
"2021","Lower tariff","30 - 34","England","Female","All","All","5","5"," "
"2022","Lower tariff","30 - 34","England","Female","All","All","5","5"," "
"2023","Lower tariff","30 - 34","England","Female","All","All","5","5"," "
"2019","Higher tariff","30 - 34","England","Female","All","All","5","0"," "
"2020","Higher tariff","30 - 34","England","Female","All","All","5","5"," "
"2021","Higher tariff","30 - 34","England","Female","All","All","10","0"," "
"2022","Higher tariff","30 - 34","England","Female","All","All","10","0"," "
"2019","Medium tariff","30 - 34","England","Female","All","All","5","0"," "
"2021","Medium tariff","30 - 34","England","Female","All","All","5","0"," "
"2022","Medium tariff","30 - 34","England","Female","All","All","5","0"," "
"2019","Lower tariff","35 and over","England","Female","All","All","20","15","0.722"
"2020","Lower tariff","35 and over","England","Female","All","All","25","15","0.5650000000000001"
"2021","Lower tariff","35 and over","England","Female","All","All","15","15","0.875"
"2022","Lower tariff","35 and over","England","Female","All","All","10","5"," "
"2023","Lower tariff","35 and over","England","Female","All","All","15","10","0.714"
"2019","Higher tariff","35 and over","England","Female","All","All","5","0"," "
"2021","Higher tariff","35 and over","England","Female","All","All","5","5"," "
"2022","Higher tariff","35 and over","England","Female","All","All","5","0"," "
"2019","Medium tariff","35 and over","England","Female","All","All","5","0"," "
"2021","Medium tariff","35 and over","England","Female","All","All","5","0"," "
"2019","Higher tariff","18","Scotland","Female","All","All","10","0"," "
"2020","Higher tariff","18","Scotland","Female","All","All","15","0"," "
"2021","Higher tariff","18","Scotland","Female","All","All","15","0"," "
"2022","Higher tariff","18","Scotland","Female","All","All","15","0"," "
"2023","Higher tariff","18","Scotland","Female","All","All","15","0"," "
"2019","Medium tariff","18","Scotland","Female","All","All","5","0"," "
"2020","Medium tariff","18","Scotland","Female","All","All","5","0"," "
"2021","Medium tariff","18","Scotland","Female","All","All","5","0"," "
"2022","Medium tariff","18","Scotland","Female","All","All","5","0"," "
"2023","Medium tariff","18","Scotland","Female","All","All","5","0"," "
"2019","Higher tariff","19","Scotland","Female","All","All","5","0"," "
"2021","Higher tariff","19","Scotland","Female","All","All","5","0"," "
"2022","Higher tariff","19","Scotland","Female","All","All","10","0"," "
"2023","Higher tariff","19","Scotland","Female","All","All","5","0"," "
"2019","Medium tariff","19","Scotland","Female","All","All","5","0"," "
"2021","Medium tariff","19","Scotland","Female","All","All","5","0"," "
"2019","Higher tariff","20","Scotland","Female","All","All","5","0"," "
"2020","Higher tariff","20","Scotland","Female","All","All","5","0"," "
"2021","Higher tariff","20","Scotland","Female","All","All","10","0"," "
"2022","Higher tariff","20","Scotland","Female","All","All","5","0"," "
"2023","Higher tariff","20","Scotland","Female","All","All","5","0"," "
"2021","Medium tariff","20","Scotland","Female","All","All","5","0"," "
"2022","Medium tariff","20","Scotland","Female","All","All","5","0"," "
"2022","Lower tariff","21 - 24","Scotland","Female","All","All","5","0"," "
"2023","Lower tariff","21 - 24","Scotland","Female","All","All","5","0"," "
"2019","Higher tariff","21 - 24","Scotland","Female","All","All","1135","580","0.511"
"2020","Higher tariff","21 - 24","Scotland","Female","All","All","1260","640","0.509"
"2021","Higher tariff","21 - 24","Scotland","Female","All","All","1560","630","0.404"
"2022","Higher tariff","21 - 24","Scotland","Female","All","All","1115","575","0.513"
"2023","Higher tariff","21 - 24","Scotland","Female","All","All","965","530","0.549"
"2019","Medium tariff","21 - 24","Scotland","Female","All","All","640","75","0.11900000000000001"
"2020","Medium tariff","21 - 24","Scotland","Female","All","All","725","80","0.113"
"2021","Medium tariff","21 - 24","Scotland","Female","All","All","920","85","0.094"
"2022","Medium tariff","21 - 24","Scotland","Female","All","All","645","75","0.11900000000000001"
"2023","Medium tariff","21 - 24","Scotland","Female","All","All","545","65","0.122"
"2023","Lower tariff","25 - 29","Scotland","Female","All","All","5","0"," "
"2019","Higher tariff","25 - 29","Scotland","Female","All","All","920","460","0.499"
"2020","Higher tariff","25 - 29","Scotland","Female","All","All","875","430","0.495"
"2021","Higher tariff","25 - 29","Scotland","Female","All","All","1125","445","0.397"
"2022","Higher tariff","25 - 29","Scotland","Female","All","All","760","380","0.499"
"2023","Higher tariff","25 - 29","Scotland","Female","All","All","550","280","0.513"
"2019","Medium tariff","25 - 29","Scotland","Female","All","All","595","95","0.156"
"2020","Medium tariff","25 - 29","Scotland","Female","All","All","560","85","0.155"
"2021","Medium tariff","25 - 29","Scotland","Female","All","All","720","105","0.149"
"2022","Medium tariff","25 - 29","Scotland","Female","All","All","485","80","0.161"
"2023","Medium tariff","25 - 29","Scotland","Female","All","All","355","50","0.14"
"2019","Higher tariff","30 - 34","Scotland","Female","All","All","380","150","0.401"
"2020","Higher tariff","30 - 34","Scotland","Female","All","All","405","195","0.484"
"2021","Higher tariff","30 - 34","Scotland","Female","All","All","455","140","0.311"
"2022","Higher tariff","30 - 34","Scotland","Female","All","All","295","145","0.488"
"2023","Higher tariff","30 - 34","Scotland","Female","All","All","245","130","0.518"
"2019","Medium tariff","30 - 34","Scotland","Female","All","All","250","40","0.168"
"2020","Medium tariff","30 - 34","Scotland","Female","All","All","265","55","0.20400000000000001"
"2021","Medium tariff","30 - 34","Scotland","Female","All","All","295","55","0.191"
"2022","Medium tariff","30 - 34","Scotland","Female","All","All","190","35","0.183"
"2023","Medium tariff","30 - 34","Scotland","Female","All","All","160","30","0.2"
"2019","Higher tariff","35 and over","Scotland","Female","All","All","690","270","0.391"
"2020","Higher tariff","35 and over","Scotland","Female","All","All","750","315","0.418"
"2021","Higher tariff","35 and over","Scotland","Female","All","All","795","285","0.355"
"2022","Higher tariff","35 and over","Scotland","Female","All","All","550","245","0.445"
"2023","Higher tariff","35 and over","Scotland","Female","All","All","475","225","0.47200000000000003"
"2019","Medium tariff","35 and over","Scotland","Female","All","All","445","85","0.194"
"2020","Medium tariff","35 and over","Scotland","Female","All","All","470","100","0.209"
"2021","Medium tariff","35 and over","Scotland","Female","All","All","495","75","0.147"
"2022","Medium tariff","35 and over","Scotland","Female","All","All","345","80","0.23500000000000001"
"2023","Medium tariff","35 and over","Scotland","Female","All","All","285","75","0.264"
"2020","Lower tariff","18","Wales","Female","All","All","5","0"," "
"2022","Medium tariff","18","Wales","Female","All","All","10","0"," "
"2022","Lower tariff","21 - 24","Wales","Female","All","All","430","280","0.653"
"2023","Lower tariff","21 - 24","Wales","Female","All","All","395","240","0.605"
"2020","Higher tariff","21 - 24","Wales","Female","All","All","5","0"," "
"2022","Higher tariff","21 - 24","Wales","Female","All","All","5","0"," "
"2023","Higher tariff","21 - 24","Wales","Female","All","All","5","0"," "
"2022","Medium tariff","21 - 24","Wales","Female","All","All","270","105","0.385"
"2023","Medium tariff","21 - 24","Wales","Female","All","All","285","110","0.391"
"2022","Lower tariff","25 - 29","Wales","Female","All","All","145","90","0.625"
"2023","Lower tariff","25 - 29","Wales","Female","All","All","130","90","0.6880000000000001"
"2022","Higher tariff","25 - 29","Wales","Female","All","All","5","0"," "
"2022","Medium tariff","25 - 29","Wales","Female","All","All","90","30","0.337"
"2023","Medium tariff","25 - 29","Wales","Female","All","All","70","25","0.343"
"2022","Lower tariff","30 - 34","Wales","Female","All","All","50","40","0.776"
"2023","Lower tariff","30 - 34","Wales","Female","All","All","50","30","0.604"
"2022","Medium tariff","30 - 34","Wales","Female","All","All","25","15","0.583"
"2023","Medium tariff","30 - 34","Wales","Female","All","All","30","10","0.375"
"2022","Lower tariff","35 and over","Wales","Female","All","All","85","45","0.554"
"2023","Lower tariff","35 and over","Wales","Female","All","All","50","35","0.66"
"2022","Medium tariff","35 and over","Wales","Female","All","All","35","15","0.417"
"2023","Medium tariff","35 and over","Wales","Female","All","All","40","15","0.405"
"2022","Lower tariff","21 - 24","Not EU","Female","All","All","5","0"," "
"2023","Lower tariff","21 - 24","Not EU","Female","All","All","5","0"," "
"2019","Higher tariff","21 - 24","Not EU","Female","All","All","15","5"," "
"2020","Higher tariff","21 - 24","Not EU","Female","All","All","20","5"," "
"2021","Higher tariff","21 - 24","Not EU","Female","All","All","15","0"," "
"2022","Higher tariff","21 - 24","Not EU","Female","All","All","10","5"," "
"2023","Higher tariff","21 - 24","Not EU","Female","All","All","20","5"," "
"2019","Medium tariff","21 - 24","Not EU","Female","All","All","5","0"," "
"2020","Medium tariff","21 - 24","Not EU","Female","All","All","5","0"," "
"2021","Medium tariff","21 - 24","Not EU","Female","All","All","5","0"," "
"2022","Medium tariff","21 - 24","Not EU","Female","All","All","10","0"," "
"2023","Medium tariff","21 - 24","Not EU","Female","All","All","10","0"," "
"2022","Lower tariff","25 - 29","Not EU","Female","All","All","5","0"," "
"2019","Higher tariff","25 - 29","Not EU","Female","All","All","15","5"," "
"2020","Higher tariff","25 - 29","Not EU","Female","All","All","15","5"," "
"2021","Higher tariff","25 - 29","Not EU","Female","All","All","15","5"," "
"2022","Higher tariff","25 - 29","Not EU","Female","All","All","20","5"," "
"2023","Higher tariff","25 - 29","Not EU","Female","All","All","15","5"," "
"2019","Medium tariff","25 - 29","Not EU","Female","All","All","10","0"," "
"2020","Medium tariff","25 - 29","Not EU","Female","All","All","5","0"," "
"2021","Medium tariff","25 - 29","Not EU","Female","All","All","5","0"," "
"2022","Medium tariff","25 - 29","Not EU","Female","All","All","10","0"," "
"2023","Medium tariff","25 - 29","Not EU","Female","All","All","10","0"," "
"2022","Lower tariff","30 - 34","Not EU","Female","All","All","5","0"," "
"2023","Lower tariff","30 - 34","Not EU","Female","All","All","5","0"," "
"2019","Higher tariff","30 - 34","Not EU","Female","All","All","10","5"," "
"2020","Higher tariff","30 - 34","Not EU","Female","All","All","10","0"," "
"2021","Higher tariff","30 - 34","Not EU","Female","All","All","10","5"," "
"2022","Higher tariff","30 - 34","Not EU","Female","All","All","10","0"," "
"2023","Higher tariff","30 - 34","Not EU","Female","All","All","10","0"," "
"2019","Medium tariff","30 - 34","Not EU","Female","All","All","5","0"," "
"2020","Medium tariff","30 - 34","Not EU","Female","All","All","5","0"," "
"2021","Medium tariff","30 - 34","Not EU","Female","All","All","5","0"," "
"2022","Medium tariff","30 - 34","Not EU","Female","All","All","10","0"," "
"2023","Medium tariff","30 - 34","Not EU","Female","All","All","10","5"," "
"2022","Lower tariff","35 and over","Not EU","Female","All","All","5","0"," "
"2023","Lower tariff","35 and over","Not EU","Female","All","All","5","0"," "
"2019","Higher tariff","35 and over","Not EU","Female","All","All","10","0"," "
"2020","Higher tariff","35 and over","Not EU","Female","All","All","5","0"," "
"2021","Higher tariff","35 and over","Not EU","Female","All","All","10","0"," "
"2022","Higher tariff","35 and over","Not EU","Female","All","All","15","5"," "
"2023","Higher tariff","35 and over","Not EU","Female","All","All","10","0"," "
"2020","Medium tariff","35 and over","Not EU","Female","All","All","5","0"," "
"2021","Medium tariff","35 and over","Not EU","Female","All","All","5","0"," "
"2022","Medium tariff","35 and over","Not EU","Female","All","All","10","0"," "
"2023","Medium tariff","35 and over","Not EU","Female","All","All","10","5"," "
"2019","Higher tariff","20","EU (excluding UK)","Female","All","All","5","0"," "
"2020","Higher tariff","20","EU (excluding UK)","Female","All","All","5","0"," "
"2022","Lower tariff","21 - 24","EU (excluding UK)","Female","All","All","15","0"," "
"2023","Lower tariff","21 - 24","EU (excluding UK)","Female","All","All","10","0"," "
"2019","Higher tariff","21 - 24","EU (excluding UK)","Female","All","All","95","30","0.302"
"2020","Higher tariff","21 - 24","EU (excluding UK)","Female","All","All","115","50","0.427"
"2021","Higher tariff","21 - 24","EU (excluding UK)","Female","All","All","85","15","0.19"
"2022","Higher tariff","21 - 24","EU (excluding UK)","Female","All","All","35","5"," "
"2023","Higher tariff","21 - 24","EU (excluding UK)","Female","All","All","35","10","0.314"
"2019","Medium tariff","21 - 24","EU (excluding UK)","Female","All","All","40","5"," "
"2020","Medium tariff","21 - 24","EU (excluding UK)","Female","All","All","25","0"," "
"2021","Medium tariff","21 - 24","EU (excluding UK)","Female","All","All","20","0"," "
"2022","Medium tariff","21 - 24","EU (excluding UK)","Female","All","All","15","5"," "
"2023","Medium tariff","21 - 24","EU (excluding UK)","Female","All","All","20","0"," "
"2022","Lower tariff","25 - 29","EU (excluding UK)","Female","All","All","5","0"," "
"2019","Higher tariff","25 - 29","EU (excluding UK)","Female","All","All","40","15","0.317"
"2020","Higher tariff","25 - 29","EU (excluding UK)","Female","All","All","65","20","0.34900000000000003"
"2021","Higher tariff","25 - 29","EU (excluding UK)","Female","All","All","40","10"," "
"2022","Higher tariff","25 - 29","EU (excluding UK)","Female","All","All","30","10"," "
"2023","Higher tariff","25 - 29","EU (excluding UK)","Female","All","All","15","5"," "
"2019","Medium tariff","25 - 29","EU (excluding UK)","Female","All","All","15","5"," "
"2020","Medium tariff","25 - 29","EU (excluding UK)","Female","All","All","20","0"," "
"2021","Medium tariff","25 - 29","EU (excluding UK)","Female","All","All","20","0"," "
"2022","Medium tariff","25 - 29","EU (excluding UK)","Female","All","All","15","0"," "
"2023","Medium tariff","25 - 29","EU (excluding UK)","Female","All","All","10","0"," "
"2019","Higher tariff","30 - 34","EU (excluding UK)","Female","All","All","20","10"," "
"2020","Higher tariff","30 - 34","EU (excluding UK)","Female","All","All","15","5"," "
"2021","Higher tariff","30 - 34","EU (excluding UK)","Female","All","All","10","5"," "
"2022","Higher tariff","30 - 34","EU (excluding UK)","Female","All","All","5","0"," "
"2023","Higher tariff","30 - 34","EU (excluding UK)","Female","All","All","5","0"," "
"2019","Medium tariff","30 - 34","EU (excluding UK)","Female","All","All","5","0"," "
"2020","Medium tariff","30 - 34","EU (excluding UK)","Female","All","All","5","0"," "
"2022","Medium tariff","30 - 34","EU (excluding UK)","Female","All","All","5","0"," "
"2023","Medium tariff","30 - 34","EU (excluding UK)","Female","All","All","5","0"," "
"2019","Higher tariff","35 and over","EU (excluding UK)","Female","All","All","10","5"," "
"2020","Higher tariff","35 and over","EU (excluding UK)","Female","All","All","10","0"," "
"2021","Higher tariff","35 and over","EU (excluding UK)","Female","All","All","5","0"," "
"2022","Higher tariff","35 and over","EU (excluding UK)","Female","All","All","5","0"," "
"2023","Higher tariff","35 and over","EU (excluding UK)","Female","All","All","5","0"," "
"2019","Medium tariff","35 and over","EU (excluding UK)","Female","All","All","5","0"," "
"2020","Medium tariff","35 and over","EU (excluding UK)","Female","All","All","5","0"," "
"2022","Medium tariff","35 and over","EU (excluding UK)","Female","All","All","5","0"," "
"2023","Medium tariff","35 and over","EU (excluding UK)","Female","All","All","5","0"," "
"2022","Lower tariff","21 - 24","Northern Ireland","Male","All","All","5","0"," "
"2019","Higher tariff","21 - 24","Northern Ireland","Male","All","All","15","0"," "
"2020","Higher tariff","21 - 24","Northern Ireland","Male","All","All","5","0"," "
"2021","Higher tariff","21 - 24","Northern Ireland","Male","All","All","20","0"," "
"2022","Higher tariff","21 - 24","Northern Ireland","Male","All","All","15","5"," "
"2023","Higher tariff","21 - 24","Northern Ireland","Male","All","All","5","0"," "
"2019","Medium tariff","21 - 24","Northern Ireland","Male","All","All","10","0"," "
"2021","Medium tariff","21 - 24","Northern Ireland","Male","All","All","10","0"," "
"2022","Medium tariff","21 - 24","Northern Ireland","Male","All","All","10","0"," "
"2019","Higher tariff","25 - 29","Northern Ireland","Male","All","All","10","5"," "
"2020","Higher tariff","25 - 29","Northern Ireland","Male","All","All","5","0"," "
"2021","Higher tariff","25 - 29","Northern Ireland","Male","All","All","10","5"," "
"2022","Higher tariff","25 - 29","Northern Ireland","Male","All","All","5","0"," "
"2019","Medium tariff","25 - 29","Northern Ireland","Male","All","All","5","0"," "
"2020","Medium tariff","25 - 29","Northern Ireland","Male","All","All","5","0"," "
"2020","Higher tariff","30 - 34","Northern Ireland","Male","All","All","5","0"," "
"2023","Medium tariff","18","England","Male","All","All","5","0"," "
"2019","Lower tariff","21 - 24","England","Male","All","All","5","5"," "
"2020","Lower tariff","21 - 24","England","Male","All","All","5","0"," "
"2021","Lower tariff","21 - 24","England","Male","All","All","5","0"," "
"2022","Lower tariff","21 - 24","England","Male","All","All","25","10","0.37"
"2023","Lower tariff","21 - 24","England","Male","All","All","25","15","0.652"
"2019","Higher tariff","21 - 24","England","Male","All","All","15","5"," "
"2020","Higher tariff","21 - 24","England","Male","All","All","15","10"," "
"2021","Higher tariff","21 - 24","England","Male","All","All","20","5"," "
"2022","Higher tariff","21 - 24","England","Male","All","All","20","5"," "
"2023","Higher tariff","21 - 24","England","Male","All","All","10","5"," "
"2019","Medium tariff","21 - 24","England","Male","All","All","5","0"," "
"2020","Medium tariff","21 - 24","England","Male","All","All","5","0"," "
"2021","Medium tariff","21 - 24","England","Male","All","All","5","0"," "
"2022","Medium tariff","21 - 24","England","Male","All","All","20","5"," "
"2023","Medium tariff","21 - 24","England","Male","All","All","20","10","0.526"
"2020","Lower tariff","25 - 29","England","Male","All","All","5","5"," "
"2021","Lower tariff","25 - 29","England","Male","All","All","5","0"," "
"2022","Lower tariff","25 - 29","England","Male","All","All","5","5"," "
"2023","Lower tariff","25 - 29","England","Male","All","All","10","5"," "
"2019","Higher tariff","25 - 29","England","Male","All","All","10","5"," "
"2020","Higher tariff","25 - 29","England","Male","All","All","10","5"," "
"2021","Higher tariff","25 - 29","England","Male","All","All","10","5"," "
"2022","Higher tariff","25 - 29","England","Male","All","All","10","5"," "
"2023","Higher tariff","25 - 29","England","Male","All","All","5","0"," "
"2019","Medium tariff","25 - 29","England","Male","All","All","5","0"," "
"2020","Medium tariff","25 - 29","England","Male","All","All","5","0"," "
"2021","Medium tariff","25 - 29","England","Male","All","All","5","0"," "
"2022","Medium tariff","25 - 29","England","Male","All","All","5","0"," "
"2023","Medium tariff","25 - 29","England","Male","All","All","5","0"," "
"2019","Lower tariff","30 - 34","England","Male","All","All","5","5"," "
"2020","Lower tariff","30 - 34","England","Male","All","All","5","5"," "
"2022","Lower tariff","30 - 34","England","Male","All","All","5","0"," "
"2023","Lower tariff","30 - 34","England","Male","All","All","5","0"," "
"2020","Higher tariff","30 - 34","England","Male","All","All","5","5"," "
"2021","Higher tariff","30 - 34","England","Male","All","All","5","0"," "
"2023","Higher tariff","30 - 34","England","Male","All","All","5","5"," "
"2022","Medium tariff","30 - 34","England","Male","All","All","5","0"," "
"2023","Medium tariff","30 - 34","England","Male","All","All","5","0"," "
"2021","Lower tariff","35 and over","England","Male","All","All","5","5"," "
"2022","Lower tariff","35 and over","England","Male","All","All","5","0"," "
"2023","Lower tariff","35 and over","England","Male","All","All","5","0"," "
"2019","Higher tariff","35 and over","England","Male","All","All","5","0"," "
"2020","Higher tariff","35 and over","England","Male","All","All","5","0"," "
"2021","Higher tariff","35 and over","England","Male","All","All","5","0"," "
"2021","Medium tariff","35 and over","England","Male","All","All","5","0"," "
"2023","Medium tariff","35 and over","England","Male","All","All","5","0"," "
"2019","Higher tariff","18","Scotland","Male","All","All","5","0"," "
"2021","Higher tariff","18","Scotland","Male","All","All","5","0"," "
"2022","Higher tariff","18","Scotland","Male","All","All","5","0"," "
"2023","Higher tariff","18","Scotland","Male","All","All","5","0"," "
"2023","Medium tariff","20","Scotland","Male","All","All","5","0"," "
"2019","Higher tariff","21 - 24","Scotland","Male","All","All","425","170","0.401"
"2020","Higher tariff","21 - 24","Scotland","Male","All","All","415","175","0.429"
"2021","Higher tariff","21 - 24","Scotland","Male","All","All","530","185","0.353"
"2022","Higher tariff","21 - 24","Scotland","Male","All","All","410","155","0.377"
"2023","Higher tariff","21 - 24","Scotland","Male","All","All","325","150","0.457"
"2019","Medium tariff","21 - 24","Scotland","Male","All","All","230","20","0.092"
"2020","Medium tariff","21 - 24","Scotland","Male","All","All","225","20","0.088"
"2021","Medium tariff","21 - 24","Scotland","Male","All","All","305","20","0.073"
"2022","Medium tariff","21 - 24","Scotland","Male","All","All","240","20","0.08"
"2023","Medium tariff","21 - 24","Scotland","Male","All","All","200","20","0.111"
"2023","Lower tariff","25 - 29","Scotland","Male","All","All","5","0"," "
"2019","Higher tariff","25 - 29","Scotland","Male","All","All","380","160","0.41600000000000004"
"2020","Higher tariff","25 - 29","Scotland","Male","All","All","440","195","0.445"
"2021","Higher tariff","25 - 29","Scotland","Male","All","All","505","170","0.338"
"2022","Higher tariff","25 - 29","Scotland","Male","All","All","360","150","0.40900000000000003"
"2023","Higher tariff","25 - 29","Scotland","Male","All","All","285","135","0.47700000000000004"
"2019","Medium tariff","25 - 29","Scotland","Male","All","All","215","25","0.117"
"2020","Medium tariff","25 - 29","Scotland","Male","All","All","230","35","0.147"
"2021","Medium tariff","25 - 29","Scotland","Male","All","All","295","35","0.11800000000000001"
"2022","Medium tariff","25 - 29","Scotland","Male","All","All","225","35","0.145"
"2023","Medium tariff","25 - 29","Scotland","Male","All","All","190","25","0.14200000000000002"
"2019","Higher tariff","30 - 34","Scotland","Male","All","All","190","80","0.436"
"2020","Higher tariff","30 - 34","Scotland","Male","All","All","190","75","0.398"
"2021","Higher tariff","30 - 34","Scotland","Male","All","All","230","90","0.389"
"2022","Higher tariff","30 - 34","Scotland","Male","All","All","195","85","0.431"
"2023","Higher tariff","30 - 34","Scotland","Male","All","All","125","45","0.34700000000000003"
"2019","Medium tariff","30 - 34","Scotland","Male","All","All","95","15","0.17"
"2020","Medium tariff","30 - 34","Scotland","Male","All","All","105","15","0.159"
"2021","Medium tariff","30 - 34","Scotland","Male","All","All","120","10","0.092"
"2022","Medium tariff","30 - 34","Scotland","Male","All","All","110","15","0.155"
"2023","Medium tariff","30 - 34","Scotland","Male","All","All","80","20","0.228"
"2019","Higher tariff","35 and over","Scotland","Male","All","All","310","125","0.40800000000000003"
"2020","Higher tariff","35 and over","Scotland","Male","All","All","290","120","0.41600000000000004"
"2021","Higher tariff","35 and over","Scotland","Male","All","All","330","100","0.299"
"2022","Higher tariff","35 and over","Scotland","Male","All","All","235","90","0.385"
"2023","Higher tariff","35 and over","Scotland","Male","All","All","175","80","0.46"
"2019","Medium tariff","35 and over","Scotland","Male","All","All","165","25","0.158"
"2020","Medium tariff","35 and over","Scotland","Male","All","All","180","35","0.202"
"2021","Medium tariff","35 and over","Scotland","Male","All","All","170","30","0.17500000000000002"
"2022","Medium tariff","35 and over","Scotland","Male","All","All","130","25","0.203"
"2023","Medium tariff","35 and over","Scotland","Male","All","All","105","20","0.196"
"2022","Lower tariff","18","Wales","Male","All","All","5","0"," "
"2022","Medium tariff","18","Wales","Male","All","All","5","0"," "
"2023","Medium tariff","18","Wales","Male","All","All","5","0"," "
"2022","Lower tariff","21 - 24","Wales","Male","All","All","155","95","0.626"
"2023","Lower tariff","21 - 24","Wales","Male","All","All","140","95","0.669"
"2022","Medium tariff","21 - 24","Wales","Male","All","All","95","30","0.32"
"2023","Medium tariff","21 - 24","Wales","Male","All","All","95","45","0.46900000000000003"
"2022","Lower tariff","25 - 29","Wales","Male","All","All","75","55","0.707"
"2023","Lower tariff","25 - 29","Wales","Male","All","All","65","40","0.603"
"2020","Higher tariff","25 - 29","Wales","Male","All","All","5","0"," "
"2022","Medium tariff","25 - 29","Wales","Male","All","All","40","10"," "
"2023","Medium tariff","25 - 29","Wales","Male","All","All","45","20","0.489"
"2022","Lower tariff","30 - 34","Wales","Male","All","All","30","20","0.643"
"2023","Lower tariff","30 - 34","Wales","Male","All","All","20","15","0.773"
"2022","Medium tariff","30 - 34","Wales","Male","All","All","20","10"," "
"2023","Medium tariff","30 - 34","Wales","Male","All","All","10","5"," "
"2022","Lower tariff","35 and over","Wales","Male","All","All","35","20","0.667"
"2023","Lower tariff","35 and over","Wales","Male","All","All","20","10"," "
"2022","Medium tariff","35 and over","Wales","Male","All","All","15","5"," "
"2023","Medium tariff","35 and over","Wales","Male","All","All","20","10","0.632"
"2020","Higher tariff","21 - 24","Not EU","Male","All","All","5","0"," "
"2021","Higher tariff","21 - 24","Not EU","Male","All","All","5","0"," "
"2022","Higher tariff","21 - 24","Not EU","Male","All","All","5","0"," "
"2023","Higher tariff","21 - 24","Not EU","Male","All","All","10","5"," "
"2022","Medium tariff","21 - 24","Not EU","Male","All","All","5","0"," "
"2023","Medium tariff","21 - 24","Not EU","Male","All","All","5","0"," "
"2022","Lower tariff","25 - 29","Not EU","Male","All","All","5","0"," "
"2023","Lower tariff","25 - 29","Not EU","Male","All","All","5","0"," "
"2020","Higher tariff","25 - 29","Not EU","Male","All","All","5","0"," "
"2021","Higher tariff","25 - 29","Not EU","Male","All","All","5","0"," "
"2022","Higher tariff","25 - 29","Not EU","Male","All","All","15","5"," "
"2023","Higher tariff","25 - 29","Not EU","Male","All","All","5","5"," "
"2020","Medium tariff","25 - 29","Not EU","Male","All","All","5","0"," "
"2022","Medium tariff","25 - 29","Not EU","Male","All","All","10","0"," "
"2022","Lower tariff","30 - 34","Not EU","Male","All","All","5","0"," "
"2023","Lower tariff","30 - 34","Not EU","Male","All","All","5","0"," "
"2019","Higher tariff","30 - 34","Not EU","Male","All","All","5","0"," "
"2020","Higher tariff","30 - 34","Not EU","Male","All","All","5","0"," "
"2022","Higher tariff","30 - 34","Not EU","Male","All","All","10","0"," "
"2022","Medium tariff","30 - 34","Not EU","Male","All","All","5","0"," "
"2023","Medium tariff","30 - 34","Not EU","Male","All","All","5","0"," "
"2022","Lower tariff","35 and over","Not EU","Male","All","All","5","0"," "
"2023","Lower tariff","35 and over","Not EU","Male","All","All","5","0"," "
"2019","Higher tariff","35 and over","Not EU","Male","All","All","10","0"," "
"2020","Higher tariff","35 and over","Not EU","Male","All","All","5","0"," "
"2021","Higher tariff","35 and over","Not EU","Male","All","All","10","0"," "
"2022","Higher tariff","35 and over","Not EU","Male","All","All","10","0"," "
"2023","Higher tariff","35 and over","Not EU","Male","All","All","5","0"," "
"2021","Medium tariff","35 and over","Not EU","Male","All","All","5","0"," "
"2022","Medium tariff","35 and over","Not EU","Male","All","All","10","5"," "
"2023","Medium tariff","35 and over","Not EU","Male","All","All","5","0"," "
"2022","Lower tariff","21 - 24","EU (excluding UK)","Male","All","All","5","0"," "
"2019","Higher tariff","21 - 24","EU (excluding UK)","Male","All","All","30","5"," "
"2020","Higher tariff","21 - 24","EU (excluding UK)","Male","All","All","30","10","0.357"
"2021","Higher tariff","21 - 24","EU (excluding UK)","Male","All","All","10","0"," "
"2022","Higher tariff","21 - 24","EU (excluding UK)","Male","All","All","15","0"," "
"2023","Higher tariff","21 - 24","EU (excluding UK)","Male","All","All","10","0"," "
"2019","Medium tariff","21 - 24","EU (excluding UK)","Male","All","All","10","0"," "
"2020","Medium tariff","21 - 24","EU (excluding UK)","Male","All","All","5","0"," "
"2021","Medium tariff","21 - 24","EU (excluding UK)","Male","All","All","5","0"," "
"2022","Medium tariff","21 - 24","EU (excluding UK)","Male","All","All","10","5"," "
"2023","Medium tariff","21 - 24","EU (excluding UK)","Male","All","All","5","0"," "
"2019","Higher tariff","25 - 29","EU (excluding UK)","Male","All","All","15","5"," "
"2020","Higher tariff","25 - 29","EU (excluding UK)","Male","All","All","15","5"," "
"2021","Higher tariff","25 - 29","EU (excluding UK)","Male","All","All","15","5"," "
"2022","Higher tariff","25 - 29","EU (excluding UK)","Male","All","All","5","0"," "
"2019","Medium tariff","25 - 29","EU (excluding UK)","Male","All","All","5","0"," "
"2020","Medium tariff","25 - 29","EU (excluding UK)","Male","All","All","5","0"," "
"2021","Medium tariff","25 - 29","EU (excluding UK)","Male","All","All","5","0"," "
"2019","Higher tariff","30 - 34","EU (excluding UK)","Male","All","All","10","5"," "
"2020","Higher tariff","30 - 34","EU (excluding UK)","Male","All","All","15","5"," "
"2021","Higher tariff","30 - 34","EU (excluding UK)","Male","All","All","5","0"," "
"2019","Medium tariff","30 - 34","EU (excluding UK)","Male","All","All","10","0"," "
"2020","Medium tariff","30 - 34","EU (excluding UK)","Male","All","All","5","0"," "
"2021","Medium tariff","30 - 34","EU (excluding UK)","Male","All","All","5","0"," "
"2023","Medium tariff","30 - 34","EU (excluding UK)","Male","All","All","5","0"," "
"2019","Higher tariff","35 and over","EU (excluding UK)","Male","All","All","5","0"," "
"2020","Higher tariff","35 and over","EU (excluding UK)","Male","All","All","5","0"," "
"2021","Higher tariff","35 and over","EU (excluding UK)","Male","All","All","5","0"," "
"2022","Higher tariff","35 and over","EU (excluding UK)","Male","All","All","5","0"," "
"2023","Higher tariff","35 and over","EU (excluding UK)","Male","All","All","5","0"," "
"2019","Medium tariff","35 and over","EU (excluding UK)","Male","All","All","5","0"," "
"2021","Medium tariff","35 and over","EU (excluding UK)","Male","All","All","5","0"," "
"2023","Medium tariff","35 and over","EU (excluding UK)","Male","All","All","5","0"," "
"2019","All","21 - 24","Northern Ireland","Female","All","All","45","10","0.222"
"2020","All","21 - 24","Northern Ireland","Female","All","All","35","10"," "
"2021","All","21 - 24","Northern Ireland","Female","All","All","45","15","0.311"
"2022","All","21 - 24","Northern Ireland","Female","All","All","30","10"," "
"2023","All","21 - 24","Northern Ireland","Female","All","All","20","5"," "
"2019","All","25 - 29","Northern Ireland","Female","All","All","15","10"," "
"2020","All","25 - 29","Northern Ireland","Female","All","All","15","5"," "
"2021","All","25 - 29","Northern Ireland","Female","All","All","15","5"," "
"2022","All","25 - 29","Northern Ireland","Female","All","All","10","5"," "
"2023","All","25 - 29","Northern Ireland","Female","All","All","10","5"," "
"2021","All","30 - 34","Northern Ireland","Female","All","All","5","0"," "
"2022","All","30 - 34","Northern Ireland","Female","All","All","5","0"," "
"2019","All","35 and over","Northern Ireland","Female","All","All","5","0"," "
"2020","All","18","England","Female","All","All","5","0"," "
"2022","All","18","England","Female","All","All","5","0"," "
"2019","All","21 - 24","England","Female","All","All","55","25","0.491"
"2020","All","21 - 24","England","Female","All","All","40","20","0.45"
"2021","All","21 - 24","England","Female","All","All","70","20","0.304"
"2022","All","21 - 24","England","Female","All","All","110","55","0.514"
"2023","All","21 - 24","England","Female","All","All","100","45","0.44"
"2019","All","25 - 29","England","Female","All","All","20","5"," "
"2020","All","25 - 29","England","Female","All","All","35","20","0.636"
"2021","All","25 - 29","England","Female","All","All","40","20","0.429"
"2022","All","25 - 29","England","Female","All","All","25","5"," "
"2023","All","25 - 29","England","Female","All","All","25","15","0.708"
"2019","All","30 - 34","England","Female","All","All","10","5"," "
"2020","All","30 - 34","England","Female","All","All","15","10","0.647"
"2021","All","30 - 34","England","Female","All","All","15","5"," "
"2022","All","30 - 34","England","Female","All","All","15","5"," "
"2023","All","30 - 34","England","Female","All","All","5","5"," "
"2019","All","35 and over","England","Female","All","All","25","15","0.5"
"2020","All","35 and over","England","Female","All","All","25","15","0.577"
"2021","All","35 and over","England","Female","All","All","25","20","0.783"
"2022","All","35 and over","England","Female","All","All","15","10"," "
"2023","All","35 and over","England","Female","All","All","15","10","0.733"
"2019","All","18","Scotland","Female","All","All","10","0"," "
"2020","All","18","Scotland","Female","All","All","20","0"," "
"2021","All","18","Scotland","Female","All","All","20","0"," "
"2022","All","18","Scotland","Female","All","All","20","0"," "
"2023","All","18","Scotland","Female","All","All","20","0"," "
"2019","All","19","Scotland","Female","All","All","5","0"," "
"2021","All","19","Scotland","Female","All","All","5","0"," "
"2022","All","19","Scotland","Female","All","All","10","0"," "
"2023","All","19","Scotland","Female","All","All","5","0"," "
"2019","All","20","Scotland","Female","All","All","5","0"," "
"2020","All","20","Scotland","Female","All","All","5","0"," "
"2021","All","20","Scotland","Female","All","All","15","0"," "
"2022","All","20","Scotland","Female","All","All","5","0"," "
"2023","All","20","Scotland","Female","All","All","5","0"," "
"2019","All","21 - 24","Scotland","Female","All","All","1155","655","0.5680000000000001"
"2020","All","21 - 24","Scotland","Female","All","All","1295","720","0.558"
"2021","All","21 - 24","Scotland","Female","All","All","1595","715","0.449"
"2022","All","21 - 24","Scotland","Female","All","All","1140","650","0.5710000000000001"
"2023","All","21 - 24","Scotland","Female","All","All","985","600","0.608"
"2019","All","25 - 29","Scotland","Female","All","All","970","550","0.5690000000000001"
"2020","All","25 - 29","Scotland","Female","All","All","920","520","0.5640000000000001"
"2021","All","25 - 29","Scotland","Female","All","All","1155","555","0.47900000000000004"
"2022","All","25 - 29","Scotland","Female","All","All","785","455","0.581"
"2023","All","25 - 29","Scotland","Female","All","All","570","330","0.582"
"2019","All","30 - 34","Scotland","Female","All","All","415","195","0.465"
"2020","All","30 - 34","Scotland","Female","All","All","445","250","0.562"
"2021","All","30 - 34","Scotland","Female","All","All","485","200","0.40700000000000003"
"2022","All","30 - 34","Scotland","Female","All","All","320","180","0.5660000000000001"
"2023","All","30 - 34","Scotland","Female","All","All","265","160","0.604"
"2019","All","35 and over","Scotland","Female","All","All","775","355","0.457"
"2020","All","35 and over","Scotland","Female","All","All","855","410","0.481"
"2021","All","35 and over","Scotland","Female","All","All","890","355","0.399"
"2022","All","35 and over","Scotland","Female","All","All","615","325","0.529"
"2023","All","35 and over","Scotland","Female","All","All","535","300","0.5630000000000001"
"2020","All","18","Wales","Female","All","All","5","0"," "
"2022","All","18","Wales","Female","All","All","15","0"," "
"2020","All","21 - 24","Wales","Female","All","All","5","0"," "
"2022","All","21 - 24","Wales","Female","All","All","515","385","0.751"
"2023","All","21 - 24","Wales","Female","All","All","485","350","0.722"
"2022","All","25 - 29","Wales","Female","All","All","180","120","0.665"
"2023","All","25 - 29","Wales","Female","All","All","150","110","0.737"
"2022","All","30 - 34","Wales","Female","All","All","65","50","0.8130000000000001"
"2023","All","30 - 34","Wales","Female","All","All","60","40","0.661"
"2022","All","35 and over","Wales","Female","All","All","105","60","0.587"
"2023","All","35 and over","Wales","Female","All","All","75","50","0.685"
"2019","All","21 - 24","Not EU","Female","All","All","15","5"," "
"2020","All","21 - 24","Not EU","Female","All","All","25","5"," "
"2021","All","21 - 24","Not EU","Female","All","All","15","0"," "
"2022","All","21 - 24","Not EU","Female","All","All","15","5"," "
"2023","All","21 - 24","Not EU","Female","All","All","20","5"," "
"2019","All","25 - 29","Not EU","Female","All","All","15","10"," "
"2020","All","25 - 29","Not EU","Female","All","All","15","5"," "
"2021","All","25 - 29","Not EU","Female","All","All","15","5"," "
"2022","All","25 - 29","Not EU","Female","All","All","25","5"," "
"2023","All","25 - 29","Not EU","Female","All","All","20","5"," "
"2019","All","30 - 34","Not EU","Female","All","All","10","5"," "
"2020","All","30 - 34","Not EU","Female","All","All","10","0"," "
"2021","All","30 - 34","Not EU","Female","All","All","10","5"," "
"2022","All","30 - 34","Not EU","Female","All","All","15","5"," "
"2023","All","30 - 34","Not EU","Female","All","All","15","5"," "
"2019","All","35 and over","Not EU","Female","All","All","10","0"," "
"2020","All","35 and over","Not EU","Female","All","All","5","0"," "
"2021","All","35 and over","Not EU","Female","All","All","10","0"," "
"2022","All","35 and over","Not EU","Female","All","All","20","5"," "
"2023","All","35 and over","Not EU","Female","All","All","15","5"," "
"2019","All","20","EU (excluding UK)","Female","All","All","5","0"," "
"2020","All","20","EU (excluding UK)","Female","All","All","5","0"," "
"2019","All","21 - 24","EU (excluding UK)","Female","All","All","95","35","0.375"
"2020","All","21 - 24","EU (excluding UK)","Female","All","All","115","50","0.436"
"2021","All","21 - 24","EU (excluding UK)","Female","All","All","85","15","0.202"
"2022","All","21 - 24","EU (excluding UK)","Female","All","All","40","5"," "
"2023","All","21 - 24","EU (excluding UK)","Female","All","All","40","15","0.357"
"2019","All","25 - 29","EU (excluding UK)","Female","All","All","40","15","0.381"
"2020","All","25 - 29","EU (excluding UK)","Female","All","All","65","25","0.369"
"2021","All","25 - 29","EU (excluding UK)","Female","All","All","45","10"," "
"2022","All","25 - 29","EU (excluding UK)","Female","All","All","30","10","0.387"
"2023","All","25 - 29","EU (excluding UK)","Female","All","All","15","5"," "
"2019","All","30 - 34","EU (excluding UK)","Female","All","All","20","10"," "
"2020","All","30 - 34","EU (excluding UK)","Female","All","All","15","5"," "
"2021","All","30 - 34","EU (excluding UK)","Female","All","All","10","5"," "
"2022","All","30 - 34","EU (excluding UK)","Female","All","All","5","0"," "
"2023","All","30 - 34","EU (excluding UK)","Female","All","All","5","0"," "
"2019","All","35 and over","EU (excluding UK)","Female","All","All","10","5"," "
"2020","All","35 and over","EU (excluding UK)","Female","All","All","10","5"," "
"2021","All","35 and over","EU (excluding UK)","Female","All","All","5","0"," "
"2022","All","35 and over","EU (excluding UK)","Female","All","All","5","0"," "
"2023","All","35 and over","EU (excluding UK)","Female","All","All","5","0"," "
"2019","All","21 - 24","Northern Ireland","Male","All","All","15","0"," "
"2020","All","21 - 24","Northern Ireland","Male","All","All","10","0"," "
"2021","All","21 - 24","Northern Ireland","Male","All","All","20","0"," "
"2022","All","21 - 24","Northern Ireland","Male","All","All","15","5"," "
"2023","All","21 - 24","Northern Ireland","Male","All","All","5","0"," "
"2019","All","25 - 29","Northern Ireland","Male","All","All","10","5"," "
"2020","All","25 - 29","Northern Ireland","Male","All","All","5","0"," "
"2021","All","25 - 29","Northern Ireland","Male","All","All","10","5"," "
"2022","All","25 - 29","Northern Ireland","Male","All","All","5","0"," "
"2023","All","25 - 29","Northern Ireland","Male","All","All","5","0"," "
"2020","All","30 - 34","Northern Ireland","Male","All","All","5","0"," "
"2023","All","18","England","Male","All","All","5","0"," "
"2019","All","21 - 24","England","Male","All","All","20","5"," "
"2020","All","21 - 24","England","Male","All","All","20","10","0.524"
"2021","All","21 - 24","England","Male","All","All","25","5"," "
"2022","All","21 - 24","England","Male","All","All","50","20","0.388"
"2023","All","21 - 24","England","Male","All","All","45","30","0.622"
"2019","All","25 - 29","England","Male","All","All","15","5"," "
"2020","All","25 - 29","England","Male","All","All","15","10","0.588"
"2021","All","25 - 29","England","Male","All","All","15","5"," "
"2022","All","25 - 29","England","Male","All","All","15","10","0.6880000000000001"
"2023","All","25 - 29","England","Male","All","All","15","5"," "
"2019","All","30 - 34","England","Male","All","All","5","5"," "
"2020","All","30 - 34","England","Male","All","All","10","10"," "
"2021","All","30 - 34","England","Male","All","All","10","0"," "
"2022","All","30 - 34","England","Male","All","All","5","5"," "
"2023","All","30 - 34","England","Male","All","All","10","5"," "
"2019","All","35 and over","England","Male","All","All","5","0"," "
"2020","All","35 and over","England","Male","All","All","5","5"," "
"2021","All","35 and over","England","Male","All","All","10","5"," "
"2022","All","35 and over","England","Male","All","All","5","0"," "
"2023","All","35 and over","England","Male","All","All","5","0"," "
"2019","All","18","Scotland","Male","All","All","5","0"," "
"2020","All","18","Scotland","Male","All","All","5","0"," "
"2021","All","18","Scotland","Male","All","All","5","0"," "
"2022","All","18","Scotland","Male","All","All","5","0"," "
"2023","All","18","Scotland","Male","All","All","5","0"," "
"2021","All","20","Scotland","Male","All","All","5","0"," "
"2022","All","20","Scotland","Male","All","All","5","0"," "
"2023","All","20","Scotland","Male","All","All","5","0"," "
"2019","All","21 - 24","Scotland","Male","All","All","435","190","0.439"
"2020","All","21 - 24","Scotland","Male","All","All","425","195","0.464"
"2021","All","21 - 24","Scotland","Male","All","All","540","210","0.388"
"2022","All","21 - 24","Scotland","Male","All","All","415","175","0.417"
"2023","All","21 - 24","Scotland","Male","All","All","335","170","0.514"
"2019","All","25 - 29","Scotland","Male","All","All","390","185","0.47200000000000003"
"2020","All","25 - 29","Scotland","Male","All","All","455","230","0.502"
"2021","All","25 - 29","Scotland","Male","All","All","515","205","0.4"
"2022","All","25 - 29","Scotland","Male","All","All","370","180","0.488"
"2023","All","25 - 29","Scotland","Male","All","All","300","165","0.55"
"2019","All","30 - 34","Scotland","Male","All","All","200","100","0.495"
"2020","All","30 - 34","Scotland","Male","All","All","200","95","0.46"
"2021","All","30 - 34","Scotland","Male","All","All","240","100","0.42"
"2022","All","30 - 34","Scotland","Male","All","All","205","100","0.498"
"2023","All","30 - 34","Scotland","Male","All","All","135","60","0.455"
"2019","All","35 and over","Scotland","Male","All","All","330","155","0.461"
"2020","All","35 and over","Scotland","Male","All","All","330","155","0.47400000000000003"
"2021","All","35 and over","Scotland","Male","All","All","355","130","0.359"
"2022","All","35 and over","Scotland","Male","All","All","255","115","0.451"
"2023","All","35 and over","Scotland","Male","All","All","195","100","0.52"
"2022","All","18","Wales","Male","All","All","5","0"," "
"2023","All","18","Wales","Male","All","All","5","0"," "
"2023","All","20","Wales","Male","All","All","5","0"," "
"2022","All","21 - 24","Wales","Male","All","All","185","130","0.6990000000000001"
"2023","All","21 - 24","Wales","Male","All","All","185","140","0.761"
"2020","All","25 - 29","Wales","Male","All","All","5","0"," "
"2022","All","25 - 29","Wales","Male","All","All","85","60","0.747"
"2023","All","25 - 29","Wales","Male","All","All","85","60","0.706"
"2022","All","30 - 34","Wales","Male","All","All","35","25","0.743"
"2023","All","30 - 34","Wales","Male","All","All","25","25","0.852"
"2022","All","35 and over","Wales","Male","All","All","40","30","0.683"
"2023","All","35 and over","Wales","Male","All","All","35","20","0.618"
"2020","All","21 - 24","Not EU","Male","All","All","5","5"," "
"2021","All","21 - 24","Not EU","Male","All","All","5","0"," "
"2022","All","21 - 24","Not EU","Male","All","All","10","0"," "
"2023","All","21 - 24","Not EU","Male","All","All","10","5"," "
"2020","All","25 - 29","Not EU","Male","All","All","5","0"," "
"2021","All","25 - 29","Not EU","Male","All","All","5","0"," "
"2022","All","25 - 29","Not EU","Male","All","All","20","5"," "
"2023","All","25 - 29","Not EU","Male","All","All","10","5"," "
"2019","All","30 - 34","Not EU","Male","All","All","5","0"," "
"2020","All","30 - 34","Not EU","Male","All","All","5","0"," "
"2022","All","30 - 34","Not EU","Male","All","All","10","0"," "
"2023","All","30 - 34","Not EU","Male","All","All","5","0"," "
"2019","All","35 and over","Not EU","Male","All","All","10","0"," "
"2020","All","35 and over","Not EU","Male","All","All","5","0"," "
"2021","All","35 and over","Not EU","Male","All","All","10","0"," "
"2022","All","35 and over","Not EU","Male","All","All","15","5"," "
"2023","All","35 and over","Not EU","Male","All","All","10","5"," "
"2019","All","21 - 24","EU (excluding UK)","Male","All","All","30","10"," "
"2020","All","21 - 24","EU (excluding UK)","Male","All","All","30","10","0.357"
"2021","All","21 - 24","EU (excluding UK)","Male","All","All","10","0"," "
"2022","All","21 - 24","EU (excluding UK)","Male","All","All","15","5"," "
"2023","All","21 - 24","EU (excluding UK)","Male","All","All","10","0"," "
"2019","All","25 - 29","EU (excluding UK)","Male","All","All","15","5"," "
"2020","All","25 - 29","EU (excluding UK)","Male","All","All","20","10"," "
"2021","All","25 - 29","EU (excluding UK)","Male","All","All","15","5"," "
"2022","All","25 - 29","EU (excluding UK)","Male","All","All","5","5"," "
"2023","All","25 - 29","EU (excluding UK)","Male","All","All","5","0"," "
"2019","All","30 - 34","EU (excluding UK)","Male","All","All","15","5"," "
"2020","All","30 - 34","EU (excluding UK)","Male","All","All","15","5"," "
"2021","All","30 - 34","EU (excluding UK)","Male","All","All","5","0"," "
"2023","All","30 - 34","EU (excluding UK)","Male","All","All","5","0"," "
"2019","All","35 and over","EU (excluding UK)","Male","All","All","5","0"," "
"2020","All","35 and over","EU (excluding UK)","Male","All","All","5","5"," "
"2021","All","35 and over","EU (excluding UK)","Male","All","All","5","0"," "
"2022","All","35 and over","EU (excluding UK)","Male","All","All","5","0"," "
"2023","All","35 and over","EU (excluding UK)","Male","All","All","5","0"," "
"2022","Lower tariff","All","Northern Ireland","Female","All","All","5","0"," "
"2023","Lower tariff","All","Northern Ireland","Female","All","All","10","0"," "
"2019","Higher tariff","All","Northern Ireland","Female","All","All","65","20","0.28400000000000003"
"2020","Higher tariff","All","Northern Ireland","Female","All","All","50","15","0.28"
"2021","Higher tariff","All","Northern Ireland","Female","All","All","65","15","0.27"
"2022","Higher tariff","All","Northern Ireland","Female","All","All","45","15","0.341"
"2023","Higher tariff","All","Northern Ireland","Female","All","All","35","10"," "
"2019","Medium tariff","All","Northern Ireland","Female","All","All","15","0"," "
"2020","Medium tariff","All","Northern Ireland","Female","All","All","15","0"," "
"2021","Medium tariff","All","Northern Ireland","Female","All","All","25","5"," "
"2022","Medium tariff","All","Northern Ireland","Female","All","All","20","0"," "
"2023","Medium tariff","All","Northern Ireland","Female","All","All","15","0"," "
"2019","Lower tariff","All","England","Female","All","All","45","30","0.63"
"2020","Lower tariff","All","England","Female","All","All","70","40","0.588"
"2021","Lower tariff","All","England","Female","All","All","45","30","0.711"
"2022","Lower tariff","All","England","Female","All","All","95","40","0.452"
"2023","Lower tariff","All","England","Female","All","All","85","50","0.5750000000000001"
"2019","Higher tariff","All","England","Female","All","All","65","20","0.313"
"2020","Higher tariff","All","England","Female","All","All","50","25","0.451"
"2021","Higher tariff","All","England","Female","All","All","105","30","0.276"
"2022","Higher tariff","All","England","Female","All","All","65","15","0.212"
"2023","Higher tariff","All","England","Female","All","All","40","5"," "
"2019","Medium tariff","All","England","Female","All","All","25","0"," "
"2020","Medium tariff","All","England","Female","All","All","20","0"," "
"2021","Medium tariff","All","England","Female","All","All","35","0"," "
"2022","Medium tariff","All","England","Female","All","All","55","20","0.316"
"2023","Medium tariff","All","England","Female","All","All","50","20","0.4"
"2022","Lower tariff","All","Scotland","Female","All","All","5","0"," "
"2023","Lower tariff","All","Scotland","Female","All","All","5","0"," "
"2019","Higher tariff","All","Scotland","Female","All","All","3140","1460","0.465"
"2020","Higher tariff","All","Scotland","Female","All","All","3305","1580","0.47900000000000004"
"2021","Higher tariff","All","Scotland","Female","All","All","3970","1500","0.378"
"2022","Higher tariff","All","Scotland","Female","All","All","2750","1340","0.487"
"2023","Higher tariff","All","Scotland","Female","All","All","2260","1165","0.515"
"2019","Medium tariff","All","Scotland","Female","All","All","1935","295","0.153"
"2020","Medium tariff","All","Scotland","Female","All","All","2030","320","0.158"
"2021","Medium tariff","All","Scotland","Female","All","All","2440","325","0.132"
"2022","Medium tariff","All","Scotland","Female","All","All","1670","270","0.162"
"2023","Medium tariff","All","Scotland","Female","All","All","1355","225","0.165"
"2020","Lower tariff","All","Wales","Female","All","All","5","0"," "
"2022","Lower tariff","All","Wales","Female","All","All","710","455","0.642"
"2023","Lower tariff","All","Wales","Female","All","All","625","390","0.622"
"2019","Higher tariff","All","Wales","Female","All","All","5","0"," "
"2020","Higher tariff","All","Wales","Female","All","All","5","0"," "
"2021","Higher tariff","All","Wales","Female","All","All","5","0"," "
"2022","Higher tariff","All","Wales","Female","All","All","10","0"," "
"2023","Higher tariff","All","Wales","Female","All","All","10","0"," "
"2022","Medium tariff","All","Wales","Female","All","All","435","165","0.377"
"2023","Medium tariff","All","Wales","Female","All","All","430","165","0.382"
"2022","Lower tariff","All","Not EU","Female","All","All","15","0"," "
"2023","Lower tariff","All","Not EU","Female","All","All","15","0"," "
"2019","Higher tariff","All","Not EU","Female","All","All","50","20","0.375"
"2020","Higher tariff","All","Not EU","Female","All","All","50","15","0.294"
"2021","Higher tariff","All","Not EU","Female","All","All","50","10","0.231"
"2022","Higher tariff","All","Not EU","Female","All","All","55","15","0.23600000000000002"
"2023","Higher tariff","All","Not EU","Female","All","All","55","10"," "
"2019","Medium tariff","All","Not EU","Female","All","All","15","0"," "
"2020","Medium tariff","All","Not EU","Female","All","All","20","0"," "
"2021","Medium tariff","All","Not EU","Female","All","All","20","0"," "
"2022","Medium tariff","All","Not EU","Female","All","All","40","5"," "
"2023","Medium tariff","All","Not EU","Female","All","All","35","10"," "
"2022","Lower tariff","All","EU (excluding UK)","Female","All","All","25","0"," "
"2023","Lower tariff","All","EU (excluding UK)","Female","All","All","10","5"," "
"2019","Higher tariff","All","EU (excluding UK)","Female","All","All","170","55","0.32"
"2020","Higher tariff","All","EU (excluding UK)","Female","All","All","210","80","0.385"
"2021","Higher tariff","All","EU (excluding UK)","Female","All","All","145","30","0.196"
"2022","Higher tariff","All","EU (excluding UK)","Female","All","All","80","15","0.188"
"2023","Higher tariff","All","EU (excluding UK)","Female","All","All","55","20","0.316"
"2019","Medium tariff","All","EU (excluding UK)","Female","All","All","70","10","0.162"
"2020","Medium tariff","All","EU (excluding UK)","Female","All","All","60","5"," "
"2021","Medium tariff","All","EU (excluding UK)","Female","All","All","40","0"," "
"2022","Medium tariff","All","EU (excluding UK)","Female","All","All","40","5"," "
"2023","Medium tariff","All","EU (excluding UK)","Female","All","All","35","0"," "
"2022","Lower tariff","All","Northern Ireland","Male","All","All","5","0"," "
"2019","Higher tariff","All","Northern Ireland","Male","All","All","25","5"," "
"2020","Higher tariff","All","Northern Ireland","Male","All","All","15","0"," "
"2021","Higher tariff","All","Northern Ireland","Male","All","All","30","5"," "
"2022","Higher tariff","All","Northern Ireland","Male","All","All","25","5"," "
"2023","Higher tariff","All","Northern Ireland","Male","All","All","10","0"," "
"2019","Medium tariff","All","Northern Ireland","Male","All","All","15","0"," "
"2020","Medium tariff","All","Northern Ireland","Male","All","All","5","0"," "
"2021","Medium tariff","All","Northern Ireland","Male","All","All","15","0"," "
"2022","Medium tariff","All","Northern Ireland","Male","All","All","15","0"," "
"2023","Medium tariff","All","Northern Ireland","Male","All","All","5","0"," "
"2019","Lower tariff","All","England","Male","All","All","10","10","0.833"
"2020","Lower tariff","All","England","Male","All","All","15","10","0.625"
"2021","Lower tariff","All","England","Male","All","All","15","10","0.625"
"2022","Lower tariff","All","England","Male","All","All","40","15","0.436"
"2023","Lower tariff","All","England","Male","All","All","40","20","0.537"
"2019","Higher tariff","All","England","Male","All","All","30","10"," "
"2020","Higher tariff","All","England","Male","All","All","40","20","0.462"
"2021","Higher tariff","All","England","Male","All","All","40","5"," "
"2022","Higher tariff","All","England","Male","All","All","30","10"," "
"2023","Higher tariff","All","England","Male","All","All","25","5"," "
"2019","Medium tariff","All","England","Male","All","All","15","0"," "
"2020","Medium tariff","All","England","Male","All","All","10","5"," "
"2021","Medium tariff","All","England","Male","All","All","15","0"," "
"2022","Medium tariff","All","England","Male","All","All","35","10","0.303"
"2023","Medium tariff","All","England","Male","All","All","35","15","0.378"
"2022","Lower tariff","All","Scotland","Male","All","All","5","0"," "
"2023","Lower tariff","All","Scotland","Male","All","All","5","0"," "
"2019","Higher tariff","All","Scotland","Male","All","All","1310","540","0.41100000000000003"
"2020","Higher tariff","All","Scotland","Male","All","All","1335","570","0.426"
"2021","Higher tariff","All","Scotland","Male","All","All","1600","545","0.34"
"2022","Higher tariff","All","Scotland","Male","All","All","1205","475","0.396"
"2023","Higher tariff","All","Scotland","Male","All","All","920","410","0.446"
"2019","Medium tariff","All","Scotland","Male","All","All","705","90","0.125"
"2020","Medium tariff","All","Scotland","Male","All","All","745","105","0.14300000000000002"
"2021","Medium tariff","All","Scotland","Male","All","All","890","100","0.11"
"2022","Medium tariff","All","Scotland","Male","All","All","705","95","0.135"
"2023","Medium tariff","All","Scotland","Male","All","All","580","90","0.151"
"2022","Lower tariff","All","Wales","Male","All","All","295","190","0.644"
"2023","Lower tariff","All","Wales","Male","All","All","250","160","0.633"
"2019","Higher tariff","All","Wales","Male","All","All","5","0"," "
"2020","Higher tariff","All","Wales","Male","All","All","5","0"," "
"2022","Higher tariff","All","Wales","Male","All","All","5","0"," "
"2023","Higher tariff","All","Wales","Male","All","All","5","0"," "
"2022","Medium tariff","All","Wales","Male","All","All","175","55","0.309"
"2023","Medium tariff","All","Wales","Male","All","All","175","85","0.486"
"2022","Lower tariff","All","Not EU","Male","All","All","20","0"," "
"2023","Lower tariff","All","Not EU","Male","All","All","15","0"," "
"2019","Higher tariff","All","Not EU","Male","All","All","15","5"," "
"2020","Higher tariff","All","Not EU","Male","All","All","25","5"," "
"2021","Higher tariff","All","Not EU","Male","All","All","20","5"," "
"2022","Higher tariff","All","Not EU","Male","All","All","35","5"," "
"2023","Higher tariff","All","Not EU","Male","All","All","25","10"," "
"2019","Medium tariff","All","Not EU","Male","All","All","5","0"," "
"2020","Medium tariff","All","Not EU","Male","All","All","10","0"," "
"2021","Medium tariff","All","Not EU","Male","All","All","5","0"," "
"2022","Medium tariff","All","Not EU","Male","All","All","30","5"," "
"2023","Medium tariff","All","Not EU","Male","All","All","15","0"," "
"2022","Lower tariff","All","EU (excluding UK)","Male","All","All","5","0"," "
"2023","Lower tariff","All","EU (excluding UK)","Male","All","All","5","0"," "
"2019","Higher tariff","All","EU (excluding UK)","Male","All","All","65","15","0.27"
"2020","Higher tariff","All","EU (excluding UK)","Male","All","All","65","25","0.381"
"2021","Higher tariff","All","EU (excluding UK)","Male","All","All","40","5"," "
"2022","Higher tariff","All","EU (excluding UK)","Male","All","All","25","5"," "
"2023","Higher tariff","All","EU (excluding UK)","Male","All","All","20","5"," "
"2019","Medium tariff","All","EU (excluding UK)","Male","All","All","25","5"," "
"2020","Medium tariff","All","EU (excluding UK)","Male","All","All","20","5"," "
"2021","Medium tariff","All","EU (excluding UK)","Male","All","All","20","0"," "
"2022","Medium tariff","All","EU (excluding UK)","Male","All","All","15","5"," "
"2023","Medium tariff","All","EU (excluding UK)","Male","All","All","15","0"," "
"2019","All","All","Northern Ireland","Female","All","All","65","20","0.28400000000000003"
"2020","All","All","Northern Ireland","Female","All","All","50","15","0.275"
"2021","All","All","Northern Ireland","Female","All","All","65","20","0.323"
"2022","All","All","Northern Ireland","Female","All","All","45","20","0.391"
"2023","All","All","Northern Ireland","Female","All","All","35","10"," "
"2019","All","All","England","Female","All","All","110","50","0.455"
"2020","All","All","England","Female","All","All","120","65","0.537"
"2021","All","All","England","Female","All","All","150","60","0.40800000000000003"
"2022","All","All","England","Female","All","All","170","75","0.43"
"2023","All","All","England","Female","All","All","145","75","0.517"
"2019","All","All","Scotland","Female","All","All","3340","1760","0.526"
"2020","All","All","Scotland","Female","All","All","3540","1905","0.538"
"2021","All","All","Scotland","Female","All","All","4165","1825","0.438"
"2022","All","All","Scotland","Female","All","All","2890","1610","0.558"
"2023","All","All","Scotland","Female","All","All","2380","1390","0.584"
"2019","All","All","Wales","Female","All","All","5","0"," "
"2020","All","All","Wales","Female","All","All","10","0"," "
"2021","All","All","Wales","Female","All","All","5","0"," "
"2022","All","All","Wales","Female","All","All","880","620","0.706"
"2023","All","All","Wales","Female","All","All","780","555","0.712"
"2019","All","All","Not EU","Female","All","All","50","20","0.38"
"2020","All","All","Not EU","Female","All","All","55","15","0.302"
"2021","All","All","Not EU","Female","All","All","55","10","0.214"
"2022","All","All","Not EU","Female","All","All","70","20","0.254"
"2023","All","All","Not EU","Female","All","All","75","15","0.23"
"2019","All","All","EU (excluding UK)","Female","All","All","170","65","0.382"
"2020","All","All","EU (excluding UK)","Female","All","All","210","85","0.398"
"2021","All","All","EU (excluding UK)","Female","All","All","145","30","0.20800000000000002"
"2022","All","All","EU (excluding UK)","Female","All","All","90","20","0.25"
"2023","All","All","EU (excluding UK)","Female","All","All","65","25","0.369"
"2019","All","All","Northern Ireland","Male","All","All","25","5"," "
"2020","All","All","Northern Ireland","Male","All","All","20","0"," "
"2021","All","All","Northern Ireland","Male","All","All","30","10"," "
"2022","All","All","Northern Ireland","Male","All","All","25","10"," "
"2023","All","All","Northern Ireland","Male","All","All","10","0"," "
"2019","All","All","England","Male","All","All","45","20","0.41300000000000003"
"2020","All","All","England","Male","All","All","55","35","0.589"
"2021","All","All","England","Male","All","All","55","20","0.321"
"2022","All","All","England","Male","All","All","80","35","0.432"
"2023","All","All","England","Male","All","All","80","45","0.524"
"2019","All","All","Scotland","Male","All","All","1360","625","0.46"
"2020","All","All","Scotland","Male","All","All","1420","675","0.47600000000000003"
"2021","All","All","Scotland","Male","All","All","1655","640","0.387"
"2022","All","All","Scotland","Male","All","All","1255","570","0.456"
"2023","All","All","Scotland","Male","All","All","975","500","0.512"
"2019","All","All","Wales","Male","All","All","5","0"," "
"2020","All","All","Wales","Male","All","All","5","0"," "
"2022","All","All","Wales","Male","All","All","350","245","0.6990000000000001"
"2023","All","All","Wales","Male","All","All","335","245","0.727"
"2019","All","All","Not EU","Male","All","All","15","5"," "
"2020","All","All","Not EU","Male","All","All","25","5"," "
"2021","All","All","Not EU","Male","All","All","20","5"," "
"2022","All","All","Not EU","Male","All","All","55","15","0.273"
"2023","All","All","Not EU","Male","All","All","40","10","0.289"
"2019","All","All","EU (excluding UK)","Male","All","All","65","20","0.328"
"2020","All","All","EU (excluding UK)","Male","All","All","65","25","0.41500000000000004"
"2021","All","All","EU (excluding UK)","Male","All","All","40","10"," "
"2022","All","All","EU (excluding UK)","Male","All","All","25","10"," "
"2023","All","All","EU (excluding UK)","Male","All","All","20","5"," "
"2022","Higher tariff","17 and under","All","Female","All","All","5","0"," "
"2020","Lower tariff","18","All","Female","All","All","5","0"," "
"2022","Lower tariff","18","All","Female","All","All","5","0"," "
"2019","Higher tariff","18","All","Female","All","All","10","0"," "
"2020","Higher tariff","18","All","Female","All","All","15","0"," "
"2021","Higher tariff","18","All","Female","All","All","15","0"," "
"2022","Higher tariff","18","All","Female","All","All","20","0"," "
"2023","Higher tariff","18","All","Female","All","All","15","0"," "
"2019","Medium tariff","18","All","Female","All","All","5","0"," "
"2020","Medium tariff","18","All","Female","All","All","10","0"," "
"2021","Medium tariff","18","All","Female","All","All","5","0"," "
"2022","Medium tariff","18","All","Female","All","All","15","0"," "
"2023","Medium tariff","18","All","Female","All","All","5","0"," "
"2019","Higher tariff","19","All","Female","All","All","5","0"," "
"2020","Higher tariff","19","All","Female","All","All","5","0"," "
"2021","Higher tariff","19","All","Female","All","All","5","0"," "
"2022","Higher tariff","19","All","Female","All","All","10","0"," "
"2023","Higher tariff","19","All","Female","All","All","5","0"," "
"2019","Medium tariff","19","All","Female","All","All","5","0"," "
"2021","Medium tariff","19","All","Female","All","All","5","0"," "
"2019","Higher tariff","20","All","Female","All","All","10","0"," "
"2020","Higher tariff","20","All","Female","All","All","10","0"," "
"2021","Higher tariff","20","All","Female","All","All","15","0"," "
"2022","Higher tariff","20","All","Female","All","All","5","0"," "
"2023","Higher tariff","20","All","Female","All","All","5","0"," "
"2020","Medium tariff","20","All","Female","All","All","5","0"," "
"2021","Medium tariff","20","All","Female","All","All","5","0"," "
"2022","Medium tariff","20","All","Female","All","All","5","0"," "
"2019","Lower tariff","21 - 24","All","Female","All","All","15","10"," "
"2020","Lower tariff","21 - 24","All","Female","All","All","15","10"," "
"2021","Lower tariff","21 - 24","All","Female","All","All","10","5"," "
"2022","Lower tariff","21 - 24","All","Female","All","All","520","315","0.602"
"2023","Lower tariff","21 - 24","All","Female","All","All","475","265","0.558"
"2019","Higher tariff","21 - 24","All","Female","All","All","1330","645","0.483"
"2020","Higher tariff","21 - 24","All","Female","All","All","1460","715","0.488"
"2021","Higher tariff","21 - 24","All","Female","All","All","1765","675","0.384"
"2022","Higher tariff","21 - 24","All","Female","All","All","1230","600","0.486"
"2023","Higher tariff","21 - 24","All","Female","All","All","1075","555","0.517"
"2019","Medium tariff","21 - 24","All","Female","All","All","705","85","0.11800000000000001"
"2020","Medium tariff","21 - 24","All","Female","All","All","775","85","0.107"
"2021","Medium tariff","21 - 24","All","Female","All","All","970","90","0.092"
"2022","Medium tariff","21 - 24","All","Female","All","All","995","200","0.203"
"2023","Medium tariff","21 - 24","All","Female","All","All","905","200","0.219"
"2019","Lower tariff","25 - 29","All","Female","All","All","10","5"," "
"2020","Lower tariff","25 - 29","All","Female","All","All","20","10","0.667"
"2021","Lower tariff","25 - 29","All","Female","All","All","15","5"," "
"2022","Lower tariff","25 - 29","All","Female","All","All","170","95","0.5710000000000001"
"2023","Lower tariff","25 - 29","All","Female","All","All","150","105","0.6910000000000001"
"2019","Higher tariff","25 - 29","All","Female","All","All","1005","490","0.485"
"2020","Higher tariff","25 - 29","All","Female","All","All","980","475","0.482"
"2021","Higher tariff","25 - 29","All","Female","All","All","1230","475","0.387"
"2022","Higher tariff","25 - 29","All","Female","All","All","840","400","0.47700000000000004"
"2023","Higher tariff","25 - 29","All","Female","All","All","600","295","0.491"
"2019","Medium tariff","25 - 29","All","Female","All","All","635","100","0.155"
"2020","Medium tariff","25 - 29","All","Female","All","All","600","90","0.151"
"2021","Medium tariff","25 - 29","All","Female","All","All","765","110","0.14300000000000002"
"2022","Medium tariff","25 - 29","All","Female","All","All","615","110","0.182"
"2023","Medium tariff","25 - 29","All","Female","All","All","455","75","0.167"
"2019","Lower tariff","30 - 34","All","Female","All","All","5","5"," "
"2020","Lower tariff","30 - 34","All","Female","All","All","10","5"," "
"2021","Lower tariff","30 - 34","All","Female","All","All","5","5"," "
"2022","Lower tariff","30 - 34","All","Female","All","All","55","40","0.737"
"2023","Lower tariff","30 - 34","All","Female","All","All","55","35","0.579"
"2019","Higher tariff","30 - 34","All","Female","All","All","410","165","0.405"
"2020","Higher tariff","30 - 34","All","Female","All","All","430","210","0.485"
"2021","Higher tariff","30 - 34","All","Female","All","All","490","150","0.301"
"2022","Higher tariff","30 - 34","All","Female","All","All","325","150","0.456"
"2023","Higher tariff","30 - 34","All","Female","All","All","270","130","0.485"
"2019","Medium tariff","30 - 34","All","Female","All","All","265","45","0.167"
"2020","Medium tariff","30 - 34","All","Female","All","All","280","55","0.194"
"2021","Medium tariff","30 - 34","All","Female","All","All","305","55","0.184"
"2022","Medium tariff","30 - 34","All","Female","All","All","235","50","0.222"
"2023","Medium tariff","30 - 34","All","Female","All","All","210","50","0.231"
"2019","Lower tariff","35 and over","All","Female","All","All","20","15","0.722"
"2020","Lower tariff","35 and over","All","Female","All","All","25","15","0.5650000000000001"
"2021","Lower tariff","35 and over","All","Female","All","All","15","15","0.8240000000000001"
"2022","Lower tariff","35 and over","All","Female","All","All","100","55","0.52"
"2023","Lower tariff","35 and over","All","Female","All","All","70","45","0.606"
"2019","Higher tariff","35 and over","All","Female","All","All","715","275","0.382"
"2020","Higher tariff","35 and over","All","Female","All","All","765","320","0.41500000000000004"
"2021","Higher tariff","35 and over","All","Female","All","All","815","285","0.352"
"2022","Higher tariff","35 and over","All","Female","All","All","575","250","0.438"
"2023","Higher tariff","35 and over","All","Female","All","All","490","225","0.464"
"2019","Medium tariff","35 and over","All","Female","All","All","455","85","0.189"
"2020","Medium tariff","35 and over","All","Female","All","All","485","100","0.20700000000000002"
"2021","Medium tariff","35 and over","All","Female","All","All","510","75","0.15"
"2022","Medium tariff","35 and over","All","Female","All","All","395","95","0.242"
"2023","Medium tariff","35 and over","All","Female","All","All","340","95","0.28400000000000003"
"2022","Lower tariff","18","All","Male","All","All","5","0"," "
"2019","Higher tariff","18","All","Male","All","All","5","0"," "
"2021","Higher tariff","18","All","Male","All","All","10","0"," "
"2022","Higher tariff","18","All","Male","All","All","5","0"," "
"2023","Higher tariff","18","All","Male","All","All","5","0"," "
"2022","Medium tariff","18","All","Male","All","All","5","0"," "
"2023","Medium tariff","18","All","Male","All","All","10","0"," "
"2020","Higher tariff","19","All","Male","All","All","5","0"," "
"2023","Higher tariff","20","All","Male","All","All","5","0"," "
"2023","Medium tariff","20","All","Male","All","All","5","0"," "
"2019","Lower tariff","21 - 24","All","Male","All","All","5","5"," "
"2020","Lower tariff","21 - 24","All","Male","All","All","5","0"," "
"2021","Lower tariff","21 - 24","All","Male","All","All","5","0"," "
"2022","Lower tariff","21 - 24","All","Male","All","All","195","110","0.56"
"2023","Lower tariff","21 - 24","All","Male","All","All","170","110","0.643"
"2019","Higher tariff","21 - 24","All","Male","All","All","490","180","0.373"
"2020","Higher tariff","21 - 24","All","Male","All","All","470","195","0.419"
"2021","Higher tariff","21 - 24","All","Male","All","All","580","195","0.333"
"2022","Higher tariff","21 - 24","All","Male","All","All","465","160","0.34500000000000003"
"2023","Higher tariff","21 - 24","All","Male","All","All","360","160","0.439"
"2019","Medium tariff","21 - 24","All","Male","All","All","255","25","0.094"
"2020","Medium tariff","21 - 24","All","Male","All","All","240","20","0.092"
"2021","Medium tariff","21 - 24","All","Male","All","All","325","25","0.074"
"2022","Medium tariff","21 - 24","All","Male","All","All","380","60","0.161"
"2023","Medium tariff","21 - 24","All","Male","All","All","325","80","0.24"
"2020","Lower tariff","25 - 29","All","Male","All","All","5","5"," "
"2021","Lower tariff","25 - 29","All","Male","All","All","5","0"," "
"2022","Lower tariff","25 - 29","All","Male","All","All","85","60","0.674"
"2023","Lower tariff","25 - 29","All","Male","All","All","80","45","0.55"
"2019","Higher tariff","25 - 29","All","Male","All","All","420","175","0.41300000000000003"
"2020","Higher tariff","25 - 29","All","Male","All","All","480","210","0.438"
"2021","Higher tariff","25 - 29","All","Male","All","All","545","180","0.331"
"2022","Higher tariff","25 - 29","All","Male","All","All","395","160","0.404"
"2023","Higher tariff","25 - 29","All","Male","All","All","305","140","0.464"
"2019","Medium tariff","25 - 29","All","Male","All","All","230","25","0.11800000000000001"
"2020","Medium tariff","25 - 29","All","Male","All","All","250","35","0.149"
"2021","Medium tariff","25 - 29","All","Male","All","All","305","35","0.114"
"2022","Medium tariff","25 - 29","All","Male","All","All","285","45","0.162"
"2023","Medium tariff","25 - 29","All","Male","All","All","245","50","0.20600000000000002"
"2019","Lower tariff","30 - 34","All","Male","All","All","5","5"," "
"2020","Lower tariff","30 - 34","All","Male","All","All","5","5"," "
"2022","Lower tariff","30 - 34","All","Male","All","All","35","20","0.514"
"2023","Lower tariff","30 - 34","All","Male","All","All","30","20","0.6"
"2019","Higher tariff","30 - 34","All","Male","All","All","205","85","0.422"
"2020","Higher tariff","30 - 34","All","Male","All","All","220","90","0.402"
"2021","Higher tariff","30 - 34","All","Male","All","All","245","95","0.385"
"2022","Higher tariff","30 - 34","All","Male","All","All","210","85","0.41400000000000003"
"2023","Higher tariff","30 - 34","All","Male","All","All","135","45","0.34600000000000003"
"2019","Medium tariff","30 - 34","All","Male","All","All","105","15","0.159"
"2020","Medium tariff","30 - 34","All","Male","All","All","120","20","0.16"
"2021","Medium tariff","30 - 34","All","Male","All","All","125","10","0.08700000000000001"
"2022","Medium tariff","30 - 34","All","Male","All","All","140","30","0.197"
"2023","Medium tariff","30 - 34","All","Male","All","All","100","25","0.26"
"2021","Lower tariff","35 and over","All","Male","All","All","5","5"," "
"2022","Lower tariff","35 and over","All","Male","All","All","45","25","0.532"
"2023","Lower tariff","35 and over","All","Male","All","All","30","10"," "
"2019","Higher tariff","35 and over","All","Male","All","All","330","130","0.396"
"2020","Higher tariff","35 and over","All","Male","All","All","305","125","0.405"
"2021","Higher tariff","35 and over","All","Male","All","All","350","100","0.293"
"2022","Higher tariff","35 and over","All","Male","All","All","250","90","0.371"
"2023","Higher tariff","35 and over","All","Male","All","All","190","85","0.435"
"2019","Medium tariff","35 and over","All","Male","All","All","170","25","0.151"
"2020","Medium tariff","35 and over","All","Male","All","All","185","40","0.20700000000000002"
"2021","Medium tariff","35 and over","All","Male","All","All","185","30","0.17300000000000001"
"2022","Medium tariff","35 and over","All","Male","All","All","155","35","0.23600000000000002"
"2023","Medium tariff","35 and over","All","Male","All","All","140","35","0.259"
"2022","All","17 and under","All","Female","All","All","5","0"," "
"2019","All","18","All","Female","All","All","10","0"," "
"2020","All","18","All","Female","All","All","30","0"," "
"2021","All","18","All","Female","All","All","20","0"," "
"2022","All","18","All","Female","All","All","40","0"," "
"2023","All","18","All","Female","All","All","25","0"," "
"2019","All","19","All","Female","All","All","5","0"," "
"2020","All","19","All","Female","All","All","5","0"," "
"2021","All","19","All","Female","All","All","5","0"," "
"2022","All","19","All","Female","All","All","10","0"," "
"2023","All","19","All","Female","All","All","10","0"," "
"2019","All","20","All","Female","All","All","10","0"," "
"2020","All","20","All","Female","All","All","10","0"," "
"2021","All","20","All","Female","All","All","15","0"," "
"2022","All","20","All","Female","All","All","10","0"," "
"2023","All","20","All","Female","All","All","5","0"," "
"2019","All","21 - 24","All","Female","All","All","1365","735","0.538"
"2020","All","21 - 24","All","Female","All","All","1510","805","0.533"
"2021","All","21 - 24","All","Female","All","All","1810","770","0.426"
"2022","All","21 - 24","All","Female","All","All","1845","1115","0.603"
"2023","All","21 - 24","All","Female","All","All","1655","1020","0.615"
"2019","All","25 - 29","All","Female","All","All","1070","590","0.553"
"2020","All","25 - 29","All","Female","All","All","1050","575","0.55"
"2021","All","25 - 29","All","Female","All","All","1275","590","0.465"
"2022","All","25 - 29","All","Female","All","All","1060","610","0.5740000000000001"
"2023","All","25 - 29","All","Female","All","All","790","475","0.599"
"2019","All","30 - 34","All","Female","All","All","460","215","0.467"
"2020","All","30 - 34","All","Female","All","All","485","270","0.556"
"2021","All","30 - 34","All","Female","All","All","530","210","0.395"
"2022","All","30 - 34","All","Female","All","All","420","245","0.58"
"2023","All","30 - 34","All","Female","All","All","355","210","0.594"
"2019","All","35 and over","All","Female","All","All","825","375","0.453"
"2020","All","35 and over","All","Female","All","All","900","430","0.47900000000000004"
"2021","All","35 and over","All","Female","All","All","930","375","0.405"
"2022","All","35 and over","All","Female","All","All","760","400","0.526"
"2023","All","35 and over","All","Female","All","All","640","365","0.5730000000000001"
"2019","All","18","All","Male","All","All","5","0"," "
"2020","All","18","All","Male","All","All","5","0"," "
"2021","All","18","All","Male","All","All","10","0"," "
"2022","All","18","All","Male","All","All","15","0"," "
"2023","All","18","All","Male","All","All","15","0"," "
"2020","All","19","All","Male","All","All","5","0"," "
"2022","All","19","All","Male","All","All","5","0"," "
"2023","All","19","All","Male","All","All","5","0"," "
"2021","All","20","All","Male","All","All","5","0"," "
"2022","All","20","All","Male","All","All","5","0"," "
"2023","All","20","All","Male","All","All","10","0"," "
"2019","All","21 - 24","All","Male","All","All","505","210","0.417"
"2020","All","21 - 24","All","Male","All","All","490","220","0.453"
"2021","All","21 - 24","All","Male","All","All","595","220","0.369"
"2022","All","21 - 24","All","Male","All","All","690","330","0.47900000000000004"
"2023","All","21 - 24","All","Male","All","All","585","345","0.589"
"2019","All","25 - 29","All","Male","All","All","430","200","0.47000000000000003"
"2020","All","25 - 29","All","Male","All","All","505","250","0.495"
"2021","All","25 - 29","All","Male","All","All","560","215","0.389"
"2022","All","25 - 29","All","Male","All","All","495","265","0.531"
"2023","All","25 - 29","All","Male","All","All","415","235","0.5700000000000001"
"2019","All","30 - 34","All","Male","All","All","225","105","0.48"
"2020","All","30 - 34","All","Male","All","All","235","110","0.468"
"2021","All","30 - 34","All","Male","All","All","255","105","0.41600000000000004"
"2022","All","30 - 34","All","Male","All","All","260","135","0.515"
"2023","All","30 - 34","All","Male","All","All","175","90","0.508"
"2019","All","35 and over","All","Male","All","All","350","160","0.449"
"2020","All","35 and over","All","Male","All","All","345","165","0.47100000000000003"
"2021","All","35 and over","All","Male","All","All","385","140","0.36"
"2022","All","35 and over","All","Male","All","All","325","155","0.47500000000000003"
"2023","All","35 and over","All","Male","All","All","255","130","0.506"
"2019","Lower tariff","All","All","Female","All","All","45","30","0.617"
"2020","Lower tariff","All","All","Female","All","All","75","40","0.541"
"2021","Lower tariff","All","All","Female","All","All","45","30","0.681"
"2022","Lower tariff","All","All","Female","All","All","855","505","0.59"
"2023","Lower tariff","All","All","Female","All","All","755","445","0.587"
"2019","Higher tariff","All","All","Female","All","All","3490","1575","0.451"
"2020","Higher tariff","All","All","Female","All","All","3670","1715","0.468"
"2021","Higher tariff","All","All","Female","All","All","4335","1590","0.366"
"2022","Higher tariff","All","All","Female","All","All","3005","1400","0.466"
"2023","Higher tariff","All","All","Female","All","All","2455","1205","0.491"
"2019","Medium tariff","All","All","Female","All","All","2065","310","0.151"
"2020","Medium tariff","All","All","Female","All","All","2150","330","0.153"
"2021","Medium tariff","All","All","Female","All","All","2560","330","0.129"
"2022","Medium tariff","All","All","Female","All","All","2265","460","0.20400000000000001"
"2023","Medium tariff","All","All","Female","All","All","1920","420","0.218"
"2019","Lower tariff","All","All","Male","All","All","10","10","0.833"
"2020","Lower tariff","All","All","Male","All","All","15","10","0.625"
"2021","Lower tariff","All","All","Male","All","All","15","10","0.588"
"2022","Lower tariff","All","All","Male","All","All","370","210","0.5710000000000001"
"2023","Lower tariff","All","All","Male","All","All","315","180","0.5760000000000001"
"2019","Higher tariff","All","All","Male","All","All","1445","570","0.395"
"2020","Higher tariff","All","All","Male","All","All","1480","620","0.417"
"2021","Higher tariff","All","All","Male","All","All","1730","570","0.33"
"2022","Higher tariff","All","All","Male","All","All","1330","500","0.377"
"2023","Higher tariff","All","All","Male","All","All","1000","430","0.43"
"2019","Medium tariff","All","All","Male","All","All","765","95","0.123"
"2020","Medium tariff","All","All","Male","All","All","795","115","0.146"
"2021","Medium tariff","All","All","Male","All","All","945","100","0.108"
"2022","Medium tariff","All","All","Male","All","All","970","170","0.177"
"2023","Medium tariff","All","All","Male","All","All","830","190","0.231"
"2019","All","All","All","Female","All","All","3745","1915","0.511"
"2020","All","All","All","Female","All","All","3985","2085","0.523"
"2021","All","All","All","Female","All","All","4585","1950","0.425"
"2022","All","All","All","Female","All","All","4150","2365","0.5700000000000001"
"2023","All","All","All","Female","All","All","3480","2070","0.595"
"2019","All","All","All","Male","All","All","1515","675","0.446"
"2020","All","All","All","Male","All","All","1585","745","0.46900000000000003"
"2021","All","All","All","Male","All","All","1805","680","0.378"
"2022","All","All","All","Male","All","All","1790","885","0.493"
"2023","All","All","All","Male","All","All","1465","805","0.548"
"2022","Lower tariff","21 - 24","Northern Ireland","All","All","All","5","0"," "
"2023","Lower tariff","21 - 24","Northern Ireland","All","All","All","5","0"," "
"2019","Higher tariff","21 - 24","Northern Ireland","All","All","All","60","10","0.186"
"2020","Higher tariff","21 - 24","Northern Ireland","All","All","All","40","10"," "
"2021","Higher tariff","21 - 24","Northern Ireland","All","All","All","65","15","0.222"
"2022","Higher tariff","21 - 24","Northern Ireland","All","All","All","45","10","0.234"
"2023","Higher tariff","21 - 24","Northern Ireland","All","All","All","25","5"," "
"2019","Medium tariff","21 - 24","Northern Ireland","All","All","All","20","0"," "
"2020","Medium tariff","21 - 24","Northern Ireland","All","All","All","10","0"," "
"2021","Medium tariff","21 - 24","Northern Ireland","All","All","All","25","0"," "
"2022","Medium tariff","21 - 24","Northern Ireland","All","All","All","25","0"," "
"2023","Medium tariff","21 - 24","Northern Ireland","All","All","All","10","0"," "
"2022","Lower tariff","25 - 29","Northern Ireland","All","All","All","5","0"," "
"2023","Lower tariff","25 - 29","Northern Ireland","All","All","All","5","0"," "
"2019","Higher tariff","25 - 29","Northern Ireland","All","All","All","25","10","0.423"
"2020","Higher tariff","25 - 29","Northern Ireland","All","All","All","20","5"," "
"2021","Higher tariff","25 - 29","Northern Ireland","All","All","All","25","5"," "
"2022","Higher tariff","25 - 29","Northern Ireland","All","All","All","15","5"," "
"2023","Higher tariff","25 - 29","Northern Ireland","All","All","All","10","5"," "
"2019","Medium tariff","25 - 29","Northern Ireland","All","All","All","10","0"," "
"2020","Medium tariff","25 - 29","Northern Ireland","All","All","All","10","0"," "
"2021","Medium tariff","25 - 29","Northern Ireland","All","All","All","5","0"," "
"2022","Medium tariff","25 - 29","Northern Ireland","All","All","All","5","0"," "
"2023","Medium tariff","25 - 29","Northern Ireland","All","All","All","5","0"," "
"2020","Higher tariff","30 - 34","Northern Ireland","All","All","All","5","0"," "
"2021","Higher tariff","30 - 34","Northern Ireland","All","All","All","5","0"," "
"2022","Higher tariff","30 - 34","Northern Ireland","All","All","All","5","0"," "
"2023","Higher tariff","30 - 34","Northern Ireland","All","All","All","5","0"," "
"2021","Medium tariff","30 - 34","Northern Ireland","All","All","All","5","0"," "
"2022","Medium tariff","30 - 34","Northern Ireland","All","All","All","5","0"," "
"2019","Higher tariff","35 and over","Northern Ireland","All","All","All","5","0"," "
"2023","Higher tariff","35 and over","Northern Ireland","All","All","All","5","0"," "
"2021","Medium tariff","35 and over","Northern Ireland","All","All","All","5","0"," "
"2022","Lower tariff","18","England","All","All","All","5","0"," "
"2022","Medium tariff","18","England","All","All","All","5","0"," "
"2023","Medium tariff","18","England","All","All","All","5","0"," "
"2019","Lower tariff","21 - 24","England","All","All","All","20","10","0.667"
"2020","Lower tariff","21 - 24","England","All","All","All","20","10","0.611"
"2021","Lower tariff","21 - 24","England","All","All","All","15","10"," "
"2022","Lower tariff","21 - 24","England","All","All","All","95","40","0.43"
"2023","Lower tariff","21 - 24","England","All","All","All","80","40","0.487"
"2019","Higher tariff","21 - 24","England","All","All","All","55","20","0.375"
"2020","Higher tariff","21 - 24","England","All","All","All","45","15","0.395"
"2021","Higher tariff","21 - 24","England","All","All","All","80","20","0.244"
"2022","Higher tariff","21 - 24","England","All","All","All","50","10","0.231"
"2023","Higher tariff","21 - 24","England","All","All","All","40","5"," "
"2019","Medium tariff","21 - 24","England","All","All","All","20","0"," "
"2020","Medium tariff","21 - 24","England","All","All","All","10","0"," "
"2021","Medium tariff","21 - 24","England","All","All","All","20","0"," "
"2022","Medium tariff","21 - 24","England","All","All","All","60","25","0.39"
"2023","Medium tariff","21 - 24","England","All","All","All","60","25","0.443"
"2019","Lower tariff","25 - 29","England","All","All","All","10","5"," "
"2020","Lower tariff","25 - 29","England","All","All","All","25","15","0.652"
"2021","Lower tariff","25 - 29","England","All","All","All","15","10"," "
"2022","Lower tariff","25 - 29","England","All","All","All","10","5"," "
"2023","Lower tariff","25 - 29","England","All","All","All","20","20","0.864"
"2019","Higher tariff","25 - 29","England","All","All","All","25","5"," "
"2020","Higher tariff","25 - 29","England","All","All","All","25","15","0.481"
"2021","Higher tariff","25 - 29","England","All","All","All","40","15","0.341"
"2022","Higher tariff","25 - 29","England","All","All","All","30","10"," "
"2023","Higher tariff","25 - 29","England","All","All","All","15","0"," "
"2019","Medium tariff","25 - 29","England","All","All","All","10","0"," "
"2020","Medium tariff","25 - 29","England","All","All","All","15","5"," "
"2021","Medium tariff","25 - 29","England","All","All","All","15","0"," "
"2022","Medium tariff","25 - 29","England","All","All","All","15","0"," "
"2023","Medium tariff","25 - 29","England","All","All","All","10","5"," "
"2019","Lower tariff","30 - 34","England","All","All","All","10","5"," "
"2020","Lower tariff","30 - 34","England","All","All","All","15","10"," "
"2021","Lower tariff","30 - 34","England","All","All","All","10","5"," "
"2022","Lower tariff","30 - 34","England","All","All","All","5","5"," "
"2023","Lower tariff","30 - 34","England","All","All","All","5","5"," "
"2019","Higher tariff","30 - 34","England","All","All","All","5","0"," "
"2020","Higher tariff","30 - 34","England","All","All","All","10","10","0.909"
"2021","Higher tariff","30 - 34","England","All","All","All","15","0"," "
"2022","Higher tariff","30 - 34","England","All","All","All","10","0"," "
"2023","Higher tariff","30 - 34","England","All","All","All","5","5"," "
"2019","Medium tariff","30 - 34","England","All","All","All","5","0"," "
"2020","Medium tariff","30 - 34","England","All","All","All","5","0"," "
"2021","Medium tariff","30 - 34","England","All","All","All","5","0"," "
"2022","Medium tariff","30 - 34","England","All","All","All","10","5"," "
"2023","Medium tariff","30 - 34","England","All","All","All","5","0"," "
"2019","Lower tariff","35 and over","England","All","All","All","20","15","0.75"
"2020","Lower tariff","35 and over","England","All","All","All","25","15","0.6"
"2021","Lower tariff","35 and over","England","All","All","All","20","20","0.857"
"2022","Lower tariff","35 and over","England","All","All","All","15","10"," "
"2023","Lower tariff","35 and over","England","All","All","All","15","10","0.588"
"2019","Higher tariff","35 and over","England","All","All","All","10","0"," "
"2020","Higher tariff","35 and over","England","All","All","All","5","0"," "
"2021","Higher tariff","35 and over","England","All","All","All","10","5"," "
"2022","Higher tariff","35 and over","England","All","All","All","5","0"," "
"2019","Medium tariff","35 and over","England","All","All","All","5","0"," "
"2020","Medium tariff","35 and over","England","All","All","All","5","0"," "
"2021","Medium tariff","35 and over","England","All","All","All","10","0"," "
"2023","Medium tariff","35 and over","England","All","All","All","5","0"," "
"2019","Higher tariff","18","Scotland","All","All","All","10","0"," "
"2020","Higher tariff","18","Scotland","All","All","All","15","0"," "
"2021","Higher tariff","18","Scotland","All","All","All","20","0"," "
"2022","Higher tariff","18","Scotland","All","All","All","20","0"," "
"2023","Higher tariff","18","Scotland","All","All","All","20","0"," "
"2019","Medium tariff","18","Scotland","All","All","All","5","0"," "
"2020","Medium tariff","18","Scotland","All","All","All","10","0"," "
"2021","Medium tariff","18","Scotland","All","All","All","5","0"," "
"2022","Medium tariff","18","Scotland","All","All","All","5","0"," "
"2023","Medium tariff","18","Scotland","All","All","All","5","0"," "
"2019","Higher tariff","19","Scotland","All","All","All","5","0"," "
"2021","Higher tariff","19","Scotland","All","All","All","5","0"," "
"2022","Higher tariff","19","Scotland","All","All","All","10","0"," "
"2023","Higher tariff","19","Scotland","All","All","All","5","0"," "
"2019","Medium tariff","19","Scotland","All","All","All","5","0"," "
"2021","Medium tariff","19","Scotland","All","All","All","5","0"," "
"2019","Higher tariff","20","Scotland","All","All","All","5","0"," "
"2020","Higher tariff","20","Scotland","All","All","All","5","0"," "
"2021","Higher tariff","20","Scotland","All","All","All","15","0"," "
"2022","Higher tariff","20","Scotland","All","All","All","5","0"," "
"2023","Higher tariff","20","Scotland","All","All","All","5","0"," "
"2020","Medium tariff","20","Scotland","All","All","All","5","0"," "
"2021","Medium tariff","20","Scotland","All","All","All","5","0"," "
"2022","Medium tariff","20","Scotland","All","All","All","5","0"," "
"2023","Medium tariff","20","Scotland","All","All","All","5","0"," "
"2022","Lower tariff","21 - 24","Scotland","All","All","All","5","0"," "
"2023","Lower tariff","21 - 24","Scotland","All","All","All","5","0"," "
"2019","Higher tariff","21 - 24","Scotland","All","All","All","1560","750","0.481"
"2020","Higher tariff","21 - 24","Scotland","All","All","All","1670","815","0.489"
"2021","Higher tariff","21 - 24","Scotland","All","All","All","2090","815","0.391"
"2022","Higher tariff","21 - 24","Scotland","All","All","All","1525","725","0.47700000000000004"
"2023","Higher tariff","21 - 24","Scotland","All","All","All","1295","680","0.526"
"2019","Medium tariff","21 - 24","Scotland","All","All","All","865","95","0.112"
"2020","Medium tariff","21 - 24","Scotland","All","All","All","950","100","0.107"
"2021","Medium tariff","21 - 24","Scotland","All","All","All","1225","110","0.089"
"2022","Medium tariff","21 - 24","Scotland","All","All","All","885","95","0.109"
"2023","Medium tariff","21 - 24","Scotland","All","All","All","745","90","0.11900000000000001"
"2022","Lower tariff","25 - 29","Scotland","All","All","All","5","0"," "
"2023","Lower tariff","25 - 29","Scotland","All","All","All","5","0"," "
"2019","Higher tariff","25 - 29","Scotland","All","All","All","1300","615","0.47500000000000003"
"2020","Higher tariff","25 - 29","Scotland","All","All","All","1310","625","0.47800000000000004"
"2021","Higher tariff","25 - 29","Scotland","All","All","All","1625","615","0.379"
"2022","Higher tariff","25 - 29","Scotland","All","All","All","1120","525","0.47000000000000003"
"2023","Higher tariff","25 - 29","Scotland","All","All","All","835","420","0.501"
"2019","Medium tariff","25 - 29","Scotland","All","All","All","810","120","0.145"
"2020","Medium tariff","25 - 29","Scotland","All","All","All","795","120","0.152"
"2021","Medium tariff","25 - 29","Scotland","All","All","All","1015","140","0.14"
"2022","Medium tariff","25 - 29","Scotland","All","All","All","710","110","0.156"
"2023","Medium tariff","25 - 29","Scotland","All","All","All","545","75","0.14100000000000001"
"2019","Higher tariff","30 - 34","Scotland","All","All","All","565","235","0.41300000000000003"
"2020","Higher tariff","30 - 34","Scotland","All","All","All","595","270","0.456"
"2021","Higher tariff","30 - 34","Scotland","All","All","All","685","230","0.337"
"2022","Higher tariff","30 - 34","Scotland","All","All","All","490","230","0.465"
"2023","Higher tariff","30 - 34","Scotland","All","All","All","370","170","0.461"
"2019","Medium tariff","30 - 34","Scotland","All","All","All","345","60","0.169"
"2020","Medium tariff","30 - 34","Scotland","All","All","All","370","70","0.191"
"2021","Medium tariff","30 - 34","Scotland","All","All","All","410","65","0.163"
"2022","Medium tariff","30 - 34","Scotland","All","All","All","300","50","0.17300000000000001"
"2023","Medium tariff","30 - 34","Scotland","All","All","All","240","50","0.209"
"2022","Lower tariff","35 and over","Scotland","All","All","All","5","0"," "
"2019","Higher tariff","35 and over","Scotland","All","All","All","1000","395","0.396"
"2020","Higher tariff","35 and over","Scotland","All","All","All","1040","435","0.417"
"2021","Higher tariff","35 and over","Scotland","All","All","All","1125","380","0.339"
"2022","Higher tariff","35 and over","Scotland","All","All","All","780","335","0.427"
"2023","Higher tariff","35 and over","Scotland","All","All","All","655","305","0.46900000000000003"
"2019","Medium tariff","35 and over","Scotland","All","All","All","610","110","0.184"
"2020","Medium tariff","35 and over","Scotland","All","All","All","650","135","0.20700000000000002"
"2021","Medium tariff","35 and over","Scotland","All","All","All","665","105","0.155"
"2022","Medium tariff","35 and over","Scotland","All","All","All","475","105","0.226"
"2023","Medium tariff","35 and over","Scotland","All","All","All","390","95","0.246"
"2020","Lower tariff","18","Wales","All","All","All","5","0"," "
"2022","Lower tariff","18","Wales","All","All","All","5","0"," "
"2022","Medium tariff","18","Wales","All","All","All","15","0"," "
"2023","Medium tariff","18","Wales","All","All","All","5","0"," "
"2023","Lower tariff","20","Wales","All","All","All","5","0"," "
"2022","Lower tariff","21 - 24","Wales","All","All","All","585","380","0.646"
"2023","Lower tariff","21 - 24","Wales","All","All","All","535","335","0.622"
"2020","Higher tariff","21 - 24","Wales","All","All","All","5","0"," "
"2021","Higher tariff","21 - 24","Wales","All","All","All","5","0"," "
"2022","Higher tariff","21 - 24","Wales","All","All","All","5","0"," "
"2023","Higher tariff","21 - 24","Wales","All","All","All","10","0"," "
"2022","Medium tariff","21 - 24","Wales","All","All","All","365","135","0.368"
"2023","Medium tariff","21 - 24","Wales","All","All","All","380","155","0.41100000000000003"
"2022","Lower tariff","25 - 29","Wales","All","All","All","220","145","0.653"
"2023","Lower tariff","25 - 29","Wales","All","All","All","190","125","0.66"
"2019","Higher tariff","25 - 29","Wales","All","All","All","5","0"," "
"2020","Higher tariff","25 - 29","Wales","All","All","All","5","0"," "
"2022","Higher tariff","25 - 29","Wales","All","All","All","5","0"," "
"2023","Higher tariff","25 - 29","Wales","All","All","All","5","0"," "
"2022","Medium tariff","25 - 29","Wales","All","All","All","135","40","0.301"
"2023","Medium tariff","25 - 29","Wales","All","All","All","115","45","0.4"
"2022","Lower tariff","30 - 34","Wales","All","All","All","75","55","0.727"
"2023","Lower tariff","30 - 34","Wales","All","All","All","70","45","0.657"
"2022","Medium tariff","30 - 34","Wales","All","All","All","45","20","0.512"
"2023","Medium tariff","30 - 34","Wales","All","All","All","45","20","0.419"
"2022","Lower tariff","35 and over","Wales","All","All","All","115","70","0.586"
"2023","Lower tariff","35 and over","Wales","All","All","All","70","40","0.583"
"2022","Medium tariff","35 and over","Wales","All","All","All","50","20","0.41200000000000003"
"2023","Medium tariff","35 and over","Wales","All","All","All","60","30","0.47500000000000003"
"2022","Lower tariff","21 - 24","Not EU","All","All","All","5","0"," "
"2023","Lower tariff","21 - 24","Not EU","All","All","All","5","0"," "
"2019","Higher tariff","21 - 24","Not EU","All","All","All","15","5"," "
"2020","Higher tariff","21 - 24","Not EU","All","All","All","30","10"," "
"2021","Higher tariff","21 - 24","Not EU","All","All","All","15","0"," "
"2022","Higher tariff","21 - 24","Not EU","All","All","All","15","5"," "
"2023","Higher tariff","21 - 24","Not EU","All","All","All","30","5"," "
"2019","Medium tariff","21 - 24","Not EU","All","All","All","5","0"," "
"2020","Medium tariff","21 - 24","Not EU","All","All","All","5","0"," "
"2021","Medium tariff","21 - 24","Not EU","All","All","All","5","0"," "
"2022","Medium tariff","21 - 24","Not EU","All","All","All","15","0"," "
"2023","Medium tariff","21 - 24","Not EU","All","All","All","10","0"," "
"2022","Lower tariff","25 - 29","Not EU","All","All","All","10","0"," "
"2023","Lower tariff","25 - 29","Not EU","All","All","All","5","0"," "
"2019","Higher tariff","25 - 29","Not EU","All","All","All","20","10"," "
"2020","Higher tariff","25 - 29","Not EU","All","All","All","20","5"," "
"2021","Higher tariff","25 - 29","Not EU","All","All","All","25","10"," "
"2022","Higher tariff","25 - 29","Not EU","All","All","All","30","10"," "
"2023","Higher tariff","25 - 29","Not EU","All","All","All","20","10"," "
"2019","Medium tariff","25 - 29","Not EU","All","All","All","10","0"," "
"2020","Medium tariff","25 - 29","Not EU","All","All","All","5","0"," "
"2021","Medium tariff","25 - 29","Not EU","All","All","All","5","0"," "
"2022","Medium tariff","25 - 29","Not EU","All","All","All","20","5"," "
"2023","Medium tariff","25 - 29","Not EU","All","All","All","10","0"," "
"2022","Lower tariff","30 - 34","Not EU","All","All","All","10","0"," "
"2023","Lower tariff","30 - 34","Not EU","All","All","All","5","0"," "
"2019","Higher tariff","30 - 34","Not EU","All","All","All","10","5"," "
"2020","Higher tariff","30 - 34","Not EU","All","All","All","15","5"," "
"2021","Higher tariff","30 - 34","Not EU","All","All","All","10","5"," "
"2022","Higher tariff","30 - 34","Not EU","All","All","All","20","5"," "
"2023","Higher tariff","30 - 34","Not EU","All","All","All","15","0"," "
"2019","Medium tariff","30 - 34","Not EU","All","All","All","5","0"," "
"2020","Medium tariff","30 - 34","Not EU","All","All","All","5","0"," "
"2021","Medium tariff","30 - 34","Not EU","All","All","All","5","0"," "
"2022","Medium tariff","30 - 34","Not EU","All","All","All","15","0"," "
"2023","Medium tariff","30 - 34","Not EU","All","All","All","15","5"," "
"2022","Lower tariff","35 and over","Not EU","All","All","All","10","0"," "
"2023","Lower tariff","35 and over","Not EU","All","All","All","10","0"," "
"2019","Higher tariff","35 and over","Not EU","All","All","All","15","5"," "
"2020","Higher tariff","35 and over","Not EU","All","All","All","10","0"," "
"2021","Higher tariff","35 and over","Not EU","All","All","All","20","0"," "
"2022","Higher tariff","35 and over","Not EU","All","All","All","25","5"," "
"2023","Higher tariff","35 and over","Not EU","All","All","All","15","0"," "
"2019","Medium tariff","35 and over","Not EU","All","All","All","5","0"," "
"2020","Medium tariff","35 and over","Not EU","All","All","All","5","0"," "
"2021","Medium tariff","35 and over","Not EU","All","All","All","10","0"," "
"2022","Medium tariff","35 and over","Not EU","All","All","All","20","5"," "
"2023","Medium tariff","35 and over","Not EU","All","All","All","15","5"," "
"2019","Higher tariff","20","EU (excluding UK)","All","All","All","5","0"," "
"2020","Higher tariff","20","EU (excluding UK)","All","All","All","5","0"," "
"2022","Lower tariff","21 - 24","EU (excluding UK)","All","All","All","20","0"," "
"2023","Lower tariff","21 - 24","EU (excluding UK)","All","All","All","10","0"," "
"2019","Higher tariff","21 - 24","EU (excluding UK)","All","All","All","125","35","0.28600000000000003"
"2020","Higher tariff","21 - 24","EU (excluding UK)","All","All","All","145","60","0.41400000000000003"
"2021","Higher tariff","21 - 24","EU (excluding UK)","All","All","All","95","15","0.179"
"2022","Higher tariff","21 - 24","EU (excluding UK)","All","All","All","55","5"," "
"2023","Higher tariff","21 - 24","EU (excluding UK)","All","All","All","45","15","0.302"
"2019","Medium tariff","21 - 24","EU (excluding UK)","All","All","All","50","10"," "
"2020","Medium tariff","21 - 24","EU (excluding UK)","All","All","All","30","0"," "
"2021","Medium tariff","21 - 24","EU (excluding UK)","All","All","All","25","0"," "
"2022","Medium tariff","21 - 24","EU (excluding UK)","All","All","All","30","5"," "
"2023","Medium tariff","21 - 24","EU (excluding UK)","All","All","All","25","0"," "
"2022","Lower tariff","25 - 29","EU (excluding UK)","All","All","All","5","0"," "
"2019","Higher tariff","25 - 29","EU (excluding UK)","All","All","All","55","20","0.321"
"2020","Higher tariff","25 - 29","EU (excluding UK)","All","All","All","80","30","0.363"
"2021","Higher tariff","25 - 29","EU (excluding UK)","All","All","All","55","10","0.193"
"2022","Higher tariff","25 - 29","EU (excluding UK)","All","All","All","35","10","0.306"
"2023","Higher tariff","25 - 29","EU (excluding UK)","All","All","All","15","5"," "
"2019","Medium tariff","25 - 29","EU (excluding UK)","All","All","All","20","5"," "
"2020","Medium tariff","25 - 29","EU (excluding UK)","All","All","All","25","5"," "
"2021","Medium tariff","25 - 29","EU (excluding UK)","All","All","All","25","0"," "
"2022","Medium tariff","25 - 29","EU (excluding UK)","All","All","All","20","0"," "
"2023","Medium tariff","25 - 29","EU (excluding UK)","All","All","All","10","0"," "
"2019","Higher tariff","30 - 34","EU (excluding UK)","All","All","All","30","10","0.355"
"2020","Higher tariff","30 - 34","EU (excluding UK)","All","All","All","30","10","0.393"
"2021","Higher tariff","30 - 34","EU (excluding UK)","All","All","All","20","5"," "
"2022","Higher tariff","30 - 34","EU (excluding UK)","All","All","All","10","0"," "
"2023","Higher tariff","30 - 34","EU (excluding UK)","All","All","All","5","0"," "
"2019","Medium tariff","30 - 34","EU (excluding UK)","All","All","All","15","0"," "
"2020","Medium tariff","30 - 34","EU (excluding UK)","All","All","All","15","0"," "
"2021","Medium tariff","30 - 34","EU (excluding UK)","All","All","All","5","0"," "
"2022","Medium tariff","30 - 34","EU (excluding UK)","All","All","All","5","0"," "
"2023","Medium tariff","30 - 34","EU (excluding UK)","All","All","All","5","0"," "
"2019","Higher tariff","35 and over","EU (excluding UK)","All","All","All","15","5"," "
"2020","Higher tariff","35 and over","EU (excluding UK)","All","All","All","15","5"," "
"2021","Higher tariff","35 and over","EU (excluding UK)","All","All","All","10","0"," "
"2022","Higher tariff","35 and over","EU (excluding UK)","All","All","All","10","0"," "
"2023","Higher tariff","35 and over","EU (excluding UK)","All","All","All","10","0"," "
"2019","Medium tariff","35 and over","EU (excluding UK)","All","All","All","10","0"," "
"2020","Medium tariff","35 and over","EU (excluding UK)","All","All","All","5","0"," "
"2021","Medium tariff","35 and over","EU (excluding UK)","All","All","All","5","0"," "
"2022","Medium tariff","35 and over","EU (excluding UK)","All","All","All","5","0"," "
"2023","Medium tariff","35 and over","EU (excluding UK)","All","All","All","5","0"," "
"2019","All","21 - 24","Northern Ireland","All","All","All","60","10","0.186"
"2020","All","21 - 24","Northern Ireland","All","All","All","40","10"," "
"2021","All","21 - 24","Northern Ireland","All","All","All","65","15","0.254"
"2022","All","21 - 24","Northern Ireland","All","All","All","50","15","0.271"
"2023","All","21 - 24","Northern Ireland","All","All","All","25","10"," "
"2019","All","25 - 29","Northern Ireland","All","All","All","25","10","0.423"
"2020","All","25 - 29","Northern Ireland","All","All","All","20","5"," "
"2021","All","25 - 29","Northern Ireland","All","All","All","25","10"," "
"2022","All","25 - 29","Northern Ireland","All","All","All","15","10"," "
"2023","All","25 - 29","Northern Ireland","All","All","All","15","5"," "
"2019","All","30 - 34","Northern Ireland","All","All","All","5","0"," "
"2020","All","30 - 34","Northern Ireland","All","All","All","5","0"," "
"2021","All","30 - 34","Northern Ireland","All","All","All","5","0"," "
"2022","All","30 - 34","Northern Ireland","All","All","All","5","0"," "
"2023","All","30 - 34","Northern Ireland","All","All","All","5","0"," "
"2019","All","35 and over","Northern Ireland","All","All","All","5","0"," "
"2021","All","35 and over","Northern Ireland","All","All","All","5","5"," "
"2022","All","35 and over","Northern Ireland","All","All","All","5","5"," "
"2023","All","35 and over","Northern Ireland","All","All","All","5","0"," "
"2020","All","18","England","All","All","All","5","0"," "
"2022","All","18","England","All","All","All","10","0"," "
"2023","All","18","England","All","All","All","5","0"," "
"2019","All","21 - 24","England","All","All","All","75","35","0.446"
"2020","All","21 - 24","England","All","All","All","60","30","0.47500000000000003"
"2021","All","21 - 24","England","All","All","All","95","25","0.29"
"2022","All","21 - 24","England","All","All","All","160","75","0.47500000000000003"
"2023","All","21 - 24","England","All","All","All","145","70","0.497"
"2019","All","25 - 29","England","All","All","All","35","15","0.41200000000000003"
"2020","All","25 - 29","England","All","All","All","50","30","0.62"
"2021","All","25 - 29","England","All","All","All","55","25","0.404"
"2022","All","25 - 29","England","All","All","All","40","15","0.381"
"2023","All","25 - 29","England","All","All","All","40","25","0.615"
"2019","All","30 - 34","England","All","All","All","15","10"," "
"2020","All","30 - 34","England","All","All","All","25","20","0.741"
"2021","All","30 - 34","England","All","All","All","25","5"," "
"2022","All","30 - 34","England","All","All","All","20","5"," "
"2023","All","30 - 34","England","All","All","All","15","10"," "
"2019","All","35 and over","England","All","All","All","30","15","0.46900000000000003"
"2020","All","35 and over","England","All","All","All","35","20","0.545"
"2021","All","35 and over","England","All","All","All","30","25","0.742"
"2022","All","35 and over","England","All","All","All","20","10","0.5"
"2023","All","35 and over","England","All","All","All","20","15","0.619"
"2019","All","18","Scotland","All","All","All","15","0"," "
"2020","All","18","Scotland","All","All","All","25","0"," "
"2021","All","18","Scotland","All","All","All","25","0"," "
"2022","All","18","Scotland","All","All","All","20","0"," "
"2023","All","18","Scotland","All","All","All","25","0"," "
"2019","All","19","Scotland","All","All","All","5","0"," "
"2020","All","19","Scotland","All","All","All","5","0"," "
"2021","All","19","Scotland","All","All","All","5","0"," "
"2022","All","19","Scotland","All","All","All","10","0"," "
"2023","All","19","Scotland","All","All","All","10","0"," "
"2019","All","20","Scotland","All","All","All","5","0"," "
"2020","All","20","Scotland","All","All","All","10","0"," "
"2021","All","20","Scotland","All","All","All","15","0"," "
"2022","All","20","Scotland","All","All","All","10","0"," "
"2023","All","20","Scotland","All","All","All","10","0"," "
"2019","All","21 - 24","Scotland","All","All","All","1595","850","0.533"
"2020","All","21 - 24","Scotland","All","All","All","1720","920","0.535"
"2021","All","21 - 24","Scotland","All","All","All","2135","925","0.434"
"2022","All","21 - 24","Scotland","All","All","All","1555","825","0.53"
"2023","All","21 - 24","Scotland","All","All","All","1315","770","0.584"
"2019","All","25 - 29","Scotland","All","All","All","1355","735","0.541"
"2020","All","25 - 29","Scotland","All","All","All","1375","750","0.543"
"2021","All","25 - 29","Scotland","All","All","All","1665","760","0.455"
"2022","All","25 - 29","Scotland","All","All","All","1155","635","0.551"
"2023","All","25 - 29","Scotland","All","All","All","865","495","0.5710000000000001"
"2019","All","30 - 34","Scotland","All","All","All","615","290","0.47500000000000003"
"2020","All","30 - 34","Scotland","All","All","All","645","340","0.53"
"2021","All","30 - 34","Scotland","All","All","All","725","300","0.41100000000000003"
"2022","All","30 - 34","Scotland","All","All","All","520","280","0.539"
"2023","All","30 - 34","Scotland","All","All","All","400","220","0.554"
"2019","All","35 and over","Scotland","All","All","All","1110","510","0.458"
"2020","All","35 and over","Scotland","All","All","All","1185","570","0.47900000000000004"
"2021","All","35 and over","Scotland","All","All","All","1250","485","0.388"
"2022","All","35 and over","Scotland","All","All","All","870","440","0.506"
"2023","All","35 and over","Scotland","All","All","All","730","400","0.551"
"2020","All","18","Wales","All","All","All","5","0"," "
"2022","All","18","Wales","All","All","All","20","0"," "
"2023","All","18","Wales","All","All","All","5","0"," "
"2023","All","20","Wales","All","All","All","5","0"," "
"2020","All","21 - 24","Wales","All","All","All","5","0"," "
"2021","All","21 - 24","Wales","All","All","All","5","0"," "
"2022","All","21 - 24","Wales","All","All","All","700","515","0.738"
"2023","All","21 - 24","Wales","All","All","All","670","490","0.733"
"2019","All","25 - 29","Wales","All","All","All","5","0"," "
"2020","All","25 - 29","Wales","All","All","All","5","0"," "
"2022","All","25 - 29","Wales","All","All","All","265","185","0.6910000000000001"
"2023","All","25 - 29","Wales","All","All","All","235","170","0.726"
"2022","All","30 - 34","Wales","All","All","All","100","80","0.788"
"2023","All","30 - 34","Wales","All","All","All","90","65","0.719"
"2022","All","35 and over","Wales","All","All","All","145","90","0.614"
"2023","All","35 and over","Wales","All","All","All","105","70","0.664"
"2019","All","21 - 24","Not EU","All","All","All","15","5"," "
"2020","All","21 - 24","Not EU","All","All","All","30","10"," "
"2021","All","21 - 24","Not EU","All","All","All","20","0"," "
"2022","All","21 - 24","Not EU","All","All","All","20","5"," "
"2023","All","21 - 24","Not EU","All","All","All","30","5"," "
"2019","All","25 - 29","Not EU","All","All","All","20","10","0.526"
"2020","All","25 - 29","Not EU","All","All","All","20","10"," "
"2021","All","25 - 29","Not EU","All","All","All","25","10"," "
"2022","All","25 - 29","Not EU","All","All","All","40","10","0.28600000000000003"
"2023","All","25 - 29","Not EU","All","All","All","30","10","0.333"
"2019","All","30 - 34","Not EU","All","All","All","15","5"," "
"2020","All","30 - 34","Not EU","All","All","All","15","5"," "
"2021","All","30 - 34","Not EU","All","All","All","10","5"," "
"2022","All","30 - 34","Not EU","All","All","All","25","5"," "
"2023","All","30 - 34","Not EU","All","All","All","20","5"," "
"2019","All","35 and over","Not EU","All","All","All","15","5"," "
"2020","All","35 and over","Not EU","All","All","All","10","0"," "
"2021","All","35 and over","Not EU","All","All","All","20","0"," "
"2022","All","35 and over","Not EU","All","All","All","35","10"," "
"2023","All","35 and over","Not EU","All","All","All","25","5"," "
"2019","All","20","EU (excluding UK)","All","All","All","5","0"," "
"2020","All","20","EU (excluding UK)","All","All","All","5","0"," "
"2019","All","21 - 24","EU (excluding UK)","All","All","All","125","45","0.357"
"2020","All","21 - 24","EU (excluding UK)","All","All","All","145","60","0.421"
"2021","All","21 - 24","EU (excluding UK)","All","All","All","95","20","0.2"
"2022","All","21 - 24","EU (excluding UK)","All","All","All","60","10","0.19"
"2023","All","21 - 24","EU (excluding UK)","All","All","All","50","15","0.333"
"2019","All","25 - 29","EU (excluding UK)","All","All","All","55","20","0.386"
"2020","All","25 - 29","EU (excluding UK)","All","All","All","85","30","0.386"
"2021","All","25 - 29","EU (excluding UK)","All","All","All","60","10","0.20700000000000002"
"2022","All","25 - 29","EU (excluding UK)","All","All","All","35","15","0.417"
"2023","All","25 - 29","EU (excluding UK)","All","All","All","20","5"," "
"2019","All","30 - 34","EU (excluding UK)","All","All","All","30","15","0.406"
"2020","All","30 - 34","EU (excluding UK)","All","All","All","30","10","0.41400000000000003"
"2021","All","30 - 34","EU (excluding UK)","All","All","All","20","5"," "
"2022","All","30 - 34","EU (excluding UK)","All","All","All","10","5"," "
"2023","All","30 - 34","EU (excluding UK)","All","All","All","5","5"," "
"2019","All","35 and over","EU (excluding UK)","All","All","All","15","5"," "
"2020","All","35 and over","EU (excluding UK)","All","All","All","15","5"," "
"2021","All","35 and over","EU (excluding UK)","All","All","All","10","0"," "
"2022","All","35 and over","EU (excluding UK)","All","All","All","10","0"," "
"2023","All","35 and over","EU (excluding UK)","All","All","All","10","0"," "
"2022","Lower tariff","All","Northern Ireland","All","All","All","10","5"," "
"2023","Lower tariff","All","Northern Ireland","All","All","All","15","0"," "
"2019","Higher tariff","All","Northern Ireland","All","All","All","90","25","0.256"
"2020","Higher tariff","All","Northern Ireland","All","All","All","65","15","0.224"
"2021","Higher tariff","All","Northern Ireland","All","All","All","95","25","0.255"
"2022","Higher tariff","All","Northern Ireland","All","All","All","70","20","0.309"
"2023","Higher tariff","All","Northern Ireland","All","All","All","45","10","0.227"
"2019","Medium tariff","All","Northern Ireland","All","All","All","30","0"," "
"2020","Medium tariff","All","Northern Ireland","All","All","All","25","0"," "
"2021","Medium tariff","All","Northern Ireland","All","All","All","40","5"," "
"2022","Medium tariff","All","Northern Ireland","All","All","All","35","5"," "
"2023","Medium tariff","All","Northern Ireland","All","All","All","20","0"," "
"2019","Lower tariff","All","England","All","All","All","60","40","0.672"
"2020","Lower tariff","All","England","All","All","All","85","50","0.595"
"2021","Lower tariff","All","England","All","All","All","60","40","0.6890000000000001"
"2022","Lower tariff","All","England","All","All","All","130","60","0.447"
"2023","Lower tariff","All","England","All","All","All","130","70","0.5630000000000001"
"2019","Higher tariff","All","England","All","All","All","95","30","0.292"
"2020","Higher tariff","All","England","All","All","All","90","40","0.456"
"2021","Higher tariff","All","England","All","All","All","145","35","0.25"
"2022","Higher tariff","All","England","All","All","All","100","20","0.224"
"2023","Higher tariff","All","England","All","All","All","65","15","0.203"
"2019","Medium tariff","All","England","All","All","All","40","5"," "
"2020","Medium tariff","All","England","All","All","All","35","5"," "
"2021","Medium tariff","All","England","All","All","All","50","0"," "
"2022","Medium tariff","All","England","All","All","All","90","30","0.311"
"2023","Medium tariff","All","England","All","All","All","85","35","0.391"
"2022","Lower tariff","All","Scotland","All","All","All","10","0"," "
"2023","Lower tariff","All","Scotland","All","All","All","10","0"," "
"2019","Higher tariff","All","Scotland","All","All","All","4450","2000","0.449"
"2020","Higher tariff","All","Scotland","All","All","All","4640","2150","0.463"
"2021","Higher tariff","All","Scotland","All","All","All","5565","2045","0.367"
"2022","Higher tariff","All","Scotland","All","All","All","3955","1820","0.459"
"2023","Higher tariff","All","Scotland","All","All","All","3180","1575","0.495"
"2019","Medium tariff","All","Scotland","All","All","All","2640","385","0.146"
"2020","Medium tariff","All","Scotland","All","All","All","2780","430","0.154"
"2021","Medium tariff","All","Scotland","All","All","All","3330","420","0.126"
"2022","Medium tariff","All","Scotland","All","All","All","2380","365","0.154"
"2023","Medium tariff","All","Scotland","All","All","All","1935","310","0.161"
"2020","Lower tariff","All","Wales","All","All","All","5","0"," "
"2022","Lower tariff","All","Wales","All","All","All","1005","645","0.643"
"2023","Lower tariff","All","Wales","All","All","All","875","550","0.626"
"2019","Higher tariff","All","Wales","All","All","All","5","0"," "
"2020","Higher tariff","All","Wales","All","All","All","10","0"," "
"2021","Higher tariff","All","Wales","All","All","All","5","0"," "
"2022","Higher tariff","All","Wales","All","All","All","10","0"," "
"2023","Higher tariff","All","Wales","All","All","All","15","0"," "
"2019","Medium tariff","All","Wales","All","All","All","5","0"," "
"2022","Medium tariff","All","Wales","All","All","All","610","220","0.357"
"2023","Medium tariff","All","Wales","All","All","All","605","250","0.41200000000000003"
"2022","Lower tariff","All","Not EU","All","All","All","35","5"," "
"2023","Lower tariff","All","Not EU","All","All","All","25","0"," "
"2019","Higher tariff","All","Not EU","All","All","All","65","25","0.359"
"2020","Higher tariff","All","Not EU","All","All","All","75","20","0.28400000000000003"
"2021","Higher tariff","All","Not EU","All","All","All","70","15","0.222"
"2022","Higher tariff","All","Not EU","All","All","All","90","20","0.217"
"2023","Higher tariff","All","Not EU","All","All","All","80","15","0.2"
"2019","Medium tariff","All","Not EU","All","All","All","25","0"," "
"2020","Medium tariff","All","Not EU","All","All","All","25","0"," "
"2021","Medium tariff","All","Not EU","All","All","All","25","0"," "
"2022","Medium tariff","All","Not EU","All","All","All","65","10"," "
"2023","Medium tariff","All","Not EU","All","All","All","55","10","0.20800000000000002"
"2022","Lower tariff","All","EU (excluding UK)","All","All","All","30","0"," "
"2023","Lower tariff","All","EU (excluding UK)","All","All","All","15","5"," "
"2019","Higher tariff","All","EU (excluding UK)","All","All","All","230","70","0.306"
"2020","Higher tariff","All","EU (excluding UK)","All","All","All","270","105","0.384"
"2021","Higher tariff","All","EU (excluding UK)","All","All","All","180","35","0.193"
"2022","Higher tariff","All","EU (excluding UK)","All","All","All","105","20","0.17"
"2023","Higher tariff","All","EU (excluding UK)","All","All","All","75","20","0.28"
"2019","Medium tariff","All","EU (excluding UK)","All","All","All","95","15","0.158"
"2020","Medium tariff","All","EU (excluding UK)","All","All","All","80","5"," "
"2021","Medium tariff","All","EU (excluding UK)","All","All","All","60","5"," "
"2022","Medium tariff","All","EU (excluding UK)","All","All","All","55","10","0.179"
"2023","Medium tariff","All","EU (excluding UK)","All","All","All","50","5"," "
"2019","All","All","Northern Ireland","All","All","All","90","25","0.253"
"2020","All","All","Northern Ireland","All","All","All","70","15","0.217"
"2021","All","All","Northern Ireland","All","All","All","95","30","0.302"
"2022","All","All","Northern Ireland","All","All","All","70","25","0.38"
"2023","All","All","Northern Ireland","All","All","All","50","10","0.229"
"2019","All","All","England","All","All","All","160","70","0.443"
"2020","All","All","England","All","All","All","175","100","0.554"
"2021","All","All","England","All","All","All","210","80","0.385"
"2022","All","All","England","All","All","All","255","110","0.431"
"2023","All","All","England","All","All","All","230","120","0.52"
"2019","All","All","Scotland","All","All","All","4705","2385","0.507"
"2020","All","All","Scotland","All","All","All","4960","2580","0.52"
"2021","All","All","Scotland","All","All","All","5825","2465","0.423"
"2022","All","All","Scotland","All","All","All","4145","2185","0.527"
"2023","All","All","Scotland","All","All","All","3355","1890","0.5630000000000001"
"2019","All","All","Wales","All","All","All","5","0"," "
"2020","All","All","Wales","All","All","All","15","0"," "
"2021","All","All","Wales","All","All","All","5","0"," "
"2022","All","All","Wales","All","All","All","1230","865","0.704"
"2023","All","All","Wales","All","All","All","1115","800","0.717"
"2019","All","All","Not EU","All","All","All","65","25","0.373"
"2020","All","All","Not EU","All","All","All","75","25","0.303"
"2021","All","All","Not EU","All","All","All","75","15","0.224"
"2022","All","All","Not EU","All","All","All","125","35","0.262"
"2023","All","All","Not EU","All","All","All","110","30","0.25"
"2019","All","All","EU (excluding UK)","All","All","All","235","85","0.368"
"2020","All","All","EU (excluding UK)","All","All","All","275","110","0.402"
"2021","All","All","EU (excluding UK)","All","All","All","185","40","0.20700000000000002"
"2022","All","All","EU (excluding UK)","All","All","All","115","30","0.261"
"2023","All","All","EU (excluding UK)","All","All","All","85","30","0.322"
"2022","Higher tariff","17 and under","All","All","All","All","5","0"," "
"2020","Lower tariff","18","All","All","All","All","5","0"," "
"2022","Lower tariff","18","All","All","All","All","10","0"," "
"2023","Lower tariff","18","All","All","All","All","5","0"," "
"2019","Higher tariff","18","All","All","All","All","15","0"," "
"2020","Higher tariff","18","All","All","All","All","20","0"," "
"2021","Higher tariff","18","All","All","All","All","25","0"," "
"2022","Higher tariff","18","All","All","All","All","20","0"," "
"2023","Higher tariff","18","All","All","All","All","20","0"," "
"2019","Medium tariff","18","All","All","All","All","5","0"," "
"2020","Medium tariff","18","All","All","All","All","10","0"," "
"2021","Medium tariff","18","All","All","All","All","5","0"," "
"2022","Medium tariff","18","All","All","All","All","20","0"," "
"2023","Medium tariff","18","All","All","All","All","15","0"," "
"2023","Lower tariff","19","All","All","All","All","5","0"," "
"2019","Higher tariff","19","All","All","All","All","5","0"," "
"2020","Higher tariff","19","All","All","All","All","5","0"," "
"2021","Higher tariff","19","All","All","All","All","5","0"," "
"2022","Higher tariff","19","All","All","All","All","10","0"," "
"2023","Higher tariff","19","All","All","All","All","10","0"," "
"2019","Medium tariff","19","All","All","All","All","5","0"," "
"2021","Medium tariff","19","All","All","All","All","5","0"," "
"2022","Medium tariff","19","All","All","All","All","5","0"," "
"2023","Medium tariff","19","All","All","All","All","5","0"," "
"2023","Lower tariff","20","All","All","All","All","5","0"," "
"2019","Higher tariff","20","All","All","All","All","10","0"," "
"2020","Higher tariff","20","All","All","All","All","10","0"," "
"2021","Higher tariff","20","All","All","All","All","15","0"," "
"2022","Higher tariff","20","All","All","All","All","10","0"," "
"2023","Higher tariff","20","All","All","All","All","5","0"," "
"2020","Medium tariff","20","All","All","All","All","5","0"," "
"2021","Medium tariff","20","All","All","All","All","5","0"," "
"2022","Medium tariff","20","All","All","All","All","5","0"," "
"2023","Medium tariff","20","All","All","All","All","10","0"," "
"2019","Lower tariff","21 - 24","All","All","All","All","20","10","0.667"
"2020","Lower tariff","21 - 24","All","All","All","All","20","10","0.611"
"2021","Lower tariff","21 - 24","All","All","All","All","15","10"," "
"2022","Lower tariff","21 - 24","All","All","All","All","715","420","0.59"
"2023","Lower tariff","21 - 24","All","All","All","All","645","375","0.581"
"2019","Higher tariff","21 - 24","All","All","All","All","1820","825","0.453"
"2020","Higher tariff","21 - 24","All","All","All","All","1930","910","0.47200000000000003"
"2021","Higher tariff","21 - 24","All","All","All","All","2345","870","0.371"
"2022","Higher tariff","21 - 24","All","All","All","All","1695","760","0.447"
"2023","Higher tariff","21 - 24","All","All","All","All","1435","715","0.498"
"2019","Medium tariff","21 - 24","All","All","All","All","960","105","0.111"
"2020","Medium tariff","21 - 24","All","All","All","All","1015","105","0.10300000000000001"
"2021","Medium tariff","21 - 24","All","All","All","All","1295","115","0.08700000000000001"
"2022","Medium tariff","21 - 24","All","All","All","All","1375","265","0.192"
"2023","Medium tariff","21 - 24","All","All","All","All","1230","275","0.224"
"2019","Lower tariff","25 - 29","All","All","All","All","10","5"," "
"2020","Lower tariff","25 - 29","All","All","All","All","25","15","0.625"
"2021","Lower tariff","25 - 29","All","All","All","All","15","10"," "
"2022","Lower tariff","25 - 29","All","All","All","All","255","155","0.606"
"2023","Lower tariff","25 - 29","All","All","All","All","230","145","0.642"
"2019","Higher tariff","25 - 29","All","All","All","All","1425","660","0.464"
"2020","Higher tariff","25 - 29","All","All","All","All","1460","685","0.467"
"2021","Higher tariff","25 - 29","All","All","All","All","1775","655","0.37"
"2022","Higher tariff","25 - 29","All","All","All","All","1235","560","0.454"
"2023","Higher tariff","25 - 29","All","All","All","All","905","435","0.482"
"2019","Medium tariff","25 - 29","All","All","All","All","860","125","0.145"
"2020","Medium tariff","25 - 29","All","All","All","All","850","130","0.151"
"2021","Medium tariff","25 - 29","All","All","All","All","1070","145","0.134"
"2022","Medium tariff","25 - 29","All","All","All","All","900","160","0.17500000000000002"
"2023","Medium tariff","25 - 29","All","All","All","All","705","125","0.181"
"2019","Lower tariff","30 - 34","All","All","All","All","10","5"," "
"2020","Lower tariff","30 - 34","All","All","All","All","15","10"," "
"2021","Lower tariff","30 - 34","All","All","All","All","10","5"," "
"2022","Lower tariff","30 - 34","All","All","All","All","95","60","0.649"
"2023","Lower tariff","30 - 34","All","All","All","All","85","50","0.586"
"2019","Higher tariff","30 - 34","All","All","All","All","620","255","0.41100000000000003"
"2020","Higher tariff","30 - 34","All","All","All","All","650","295","0.457"
"2021","Higher tariff","30 - 34","All","All","All","All","735","240","0.329"
"2022","Higher tariff","30 - 34","All","All","All","All","535","235","0.439"
"2023","Higher tariff","30 - 34","All","All","All","All","400","175","0.439"
"2019","Medium tariff","30 - 34","All","All","All","All","370","60","0.164"
"2020","Medium tariff","30 - 34","All","All","All","All","395","75","0.184"
"2021","Medium tariff","30 - 34","All","All","All","All","430","65","0.155"
"2022","Medium tariff","30 - 34","All","All","All","All","375","80","0.213"
"2023","Medium tariff","30 - 34","All","All","All","All","310","75","0.24"
"2019","Lower tariff","35 and over","All","All","All","All","20","15","0.75"
"2020","Lower tariff","35 and over","All","All","All","All","25","15","0.6"
"2021","Lower tariff","35 and over","All","All","All","All","25","20","0.783"
"2022","Lower tariff","35 and over","All","All","All","All","150","80","0.523"
"2023","Lower tariff","35 and over","All","All","All","All","100","50","0.515"
"2019","Higher tariff","35 and over","All","All","All","All","1045","405","0.387"
"2020","Higher tariff","35 and over","All","All","All","All","1070","440","0.41200000000000003"
"2021","Higher tariff","35 and over","All","All","All","All","1165","390","0.334"
"2022","Higher tariff","35 and over","All","All","All","All","820","345","0.418"
"2023","Higher tariff","35 and over","All","All","All","All","680","310","0.456"
"2019","Medium tariff","35 and over","All","All","All","All","625","110","0.179"
"2020","Medium tariff","35 and over","All","All","All","All","665","140","0.20700000000000002"
"2021","Medium tariff","35 and over","All","All","All","All","695","110","0.156"
"2022","Medium tariff","35 and over","All","All","All","All","555","135","0.241"
"2023","Medium tariff","35 and over","All","All","All","All","480","135","0.277"
"2022","All","17 and under","All","All","All","All","5","0"," "
"2019","All","18","All","All","All","All","15","0"," "
"2020","All","18","All","All","All","All","30","0"," "
"2021","All","18","All","All","All","All","25","0"," "
"2022","All","18","All","All","All","All","50","0"," "
"2023","All","18","All","All","All","All","40","0"," "
"2019","All","19","All","All","All","All","10","0"," "
"2020","All","19","All","All","All","All","10","0"," "
"2021","All","19","All","All","All","All","5","0"," "
"2022","All","19","All","All","All","All","15","0"," "
"2023","All","19","All","All","All","All","15","0"," "
"2019","All","20","All","All","All","All","10","0"," "
"2020","All","20","All","All","All","All","15","0"," "
"2021","All","20","All","All","All","All","15","0"," "
"2022","All","20","All","All","All","All","15","0"," "
"2023","All","20","All","All","All","All","15","0"," "
"2019","All","21 - 24","All","All","All","All","1870","945","0.505"
"2020","All","21 - 24","All","All","All","All","2000","1025","0.514"
"2021","All","21 - 24","All","All","All","All","2410","990","0.41200000000000003"
"2022","All","21 - 24","All","All","All","All","2535","1445","0.5690000000000001"
"2023","All","21 - 24","All","All","All","All","2240","1365","0.609"
"2019","All","25 - 29","All","All","All","All","1495","790","0.529"
"2020","All","25 - 29","All","All","All","All","1555","825","0.532"
"2021","All","25 - 29","All","All","All","All","1830","810","0.442"
"2022","All","25 - 29","All","All","All","All","1555","870","0.56"
"2023","All","25 - 29","All","All","All","All","1205","710","0.589"
"2019","All","30 - 34","All","All","All","All","680","320","0.47100000000000003"
"2020","All","30 - 34","All","All","All","All","720","380","0.527"
"2021","All","30 - 34","All","All","All","All","785","315","0.402"
"2022","All","30 - 34","All","All","All","All","680","375","0.555"
"2023","All","30 - 34","All","All","All","All","530","300","0.5660000000000001"
"2019","All","35 and over","All","All","All","All","1175","530","0.452"
"2020","All","35 and over","All","All","All","All","1245","595","0.47700000000000004"
"2021","All","35 and over","All","All","All","All","1315","515","0.392"
"2022","All","35 and over","All","All","All","All","1085","555","0.511"
"2023","All","35 and over","All","All","All","All","895","495","0.554"
"2019","Lower tariff","All","All","All","All","All","60","40","0.661"
"2020","Lower tariff","All","All","All","All","All","90","50","0.556"
"2021","Lower tariff","All","All","All","All","All","65","40","0.656"
"2022","Lower tariff","All","All","All","All","All","1220","715","0.584"
"2023","Lower tariff","All","All","All","All","All","1070","625","0.584"
"2019","Higher tariff","All","All","All","All","All","4940","2145","0.435"
"2020","Higher tariff","All","All","All","All","All","5150","2335","0.453"
"2021","Higher tariff","All","All","All","All","All","6065","2160","0.356"
"2022","Higher tariff","All","All","All","All","All","4330","1900","0.439"
"2023","Higher tariff","All","All","All","All","All","3460","1640","0.47400000000000003"
"2019","Medium tariff","All","All","All","All","All","2830","405","0.14300000000000002"
"2020","Medium tariff","All","All","All","All","All","2945","445","0.151"
"2021","Medium tariff","All","All","All","All","All","3505","430","0.123"
"2022","Medium tariff","All","All","All","All","All","3235","635","0.196"
"2023","Medium tariff","All","All","All","All","All","2750","610","0.222"
"2019","All","All","All","All","All","All","5260","2590","0.492"
"2020","All","All","All","All","All","All","5570","2830","0.508"
"2021","All","All","All","All","All","All","6395","2630","0.41200000000000003"
"2022","All","All","All","All","All","All","5940","3250","0.547"
"2023","All","All","All","All","All","All","4945","2875","0.581"