"Year","Subject group HECoS","Detailed subject group HECoS","POLAR4 Quintile","Main scheme applications","Main scheme offers","Main scheme offer rate"
"2019","(CAH25) design, and creative and performing arts","(CAH25-01-03) design studies","Unknown","100","55","0.5700000000000001"
"2020","(CAH25) design, and creative and performing arts","(CAH25-01-03) design studies","Unknown","175","80","0.463"
"2021","(CAH25) design, and creative and performing arts","(CAH25-01-03) design studies","Unknown","135","85","0.631"
"2022","(CAH25) design, and creative and performing arts","(CAH25-01-03) design studies","Unknown","20","10","0.542"
"2023","(CAH25) design, and creative and performing arts","(CAH25-01-03) design studies","Unknown","40","20","0.543"
"2019","(CAH25) design, and creative and performing arts","(CAH25-02-02) music","Unknown","35","20","0.562"
"2020","(CAH25) design, and creative and performing arts","(CAH25-02-02) music","Unknown","60","30","0.513"
"2021","(CAH25) design, and creative and performing arts","(CAH25-02-02) music","Unknown","35","25","0.764"
"2022","(CAH25) design, and creative and performing arts","(CAH25-02-02) music","Unknown","5","0"," "
"2023","(CAH25) design, and creative and performing arts","(CAH25-02-02) music","Unknown","10","0"," "
"2019","(CAH25) design, and creative and performing arts","(CAH25-01-04) cinematics and photography","Unknown","90","65","0.734"
"2020","(CAH25) design, and creative and performing arts","(CAH25-01-04) cinematics and photography","Unknown","50","30","0.552"
"2021","(CAH25) design, and creative and performing arts","(CAH25-01-04) cinematics and photography","Unknown","60","40","0.657"
"2022","(CAH25) design, and creative and performing arts","(CAH25-01-04) cinematics and photography","Unknown","20","15","0.775"
"2023","(CAH25) design, and creative and performing arts","(CAH25-01-04) cinematics and photography","Unknown","15","10","0.7000000000000001"
"2019","(CAH25) design, and creative and performing arts","(CAH25-01-02) art","Unknown","45","25","0.5630000000000001"
"2020","(CAH25) design, and creative and performing arts","(CAH25-01-02) art","Unknown","20","15","0.675"
"2021","(CAH25) design, and creative and performing arts","(CAH25-01-02) art","Unknown","25","10","0.434"
"2022","(CAH25) design, and creative and performing arts","(CAH25-01-02) art","Unknown","5","5"," "
"2023","(CAH25) design, and creative and performing arts","(CAH25-01-02) art","Unknown","10","5"," "
"2019","(CAH25) design, and creative and performing arts","(CAH25-02-03) drama","Unknown","50","10","0.225"
"2020","(CAH25) design, and creative and performing arts","(CAH25-02-03) drama","Unknown","70","25","0.325"
"2021","(CAH25) design, and creative and performing arts","(CAH25-02-03) drama","Unknown","35","5"," "
"2022","(CAH25) design, and creative and performing arts","(CAH25-02-03) drama","Unknown","5","5"," "
"2023","(CAH25) design, and creative and performing arts","(CAH25-02-03) drama","Unknown","20","10"," "
"2019","(CAH25) design, and creative and performing arts","(CAH25-02-04) dance","Unknown","10","5"," "
"2020","(CAH25) design, and creative and performing arts","(CAH25-02-04) dance","Unknown","10","5"," "
"2021","(CAH25) design, and creative and performing arts","(CAH25-02-04) dance","Unknown","10","5"," "
"2019","(CAH25) design, and creative and performing arts","(CAH25-02-01) performing arts (non-specific)","Unknown","5","0"," "
"2020","(CAH25) design, and creative and performing arts","(CAH25-02-01) performing arts (non-specific)","Unknown","5","0"," "
"2020","(CAH25) design, and creative and performing arts","(CAH25-01-05) others in creative arts and design","Unknown","10","5"," "
"2021","(CAH25) design, and creative and performing arts","(CAH25-01-05) others in creative arts and design","Unknown","5","5"," "
"2023","(CAH25) design, and creative and performing arts","(CAH25-01-05) others in creative arts and design","Unknown","5","5"," "
"2019","(CAH25) design, and creative and performing arts","(CAH25-01-01) creative arts and design (non-specific)","Unknown","5","5"," "
"2021","(CAH25) design, and creative and performing arts","(CAH25-01-01) creative arts and design (non-specific)","Unknown","10","5"," "
"2022","(CAH25) design, and creative and performing arts","(CAH25-01-01) creative arts and design (non-specific)","Unknown","5","0"," "
"2019","(CAH10) engineering and technology","(CAH10-01-06) bioengineering, medical and biomedical engineering","Unknown","10","10"," "
"2020","(CAH10) engineering and technology","(CAH10-01-06) bioengineering, medical and biomedical engineering","Unknown","5","5"," "
"2021","(CAH10) engineering and technology","(CAH10-01-06) bioengineering, medical and biomedical engineering","Unknown","5","5"," "
"2023","(CAH10) engineering and technology","(CAH10-01-06) bioengineering, medical and biomedical engineering","Unknown","5","5"," "
"2019","(CAH10) engineering and technology","(CAH10-03-06) others in technology","Unknown","5","0"," "
"2020","(CAH10) engineering and technology","(CAH10-03-06) others in technology","Unknown","5","0"," "
"2019","(CAH10) engineering and technology","(CAH10-01-03) production and manufacturing engineering","Unknown","10","5"," "
"2020","(CAH10) engineering and technology","(CAH10-01-03) production and manufacturing engineering","Unknown","5","5"," "
"2021","(CAH10) engineering and technology","(CAH10-01-03) production and manufacturing engineering","Unknown","10","10"," "
"2023","(CAH10) engineering and technology","(CAH10-01-03) production and manufacturing engineering","Unknown","5","5"," "
"2019","(CAH10) engineering and technology","(CAH10-01-04) aeronautical and aerospace engineering","Unknown","15","10","0.8"
"2020","(CAH10) engineering and technology","(CAH10-01-04) aeronautical and aerospace engineering","Unknown","20","15","0.775"
"2021","(CAH10) engineering and technology","(CAH10-01-04) aeronautical and aerospace engineering","Unknown","35","30","0.8310000000000001"
"2022","(CAH10) engineering and technology","(CAH10-01-04) aeronautical and aerospace engineering","Unknown","10","5"," "
"2023","(CAH10) engineering and technology","(CAH10-01-04) aeronautical and aerospace engineering","Unknown","5","5"," "
"2019","(CAH10) engineering and technology","(CAH10-01-08) electrical and electronic engineering","Unknown","15","10"," "
"2020","(CAH10) engineering and technology","(CAH10-01-08) electrical and electronic engineering","Unknown","35","20","0.636"
"2021","(CAH10) engineering and technology","(CAH10-01-08) electrical and electronic engineering","Unknown","25","20","0.8320000000000001"
"2022","(CAH10) engineering and technology","(CAH10-01-08) electrical and electronic engineering","Unknown","15","10","0.733"
"2023","(CAH10) engineering and technology","(CAH10-01-08) electrical and electronic engineering","Unknown","5","5"," "
"2019","(CAH10) engineering and technology","(CAH10-01-07) civil engineering","Unknown","35","20","0.629"
"2020","(CAH10) engineering and technology","(CAH10-01-07) civil engineering","Unknown","20","10","0.525"
"2021","(CAH10) engineering and technology","(CAH10-01-07) civil engineering","Unknown","30","10","0.342"
"2022","(CAH10) engineering and technology","(CAH10-01-07) civil engineering","Unknown","10","5"," "
"2023","(CAH10) engineering and technology","(CAH10-01-07) civil engineering","Unknown","10","10"," "
"2019","(CAH10) engineering and technology","(CAH10-03-05) biotechnology","Unknown","5","0"," "
"2021","(CAH10) engineering and technology","(CAH10-03-05) biotechnology","Unknown","5","5"," "
"2019","(CAH10) engineering and technology","(CAH10-01-09) chemical, process and energy engineering","Unknown","15","15","0.967"
"2020","(CAH10) engineering and technology","(CAH10-01-09) chemical, process and energy engineering","Unknown","10","5"," "
"2021","(CAH10) engineering and technology","(CAH10-01-09) chemical, process and energy engineering","Unknown","5","0"," "
"2023","(CAH10) engineering and technology","(CAH10-01-09) chemical, process and energy engineering","Unknown","5","5"," "
"2019","(CAH10) engineering and technology","(CAH10-01-01) engineering (non-specific)","Unknown","20","10","0.5"
"2020","(CAH10) engineering and technology","(CAH10-01-01) engineering (non-specific)","Unknown","20","15","0.75"
"2021","(CAH10) engineering and technology","(CAH10-01-01) engineering (non-specific)","Unknown","20","10"," "
"2022","(CAH10) engineering and technology","(CAH10-01-01) engineering (non-specific)","Unknown","5","5"," "
"2023","(CAH10) engineering and technology","(CAH10-01-01) engineering (non-specific)","Unknown","5","0"," "
"2019","(CAH10) engineering and technology","(CAH10-01-02) mechanical engineering","Unknown","25","20","0.7000000000000001"
"2020","(CAH10) engineering and technology","(CAH10-01-02) mechanical engineering","Unknown","15","15","1"
"2021","(CAH10) engineering and technology","(CAH10-01-02) mechanical engineering","Unknown","45","30","0.66"
"2022","(CAH10) engineering and technology","(CAH10-01-02) mechanical engineering","Unknown","25","20","0.8200000000000001"
"2023","(CAH10) engineering and technology","(CAH10-01-02) mechanical engineering","Unknown","10","5"," "
"2019","(CAH02) subjects allied to medicine","(CAH02-06-03) ophthalmics","Unknown","5","0"," "
"2021","(CAH02) subjects allied to medicine","(CAH02-06-03) ophthalmics","Unknown","5","0"," "
"2022","(CAH02) subjects allied to medicine","(CAH02-06-03) ophthalmics","Unknown","10","5"," "
"2019","(CAH02) subjects allied to medicine","(CAH02-05-04) anatomy, physiology and pathology","Unknown","5","5"," "
"2020","(CAH02) subjects allied to medicine","(CAH02-05-04) anatomy, physiology and pathology","Unknown","5","5"," "
"2021","(CAH02) subjects allied to medicine","(CAH02-05-04) anatomy, physiology and pathology","Unknown","10","5"," "
"2019","(CAH02) subjects allied to medicine","(CAH02-05-01) medical technology","Unknown","15","10"," "
"2020","(CAH02) subjects allied to medicine","(CAH02-05-01) medical technology","Unknown","5","0"," "
"2021","(CAH02) subjects allied to medicine","(CAH02-05-01) medical technology","Unknown","25","5"," "
"2022","(CAH02) subjects allied to medicine","(CAH02-05-01) medical technology","Unknown","15","10"," "
"2019","(CAH02) subjects allied to medicine","(CAH02-06-06) complementary and alternative medicine","Unknown","5","5"," "
"2021","(CAH02) subjects allied to medicine","(CAH02-06-06) complementary and alternative medicine","Unknown","5","5"," "
"2019","(CAH02) subjects allied to medicine","(CAH02-06-01) health sciences (non-specific)","Unknown","40","10","0.3"
"2020","(CAH02) subjects allied to medicine","(CAH02-06-01) health sciences (non-specific)","Unknown","25","5"," "
"2021","(CAH02) subjects allied to medicine","(CAH02-06-01) health sciences (non-specific)","Unknown","20","10","0.5"
"2022","(CAH02) subjects allied to medicine","(CAH02-06-01) health sciences (non-specific)","Unknown","15","5"," "
"2023","(CAH02) subjects allied to medicine","(CAH02-06-01) health sciences (non-specific)","Unknown","10","5"," "
"2019","(CAH02) subjects allied to medicine","(CAH02-06-02) nutrition and dietetics","Unknown","20","10"," "
"2020","(CAH02) subjects allied to medicine","(CAH02-06-02) nutrition and dietetics","Unknown","10","10"," "
"2021","(CAH02) subjects allied to medicine","(CAH02-06-02) nutrition and dietetics","Unknown","10","5"," "
"2019","(CAH02) subjects allied to medicine","(CAH02-06-04) environmental and public health","Unknown","5","5"," "
"2020","(CAH02) subjects allied to medicine","(CAH02-06-04) environmental and public health","Unknown","5","5"," "
"2021","(CAH02) subjects allied to medicine","(CAH02-06-04) environmental and public health","Unknown","5","5"," "
"2023","(CAH02) subjects allied to medicine","(CAH02-06-04) environmental and public health","Unknown","5","5"," "
"2019","(CAH02) subjects allied to medicine","(CAH02-06-07) counselling, psychotherapy and occupational therapy","Unknown","5","5"," "
"2020","(CAH02) subjects allied to medicine","(CAH02-06-07) counselling, psychotherapy and occupational therapy","Unknown","15","5"," "
"2021","(CAH02) subjects allied to medicine","(CAH02-06-07) counselling, psychotherapy and occupational therapy","Unknown","10","5"," "
"2020","(CAH02) subjects allied to medicine","(CAH02-02-01) pharmacology","Unknown","5","5"," "
"2021","(CAH02) subjects allied to medicine","(CAH02-02-01) pharmacology","Unknown","10","5"," "
"2022","(CAH02) subjects allied to medicine","(CAH02-02-01) pharmacology","Unknown","5","5"," "
"2019","(CAH02) subjects allied to medicine","(CAH02-02-03) pharmacy","Unknown","15","10"," "
"2020","(CAH02) subjects allied to medicine","(CAH02-02-03) pharmacy","Unknown","15","5"," "
"2021","(CAH02) subjects allied to medicine","(CAH02-02-03) pharmacy","Unknown","20","15","0.717"
"2023","(CAH02) subjects allied to medicine","(CAH02-02-03) pharmacy","Unknown","5","0"," "
"2019","(CAH02) subjects allied to medicine","(CAH02-06-05) physiotherapy","Unknown","35","10","0.314"
"2020","(CAH02) subjects allied to medicine","(CAH02-06-05) physiotherapy","Unknown","20","5"," "
"2021","(CAH02) subjects allied to medicine","(CAH02-06-05) physiotherapy","Unknown","35","5"," "
"2022","(CAH02) subjects allied to medicine","(CAH02-06-05) physiotherapy","Unknown","10","0"," "
"2019","(CAH02) subjects allied to medicine","(CAH02-05-02) healthcare science (non-specific)","Unknown","10","5"," "
"2020","(CAH02) subjects allied to medicine","(CAH02-05-02) healthcare science (non-specific)","Unknown","5","5"," "
"2021","(CAH02) subjects allied to medicine","(CAH02-05-02) healthcare science (non-specific)","Unknown","5","5"," "
"2023","(CAH02) subjects allied to medicine","(CAH02-05-02) healthcare science (non-specific)","Unknown","5","5"," "
"2019","(CAH02) subjects allied to medicine","(CAH02-05-03) biomedical sciences (non-specific)","Unknown","70","55","0.794"
"2020","(CAH02) subjects allied to medicine","(CAH02-05-03) biomedical sciences (non-specific)","Unknown","60","45","0.723"
"2021","(CAH02) subjects allied to medicine","(CAH02-05-03) biomedical sciences (non-specific)","Unknown","45","35","0.752"
"2022","(CAH02) subjects allied to medicine","(CAH02-05-03) biomedical sciences (non-specific)","Unknown","20","15","0.75"
"2023","(CAH02) subjects allied to medicine","(CAH02-05-03) biomedical sciences (non-specific)","Unknown","5","5"," "
"2019","(CAH02) subjects allied to medicine","(CAH02-04-02) adult nursing","Unknown","90","30","0.35000000000000003"
"2020","(CAH02) subjects allied to medicine","(CAH02-04-02) adult nursing","Unknown","120","45","0.358"
"2021","(CAH02) subjects allied to medicine","(CAH02-04-02) adult nursing","Unknown","135","55","0.422"
"2022","(CAH02) subjects allied to medicine","(CAH02-04-02) adult nursing","Unknown","50","15","0.34"
"2023","(CAH02) subjects allied to medicine","(CAH02-04-02) adult nursing","Unknown","30","20","0.633"
"2019","(CAH02) subjects allied to medicine","(CAH02-04-05) children's nursing","Unknown","30","5"," "
"2020","(CAH02) subjects allied to medicine","(CAH02-04-05) children's nursing","Unknown","10","0"," "
"2021","(CAH02) subjects allied to medicine","(CAH02-04-05) children's nursing","Unknown","40","5"," "
"2022","(CAH02) subjects allied to medicine","(CAH02-04-05) children's nursing","Unknown","10","0"," "
"2023","(CAH02) subjects allied to medicine","(CAH02-04-05) children's nursing","Unknown","10","5"," "
"2019","(CAH02) subjects allied to medicine","(CAH02-04-09) others in nursing","Unknown","10","0"," "
"2021","(CAH02) subjects allied to medicine","(CAH02-04-09) others in nursing","Unknown","5","0"," "
"2019","(CAH02) subjects allied to medicine","(CAH02-04-06) dental nursing","Unknown","5","0"," "
"2019","(CAH02) subjects allied to medicine","(CAH02-04-08) learning disabilities nursing","Unknown","5","5"," "
"2020","(CAH02) subjects allied to medicine","(CAH02-04-08) learning disabilities nursing","Unknown","5","0"," "
"2021","(CAH02) subjects allied to medicine","(CAH02-04-08) learning disabilities nursing","Unknown","5","0"," "
"2019","(CAH02) subjects allied to medicine","(CAH02-04-07) mental health nursing","Unknown","20","10"," "
"2020","(CAH02) subjects allied to medicine","(CAH02-04-07) mental health nursing","Unknown","35","10"," "
"2021","(CAH02) subjects allied to medicine","(CAH02-04-07) mental health nursing","Unknown","70","25","0.329"
"2022","(CAH02) subjects allied to medicine","(CAH02-04-07) mental health nursing","Unknown","25","5"," "
"2023","(CAH02) subjects allied to medicine","(CAH02-04-07) mental health nursing","Unknown","25","10","0.4"
"2019","(CAH02) subjects allied to medicine","(CAH02-04-04) midwifery","Unknown","10","0"," "
"2020","(CAH02) subjects allied to medicine","(CAH02-04-04) midwifery","Unknown","20","5"," "
"2021","(CAH02) subjects allied to medicine","(CAH02-04-04) midwifery","Unknown","25","5"," "
"2022","(CAH02) subjects allied to medicine","(CAH02-04-04) midwifery","Unknown","15","0"," "
"2023","(CAH02) subjects allied to medicine","(CAH02-04-04) midwifery","Unknown","20","5"," "
"2019","(CAH02) subjects allied to medicine","(CAH02-04-01) nursing (non-specific)","Unknown","10","5"," "
"2020","(CAH02) subjects allied to medicine","(CAH02-04-01) nursing (non-specific)","Unknown","15","5"," "
"2021","(CAH02) subjects allied to medicine","(CAH02-04-01) nursing (non-specific)","Unknown","30","10"," "
"2022","(CAH02) subjects allied to medicine","(CAH02-04-01) nursing (non-specific)","Unknown","5","0"," "
"2019","(CAH19) language and area studies","(CAH19-01-05) creative writing","Unknown","15","15","0.855"
"2020","(CAH19) language and area studies","(CAH19-01-05) creative writing","Unknown","10","10","1.061"
"2021","(CAH19) language and area studies","(CAH19-01-05) creative writing","Unknown","5","5"," "
"2022","(CAH19) language and area studies","(CAH19-01-05) creative writing","Unknown","5","5"," "
"2023","(CAH19) language and area studies","(CAH19-01-05) creative writing","Unknown","5","5"," "
"2020","(CAH19) language and area studies","(CAH19-01-02) English language","Unknown","5","0"," "
"2021","(CAH19) language and area studies","(CAH19-01-02) English language","Unknown","5","5"," "
"2022","(CAH19) language and area studies","(CAH19-01-02) English language","Unknown","5","5"," "
"2019","(CAH19) language and area studies","(CAH19-01-03) literature in English","Unknown","30","25","0.811"
"2020","(CAH19) language and area studies","(CAH19-01-03) literature in English","Unknown","25","20","0.85"
"2021","(CAH19) language and area studies","(CAH19-01-03) literature in English","Unknown","20","15","0.775"
"2022","(CAH19) language and area studies","(CAH19-01-03) literature in English","Unknown","15","10","0.767"
"2023","(CAH19) language and area studies","(CAH19-01-03) literature in English","Unknown","15","10"," "
"2019","(CAH19) language and area studies","(CAH19-01-01) English studies (non-specific)","Unknown","25","15","0.6940000000000001"
"2020","(CAH19) language and area studies","(CAH19-01-01) English studies (non-specific)","Unknown","20","15","0.65"
"2021","(CAH19) language and area studies","(CAH19-01-01) English studies (non-specific)","Unknown","20","15","0.625"
"2022","(CAH19) language and area studies","(CAH19-01-01) English studies (non-specific)","Unknown","10","5"," "
"2023","(CAH19) language and area studies","(CAH19-01-01) English studies (non-specific)","Unknown","5","5"," "
"2019","(CAH19) language and area studies","(CAH19-04-01) French studies","Unknown","5","5"," "
"2020","(CAH19) language and area studies","(CAH19-04-01) French studies","Unknown","10","5"," "
"2021","(CAH19) language and area studies","(CAH19-04-01) French studies","Unknown","5","0"," "
"2019","(CAH19) language and area studies","(CAH19-04-02) German and Scandinavian studies","Unknown","5","5"," "
"2020","(CAH19) language and area studies","(CAH19-04-02) German and Scandinavian studies","Unknown","10","5"," "
"2019","(CAH19) language and area studies","(CAH19-04-04) Iberian studies","Unknown","15","10","0.743"
"2020","(CAH19) language and area studies","(CAH19-04-04) Iberian studies","Unknown","10","10"," "
"2021","(CAH19) language and area studies","(CAH19-04-04) Iberian studies","Unknown","5","5"," "
"2019","(CAH19) language and area studies","(CAH19-04-03) Italian studies","Unknown","5","5"," "
"2020","(CAH19) language and area studies","(CAH19-04-03) Italian studies","Unknown","5","0"," "
"2020","(CAH19) language and area studies","(CAH19-01-07) linguistics","Unknown","5","5"," "
"2021","(CAH19) language and area studies","(CAH19-01-07) linguistics","Unknown","5","5"," "
"2022","(CAH19) language and area studies","(CAH19-01-07) linguistics","Unknown","5","5"," "
"2019","(CAH19) language and area studies","(CAH19-04-09) others in language and area studies","Unknown","20","15","0.6920000000000001"
"2020","(CAH19) language and area studies","(CAH19-04-09) others in language and area studies","Unknown","20","20","0.884"
"2021","(CAH19) language and area studies","(CAH19-04-09) others in language and area studies","Unknown","5","0"," "
"2023","(CAH19) language and area studies","(CAH19-04-09) others in language and area studies","Unknown","5","0"," "
"2019","(CAH19) language and area studies","(CAH19-04-06) Asian studies","Unknown","5","0"," "
"2020","(CAH19) language and area studies","(CAH19-04-06) Asian studies","Unknown","5","5"," "
"2021","(CAH19) language and area studies","(CAH19-04-06) Asian studies","Unknown","10","5"," "
"2022","(CAH19) language and area studies","(CAH19-04-06) Asian studies","Unknown","5","5"," "
"2019","(CAH19) language and area studies","(CAH19-04-07) African and modern Middle Eastern studies","Unknown","5","5"," "
"2020","(CAH19) language and area studies","(CAH19-04-07) African and modern Middle Eastern studies","Unknown","5","0"," "
"2019","(CAH24) media, journalism and communications","(CAH24-01-05) media studies","Unknown","55","40","0.7030000000000001"
"2020","(CAH24) media, journalism and communications","(CAH24-01-05) media studies","Unknown","60","55","0.877"
"2021","(CAH24) media, journalism and communications","(CAH24-01-05) media studies","Unknown","50","35","0.721"
"2022","(CAH24) media, journalism and communications","(CAH24-01-05) media studies","Unknown","15","10","0.8"
"2023","(CAH24) media, journalism and communications","(CAH24-01-05) media studies","Unknown","10","5"," "
"2019","(CAH24) media, journalism and communications","(CAH24-01-02) publicity studies","Unknown","5","5"," "
"2020","(CAH24) media, journalism and communications","(CAH24-01-02) publicity studies","Unknown","10","5"," "
"2019","(CAH24) media, journalism and communications","(CAH24-01-04) journalism","Unknown","15","10","0.756"
"2020","(CAH24) media, journalism and communications","(CAH24-01-04) journalism","Unknown","15","15","0.889"
"2021","(CAH24) media, journalism and communications","(CAH24-01-04) journalism","Unknown","10","10","1.051"
"2022","(CAH24) media, journalism and communications","(CAH24-01-04) journalism","Unknown","10","10"," "
"2019","(CAH23) combined and general studies","(CAH23-01-04) liberal arts (non-specific)","Unknown","5","0"," "
"2021","(CAH23) combined and general studies","(CAH23-01-04) liberal arts (non-specific)","Unknown","10","10"," "
"2023","(CAH23) combined and general studies","(CAH23-01-04) liberal arts (non-specific)","Unknown","5","5"," "
"2019","(CAH23) combined and general studies","(CAH23-01-03) humanities (non-specific)","Unknown","5","5"," "
"2020","(CAH23) combined and general studies","(CAH23-01-03) humanities (non-specific)","Unknown","5","5"," "
"2021","(CAH23) combined and general studies","(CAH23-01-02) personal development","Unknown","5","5"," "
"2019","(CAH23) combined and general studies","(CAH23-01-01) combined, general or negotiated studies","Unknown","5","5"," "
"2020","(CAH23) combined and general studies","(CAH23-01-01) combined, general or negotiated studies","Unknown","5","5"," "
"2021","(CAH23) combined and general studies","(CAH23-01-01) combined, general or negotiated studies","Unknown","5","0"," "
"2022","(CAH23) combined and general studies","(CAH23-01-01) combined, general or negotiated studies","Unknown","5","0"," "
"2019","(CAH17) business and management","(CAH17-01-03) marketing","Unknown","45","35","0.753"
"2020","(CAH17) business and management","(CAH17-01-03) marketing","Unknown","50","30","0.632"
"2021","(CAH17) business and management","(CAH17-01-03) marketing","Unknown","55","45","0.855"
"2022","(CAH17) business and management","(CAH17-01-03) marketing","Unknown","15","10","0.7010000000000001"
"2023","(CAH17) business and management","(CAH17-01-03) marketing","Unknown","25","15","0.68"
"2019","(CAH17) business and management","(CAH17-01-01) business and management (non-specific)","Unknown","55","45","0.798"
"2020","(CAH17) business and management","(CAH17-01-01) business and management (non-specific)","Unknown","60","40","0.658"
"2021","(CAH17) business and management","(CAH17-01-01) business and management (non-specific)","Unknown","70","55","0.785"
"2022","(CAH17) business and management","(CAH17-01-01) business and management (non-specific)","Unknown","15","10"," "
"2023","(CAH17) business and management","(CAH17-01-01) business and management (non-specific)","Unknown","10","5"," "
"2019","(CAH17) business and management","(CAH17-01-02) business studies","Unknown","100","80","0.8150000000000001"
"2020","(CAH17) business and management","(CAH17-01-02) business studies","Unknown","75","45","0.601"
"2021","(CAH17) business and management","(CAH17-01-02) business studies","Unknown","90","60","0.671"
"2022","(CAH17) business and management","(CAH17-01-02) business studies","Unknown","25","20","0.774"
"2023","(CAH17) business and management","(CAH17-01-02) business studies","Unknown","20","10","0.5630000000000001"
"2019","(CAH17) business and management","(CAH17-01-06) tourism, transport and travel","Unknown","50","35","0.666"
"2020","(CAH17) business and management","(CAH17-01-06) tourism, transport and travel","Unknown","25","20","0.791"
"2021","(CAH17) business and management","(CAH17-01-06) tourism, transport and travel","Unknown","25","15","0.55"
"2022","(CAH17) business and management","(CAH17-01-06) tourism, transport and travel","Unknown","5","5"," "
"2023","(CAH17) business and management","(CAH17-01-06) tourism, transport and travel","Unknown","5","5"," "
"2019","(CAH17) business and management","(CAH17-01-05) human resource management","Unknown","10","10"," "
"2020","(CAH17) business and management","(CAH17-01-05) human resource management","Unknown","5","5"," "
"2021","(CAH17) business and management","(CAH17-01-05) human resource management","Unknown","5","5"," "
"2023","(CAH17) business and management","(CAH17-01-05) human resource management","Unknown","5","0"," "
"2019","(CAH17) business and management","(CAH17-01-04) management studies","Unknown","85","60","0.7020000000000001"
"2020","(CAH17) business and management","(CAH17-01-04) management studies","Unknown","90","60","0.65"
"2021","(CAH17) business and management","(CAH17-01-04) management studies","Unknown","100","60","0.617"
"2022","(CAH17) business and management","(CAH17-01-04) management studies","Unknown","15","5"," "
"2023","(CAH17) business and management","(CAH17-01-04) management studies","Unknown","10","5"," "
"2019","(CAH17) business and management","(CAH17-01-08) accounting","Unknown","25","15","0.637"
"2020","(CAH17) business and management","(CAH17-01-08) accounting","Unknown","35","20","0.624"
"2021","(CAH17) business and management","(CAH17-01-08) accounting","Unknown","25","15","0.648"
"2022","(CAH17) business and management","(CAH17-01-08) accounting","Unknown","5","5"," "
"2023","(CAH17) business and management","(CAH17-01-08) accounting","Unknown","15","10","0.795"
"2019","(CAH17) business and management","(CAH17-01-07) finance","Unknown","30","20","0.624"
"2020","(CAH17) business and management","(CAH17-01-07) finance","Unknown","40","20","0.528"
"2021","(CAH17) business and management","(CAH17-01-07) finance","Unknown","35","20","0.543"
"2022","(CAH17) business and management","(CAH17-01-07) finance","Unknown","10","5"," "
"2023","(CAH17) business and management","(CAH17-01-07) finance","Unknown","5","5"," "
"2019","(CAH15) social sciences","(CAH15-03-01) politics","Unknown","85","60","0.714"
"2020","(CAH15) social sciences","(CAH15-03-01) politics","Unknown","55","40","0.736"
"2021","(CAH15) social sciences","(CAH15-03-01) politics","Unknown","70","60","0.8220000000000001"
"2022","(CAH15) social sciences","(CAH15-03-01) politics","Unknown","20","15","0.767"
"2023","(CAH15) social sciences","(CAH15-03-01) politics","Unknown","25","15","0.68"
"2019","(CAH15) social sciences","(CAH15-01-04) anthropology","Unknown","15","5"," "
"2020","(CAH15) social sciences","(CAH15-01-04) anthropology","Unknown","15","15","0.877"
"2021","(CAH15) social sciences","(CAH15-01-04) anthropology","Unknown","10","5"," "
"2022","(CAH15) social sciences","(CAH15-01-04) anthropology","Unknown","5","5"," "
"2019","(CAH15) social sciences","(CAH15-02-01) economics","Unknown","80","55","0.6970000000000001"
"2020","(CAH15) social sciences","(CAH15-02-01) economics","Unknown","65","35","0.558"
"2021","(CAH15) social sciences","(CAH15-02-01) economics","Unknown","55","30","0.5650000000000001"
"2022","(CAH15) social sciences","(CAH15-02-01) economics","Unknown","20","15","0.684"
"2023","(CAH15) social sciences","(CAH15-02-01) economics","Unknown","15","15","0.833"
"2019","(CAH15) social sciences","(CAH15-04-02) childhood and youth studies","Unknown","15","15","0.9"
"2020","(CAH15) social sciences","(CAH15-04-02) childhood and youth studies","Unknown","10","10","1"
"2021","(CAH15) social sciences","(CAH15-04-02) childhood and youth studies","Unknown","10","10"," "
"2022","(CAH15) social sciences","(CAH15-04-02) childhood and youth studies","Unknown","5","5"," "
"2023","(CAH15) social sciences","(CAH15-04-02) childhood and youth studies","Unknown","5","5"," "
"2019","(CAH15) social sciences","(CAH15-04-01) social work","Unknown","40","15","0.35000000000000003"
"2020","(CAH15) social sciences","(CAH15-04-01) social work","Unknown","20","10"," "
"2021","(CAH15) social sciences","(CAH15-04-01) social work","Unknown","50","15","0.31"
"2022","(CAH15) social sciences","(CAH15-04-01) social work","Unknown","20","10"," "
"2023","(CAH15) social sciences","(CAH15-04-01) social work","Unknown","5","0"," "
"2019","(CAH15) social sciences","(CAH15-01-01) social sciences (non-specific)","Unknown","10","10"," "
"2020","(CAH15) social sciences","(CAH15-01-01) social sciences (non-specific)","Unknown","15","10"," "
"2021","(CAH15) social sciences","(CAH15-01-01) social sciences (non-specific)","Unknown","15","10"," "
"2022","(CAH15) social sciences","(CAH15-01-01) social sciences (non-specific)","Unknown","5","0"," "
"2019","(CAH15) social sciences","(CAH15-04-03) health studies","Unknown","15","15","1.033"
"2020","(CAH15) social sciences","(CAH15-04-03) health studies","Unknown","15","10","0.789"
"2021","(CAH15) social sciences","(CAH15-04-03) health studies","Unknown","15","15","0.867"
"2022","(CAH15) social sciences","(CAH15-04-03) health studies","Unknown","5","5"," "
"2019","(CAH15) social sciences","(CAH15-01-03) social policy","Unknown","10","10"," "
"2020","(CAH15) social sciences","(CAH15-01-03) social policy","Unknown","10","5"," "
"2021","(CAH15) social sciences","(CAH15-01-03) social policy","Unknown","5","0"," "
"2019","(CAH15) social sciences","(CAH15-01-02) sociology","Unknown","115","100","0.869"
"2020","(CAH15) social sciences","(CAH15-01-02) sociology","Unknown","115","95","0.8180000000000001"
"2021","(CAH15) social sciences","(CAH15-01-02) sociology","Unknown","90","75","0.806"
"2022","(CAH15) social sciences","(CAH15-01-02) sociology","Unknown","65","55","0.866"
"2023","(CAH15) social sciences","(CAH15-01-02) sociology","Unknown","15","15","0.9520000000000001"
"2020","(CAH15) social sciences","(CAH15-01-05) development studies","Unknown","5","5"," "
"2021","(CAH15) social sciences","(CAH15-01-05) development studies","Unknown","5","0"," "
"2019","(CAH03) biological and sport sciences","(CAH03-02-01) sport and exercise sciences","Unknown","100","75","0.727"
"2020","(CAH03) biological and sport sciences","(CAH03-02-01) sport and exercise sciences","Unknown","65","50","0.775"
"2021","(CAH03) biological and sport sciences","(CAH03-02-01) sport and exercise sciences","Unknown","65","50","0.769"
"2022","(CAH03) biological and sport sciences","(CAH03-02-01) sport and exercise sciences","Unknown","25","20","0.8"
"2023","(CAH03) biological and sport sciences","(CAH03-02-01) sport and exercise sciences","Unknown","35","30","0.841"
"2020","(CAH03) biological and sport sciences","(CAH03-01-07) genetics","Unknown","5","0"," "
"2021","(CAH03) biological and sport sciences","(CAH03-01-07) genetics","Unknown","5","5"," "
"2019","(CAH03) biological and sport sciences","(CAH03-01-10) others in biosciences","Unknown","5","0"," "
"2020","(CAH03) biological and sport sciences","(CAH03-01-10) others in biosciences","Unknown","5","0"," "
"2019","(CAH03) biological and sport sciences","(CAH03-01-08) molecular biology, biophysics and biochemistry","Unknown","25","20","0.793"
"2020","(CAH03) biological and sport sciences","(CAH03-01-08) molecular biology, biophysics and biochemistry","Unknown","10","5"," "
"2021","(CAH03) biological and sport sciences","(CAH03-01-08) molecular biology, biophysics and biochemistry","Unknown","25","15","0.64"
"2023","(CAH03) biological and sport sciences","(CAH03-01-08) molecular biology, biophysics and biochemistry","Unknown","5","5"," "
"2019","(CAH03) biological and sport sciences","(CAH03-01-01) biosciences (non-specific)","Unknown","15","10"," "
"2020","(CAH03) biological and sport sciences","(CAH03-01-01) biosciences (non-specific)","Unknown","10","5"," "
"2021","(CAH03) biological and sport sciences","(CAH03-01-01) biosciences (non-specific)","Unknown","15","10","0.715"
"2022","(CAH03) biological and sport sciences","(CAH03-01-01) biosciences (non-specific)","Unknown","5","5"," "
"2019","(CAH03) biological and sport sciences","(CAH03-01-02) biology (non-specific)","Unknown","25","20","0.754"
"2020","(CAH03) biological and sport sciences","(CAH03-01-02) biology (non-specific)","Unknown","30","20","0.667"
"2021","(CAH03) biological and sport sciences","(CAH03-01-02) biology (non-specific)","Unknown","25","15","0.562"
"2022","(CAH03) biological and sport sciences","(CAH03-01-02) biology (non-specific)","Unknown","5","5"," "
"2019","(CAH03) biological and sport sciences","(CAH03-01-03) ecology and environmental biology","Unknown","15","15","0.878"
"2021","(CAH03) biological and sport sciences","(CAH03-01-03) ecology and environmental biology","Unknown","15","15","0.986"
"2022","(CAH03) biological and sport sciences","(CAH03-01-03) ecology and environmental biology","Unknown","5","5"," "
"2020","(CAH03) biological and sport sciences","(CAH03-01-04) microbiology and cell science","Unknown","5","5"," "
"2021","(CAH03) biological and sport sciences","(CAH03-01-04) microbiology and cell science","Unknown","5","5"," "
"2022","(CAH03) biological and sport sciences","(CAH03-01-04) microbiology and cell science","Unknown","5","5"," "
"2021","(CAH03) biological and sport sciences","(CAH03-01-05) plant sciences","Unknown","5","5"," "
"2019","(CAH03) biological and sport sciences","(CAH03-01-06) zoology","Unknown","10","10"," "
"2020","(CAH03) biological and sport sciences","(CAH03-01-06) zoology","Unknown","20","15","0.71"
"2021","(CAH03) biological and sport sciences","(CAH03-01-06) zoology","Unknown","10","10"," "
"2022","(CAH03) biological and sport sciences","(CAH03-01-06) zoology","Unknown","5","5"," "
"2019","(CAH13) architecture, building and planning","(CAH13-01-01) architecture","Unknown","40","25","0.5750000000000001"
"2020","(CAH13) architecture, building and planning","(CAH13-01-01) architecture","Unknown","55","30","0.545"
"2021","(CAH13) architecture, building and planning","(CAH13-01-01) architecture","Unknown","25","15","0.58"
"2022","(CAH13) architecture, building and planning","(CAH13-01-01) architecture","Unknown","5","5"," "
"2023","(CAH13) architecture, building and planning","(CAH13-01-01) architecture","Unknown","5","0"," "
"2019","(CAH13) architecture, building and planning","(CAH13-01-02) building","Unknown","5","5"," "
"2020","(CAH13) architecture, building and planning","(CAH13-01-02) building","Unknown","20","20","0.975"
"2021","(CAH13) architecture, building and planning","(CAH13-01-02) building","Unknown","10","10"," "
"2020","(CAH13) architecture, building and planning","(CAH13-01-04) planning (urban, rural and regional)","Unknown","5","5"," "
"2021","(CAH13) architecture, building and planning","(CAH13-01-04) planning (urban, rural and regional)","Unknown","10","0"," "
"2019","(CAH01) medicine and dentistry","(CAH01-01-04) dentistry","Unknown","15","0"," "
"2020","(CAH01) medicine and dentistry","(CAH01-01-04) dentistry","Unknown","10","0"," "
"2021","(CAH01) medicine and dentistry","(CAH01-01-04) dentistry","Unknown","10","0"," "
"2022","(CAH01) medicine and dentistry","(CAH01-01-04) dentistry","Unknown","5","0"," "
"2023","(CAH01) medicine and dentistry","(CAH01-01-04) dentistry","Unknown","20","5"," "
"2019","(CAH01) medicine and dentistry","(CAH01-01-02) medicine (non-specific)","Unknown","85","15","0.188"
"2020","(CAH01) medicine and dentistry","(CAH01-01-02) medicine (non-specific)","Unknown","75","10","0.147"
"2021","(CAH01) medicine and dentistry","(CAH01-01-02) medicine (non-specific)","Unknown","90","10","0.133"
"2022","(CAH01) medicine and dentistry","(CAH01-01-02) medicine (non-specific)","Unknown","15","0"," "
"2023","(CAH01) medicine and dentistry","(CAH01-01-02) medicine (non-specific)","Unknown","20","0"," "
"2019","(CAH20) historical, philosophical and religious studies","(CAH20-01-01) history","Unknown","45","35","0.785"
"2020","(CAH20) historical, philosophical and religious studies","(CAH20-01-01) history","Unknown","55","40","0.773"
"2021","(CAH20) historical, philosophical and religious studies","(CAH20-01-01) history","Unknown","20","20","0.875"
"2022","(CAH20) historical, philosophical and religious studies","(CAH20-01-01) history","Unknown","35","25","0.767"
"2023","(CAH20) historical, philosophical and religious studies","(CAH20-01-01) history","Unknown","20","20","0.925"
"2019","(CAH20) historical, philosophical and religious studies","(CAH20-01-03) archaeology","Unknown","5","5"," "
"2023","(CAH20) historical, philosophical and religious studies","(CAH20-01-03) archaeology","Unknown","5","5"," "
"2019","(CAH20) historical, philosophical and religious studies","(CAH20-01-05) classics","Unknown","10","5"," "
"2020","(CAH20) historical, philosophical and religious studies","(CAH20-01-05) classics","Unknown","10","5"," "
"2021","(CAH20) historical, philosophical and religious studies","(CAH20-01-05) classics","Unknown","5","5"," "
"2022","(CAH20) historical, philosophical and religious studies","(CAH20-01-05) classics","Unknown","5","5"," "
"2023","(CAH20) historical, philosophical and religious studies","(CAH20-01-05) classics","Unknown","5","0"," "
"2021","(CAH20) historical, philosophical and religious studies","(CAH20-01-02) history of art, architecture and design","Unknown","10","5"," "
"2022","(CAH20) historical, philosophical and religious studies","(CAH20-01-02) history of art, architecture and design","Unknown","5","5"," "
"2023","(CAH20) historical, philosophical and religious studies","(CAH20-01-02) history of art, architecture and design","Unknown","5","5"," "
"2019","(CAH20) historical, philosophical and religious studies","(CAH20-02-01) philosophy","Unknown","15","10","0.711"
"2020","(CAH20) historical, philosophical and religious studies","(CAH20-02-01) philosophy","Unknown","20","10","0.508"
"2021","(CAH20) historical, philosophical and religious studies","(CAH20-02-01) philosophy","Unknown","15","10"," "
"2022","(CAH20) historical, philosophical and religious studies","(CAH20-02-01) philosophy","Unknown","10","5"," "
"2023","(CAH20) historical, philosophical and religious studies","(CAH20-02-01) philosophy","Unknown","5","5"," "
"2019","(CAH11) computing","(CAH11-01-08) others in computing","Unknown","5","5"," "
"2020","(CAH11) computing","(CAH11-01-08) others in computing","Unknown","5","0"," "
"2021","(CAH11) computing","(CAH11-01-08) others in computing","Unknown","5","5"," "
"2022","(CAH11) computing","(CAH11-01-08) others in computing","Unknown","5","5"," "
"2019","(CAH11) computing","(CAH11-01-05) artificial intelligence","Unknown","5","5"," "
"2020","(CAH11) computing","(CAH11-01-05) artificial intelligence","Unknown","10","5"," "
"2021","(CAH11) computing","(CAH11-01-05) artificial intelligence","Unknown","5","5"," "
"2019","(CAH11) computing","(CAH11-01-07) business computing","Unknown","10","5"," "
"2021","(CAH11) computing","(CAH11-01-07) business computing","Unknown","5","0"," "
"2022","(CAH11) computing","(CAH11-01-07) business computing","Unknown","5","5"," "
"2023","(CAH11) computing","(CAH11-01-07) business computing","Unknown","5","5"," "
"2019","(CAH11) computing","(CAH11-01-06) computer games and animation","Unknown","20","15","0.792"
"2020","(CAH11) computing","(CAH11-01-06) computer games and animation","Unknown","25","15","0.6960000000000001"
"2021","(CAH11) computing","(CAH11-01-06) computer games and animation","Unknown","15","10","0.8170000000000001"
"2022","(CAH11) computing","(CAH11-01-06) computer games and animation","Unknown","15","10"," "
"2023","(CAH11) computing","(CAH11-01-06) computer games and animation","Unknown","15","10","0.733"
"2019","(CAH11) computing","(CAH11-01-01) computer science","Unknown","110","70","0.637"
"2020","(CAH11) computing","(CAH11-01-01) computer science","Unknown","85","45","0.528"
"2021","(CAH11) computing","(CAH11-01-01) computer science","Unknown","80","50","0.608"
"2022","(CAH11) computing","(CAH11-01-01) computer science","Unknown","20","15","0.773"
"2023","(CAH11) computing","(CAH11-01-01) computer science","Unknown","50","30","0.6"
"2019","(CAH11) computing","(CAH11-01-02) information technology","Unknown","5","5"," "
"2021","(CAH11) computing","(CAH11-01-02) information technology","Unknown","5","5"," "
"2019","(CAH11) computing","(CAH11-01-03) information systems","Unknown","5","5"," "
"2021","(CAH11) computing","(CAH11-01-03) information systems","Unknown","5","5"," "
"2019","(CAH11) computing","(CAH11-01-04) software engineering","Unknown","35","25","0.781"
"2020","(CAH11) computing","(CAH11-01-04) software engineering","Unknown","10","5"," "
"2021","(CAH11) computing","(CAH11-01-04) software engineering","Unknown","20","10"," "
"2019","(CAH26) geography, earth and environmental studies","(CAH26-01-06) earth sciences","Unknown","5","5"," "
"2020","(CAH26) geography, earth and environmental studies","(CAH26-01-06) earth sciences","Unknown","10","10"," "
"2021","(CAH26) geography, earth and environmental studies","(CAH26-01-06) earth sciences","Unknown","15","15","1.093"
"2023","(CAH26) geography, earth and environmental studies","(CAH26-01-06) earth sciences","Unknown","5","5"," "
"2019","(CAH26) geography, earth and environmental studies","(CAH26-01-04) environmental sciences","Unknown","15","10","0.755"
"2020","(CAH26) geography, earth and environmental studies","(CAH26-01-04) environmental sciences","Unknown","15","15","0.867"
"2021","(CAH26) geography, earth and environmental studies","(CAH26-01-04) environmental sciences","Unknown","5","5"," "
"2022","(CAH26) geography, earth and environmental studies","(CAH26-01-04) environmental sciences","Unknown","5","5"," "
"2019","(CAH26) geography, earth and environmental studies","(CAH26-01-02) physical geographical sciences","Unknown","10","10"," "
"2020","(CAH26) geography, earth and environmental studies","(CAH26-01-02) physical geographical sciences","Unknown","10","10"," "
"2021","(CAH26) geography, earth and environmental studies","(CAH26-01-02) physical geographical sciences","Unknown","15","10","0.789"
"2022","(CAH26) geography, earth and environmental studies","(CAH26-01-02) physical geographical sciences","Unknown","5","5"," "
"2023","(CAH26) geography, earth and environmental studies","(CAH26-01-02) physical geographical sciences","Unknown","5","5"," "
"2019","(CAH26) geography, earth and environmental studies","(CAH26-01-01) geography (non-specific)","Unknown","5","5"," "
"2020","(CAH26) geography, earth and environmental studies","(CAH26-01-01) geography (non-specific)","Unknown","5","0"," "
"2021","(CAH26) geography, earth and environmental studies","(CAH26-01-01) geography (non-specific)","Unknown","5","5"," "
"2022","(CAH26) geography, earth and environmental studies","(CAH26-01-01) geography (non-specific)","Unknown","5","5"," "
"2019","(CAH26) geography, earth and environmental studies","(CAH26-01-03) human geography","Unknown","15","10","0.733"
"2020","(CAH26) geography, earth and environmental studies","(CAH26-01-03) human geography","Unknown","10","10"," "
"2021","(CAH26) geography, earth and environmental studies","(CAH26-01-03) human geography","Unknown","25","20","0.704"
"2022","(CAH26) geography, earth and environmental studies","(CAH26-01-03) human geography","Unknown","5","5"," "
"2019","(CAH07) physical sciences","(CAH07-04-02) forensic and archaeological sciences","Unknown","10","5"," "
"2020","(CAH07) physical sciences","(CAH07-04-02) forensic and archaeological sciences","Unknown","25","25","0.97"
"2021","(CAH07) physical sciences","(CAH07-04-02) forensic and archaeological sciences","Unknown","15","10","0.747"
"2022","(CAH07) physical sciences","(CAH07-04-02) forensic and archaeological sciences","Unknown","5","5"," "
"2023","(CAH07) physical sciences","(CAH07-04-02) forensic and archaeological sciences","Unknown","5","5"," "
"2019","(CAH07) physical sciences","(CAH07-04-04) natural sciences (non-specific)","Unknown","10","5"," "
"2019","(CAH07) physical sciences","(CAH07-02-01) chemistry","Unknown","10","5"," "
"2020","(CAH07) physical sciences","(CAH07-02-01) chemistry","Unknown","30","25","0.839"
"2021","(CAH07) physical sciences","(CAH07-02-01) chemistry","Unknown","10","10","1.0090000000000001"
"2022","(CAH07) physical sciences","(CAH07-02-01) chemistry","Unknown","5","5"," "
"2023","(CAH07) physical sciences","(CAH07-02-01) chemistry","Unknown","5","5"," "
"2021","(CAH07) physical sciences","(CAH07-01-02) astronomy","Unknown","5","0"," "
"2019","(CAH07) physical sciences","(CAH07-01-01) physics","Unknown","30","20","0.603"
"2020","(CAH07) physical sciences","(CAH07-01-01) physics","Unknown","35","20","0.588"
"2021","(CAH07) physical sciences","(CAH07-01-01) physics","Unknown","25","15","0.684"
"2022","(CAH07) physical sciences","(CAH07-01-01) physics","Unknown","10","5"," "
"2023","(CAH07) physical sciences","(CAH07-01-01) physics","Unknown","5","5"," "
"2019","(CAH04) psychology","(CAH04-01-02) applied psychology","Unknown","15","10","0.8"
"2020","(CAH04) psychology","(CAH04-01-02) applied psychology","Unknown","10","5"," "
"2021","(CAH04) psychology","(CAH04-01-02) applied psychology","Unknown","10","10","1.05"
"2022","(CAH04) psychology","(CAH04-01-02) applied psychology","Unknown","10","10"," "
"2023","(CAH04) psychology","(CAH04-01-02) applied psychology","Unknown","5","5"," "
"2019","(CAH04) psychology","(CAH04-01-04) psychology and health","Unknown","5","0"," "
"2020","(CAH04) psychology","(CAH04-01-03) developmental psychology","Unknown","5","0"," "
"2019","(CAH04) psychology","(CAH04-01-01) psychology (non-specific)","Unknown","135","100","0.723"
"2020","(CAH04) psychology","(CAH04-01-01) psychology (non-specific)","Unknown","110","65","0.603"
"2021","(CAH04) psychology","(CAH04-01-01) psychology (non-specific)","Unknown","120","95","0.791"
"2022","(CAH04) psychology","(CAH04-01-01) psychology (non-specific)","Unknown","70","50","0.73"
"2023","(CAH04) psychology","(CAH04-01-01) psychology (non-specific)","Unknown","25","25","0.916"
"2019","(CAH09) mathematical sciences","(CAH09-01-01) mathematics","Unknown","40","30","0.811"
"2020","(CAH09) mathematical sciences","(CAH09-01-01) mathematics","Unknown","35","25","0.648"
"2021","(CAH09) mathematical sciences","(CAH09-01-01) mathematics","Unknown","55","35","0.668"
"2022","(CAH09) mathematical sciences","(CAH09-01-01) mathematics","Unknown","5","5"," "
"2023","(CAH09) mathematical sciences","(CAH09-01-01) mathematics","Unknown","10","5"," "
"2019","(CAH09) mathematical sciences","(CAH09-01-03) statistics","Unknown","5","0"," "
"2021","(CAH09) mathematical sciences","(CAH09-01-03) statistics","Unknown","5","0"," "
"2019","(CAH22) education and teaching","(CAH22-01-01) education","Unknown","35","25","0.774"
"2020","(CAH22) education and teaching","(CAH22-01-01) education","Unknown","30","20","0.659"
"2021","(CAH22) education and teaching","(CAH22-01-01) education","Unknown","15","10"," "
"2022","(CAH22) education and teaching","(CAH22-01-01) education","Unknown","5","5"," "
"2019","(CAH22) education and teaching","(CAH22-01-02) teacher training","Unknown","50","25","0.47700000000000004"
"2020","(CAH22) education and teaching","(CAH22-01-02) teacher training","Unknown","40","10","0.28800000000000003"
"2021","(CAH22) education and teaching","(CAH22-01-02) teacher training","Unknown","35","5"," "
"2022","(CAH22) education and teaching","(CAH22-01-02) teacher training","Unknown","20","10"," "
"2023","(CAH22) education and teaching","(CAH22-01-02) teacher training","Unknown","15","5"," "
"2019","(CAH06) agriculture, food and related studies","(CAH06-01-03) agriculture","Unknown","10","10"," "
"2020","(CAH06) agriculture, food and related studies","(CAH06-01-03) agriculture","Unknown","15","10","0.77"
"2021","(CAH06) agriculture, food and related studies","(CAH06-01-03) agriculture","Unknown","5","5"," "
"2019","(CAH06) agriculture, food and related studies","(CAH06-01-01) animal science","Unknown","10","10","1.025"
"2020","(CAH06) agriculture, food and related studies","(CAH06-01-01) animal science","Unknown","10","10","1.235"
"2021","(CAH06) agriculture, food and related studies","(CAH06-01-01) animal science","Unknown","5","5"," "
"2022","(CAH06) agriculture, food and related studies","(CAH06-01-01) animal science","Unknown","5","0"," "
"2019","(CAH06) agriculture, food and related studies","(CAH06-01-07) food sciences","Unknown","5","0"," "
"2020","(CAH06) agriculture, food and related studies","(CAH06-01-07) food sciences","Unknown","5","5"," "
"2019","(CAH16) law","(CAH16-01-01) law","Unknown","200","135","0.663"
"2020","(CAH16) law","(CAH16-01-01) law","Unknown","145","95","0.654"
"2021","(CAH16) law","(CAH16-01-01) law","Unknown","135","100","0.726"
"2022","(CAH16) law","(CAH16-01-01) law","Unknown","65","50","0.794"
"2023","(CAH16) law","(CAH16-01-01) law","Unknown","55","45","0.779"
"2019","(CAH05) veterinary sciences","(CAH05-01-01) veterinary medicine and dentistry","Unknown","10","0"," "
"2020","(CAH05) veterinary sciences","(CAH05-01-01) veterinary medicine and dentistry","Unknown","10","0"," "
"2021","(CAH05) veterinary sciences","(CAH05-01-01) veterinary medicine and dentistry","Unknown","20","10"," "
"2023","(CAH05) veterinary sciences","(CAH05-01-01) veterinary medicine and dentistry","Unknown","5","5"," "
"2019","(CAH05) veterinary sciences","(CAH05-01-02) others in veterinary sciences","Unknown","5","5"," "
"2023","(CAH05) veterinary sciences","(CAH05-01-02) others in veterinary sciences","Unknown","5","0"," "
"2019","(CAH25) design, and creative and performing arts","(CAH25-01-03) design studies","Quintile 1","8340","4590","0.551"
"2020","(CAH25) design, and creative and performing arts","(CAH25-01-03) design studies","Quintile 1","8390","4965","0.592"
"2021","(CAH25) design, and creative and performing arts","(CAH25-01-03) design studies","Quintile 1","9070","5965","0.658"
"2022","(CAH25) design, and creative and performing arts","(CAH25-01-03) design studies","Quintile 1","9545","5980","0.626"
"2023","(CAH25) design, and creative and performing arts","(CAH25-01-03) design studies","Quintile 1","9305","5980","0.642"
"2019","(CAH25) design, and creative and performing arts","(CAH25-02-02) music","Quintile 1","3935","2240","0.5690000000000001"
"2020","(CAH25) design, and creative and performing arts","(CAH25-02-02) music","Quintile 1","4185","2405","0.5740000000000001"
"2021","(CAH25) design, and creative and performing arts","(CAH25-02-02) music","Quintile 1","4695","2870","0.611"
"2022","(CAH25) design, and creative and performing arts","(CAH25-02-02) music","Quintile 1","4845","2805","0.579"
"2023","(CAH25) design, and creative and performing arts","(CAH25-02-02) music","Quintile 1","4855","2570","0.529"
"2019","(CAH25) design, and creative and performing arts","(CAH25-01-04) cinematics and photography","Quintile 1","5355","3385","0.632"
"2020","(CAH25) design, and creative and performing arts","(CAH25-01-04) cinematics and photography","Quintile 1","5305","3555","0.67"
"2021","(CAH25) design, and creative and performing arts","(CAH25-01-04) cinematics and photography","Quintile 1","5340","3885","0.728"
"2022","(CAH25) design, and creative and performing arts","(CAH25-01-04) cinematics and photography","Quintile 1","5720","3770","0.659"
"2023","(CAH25) design, and creative and performing arts","(CAH25-01-04) cinematics and photography","Quintile 1","5420","3820","0.704"
"2019","(CAH25) design, and creative and performing arts","(CAH25-01-02) art","Quintile 1","2180","1160","0.533"
"2020","(CAH25) design, and creative and performing arts","(CAH25-01-02) art","Quintile 1","2335","1340","0.5730000000000001"
"2021","(CAH25) design, and creative and performing arts","(CAH25-01-02) art","Quintile 1","2380","1455","0.612"
"2022","(CAH25) design, and creative and performing arts","(CAH25-01-02) art","Quintile 1","2635","1435","0.545"
"2023","(CAH25) design, and creative and performing arts","(CAH25-01-02) art","Quintile 1","2595","1505","0.581"
"2019","(CAH25) design, and creative and performing arts","(CAH25-02-03) drama","Quintile 1","4135","1635","0.396"
"2020","(CAH25) design, and creative and performing arts","(CAH25-02-03) drama","Quintile 1","4285","1825","0.426"
"2021","(CAH25) design, and creative and performing arts","(CAH25-02-03) drama","Quintile 1","4255","1845","0.433"
"2022","(CAH25) design, and creative and performing arts","(CAH25-02-03) drama","Quintile 1","4600","1915","0.41600000000000004"
"2023","(CAH25) design, and creative and performing arts","(CAH25-02-03) drama","Quintile 1","4120","1695","0.41100000000000003"
"2019","(CAH25) design, and creative and performing arts","(CAH25-02-04) dance","Quintile 1","820","365","0.443"
"2020","(CAH25) design, and creative and performing arts","(CAH25-02-04) dance","Quintile 1","850","405","0.47500000000000003"
"2021","(CAH25) design, and creative and performing arts","(CAH25-02-04) dance","Quintile 1","1035","470","0.456"
"2022","(CAH25) design, and creative and performing arts","(CAH25-02-04) dance","Quintile 1","1125","470","0.41600000000000004"
"2023","(CAH25) design, and creative and performing arts","(CAH25-02-04) dance","Quintile 1","985","390","0.397"
"2019","(CAH25) design, and creative and performing arts","(CAH25-02-01) performing arts (non-specific)","Quintile 1","495","210","0.423"
"2020","(CAH25) design, and creative and performing arts","(CAH25-02-01) performing arts (non-specific)","Quintile 1","395","200","0.512"
"2021","(CAH25) design, and creative and performing arts","(CAH25-02-01) performing arts (non-specific)","Quintile 1","255","175","0.677"
"2022","(CAH25) design, and creative and performing arts","(CAH25-02-01) performing arts (non-specific)","Quintile 1","295","210","0.705"
"2023","(CAH25) design, and creative and performing arts","(CAH25-02-01) performing arts (non-specific)","Quintile 1","250","165","0.67"
"2019","(CAH25) design, and creative and performing arts","(CAH25-01-05) others in creative arts and design","Quintile 1","405","270","0.669"
"2020","(CAH25) design, and creative and performing arts","(CAH25-01-05) others in creative arts and design","Quintile 1","395","275","0.6920000000000001"
"2021","(CAH25) design, and creative and performing arts","(CAH25-01-05) others in creative arts and design","Quintile 1","385","315","0.8180000000000001"
"2022","(CAH25) design, and creative and performing arts","(CAH25-01-05) others in creative arts and design","Quintile 1","470","325","0.6880000000000001"
"2023","(CAH25) design, and creative and performing arts","(CAH25-01-05) others in creative arts and design","Quintile 1","390","270","0.6960000000000001"
"2019","(CAH25) design, and creative and performing arts","(CAH25-01-01) creative arts and design (non-specific)","Quintile 1","335","190","0.5720000000000001"
"2020","(CAH25) design, and creative and performing arts","(CAH25-01-01) creative arts and design (non-specific)","Quintile 1","320","215","0.672"
"2021","(CAH25) design, and creative and performing arts","(CAH25-01-01) creative arts and design (non-specific)","Quintile 1","355","245","0.6890000000000001"
"2022","(CAH25) design, and creative and performing arts","(CAH25-01-01) creative arts and design (non-specific)","Quintile 1","385","240","0.621"
"2023","(CAH25) design, and creative and performing arts","(CAH25-01-01) creative arts and design (non-specific)","Quintile 1","390","235","0.601"
"2019","(CAH10) engineering and technology","(CAH10-01-06) bioengineering, medical and biomedical engineering","Quintile 1","375","290","0.775"
"2020","(CAH10) engineering and technology","(CAH10-01-06) bioengineering, medical and biomedical engineering","Quintile 1","425","335","0.794"
"2021","(CAH10) engineering and technology","(CAH10-01-06) bioengineering, medical and biomedical engineering","Quintile 1","400","315","0.79"
"2022","(CAH10) engineering and technology","(CAH10-01-06) bioengineering, medical and biomedical engineering","Quintile 1","510","415","0.81"
"2023","(CAH10) engineering and technology","(CAH10-01-06) bioengineering, medical and biomedical engineering","Quintile 1","535","420","0.787"
"2019","(CAH10) engineering and technology","(CAH10-03-02) materials technology","Quintile 1","70","55","0.762"
"2020","(CAH10) engineering and technology","(CAH10-03-02) materials technology","Quintile 1","30","20","0.739"
"2021","(CAH10) engineering and technology","(CAH10-03-02) materials technology","Quintile 1","35","30","0.787"
"2022","(CAH10) engineering and technology","(CAH10-03-02) materials technology","Quintile 1","45","40","0.838"
"2023","(CAH10) engineering and technology","(CAH10-03-02) materials technology","Quintile 1","40","25","0.665"
"2019","(CAH10) engineering and technology","(CAH10-03-06) others in technology","Quintile 1","355","295","0.8250000000000001"
"2020","(CAH10) engineering and technology","(CAH10-03-06) others in technology","Quintile 1","350","275","0.792"
"2021","(CAH10) engineering and technology","(CAH10-03-06) others in technology","Quintile 1","430","380","0.884"
"2022","(CAH10) engineering and technology","(CAH10-03-06) others in technology","Quintile 1","425","335","0.788"
"2023","(CAH10) engineering and technology","(CAH10-03-06) others in technology","Quintile 1","440","365","0.8280000000000001"
"2019","(CAH10) engineering and technology","(CAH10-01-03) production and manufacturing engineering","Quintile 1","800","655","0.8170000000000001"
"2020","(CAH10) engineering and technology","(CAH10-01-03) production and manufacturing engineering","Quintile 1","805","650","0.81"
"2021","(CAH10) engineering and technology","(CAH10-01-03) production and manufacturing engineering","Quintile 1","905","710","0.784"
"2022","(CAH10) engineering and technology","(CAH10-01-03) production and manufacturing engineering","Quintile 1","1105","875","0.793"
"2023","(CAH10) engineering and technology","(CAH10-01-03) production and manufacturing engineering","Quintile 1","975","775","0.797"
"2019","(CAH10) engineering and technology","(CAH10-01-04) aeronautical and aerospace engineering","Quintile 1","1575","1200","0.762"
"2020","(CAH10) engineering and technology","(CAH10-01-04) aeronautical and aerospace engineering","Quintile 1","1615","1250","0.774"
"2021","(CAH10) engineering and technology","(CAH10-01-04) aeronautical and aerospace engineering","Quintile 1","1890","1445","0.766"
"2022","(CAH10) engineering and technology","(CAH10-01-04) aeronautical and aerospace engineering","Quintile 1","1935","1395","0.721"
"2023","(CAH10) engineering and technology","(CAH10-01-04) aeronautical and aerospace engineering","Quintile 1","1950","1465","0.751"
"2019","(CAH10) engineering and technology","(CAH10-01-08) electrical and electronic engineering","Quintile 1","1565","1135","0.726"
"2020","(CAH10) engineering and technology","(CAH10-01-08) electrical and electronic engineering","Quintile 1","1705","1245","0.732"
"2021","(CAH10) engineering and technology","(CAH10-01-08) electrical and electronic engineering","Quintile 1","2020","1450","0.718"
"2022","(CAH10) engineering and technology","(CAH10-01-08) electrical and electronic engineering","Quintile 1","2185","1530","0.7000000000000001"
"2023","(CAH10) engineering and technology","(CAH10-01-08) electrical and electronic engineering","Quintile 1","2155","1465","0.679"
"2019","(CAH10) engineering and technology","(CAH10-01-07) civil engineering","Quintile 1","1685","1320","0.785"
"2020","(CAH10) engineering and technology","(CAH10-01-07) civil engineering","Quintile 1","1825","1480","0.811"
"2021","(CAH10) engineering and technology","(CAH10-01-07) civil engineering","Quintile 1","2055","1595","0.777"
"2022","(CAH10) engineering and technology","(CAH10-01-07) civil engineering","Quintile 1","2005","1500","0.747"
"2023","(CAH10) engineering and technology","(CAH10-01-07) civil engineering","Quintile 1","1875","1365","0.729"
"2019","(CAH10) engineering and technology","(CAH10-03-05) biotechnology","Quintile 1","40","35","0.893"
"2020","(CAH10) engineering and technology","(CAH10-03-05) biotechnology","Quintile 1","75","65","0.857"
"2021","(CAH10) engineering and technology","(CAH10-03-05) biotechnology","Quintile 1","45","35","0.788"
"2022","(CAH10) engineering and technology","(CAH10-03-05) biotechnology","Quintile 1","65","50","0.774"
"2023","(CAH10) engineering and technology","(CAH10-03-05) biotechnology","Quintile 1","85","75","0.876"
"2019","(CAH10) engineering and technology","(CAH10-01-09) chemical, process and energy engineering","Quintile 1","880","700","0.793"
"2020","(CAH10) engineering and technology","(CAH10-01-09) chemical, process and energy engineering","Quintile 1","945","775","0.8210000000000001"
"2021","(CAH10) engineering and technology","(CAH10-01-09) chemical, process and energy engineering","Quintile 1","775","635","0.8190000000000001"
"2022","(CAH10) engineering and technology","(CAH10-01-09) chemical, process and energy engineering","Quintile 1","805","640","0.798"
"2023","(CAH10) engineering and technology","(CAH10-01-09) chemical, process and energy engineering","Quintile 1","960","785","0.8200000000000001"
"2019","(CAH10) engineering and technology","(CAH10-03-03) polymers and textiles","Quintile 1","20","15","0.654"
"2020","(CAH10) engineering and technology","(CAH10-03-03) polymers and textiles","Quintile 1","20","15","0.8230000000000001"
"2021","(CAH10) engineering and technology","(CAH10-03-03) polymers and textiles","Quintile 1","10","5"," "
"2022","(CAH10) engineering and technology","(CAH10-03-03) polymers and textiles","Quintile 1","20","15","0.8"
"2023","(CAH10) engineering and technology","(CAH10-03-03) polymers and textiles","Quintile 1","30","20","0.66"
"2023","(CAH10) engineering and technology","(CAH10-03-01) minerals technology","Quintile 1","5","5"," "
"2019","(CAH10) engineering and technology","(CAH10-01-01) engineering (non-specific)","Quintile 1","1370","965","0.705"
"2020","(CAH10) engineering and technology","(CAH10-01-01) engineering (non-specific)","Quintile 1","1305","980","0.752"
"2021","(CAH10) engineering and technology","(CAH10-01-01) engineering (non-specific)","Quintile 1","1525","1145","0.75"
"2022","(CAH10) engineering and technology","(CAH10-01-01) engineering (non-specific)","Quintile 1","1555","1115","0.716"
"2023","(CAH10) engineering and technology","(CAH10-01-01) engineering (non-specific)","Quintile 1","1670","1225","0.733"
"2019","(CAH10) engineering and technology","(CAH10-01-10) others in engineering","Quintile 1","10","5"," "
"2020","(CAH10) engineering and technology","(CAH10-01-10) others in engineering","Quintile 1","5","5"," "
"2021","(CAH10) engineering and technology","(CAH10-01-10) others in engineering","Quintile 1","5","0"," "
"2022","(CAH10) engineering and technology","(CAH10-01-10) others in engineering","Quintile 1","5","5"," "
"2023","(CAH10) engineering and technology","(CAH10-01-10) others in engineering","Quintile 1","5","5"," "
"2019","(CAH10) engineering and technology","(CAH10-01-02) mechanical engineering","Quintile 1","2935","2325","0.793"
"2020","(CAH10) engineering and technology","(CAH10-01-02) mechanical engineering","Quintile 1","2875","2260","0.787"
"2021","(CAH10) engineering and technology","(CAH10-01-02) mechanical engineering","Quintile 1","3285","2590","0.788"
"2022","(CAH10) engineering and technology","(CAH10-01-02) mechanical engineering","Quintile 1","3430","2665","0.776"
"2023","(CAH10) engineering and technology","(CAH10-01-02) mechanical engineering","Quintile 1","3700","2855","0.772"
"2019","(CAH10) engineering and technology","(CAH10-03-04) maritime technology","Quintile 1","20","15","0.718"
"2020","(CAH10) engineering and technology","(CAH10-03-04) maritime technology","Quintile 1","10","10"," "
"2021","(CAH10) engineering and technology","(CAH10-03-04) maritime technology","Quintile 1","20","15","0.793"
"2022","(CAH10) engineering and technology","(CAH10-03-04) maritime technology","Quintile 1","25","20","0.728"
"2023","(CAH10) engineering and technology","(CAH10-03-04) maritime technology","Quintile 1","20","15","0.785"
"2019","(CAH10) engineering and technology","(CAH10-01-05) naval architecture","Quintile 1","10","5"," "
"2020","(CAH10) engineering and technology","(CAH10-01-05) naval architecture","Quintile 1","15","10","0.7000000000000001"
"2021","(CAH10) engineering and technology","(CAH10-01-05) naval architecture","Quintile 1","15","15","1"
"2022","(CAH10) engineering and technology","(CAH10-01-05) naval architecture","Quintile 1","5","5"," "
"2023","(CAH10) engineering and technology","(CAH10-01-05) naval architecture","Quintile 1","10","5"," "
"2019","(CAH10) engineering and technology","(CAH10-03-07) materials science","Quintile 1","45","25","0.59"
"2020","(CAH10) engineering and technology","(CAH10-03-07) materials science","Quintile 1","40","25","0.605"
"2021","(CAH10) engineering and technology","(CAH10-03-07) materials science","Quintile 1","40","25","0.585"
"2022","(CAH10) engineering and technology","(CAH10-03-07) materials science","Quintile 1","50","30","0.591"
"2023","(CAH10) engineering and technology","(CAH10-03-07) materials science","Quintile 1","35","20","0.539"
"2019","(CAH02) subjects allied to medicine","(CAH02-06-03) ophthalmics","Quintile 1","565","325","0.5730000000000001"
"2020","(CAH02) subjects allied to medicine","(CAH02-06-03) ophthalmics","Quintile 1","570","325","0.5680000000000001"
"2021","(CAH02) subjects allied to medicine","(CAH02-06-03) ophthalmics","Quintile 1","580","365","0.633"
"2022","(CAH02) subjects allied to medicine","(CAH02-06-03) ophthalmics","Quintile 1","625","325","0.517"
"2023","(CAH02) subjects allied to medicine","(CAH02-06-03) ophthalmics","Quintile 1","775","470","0.604"
"2019","(CAH02) subjects allied to medicine","(CAH02-05-04) anatomy, physiology and pathology","Quintile 1","485","375","0.769"
"2020","(CAH02) subjects allied to medicine","(CAH02-05-04) anatomy, physiology and pathology","Quintile 1","555","430","0.773"
"2021","(CAH02) subjects allied to medicine","(CAH02-05-04) anatomy, physiology and pathology","Quintile 1","570","435","0.762"
"2022","(CAH02) subjects allied to medicine","(CAH02-05-04) anatomy, physiology and pathology","Quintile 1","590","390","0.661"
"2023","(CAH02) subjects allied to medicine","(CAH02-05-04) anatomy, physiology and pathology","Quintile 1","575","405","0.7020000000000001"
"2019","(CAH02) subjects allied to medicine","(CAH02-05-01) medical technology","Quintile 1","1410","475","0.336"
"2020","(CAH02) subjects allied to medicine","(CAH02-05-01) medical technology","Quintile 1","1445","530","0.367"
"2021","(CAH02) subjects allied to medicine","(CAH02-05-01) medical technology","Quintile 1","1630","545","0.333"
"2022","(CAH02) subjects allied to medicine","(CAH02-05-01) medical technology","Quintile 1","1695","525","0.309"
"2023","(CAH02) subjects allied to medicine","(CAH02-05-01) medical technology","Quintile 1","1860","630","0.339"
"2019","(CAH02) subjects allied to medicine","(CAH02-06-06) complementary and alternative medicine","Quintile 1","235","150","0.638"
"2020","(CAH02) subjects allied to medicine","(CAH02-06-06) complementary and alternative medicine","Quintile 1","315","220","0.6930000000000001"
"2021","(CAH02) subjects allied to medicine","(CAH02-06-06) complementary and alternative medicine","Quintile 1","400","265","0.664"
"2022","(CAH02) subjects allied to medicine","(CAH02-06-06) complementary and alternative medicine","Quintile 1","360","235","0.655"
"2023","(CAH02) subjects allied to medicine","(CAH02-06-06) complementary and alternative medicine","Quintile 1","320","240","0.742"
"2019","(CAH02) subjects allied to medicine","(CAH02-06-01) health sciences (non-specific)","Quintile 1","4820","1635","0.339"
"2020","(CAH02) subjects allied to medicine","(CAH02-06-01) health sciences (non-specific)","Quintile 1","5055","1730","0.342"
"2021","(CAH02) subjects allied to medicine","(CAH02-06-01) health sciences (non-specific)","Quintile 1","7370","2095","0.28400000000000003"
"2022","(CAH02) subjects allied to medicine","(CAH02-06-01) health sciences (non-specific)","Quintile 1","7695","2270","0.295"
"2023","(CAH02) subjects allied to medicine","(CAH02-06-01) health sciences (non-specific)","Quintile 1","6470","1890","0.292"
"2019","(CAH02) subjects allied to medicine","(CAH02-06-02) nutrition and dietetics","Quintile 1","610","410","0.675"
"2020","(CAH02) subjects allied to medicine","(CAH02-06-02) nutrition and dietetics","Quintile 1","685","480","0.7010000000000001"
"2021","(CAH02) subjects allied to medicine","(CAH02-06-02) nutrition and dietetics","Quintile 1","690","505","0.733"
"2022","(CAH02) subjects allied to medicine","(CAH02-06-02) nutrition and dietetics","Quintile 1","645","420","0.651"
"2023","(CAH02) subjects allied to medicine","(CAH02-06-02) nutrition and dietetics","Quintile 1","605","415","0.682"
"2019","(CAH02) subjects allied to medicine","(CAH02-06-04) environmental and public health","Quintile 1","435","390","0.9"
"2020","(CAH02) subjects allied to medicine","(CAH02-06-04) environmental and public health","Quintile 1","635","615","0.968"
"2021","(CAH02) subjects allied to medicine","(CAH02-06-04) environmental and public health","Quintile 1","785","770","0.98"
"2022","(CAH02) subjects allied to medicine","(CAH02-06-04) environmental and public health","Quintile 1","655","635","0.969"
"2023","(CAH02) subjects allied to medicine","(CAH02-06-04) environmental and public health","Quintile 1","480","465","0.972"
"2019","(CAH02) subjects allied to medicine","(CAH02-06-07) counselling, psychotherapy and occupational therapy","Quintile 1","1595","955","0.598"
"2020","(CAH02) subjects allied to medicine","(CAH02-06-07) counselling, psychotherapy and occupational therapy","Quintile 1","1810","1100","0.608"
"2021","(CAH02) subjects allied to medicine","(CAH02-06-07) counselling, psychotherapy and occupational therapy","Quintile 1","1930","1195","0.618"
"2022","(CAH02) subjects allied to medicine","(CAH02-06-07) counselling, psychotherapy and occupational therapy","Quintile 1","2195","1280","0.584"
"2023","(CAH02) subjects allied to medicine","(CAH02-06-07) counselling, psychotherapy and occupational therapy","Quintile 1","1925","1145","0.594"
"2019","(CAH02) subjects allied to medicine","(CAH02-02-01) pharmacology","Quintile 1","490","395","0.81"
"2020","(CAH02) subjects allied to medicine","(CAH02-02-01) pharmacology","Quintile 1","515","435","0.849"
"2021","(CAH02) subjects allied to medicine","(CAH02-02-01) pharmacology","Quintile 1","660","555","0.84"
"2022","(CAH02) subjects allied to medicine","(CAH02-02-01) pharmacology","Quintile 1","725","565","0.777"
"2023","(CAH02) subjects allied to medicine","(CAH02-02-01) pharmacology","Quintile 1","820","665","0.8130000000000001"
"2019","(CAH02) subjects allied to medicine","(CAH02-02-03) pharmacy","Quintile 1","1805","1190","0.66"
"2020","(CAH02) subjects allied to medicine","(CAH02-02-03) pharmacy","Quintile 1","1870","1225","0.654"
"2021","(CAH02) subjects allied to medicine","(CAH02-02-03) pharmacy","Quintile 1","2425","1675","0.6910000000000001"
"2022","(CAH02) subjects allied to medicine","(CAH02-02-03) pharmacy","Quintile 1","2705","1615","0.597"
"2023","(CAH02) subjects allied to medicine","(CAH02-02-03) pharmacy","Quintile 1","3455","1940","0.561"
"2019","(CAH02) subjects allied to medicine","(CAH02-06-05) physiotherapy","Quintile 1","1845","510","0.275"
"2020","(CAH02) subjects allied to medicine","(CAH02-06-05) physiotherapy","Quintile 1","1915","595","0.31"
"2021","(CAH02) subjects allied to medicine","(CAH02-06-05) physiotherapy","Quintile 1","2225","620","0.279"
"2022","(CAH02) subjects allied to medicine","(CAH02-06-05) physiotherapy","Quintile 1","2610","585","0.224"
"2023","(CAH02) subjects allied to medicine","(CAH02-06-05) physiotherapy","Quintile 1","2475","605","0.243"
"2019","(CAH02) subjects allied to medicine","(CAH02-05-02) healthcare science (non-specific)","Quintile 1","560","325","0.581"
"2020","(CAH02) subjects allied to medicine","(CAH02-05-02) healthcare science (non-specific)","Quintile 1","630","390","0.615"
"2021","(CAH02) subjects allied to medicine","(CAH02-05-02) healthcare science (non-specific)","Quintile 1","765","475","0.62"
"2022","(CAH02) subjects allied to medicine","(CAH02-05-02) healthcare science (non-specific)","Quintile 1","805","555","0.6880000000000001"
"2023","(CAH02) subjects allied to medicine","(CAH02-05-02) healthcare science (non-specific)","Quintile 1","780","595","0.762"
"2019","(CAH02) subjects allied to medicine","(CAH02-05-03) biomedical sciences (non-specific)","Quintile 1","4455","3830","0.86"
"2020","(CAH02) subjects allied to medicine","(CAH02-05-03) biomedical sciences (non-specific)","Quintile 1","4495","3855","0.858"
"2021","(CAH02) subjects allied to medicine","(CAH02-05-03) biomedical sciences (non-specific)","Quintile 1","4990","4380","0.877"
"2022","(CAH02) subjects allied to medicine","(CAH02-05-03) biomedical sciences (non-specific)","Quintile 1","5125","4360","0.851"
"2023","(CAH02) subjects allied to medicine","(CAH02-05-03) biomedical sciences (non-specific)","Quintile 1","5175","4490","0.868"
"2019","(CAH02) subjects allied to medicine","(CAH02-02-02) toxicology","Quintile 1","5","5"," "
"2020","(CAH02) subjects allied to medicine","(CAH02-02-02) toxicology","Quintile 1","5","5"," "
"2021","(CAH02) subjects allied to medicine","(CAH02-02-02) toxicology","Quintile 1","5","5"," "
"2022","(CAH02) subjects allied to medicine","(CAH02-02-02) toxicology","Quintile 1","10","10"," "
"2023","(CAH02) subjects allied to medicine","(CAH02-02-02) toxicology","Quintile 1","10","10"," "
"2019","(CAH02) subjects allied to medicine","(CAH02-04-02) adult nursing","Quintile 1","13410","6205","0.463"
"2020","(CAH02) subjects allied to medicine","(CAH02-04-02) adult nursing","Quintile 1","14655","7165","0.489"
"2021","(CAH02) subjects allied to medicine","(CAH02-04-02) adult nursing","Quintile 1","17490","8795","0.503"
"2022","(CAH02) subjects allied to medicine","(CAH02-04-02) adult nursing","Quintile 1","17080","7905","0.463"
"2023","(CAH02) subjects allied to medicine","(CAH02-04-02) adult nursing","Quintile 1","14050","6530","0.465"
"2019","(CAH02) subjects allied to medicine","(CAH02-04-05) children's nursing","Quintile 1","3590","1005","0.28"
"2020","(CAH02) subjects allied to medicine","(CAH02-04-05) children's nursing","Quintile 1","4485","1475","0.328"
"2021","(CAH02) subjects allied to medicine","(CAH02-04-05) children's nursing","Quintile 1","5900","1570","0.266"
"2022","(CAH02) subjects allied to medicine","(CAH02-04-05) children's nursing","Quintile 1","5955","1480","0.248"
"2023","(CAH02) subjects allied to medicine","(CAH02-04-05) children's nursing","Quintile 1","4605","1365","0.297"
"2019","(CAH02) subjects allied to medicine","(CAH02-04-03) community nursing","Quintile 1","10","10"," "
"2020","(CAH02) subjects allied to medicine","(CAH02-04-03) community nursing","Quintile 1","15","15","0.867"
"2021","(CAH02) subjects allied to medicine","(CAH02-04-03) community nursing","Quintile 1","25","15","0.6"
"2022","(CAH02) subjects allied to medicine","(CAH02-04-03) community nursing","Quintile 1","20","15","0.85"
"2023","(CAH02) subjects allied to medicine","(CAH02-04-03) community nursing","Quintile 1","10","10"," "
"2019","(CAH02) subjects allied to medicine","(CAH02-04-09) others in nursing","Quintile 1","255","65","0.247"
"2020","(CAH02) subjects allied to medicine","(CAH02-04-09) others in nursing","Quintile 1","165","55","0.34500000000000003"
"2021","(CAH02) subjects allied to medicine","(CAH02-04-09) others in nursing","Quintile 1","215","50","0.242"
"2022","(CAH02) subjects allied to medicine","(CAH02-04-09) others in nursing","Quintile 1","205","65","0.307"
"2023","(CAH02) subjects allied to medicine","(CAH02-04-09) others in nursing","Quintile 1","210","85","0.395"
"2019","(CAH02) subjects allied to medicine","(CAH02-04-06) dental nursing","Quintile 1","235","50","0.217"
"2020","(CAH02) subjects allied to medicine","(CAH02-04-06) dental nursing","Quintile 1","295","35","0.115"
"2021","(CAH02) subjects allied to medicine","(CAH02-04-06) dental nursing","Quintile 1","400","50","0.128"
"2022","(CAH02) subjects allied to medicine","(CAH02-04-06) dental nursing","Quintile 1","525","50","0.093"
"2023","(CAH02) subjects allied to medicine","(CAH02-04-06) dental nursing","Quintile 1","585","45","0.074"
"2019","(CAH02) subjects allied to medicine","(CAH02-04-08) learning disabilities nursing","Quintile 1","485","225","0.459"
"2020","(CAH02) subjects allied to medicine","(CAH02-04-08) learning disabilities nursing","Quintile 1","545","265","0.484"
"2021","(CAH02) subjects allied to medicine","(CAH02-04-08) learning disabilities nursing","Quintile 1","705","335","0.47200000000000003"
"2022","(CAH02) subjects allied to medicine","(CAH02-04-08) learning disabilities nursing","Quintile 1","660","290","0.436"
"2023","(CAH02) subjects allied to medicine","(CAH02-04-08) learning disabilities nursing","Quintile 1","535","220","0.41400000000000003"
"2019","(CAH02) subjects allied to medicine","(CAH02-04-07) mental health nursing","Quintile 1","5280","1980","0.375"
"2020","(CAH02) subjects allied to medicine","(CAH02-04-07) mental health nursing","Quintile 1","6390","2565","0.402"
"2021","(CAH02) subjects allied to medicine","(CAH02-04-07) mental health nursing","Quintile 1","7625","2870","0.377"
"2022","(CAH02) subjects allied to medicine","(CAH02-04-07) mental health nursing","Quintile 1","7715","2685","0.34800000000000003"
"2023","(CAH02) subjects allied to medicine","(CAH02-04-07) mental health nursing","Quintile 1","6710","2520","0.375"
"2019","(CAH02) subjects allied to medicine","(CAH02-04-04) midwifery","Quintile 1","4815","945","0.197"
"2020","(CAH02) subjects allied to medicine","(CAH02-04-04) midwifery","Quintile 1","4850","1065","0.219"
"2021","(CAH02) subjects allied to medicine","(CAH02-04-04) midwifery","Quintile 1","6550","1230","0.188"
"2022","(CAH02) subjects allied to medicine","(CAH02-04-04) midwifery","Quintile 1","6300","1195","0.19"
"2023","(CAH02) subjects allied to medicine","(CAH02-04-04) midwifery","Quintile 1","5275","1230","0.233"
"2019","(CAH02) subjects allied to medicine","(CAH02-04-01) nursing (non-specific)","Quintile 1","2190","745","0.341"
"2020","(CAH02) subjects allied to medicine","(CAH02-04-01) nursing (non-specific)","Quintile 1","2050","755","0.368"
"2021","(CAH02) subjects allied to medicine","(CAH02-04-01) nursing (non-specific)","Quintile 1","2050","800","0.391"
"2022","(CAH02) subjects allied to medicine","(CAH02-04-01) nursing (non-specific)","Quintile 1","1795","635","0.352"
"2023","(CAH02) subjects allied to medicine","(CAH02-04-01) nursing (non-specific)","Quintile 1","1415","620","0.438"
"2019","(CAH19) language and area studies","(CAH19-01-05) creative writing","Quintile 1","900","765","0.849"
"2020","(CAH19) language and area studies","(CAH19-01-05) creative writing","Quintile 1","965","815","0.843"
"2021","(CAH19) language and area studies","(CAH19-01-05) creative writing","Quintile 1","895","800","0.896"
"2022","(CAH19) language and area studies","(CAH19-01-05) creative writing","Quintile 1","995","855","0.86"
"2023","(CAH19) language and area studies","(CAH19-01-05) creative writing","Quintile 1","1130","935","0.8270000000000001"
"2019","(CAH19) language and area studies","(CAH19-04-08) American and Australasian studies","Quintile 1","170","155","0.901"
"2020","(CAH19) language and area studies","(CAH19-04-08) American and Australasian studies","Quintile 1","115","105","0.935"
"2021","(CAH19) language and area studies","(CAH19-04-08) American and Australasian studies","Quintile 1","110","105","0.9400000000000001"
"2022","(CAH19) language and area studies","(CAH19-04-08) American and Australasian studies","Quintile 1","80","75","0.922"
"2023","(CAH19) language and area studies","(CAH19-04-08) American and Australasian studies","Quintile 1","55","55","0.9560000000000001"
"2019","(CAH19) language and area studies","(CAH19-01-06) others in English studies","Quintile 1","25","20","0.802"
"2020","(CAH19) language and area studies","(CAH19-01-06) others in English studies","Quintile 1","20","20","1.006"
"2021","(CAH19) language and area studies","(CAH19-01-06) others in English studies","Quintile 1","30","25","0.9"
"2022","(CAH19) language and area studies","(CAH19-01-06) others in English studies","Quintile 1","15","15","1.053"
"2023","(CAH19) language and area studies","(CAH19-01-06) others in English studies","Quintile 1","25","20","0.866"
"2019","(CAH19) language and area studies","(CAH19-01-02) English language","Quintile 1","645","580","0.896"
"2020","(CAH19) language and area studies","(CAH19-01-02) English language","Quintile 1","530","465","0.873"
"2021","(CAH19) language and area studies","(CAH19-01-02) English language","Quintile 1","560","500","0.897"
"2022","(CAH19) language and area studies","(CAH19-01-02) English language","Quintile 1","495","430","0.866"
"2023","(CAH19) language and area studies","(CAH19-01-02) English language","Quintile 1","505","455","0.899"
"2019","(CAH19) language and area studies","(CAH19-01-03) literature in English","Quintile 1","2170","1950","0.899"
"2020","(CAH19) language and area studies","(CAH19-01-03) literature in English","Quintile 1","1960","1765","0.901"
"2021","(CAH19) language and area studies","(CAH19-01-03) literature in English","Quintile 1","1960","1740","0.887"
"2022","(CAH19) language and area studies","(CAH19-01-03) literature in English","Quintile 1","1920","1690","0.879"
"2023","(CAH19) language and area studies","(CAH19-01-03) literature in English","Quintile 1","2220","1975","0.89"
"2019","(CAH19) language and area studies","(CAH19-01-01) English studies (non-specific)","Quintile 1","1855","1545","0.833"
"2020","(CAH19) language and area studies","(CAH19-01-01) English studies (non-specific)","Quintile 1","1610","1360","0.844"
"2021","(CAH19) language and area studies","(CAH19-01-01) English studies (non-specific)","Quintile 1","1715","1435","0.838"
"2022","(CAH19) language and area studies","(CAH19-01-01) English studies (non-specific)","Quintile 1","1710","1415","0.8270000000000001"
"2023","(CAH19) language and area studies","(CAH19-01-01) English studies (non-specific)","Quintile 1","1750","1475","0.842"
"2019","(CAH19) language and area studies","(CAH19-04-01) French studies","Quintile 1","365","305","0.835"
"2020","(CAH19) language and area studies","(CAH19-04-01) French studies","Quintile 1","350","280","0.798"
"2021","(CAH19) language and area studies","(CAH19-04-01) French studies","Quintile 1","360","300","0.837"
"2022","(CAH19) language and area studies","(CAH19-04-01) French studies","Quintile 1","275","215","0.79"
"2023","(CAH19) language and area studies","(CAH19-04-01) French studies","Quintile 1","240","200","0.836"
"2019","(CAH19) language and area studies","(CAH19-04-02) German and Scandinavian studies","Quintile 1","150","120","0.786"
"2020","(CAH19) language and area studies","(CAH19-04-02) German and Scandinavian studies","Quintile 1","105","80","0.76"
"2021","(CAH19) language and area studies","(CAH19-04-02) German and Scandinavian studies","Quintile 1","140","110","0.781"
"2022","(CAH19) language and area studies","(CAH19-04-02) German and Scandinavian studies","Quintile 1","90","60","0.646"
"2023","(CAH19) language and area studies","(CAH19-04-02) German and Scandinavian studies","Quintile 1","100","70","0.711"
"2019","(CAH19) language and area studies","(CAH19-04-04) Iberian studies","Quintile 1","445","355","0.796"
"2020","(CAH19) language and area studies","(CAH19-04-04) Iberian studies","Quintile 1","430","335","0.781"
"2021","(CAH19) language and area studies","(CAH19-04-04) Iberian studies","Quintile 1","375","310","0.8230000000000001"
"2022","(CAH19) language and area studies","(CAH19-04-04) Iberian studies","Quintile 1","320","235","0.738"
"2023","(CAH19) language and area studies","(CAH19-04-04) Iberian studies","Quintile 1","315","245","0.785"
"2019","(CAH19) language and area studies","(CAH19-04-03) Italian studies","Quintile 1","60","45","0.766"
"2020","(CAH19) language and area studies","(CAH19-04-03) Italian studies","Quintile 1","40","30","0.735"
"2021","(CAH19) language and area studies","(CAH19-04-03) Italian studies","Quintile 1","45","35","0.767"
"2022","(CAH19) language and area studies","(CAH19-04-03) Italian studies","Quintile 1","30","20","0.672"
"2023","(CAH19) language and area studies","(CAH19-04-03) Italian studies","Quintile 1","30","25","0.842"
"2019","(CAH19) language and area studies","(CAH19-01-07) linguistics","Quintile 1","410","360","0.874"
"2020","(CAH19) language and area studies","(CAH19-01-07) linguistics","Quintile 1","365","315","0.865"
"2021","(CAH19) language and area studies","(CAH19-01-07) linguistics","Quintile 1","385","340","0.889"
"2022","(CAH19) language and area studies","(CAH19-01-07) linguistics","Quintile 1","335","285","0.854"
"2023","(CAH19) language and area studies","(CAH19-01-07) linguistics","Quintile 1","395","345","0.876"
"2019","(CAH19) language and area studies","(CAH19-04-09) others in language and area studies","Quintile 1","565","465","0.8270000000000001"
"2020","(CAH19) language and area studies","(CAH19-04-09) others in language and area studies","Quintile 1","570","485","0.852"
"2021","(CAH19) language and area studies","(CAH19-04-09) others in language and area studies","Quintile 1","600","520","0.865"
"2022","(CAH19) language and area studies","(CAH19-04-09) others in language and area studies","Quintile 1","690","565","0.8180000000000001"
"2023","(CAH19) language and area studies","(CAH19-04-09) others in language and area studies","Quintile 1","615","520","0.842"
"2019","(CAH19) language and area studies","(CAH19-04-05) Slavic studies","Quintile 1","35","20","0.637"
"2020","(CAH19) language and area studies","(CAH19-04-05) Slavic studies","Quintile 1","45","30","0.637"
"2021","(CAH19) language and area studies","(CAH19-04-05) Slavic studies","Quintile 1","55","40","0.705"
"2022","(CAH19) language and area studies","(CAH19-04-05) Slavic studies","Quintile 1","45","25","0.577"
"2023","(CAH19) language and area studies","(CAH19-04-05) Slavic studies","Quintile 1","35","20","0.543"
"2019","(CAH19) language and area studies","(CAH19-02-03) Welsh studies","Quintile 1","25","25","0.927"
"2020","(CAH19) language and area studies","(CAH19-02-03) Welsh studies","Quintile 1","15","15","0.833"
"2021","(CAH19) language and area studies","(CAH19-02-03) Welsh studies","Quintile 1","25","25","0.92"
"2022","(CAH19) language and area studies","(CAH19-02-03) Welsh studies","Quintile 1","20","20","1.008"
"2023","(CAH19) language and area studies","(CAH19-02-03) Welsh studies","Quintile 1","10","10"," "
"2019","(CAH19) language and area studies","(CAH19-02-01) Celtic studies (non-specific)","Quintile 1","10","10"," "
"2020","(CAH19) language and area studies","(CAH19-02-01) Celtic studies (non-specific)","Quintile 1","5","5"," "
"2021","(CAH19) language and area studies","(CAH19-02-01) Celtic studies (non-specific)","Quintile 1","15","10"," "
"2022","(CAH19) language and area studies","(CAH19-02-01) Celtic studies (non-specific)","Quintile 1","10","5"," "
"2023","(CAH19) language and area studies","(CAH19-02-01) Celtic studies (non-specific)","Quintile 1","15","10","0.7000000000000001"
"2019","(CAH19) language and area studies","(CAH19-02-02) Gaelic studies","Quintile 1","5","5"," "
"2021","(CAH19) language and area studies","(CAH19-02-02) Gaelic studies","Quintile 1","5","0"," "
"2019","(CAH19) language and area studies","(CAH19-02-04) others in Celtic studies","Quintile 1","60","60","0.981"
"2020","(CAH19) language and area studies","(CAH19-02-04) others in Celtic studies","Quintile 1","45","45","0.9560000000000001"
"2021","(CAH19) language and area studies","(CAH19-02-04) others in Celtic studies","Quintile 1","30","30","0.967"
"2022","(CAH19) language and area studies","(CAH19-02-04) others in Celtic studies","Quintile 1","30","25","0.791"
"2023","(CAH19) language and area studies","(CAH19-02-04) others in Celtic studies","Quintile 1","25","25","0.903"
"2019","(CAH19) language and area studies","(CAH19-04-06) Asian studies","Quintile 1","540","340","0.625"
"2020","(CAH19) language and area studies","(CAH19-04-06) Asian studies","Quintile 1","540","395","0.733"
"2021","(CAH19) language and area studies","(CAH19-04-06) Asian studies","Quintile 1","540","395","0.736"
"2022","(CAH19) language and area studies","(CAH19-04-06) Asian studies","Quintile 1","540","370","0.687"
"2023","(CAH19) language and area studies","(CAH19-04-06) Asian studies","Quintile 1","455","300","0.658"
"2019","(CAH19) language and area studies","(CAH19-04-07) African and modern Middle Eastern studies","Quintile 1","40","25","0.668"
"2020","(CAH19) language and area studies","(CAH19-04-07) African and modern Middle Eastern studies","Quintile 1","50","25","0.529"
"2021","(CAH19) language and area studies","(CAH19-04-07) African and modern Middle Eastern studies","Quintile 1","45","35","0.794"
"2022","(CAH19) language and area studies","(CAH19-04-07) African and modern Middle Eastern studies","Quintile 1","45","30","0.637"
"2023","(CAH19) language and area studies","(CAH19-04-07) African and modern Middle Eastern studies","Quintile 1","40","25","0.621"
"2019","(CAH24) media, journalism and communications","(CAH24-01-05) media studies","Quintile 1","3350","2815","0.841"
"2020","(CAH24) media, journalism and communications","(CAH24-01-05) media studies","Quintile 1","3660","3115","0.851"
"2021","(CAH24) media, journalism and communications","(CAH24-01-05) media studies","Quintile 1","3690","3205","0.868"
"2022","(CAH24) media, journalism and communications","(CAH24-01-05) media studies","Quintile 1","4120","3455","0.839"
"2023","(CAH24) media, journalism and communications","(CAH24-01-05) media studies","Quintile 1","3915","3260","0.833"
"2019","(CAH24) media, journalism and communications","(CAH24-01-02) publicity studies","Quintile 1","100","85","0.853"
"2020","(CAH24) media, journalism and communications","(CAH24-01-02) publicity studies","Quintile 1","80","75","0.927"
"2021","(CAH24) media, journalism and communications","(CAH24-01-02) publicity studies","Quintile 1","75","65","0.843"
"2022","(CAH24) media, journalism and communications","(CAH24-01-02) publicity studies","Quintile 1","85","75","0.904"
"2023","(CAH24) media, journalism and communications","(CAH24-01-02) publicity studies","Quintile 1","75","60","0.8260000000000001"
"2019","(CAH24) media, journalism and communications","(CAH24-01-01) information services","Quintile 1","25","15","0.607"
"2020","(CAH24) media, journalism and communications","(CAH24-01-01) information services","Quintile 1","20","10","0.617"
"2021","(CAH24) media, journalism and communications","(CAH24-01-01) information services","Quintile 1","30","20","0.628"
"2022","(CAH24) media, journalism and communications","(CAH24-01-01) information services","Quintile 1","30","15","0.556"
"2023","(CAH24) media, journalism and communications","(CAH24-01-01) information services","Quintile 1","30","20","0.642"
"2019","(CAH24) media, journalism and communications","(CAH24-01-04) journalism","Quintile 1","1590","1210","0.76"
"2020","(CAH24) media, journalism and communications","(CAH24-01-04) journalism","Quintile 1","1505","1270","0.843"
"2021","(CAH24) media, journalism and communications","(CAH24-01-04) journalism","Quintile 1","1725","1505","0.874"
"2022","(CAH24) media, journalism and communications","(CAH24-01-04) journalism","Quintile 1","1910","1645","0.861"
"2023","(CAH24) media, journalism and communications","(CAH24-01-04) journalism","Quintile 1","1965","1740","0.886"
"2019","(CAH24) media, journalism and communications","(CAH24-01-03) publishing","Quintile 1","60","55","0.916"
"2020","(CAH24) media, journalism and communications","(CAH24-01-03) publishing","Quintile 1","60","60","0.971"
"2021","(CAH24) media, journalism and communications","(CAH24-01-03) publishing","Quintile 1","55","50","0.911"
"2022","(CAH24) media, journalism and communications","(CAH24-01-03) publishing","Quintile 1","55","50","0.902"
"2023","(CAH24) media, journalism and communications","(CAH24-01-03) publishing","Quintile 1","60","55","0.936"
"2019","(CAH23) combined and general studies","(CAH23-01-04) liberal arts (non-specific)","Quintile 1","120","110","0.911"
"2020","(CAH23) combined and general studies","(CAH23-01-04) liberal arts (non-specific)","Quintile 1","130","120","0.904"
"2021","(CAH23) combined and general studies","(CAH23-01-04) liberal arts (non-specific)","Quintile 1","185","150","0.8240000000000001"
"2022","(CAH23) combined and general studies","(CAH23-01-04) liberal arts (non-specific)","Quintile 1","195","155","0.784"
"2023","(CAH23) combined and general studies","(CAH23-01-04) liberal arts (non-specific)","Quintile 1","210","185","0.885"
"2019","(CAH23) combined and general studies","(CAH23-01-03) humanities (non-specific)","Quintile 1","110","100","0.926"
"2020","(CAH23) combined and general studies","(CAH23-01-03) humanities (non-specific)","Quintile 1","110","100","0.889"
"2021","(CAH23) combined and general studies","(CAH23-01-03) humanities (non-specific)","Quintile 1","75","70","0.9380000000000001"
"2022","(CAH23) combined and general studies","(CAH23-01-03) humanities (non-specific)","Quintile 1","125","105","0.84"
"2023","(CAH23) combined and general studies","(CAH23-01-03) humanities (non-specific)","Quintile 1","120","95","0.783"
"2019","(CAH23) combined and general studies","(CAH23-01-02) personal development","Quintile 1","150","120","0.785"
"2020","(CAH23) combined and general studies","(CAH23-01-02) personal development","Quintile 1","150","115","0.759"
"2021","(CAH23) combined and general studies","(CAH23-01-02) personal development","Quintile 1","160","120","0.757"
"2022","(CAH23) combined and general studies","(CAH23-01-02) personal development","Quintile 1","180","135","0.747"
"2023","(CAH23) combined and general studies","(CAH23-01-02) personal development","Quintile 1","195","160","0.8280000000000001"
"2019","(CAH23) combined and general studies","(CAH23-01-01) combined, general or negotiated studies","Quintile 1","190","140","0.744"
"2020","(CAH23) combined and general studies","(CAH23-01-01) combined, general or negotiated studies","Quintile 1","200","165","0.8280000000000001"
"2021","(CAH23) combined and general studies","(CAH23-01-01) combined, general or negotiated studies","Quintile 1","165","145","0.873"
"2022","(CAH23) combined and general studies","(CAH23-01-01) combined, general or negotiated studies","Quintile 1","165","125","0.758"
"2023","(CAH23) combined and general studies","(CAH23-01-01) combined, general or negotiated studies","Quintile 1","145","125","0.868"
"2019","(CAH17) business and management","(CAH17-01-03) marketing","Quintile 1","2620","2215","0.845"
"2020","(CAH17) business and management","(CAH17-01-03) marketing","Quintile 1","2860","2440","0.853"
"2021","(CAH17) business and management","(CAH17-01-03) marketing","Quintile 1","3325","2825","0.849"
"2022","(CAH17) business and management","(CAH17-01-03) marketing","Quintile 1","3590","3005","0.836"
"2023","(CAH17) business and management","(CAH17-01-03) marketing","Quintile 1","3550","3000","0.845"
"2019","(CAH17) business and management","(CAH17-01-01) business and management (non-specific)","Quintile 1","3095","2605","0.842"
"2020","(CAH17) business and management","(CAH17-01-01) business and management (non-specific)","Quintile 1","3760","3240","0.861"
"2021","(CAH17) business and management","(CAH17-01-01) business and management (non-specific)","Quintile 1","3975","3415","0.859"
"2022","(CAH17) business and management","(CAH17-01-01) business and management (non-specific)","Quintile 1","4390","3725","0.849"
"2023","(CAH17) business and management","(CAH17-01-01) business and management (non-specific)","Quintile 1","4605","3910","0.849"
"2019","(CAH17) business and management","(CAH17-01-02) business studies","Quintile 1","5630","4800","0.852"
"2020","(CAH17) business and management","(CAH17-01-02) business studies","Quintile 1","5855","4950","0.845"
"2021","(CAH17) business and management","(CAH17-01-02) business studies","Quintile 1","5915","4980","0.842"
"2022","(CAH17) business and management","(CAH17-01-02) business studies","Quintile 1","6410","5295","0.8260000000000001"
"2023","(CAH17) business and management","(CAH17-01-02) business studies","Quintile 1","7540","5705","0.757"
"2019","(CAH17) business and management","(CAH17-01-06) tourism, transport and travel","Quintile 1","2800","2445","0.872"
"2020","(CAH17) business and management","(CAH17-01-06) tourism, transport and travel","Quintile 1","2435","2105","0.865"
"2021","(CAH17) business and management","(CAH17-01-06) tourism, transport and travel","Quintile 1","2715","2315","0.852"
"2022","(CAH17) business and management","(CAH17-01-06) tourism, transport and travel","Quintile 1","2390","2045","0.855"
"2023","(CAH17) business and management","(CAH17-01-06) tourism, transport and travel","Quintile 1","2125","1815","0.853"
"2019","(CAH17) business and management","(CAH17-01-05) human resource management","Quintile 1","435","370","0.854"
"2020","(CAH17) business and management","(CAH17-01-05) human resource management","Quintile 1","475","410","0.864"
"2021","(CAH17) business and management","(CAH17-01-05) human resource management","Quintile 1","420","345","0.8260000000000001"
"2022","(CAH17) business and management","(CAH17-01-05) human resource management","Quintile 1","400","345","0.867"
"2023","(CAH17) business and management","(CAH17-01-05) human resource management","Quintile 1","420","350","0.8310000000000001"
"2019","(CAH17) business and management","(CAH17-01-04) management studies","Quintile 1","3320","2445","0.737"
"2020","(CAH17) business and management","(CAH17-01-04) management studies","Quintile 1","3280","2370","0.723"
"2021","(CAH17) business and management","(CAH17-01-04) management studies","Quintile 1","3460","2510","0.725"
"2022","(CAH17) business and management","(CAH17-01-04) management studies","Quintile 1","3735","2460","0.658"
"2023","(CAH17) business and management","(CAH17-01-04) management studies","Quintile 1","3600","2495","0.6940000000000001"
"2019","(CAH17) business and management","(CAH17-01-08) accounting","Quintile 1","3570","2855","0.799"
"2020","(CAH17) business and management","(CAH17-01-08) accounting","Quintile 1","3995","3250","0.8140000000000001"
"2021","(CAH17) business and management","(CAH17-01-08) accounting","Quintile 1","4540","3700","0.8150000000000001"
"2022","(CAH17) business and management","(CAH17-01-08) accounting","Quintile 1","4850","3865","0.797"
"2023","(CAH17) business and management","(CAH17-01-08) accounting","Quintile 1","5025","4030","0.802"
"2019","(CAH17) business and management","(CAH17-01-07) finance","Quintile 1","2460","2035","0.8280000000000001"
"2020","(CAH17) business and management","(CAH17-01-07) finance","Quintile 1","2655","2190","0.8250000000000001"
"2021","(CAH17) business and management","(CAH17-01-07) finance","Quintile 1","2975","2460","0.8270000000000001"
"2022","(CAH17) business and management","(CAH17-01-07) finance","Quintile 1","3430","2665","0.776"
"2023","(CAH17) business and management","(CAH17-01-07) finance","Quintile 1","3660","2925","0.799"
"2019","(CAH17) business and management","(CAH17-01-09) others in business and management","Quintile 1","5","0"," "
"2021","(CAH17) business and management","(CAH17-01-09) others in business and management","Quintile 1","5","0"," "
"2022","(CAH17) business and management","(CAH17-01-09) others in business and management","Quintile 1","5","5"," "
"2023","(CAH17) business and management","(CAH17-01-09) others in business and management","Quintile 1","5","5"," "
"2019","(CAH15) social sciences","(CAH15-03-01) politics","Quintile 1","3290","2810","0.854"
"2020","(CAH15) social sciences","(CAH15-03-01) politics","Quintile 1","3250","2830","0.871"
"2021","(CAH15) social sciences","(CAH15-03-01) politics","Quintile 1","3390","2855","0.843"
"2022","(CAH15) social sciences","(CAH15-03-01) politics","Quintile 1","3460","2855","0.8250000000000001"
"2023","(CAH15) social sciences","(CAH15-03-01) politics","Quintile 1","3670","3010","0.8210000000000001"
"2019","(CAH15) social sciences","(CAH15-01-04) anthropology","Quintile 1","325","260","0.798"
"2020","(CAH15) social sciences","(CAH15-01-04) anthropology","Quintile 1","285","230","0.799"
"2021","(CAH15) social sciences","(CAH15-01-04) anthropology","Quintile 1","335","260","0.78"
"2022","(CAH15) social sciences","(CAH15-01-04) anthropology","Quintile 1","420","315","0.752"
"2023","(CAH15) social sciences","(CAH15-01-04) anthropology","Quintile 1","380","295","0.775"
"2019","(CAH15) social sciences","(CAH15-02-01) economics","Quintile 1","2955","2375","0.804"
"2020","(CAH15) social sciences","(CAH15-02-01) economics","Quintile 1","3260","2630","0.806"
"2021","(CAH15) social sciences","(CAH15-02-01) economics","Quintile 1","3385","2660","0.785"
"2022","(CAH15) social sciences","(CAH15-02-01) economics","Quintile 1","3705","2685","0.725"
"2023","(CAH15) social sciences","(CAH15-02-01) economics","Quintile 1","3955","2955","0.747"
"2019","(CAH15) social sciences","(CAH15-04-02) childhood and youth studies","Quintile 1","2250","1920","0.853"
"2020","(CAH15) social sciences","(CAH15-04-02) childhood and youth studies","Quintile 1","2125","1835","0.864"
"2021","(CAH15) social sciences","(CAH15-04-02) childhood and youth studies","Quintile 1","2135","1890","0.884"
"2022","(CAH15) social sciences","(CAH15-04-02) childhood and youth studies","Quintile 1","2065","1805","0.874"
"2023","(CAH15) social sciences","(CAH15-04-02) childhood and youth studies","Quintile 1","1820","1625","0.893"
"2019","(CAH15) social sciences","(CAH15-04-01) social work","Quintile 1","5770","2405","0.417"
"2020","(CAH15) social sciences","(CAH15-04-01) social work","Quintile 1","5920","2630","0.445"
"2021","(CAH15) social sciences","(CAH15-04-01) social work","Quintile 1","6280","2820","0.449"
"2022","(CAH15) social sciences","(CAH15-04-01) social work","Quintile 1","5980","2645","0.443"
"2023","(CAH15) social sciences","(CAH15-04-01) social work","Quintile 1","4655","2115","0.454"
"2019","(CAH15) social sciences","(CAH15-01-01) social sciences (non-specific)","Quintile 1","655","525","0.802"
"2020","(CAH15) social sciences","(CAH15-01-01) social sciences (non-specific)","Quintile 1","760","640","0.844"
"2021","(CAH15) social sciences","(CAH15-01-01) social sciences (non-specific)","Quintile 1","835","705","0.843"
"2022","(CAH15) social sciences","(CAH15-01-01) social sciences (non-specific)","Quintile 1","805","650","0.811"
"2023","(CAH15) social sciences","(CAH15-01-01) social sciences (non-specific)","Quintile 1","690","595","0.859"
"2019","(CAH15) social sciences","(CAH15-04-03) health studies","Quintile 1","2705","2345","0.867"
"2020","(CAH15) social sciences","(CAH15-04-03) health studies","Quintile 1","2550","2300","0.902"
"2021","(CAH15) social sciences","(CAH15-04-03) health studies","Quintile 1","3355","3075","0.916"
"2022","(CAH15) social sciences","(CAH15-04-03) health studies","Quintile 1","3170","2875","0.907"
"2023","(CAH15) social sciences","(CAH15-04-03) health studies","Quintile 1","2840","2590","0.912"
"2019","(CAH15) social sciences","(CAH15-01-03) social policy","Quintile 1","1180","985","0.833"
"2020","(CAH15) social sciences","(CAH15-01-03) social policy","Quintile 1","1040","860","0.8290000000000001"
"2021","(CAH15) social sciences","(CAH15-01-03) social policy","Quintile 1","1105","875","0.794"
"2022","(CAH15) social sciences","(CAH15-01-03) social policy","Quintile 1","975","690","0.708"
"2023","(CAH15) social sciences","(CAH15-01-03) social policy","Quintile 1","905","725","0.801"
"2019","(CAH15) social sciences","(CAH15-01-02) sociology","Quintile 1","11265","10210","0.906"
"2020","(CAH15) social sciences","(CAH15-01-02) sociology","Quintile 1","11730","10695","0.912"
"2021","(CAH15) social sciences","(CAH15-01-02) sociology","Quintile 1","12500","11160","0.893"
"2022","(CAH15) social sciences","(CAH15-01-02) sociology","Quintile 1","13690","12050","0.88"
"2023","(CAH15) social sciences","(CAH15-01-02) sociology","Quintile 1","12480","11140","0.893"
"2019","(CAH15) social sciences","(CAH15-01-05) development studies","Quintile 1","75","65","0.855"
"2020","(CAH15) social sciences","(CAH15-01-05) development studies","Quintile 1","85","75","0.882"
"2021","(CAH15) social sciences","(CAH15-01-05) development studies","Quintile 1","100","85","0.868"
"2022","(CAH15) social sciences","(CAH15-01-05) development studies","Quintile 1","80","65","0.841"
"2023","(CAH15) social sciences","(CAH15-01-05) development studies","Quintile 1","65","60","0.9510000000000001"
"2019","(CAH15) social sciences","(CAH15-01-06) cultural studies","Quintile 1","75","70","0.905"
"2020","(CAH15) social sciences","(CAH15-01-06) cultural studies","Quintile 1","55","50","0.915"
"2021","(CAH15) social sciences","(CAH15-01-06) cultural studies","Quintile 1","60","50","0.809"
"2022","(CAH15) social sciences","(CAH15-01-06) cultural studies","Quintile 1","55","40","0.75"
"2023","(CAH15) social sciences","(CAH15-01-06) cultural studies","Quintile 1","50","40","0.848"
"2019","(CAH03) biological and sport sciences","(CAH03-02-01) sport and exercise sciences","Quintile 1","9935","8200","0.8260000000000001"
"2020","(CAH03) biological and sport sciences","(CAH03-02-01) sport and exercise sciences","Quintile 1","10010","8325","0.8320000000000001"
"2021","(CAH03) biological and sport sciences","(CAH03-02-01) sport and exercise sciences","Quintile 1","10675","8895","0.833"
"2022","(CAH03) biological and sport sciences","(CAH03-02-01) sport and exercise sciences","Quintile 1","11845","9575","0.808"
"2023","(CAH03) biological and sport sciences","(CAH03-02-01) sport and exercise sciences","Quintile 1","10525","8640","0.8210000000000001"
"2019","(CAH03) biological and sport sciences","(CAH03-01-07) genetics","Quintile 1","165","135","0.805"
"2020","(CAH03) biological and sport sciences","(CAH03-01-07) genetics","Quintile 1","125","110","0.867"
"2021","(CAH03) biological and sport sciences","(CAH03-01-07) genetics","Quintile 1","160","140","0.887"
"2022","(CAH03) biological and sport sciences","(CAH03-01-07) genetics","Quintile 1","185","160","0.871"
"2023","(CAH03) biological and sport sciences","(CAH03-01-07) genetics","Quintile 1","100","90","0.893"
"2019","(CAH03) biological and sport sciences","(CAH03-01-10) others in biosciences","Quintile 1","265","225","0.847"
"2020","(CAH03) biological and sport sciences","(CAH03-01-10) others in biosciences","Quintile 1","310","260","0.836"
"2021","(CAH03) biological and sport sciences","(CAH03-01-10) others in biosciences","Quintile 1","310","260","0.836"
"2022","(CAH03) biological and sport sciences","(CAH03-01-10) others in biosciences","Quintile 1","360","310","0.866"
"2023","(CAH03) biological and sport sciences","(CAH03-01-10) others in biosciences","Quintile 1","320","270","0.844"
"2019","(CAH03) biological and sport sciences","(CAH03-01-08) molecular biology, biophysics and biochemistry","Quintile 1","1690","1460","0.865"
"2020","(CAH03) biological and sport sciences","(CAH03-01-08) molecular biology, biophysics and biochemistry","Quintile 1","1365","1180","0.863"
"2021","(CAH03) biological and sport sciences","(CAH03-01-08) molecular biology, biophysics and biochemistry","Quintile 1","1480","1300","0.879"
"2022","(CAH03) biological and sport sciences","(CAH03-01-08) molecular biology, biophysics and biochemistry","Quintile 1","1540","1265","0.8230000000000001"
"2023","(CAH03) biological and sport sciences","(CAH03-01-08) molecular biology, biophysics and biochemistry","Quintile 1","1625","1345","0.8270000000000001"
"2019","(CAH03) biological and sport sciences","(CAH03-01-01) biosciences (non-specific)","Quintile 1","1140","930","0.8150000000000001"
"2020","(CAH03) biological and sport sciences","(CAH03-01-01) biosciences (non-specific)","Quintile 1","1270","1065","0.84"
"2021","(CAH03) biological and sport sciences","(CAH03-01-01) biosciences (non-specific)","Quintile 1","1425","1210","0.85"
"2022","(CAH03) biological and sport sciences","(CAH03-01-01) biosciences (non-specific)","Quintile 1","1405","1140","0.811"
"2023","(CAH03) biological and sport sciences","(CAH03-01-01) biosciences (non-specific)","Quintile 1","1365","1165","0.853"
"2019","(CAH03) biological and sport sciences","(CAH03-01-02) biology (non-specific)","Quintile 1","2130","1795","0.842"
"2020","(CAH03) biological and sport sciences","(CAH03-01-02) biology (non-specific)","Quintile 1","2000","1710","0.856"
"2021","(CAH03) biological and sport sciences","(CAH03-01-02) biology (non-specific)","Quintile 1","1750","1545","0.882"
"2022","(CAH03) biological and sport sciences","(CAH03-01-02) biology (non-specific)","Quintile 1","1845","1530","0.8300000000000001"
"2023","(CAH03) biological and sport sciences","(CAH03-01-02) biology (non-specific)","Quintile 1","1885","1600","0.848"
"2019","(CAH03) biological and sport sciences","(CAH03-01-03) ecology and environmental biology","Quintile 1","870","765","0.878"
"2020","(CAH03) biological and sport sciences","(CAH03-01-03) ecology and environmental biology","Quintile 1","910","795","0.873"
"2021","(CAH03) biological and sport sciences","(CAH03-01-03) ecology and environmental biology","Quintile 1","1080","970","0.899"
"2022","(CAH03) biological and sport sciences","(CAH03-01-03) ecology and environmental biology","Quintile 1","1195","1040","0.868"
"2023","(CAH03) biological and sport sciences","(CAH03-01-03) ecology and environmental biology","Quintile 1","1045","905","0.865"
"2019","(CAH03) biological and sport sciences","(CAH03-01-04) microbiology and cell science","Quintile 1","430","375","0.877"
"2020","(CAH03) biological and sport sciences","(CAH03-01-04) microbiology and cell science","Quintile 1","390","325","0.8320000000000001"
"2021","(CAH03) biological and sport sciences","(CAH03-01-04) microbiology and cell science","Quintile 1","420","345","0.8250000000000001"
"2022","(CAH03) biological and sport sciences","(CAH03-01-04) microbiology and cell science","Quintile 1","410","345","0.845"
"2023","(CAH03) biological and sport sciences","(CAH03-01-04) microbiology and cell science","Quintile 1","425","365","0.861"
"2019","(CAH03) biological and sport sciences","(CAH03-01-05) plant sciences","Quintile 1","10","5"," "
"2020","(CAH03) biological and sport sciences","(CAH03-01-05) plant sciences","Quintile 1","25","15","0.599"
"2021","(CAH03) biological and sport sciences","(CAH03-01-05) plant sciences","Quintile 1","25","15","0.666"
"2022","(CAH03) biological and sport sciences","(CAH03-01-05) plant sciences","Quintile 1","25","20","0.78"
"2023","(CAH03) biological and sport sciences","(CAH03-01-05) plant sciences","Quintile 1","40","30","0.6950000000000001"
"2019","(CAH03) biological and sport sciences","(CAH03-01-06) zoology","Quintile 1","1210","945","0.782"
"2020","(CAH03) biological and sport sciences","(CAH03-01-06) zoology","Quintile 1","1085","885","0.8160000000000001"
"2021","(CAH03) biological and sport sciences","(CAH03-01-06) zoology","Quintile 1","1220","935","0.768"
"2022","(CAH03) biological and sport sciences","(CAH03-01-06) zoology","Quintile 1","1490","1195","0.802"
"2023","(CAH03) biological and sport sciences","(CAH03-01-06) zoology","Quintile 1","1250","1010","0.809"
"2019","(CAH03) biological and sport sciences","(CAH03-01-09) hair and beauty sciences","Quintile 1","20","10","0.508"
"2020","(CAH03) biological and sport sciences","(CAH03-01-09) hair and beauty sciences","Quintile 1","35","20","0.633"
"2021","(CAH03) biological and sport sciences","(CAH03-01-09) hair and beauty sciences","Quintile 1","35","20","0.6"
"2022","(CAH03) biological and sport sciences","(CAH03-01-09) hair and beauty sciences","Quintile 1","5","5"," "
"2023","(CAH03) biological and sport sciences","(CAH03-01-09) hair and beauty sciences","Quintile 1","5","5"," "
"2019","(CAH13) architecture, building and planning","(CAH13-01-01) architecture","Quintile 1","1945","1245","0.639"
"2020","(CAH13) architecture, building and planning","(CAH13-01-01) architecture","Quintile 1","2215","1390","0.628"
"2021","(CAH13) architecture, building and planning","(CAH13-01-01) architecture","Quintile 1","2375","1535","0.646"
"2022","(CAH13) architecture, building and planning","(CAH13-01-01) architecture","Quintile 1","2990","1835","0.613"
"2023","(CAH13) architecture, building and planning","(CAH13-01-01) architecture","Quintile 1","2875","1820","0.632"
"2019","(CAH13) architecture, building and planning","(CAH13-01-03) landscape design","Quintile 1","25","20","0.788"
"2020","(CAH13) architecture, building and planning","(CAH13-01-03) landscape design","Quintile 1","40","25","0.586"
"2021","(CAH13) architecture, building and planning","(CAH13-01-03) landscape design","Quintile 1","45","25","0.518"
"2022","(CAH13) architecture, building and planning","(CAH13-01-03) landscape design","Quintile 1","60","40","0.6880000000000001"
"2023","(CAH13) architecture, building and planning","(CAH13-01-03) landscape design","Quintile 1","45","25","0.553"
"2019","(CAH13) architecture, building and planning","(CAH13-01-02) building","Quintile 1","1010","845","0.836"
"2020","(CAH13) architecture, building and planning","(CAH13-01-02) building","Quintile 1","1095","960","0.877"
"2021","(CAH13) architecture, building and planning","(CAH13-01-02) building","Quintile 1","1225","1060","0.865"
"2022","(CAH13) architecture, building and planning","(CAH13-01-02) building","Quintile 1","1300","1160","0.892"
"2023","(CAH13) architecture, building and planning","(CAH13-01-02) building","Quintile 1","1235","1065","0.864"
"2019","(CAH13) architecture, building and planning","(CAH13-01-04) planning (urban, rural and regional)","Quintile 1","270","230","0.854"
"2020","(CAH13) architecture, building and planning","(CAH13-01-04) planning (urban, rural and regional)","Quintile 1","275","240","0.867"
"2021","(CAH13) architecture, building and planning","(CAH13-01-04) planning (urban, rural and regional)","Quintile 1","275","235","0.849"
"2022","(CAH13) architecture, building and planning","(CAH13-01-04) planning (urban, rural and regional)","Quintile 1","350","290","0.8290000000000001"
"2023","(CAH13) architecture, building and planning","(CAH13-01-04) planning (urban, rural and regional)","Quintile 1","260","195","0.755"
"2019","(CAH01) medicine and dentistry","(CAH01-01-03) medicine by specialism","Quintile 1","95","50","0.537"
"2020","(CAH01) medicine and dentistry","(CAH01-01-03) medicine by specialism","Quintile 1","100","60","0.58"
"2021","(CAH01) medicine and dentistry","(CAH01-01-03) medicine by specialism","Quintile 1","130","50","0.396"
"2022","(CAH01) medicine and dentistry","(CAH01-01-03) medicine by specialism","Quintile 1","165","75","0.461"
"2023","(CAH01) medicine and dentistry","(CAH01-01-03) medicine by specialism","Quintile 1","115","60","0.522"
"2019","(CAH01) medicine and dentistry","(CAH01-01-04) dentistry","Quintile 1","1140","215","0.187"
"2020","(CAH01) medicine and dentistry","(CAH01-01-04) dentistry","Quintile 1","1290","220","0.17"
"2021","(CAH01) medicine and dentistry","(CAH01-01-04) dentistry","Quintile 1","1440","230","0.161"
"2022","(CAH01) medicine and dentistry","(CAH01-01-04) dentistry","Quintile 1","1765","145","0.083"
"2023","(CAH01) medicine and dentistry","(CAH01-01-04) dentistry","Quintile 1","2340","195","0.084"
"2019","(CAH01) medicine and dentistry","(CAH01-01-02) medicine (non-specific)","Quintile 1","5465","1345","0.246"
"2020","(CAH01) medicine and dentistry","(CAH01-01-02) medicine (non-specific)","Quintile 1","6080","1515","0.249"
"2021","(CAH01) medicine and dentistry","(CAH01-01-02) medicine (non-specific)","Quintile 1","7935","1610","0.203"
"2022","(CAH01) medicine and dentistry","(CAH01-01-02) medicine (non-specific)","Quintile 1","8540","1195","0.14"
"2023","(CAH01) medicine and dentistry","(CAH01-01-02) medicine (non-specific)","Quintile 1","7770","1405","0.181"
"2019","(CAH01) medicine and dentistry","(CAH01-01-01) medical sciences (non-specific)","Quintile 1","200","170","0.85"
"2020","(CAH01) medicine and dentistry","(CAH01-01-01) medical sciences (non-specific)","Quintile 1","215","185","0.864"
"2021","(CAH01) medicine and dentistry","(CAH01-01-01) medical sciences (non-specific)","Quintile 1","200","150","0.761"
"2022","(CAH01) medicine and dentistry","(CAH01-01-01) medical sciences (non-specific)","Quintile 1","265","155","0.589"
"2023","(CAH01) medicine and dentistry","(CAH01-01-01) medical sciences (non-specific)","Quintile 1","280","205","0.737"
"2019","(CAH20) historical, philosophical and religious studies","(CAH20-01-01) history","Quintile 1","4670","4210","0.901"
"2020","(CAH20) historical, philosophical and religious studies","(CAH20-01-01) history","Quintile 1","4105","3675","0.895"
"2021","(CAH20) historical, philosophical and religious studies","(CAH20-01-01) history","Quintile 1","4100","3675","0.896"
"2022","(CAH20) historical, philosophical and religious studies","(CAH20-01-01) history","Quintile 1","4210","3685","0.875"
"2023","(CAH20) historical, philosophical and religious studies","(CAH20-01-01) history","Quintile 1","4250","3790","0.891"
"2019","(CAH20) historical, philosophical and religious studies","(CAH20-01-03) archaeology","Quintile 1","410","355","0.867"
"2020","(CAH20) historical, philosophical and religious studies","(CAH20-01-03) archaeology","Quintile 1","400","350","0.871"
"2021","(CAH20) historical, philosophical and religious studies","(CAH20-01-03) archaeology","Quintile 1","375","320","0.853"
"2022","(CAH20) historical, philosophical and religious studies","(CAH20-01-03) archaeology","Quintile 1","485","405","0.8320000000000001"
"2023","(CAH20) historical, philosophical and religious studies","(CAH20-01-03) archaeology","Quintile 1","530","460","0.864"
"2019","(CAH20) historical, philosophical and religious studies","(CAH20-01-05) classics","Quintile 1","375","325","0.873"
"2020","(CAH20) historical, philosophical and religious studies","(CAH20-01-05) classics","Quintile 1","355","310","0.87"
"2021","(CAH20) historical, philosophical and religious studies","(CAH20-01-05) classics","Quintile 1","330","290","0.876"
"2022","(CAH20) historical, philosophical and religious studies","(CAH20-01-05) classics","Quintile 1","485","405","0.8310000000000001"
"2023","(CAH20) historical, philosophical and religious studies","(CAH20-01-05) classics","Quintile 1","515","435","0.845"
"2019","(CAH20) historical, philosophical and religious studies","(CAH20-01-02) history of art, architecture and design","Quintile 1","250","185","0.745"
"2020","(CAH20) historical, philosophical and religious studies","(CAH20-01-02) history of art, architecture and design","Quintile 1","250","175","0.6990000000000001"
"2021","(CAH20) historical, philosophical and religious studies","(CAH20-01-02) history of art, architecture and design","Quintile 1","265","195","0.742"
"2022","(CAH20) historical, philosophical and religious studies","(CAH20-01-02) history of art, architecture and design","Quintile 1","260","180","0.6900000000000001"
"2023","(CAH20) historical, philosophical and religious studies","(CAH20-01-02) history of art, architecture and design","Quintile 1","295","220","0.743"
"2019","(CAH20) historical, philosophical and religious studies","(CAH20-02-01) philosophy","Quintile 1","1095","915","0.834"
"2020","(CAH20) historical, philosophical and religious studies","(CAH20-02-01) philosophy","Quintile 1","1000","840","0.841"
"2021","(CAH20) historical, philosophical and religious studies","(CAH20-02-01) philosophy","Quintile 1","1050","865","0.8240000000000001"
"2022","(CAH20) historical, philosophical and religious studies","(CAH20-02-01) philosophy","Quintile 1","1280","1040","0.812"
"2023","(CAH20) historical, philosophical and religious studies","(CAH20-02-01) philosophy","Quintile 1","1240","1000","0.806"
"2019","(CAH20) historical, philosophical and religious studies","(CAH20-02-02) theology and religious studies","Quintile 1","390","340","0.866"
"2020","(CAH20) historical, philosophical and religious studies","(CAH20-02-02) theology and religious studies","Quintile 1","315","275","0.88"
"2021","(CAH20) historical, philosophical and religious studies","(CAH20-02-02) theology and religious studies","Quintile 1","315","275","0.871"
"2022","(CAH20) historical, philosophical and religious studies","(CAH20-02-02) theology and religious studies","Quintile 1","345","295","0.852"
"2023","(CAH20) historical, philosophical and religious studies","(CAH20-02-02) theology and religious studies","Quintile 1","305","260","0.848"
"2019","(CAH20) historical, philosophical and religious studies","(CAH20-01-04) heritage studies","Quintile 1","15","10","0.797"
"2020","(CAH20) historical, philosophical and religious studies","(CAH20-01-04) heritage studies","Quintile 1","15","10","0.677"
"2021","(CAH20) historical, philosophical and religious studies","(CAH20-01-04) heritage studies","Quintile 1","10","10","1.1"
"2022","(CAH20) historical, philosophical and religious studies","(CAH20-01-04) heritage studies","Quintile 1","15","15","1.045"
"2023","(CAH20) historical, philosophical and religious studies","(CAH20-01-04) heritage studies","Quintile 1","20","15","0.66"
"2019","(CAH11) computing","(CAH11-01-08) others in computing","Quintile 1","605","535","0.882"
"2020","(CAH11) computing","(CAH11-01-08) others in computing","Quintile 1","580","500","0.861"
"2021","(CAH11) computing","(CAH11-01-08) others in computing","Quintile 1","530","465","0.879"
"2022","(CAH11) computing","(CAH11-01-08) others in computing","Quintile 1","640","525","0.8200000000000001"
"2023","(CAH11) computing","(CAH11-01-08) others in computing","Quintile 1","660","545","0.8270000000000001"
"2019","(CAH11) computing","(CAH11-01-05) artificial intelligence","Quintile 1","170","110","0.633"
"2020","(CAH11) computing","(CAH11-01-05) artificial intelligence","Quintile 1","210","160","0.765"
"2021","(CAH11) computing","(CAH11-01-05) artificial intelligence","Quintile 1","255","180","0.707"
"2022","(CAH11) computing","(CAH11-01-05) artificial intelligence","Quintile 1","340","205","0.606"
"2023","(CAH11) computing","(CAH11-01-05) artificial intelligence","Quintile 1","380","275","0.73"
"2019","(CAH11) computing","(CAH11-01-07) business computing","Quintile 1","440","365","0.8240000000000001"
"2020","(CAH11) computing","(CAH11-01-07) business computing","Quintile 1","390","335","0.859"
"2021","(CAH11) computing","(CAH11-01-07) business computing","Quintile 1","395","360","0.908"
"2022","(CAH11) computing","(CAH11-01-07) business computing","Quintile 1","405","340","0.842"
"2023","(CAH11) computing","(CAH11-01-07) business computing","Quintile 1","385","315","0.8200000000000001"
"2019","(CAH11) computing","(CAH11-01-06) computer games and animation","Quintile 1","3465","2730","0.788"
"2020","(CAH11) computing","(CAH11-01-06) computer games and animation","Quintile 1","3480","2745","0.789"
"2021","(CAH11) computing","(CAH11-01-06) computer games and animation","Quintile 1","3445","2815","0.8170000000000001"
"2022","(CAH11) computing","(CAH11-01-06) computer games and animation","Quintile 1","4410","3435","0.778"
"2023","(CAH11) computing","(CAH11-01-06) computer games and animation","Quintile 1","4480","3625","0.809"
"2019","(CAH11) computing","(CAH11-01-01) computer science","Quintile 1","7425","5765","0.776"
"2020","(CAH11) computing","(CAH11-01-01) computer science","Quintile 1","7455","5840","0.784"
"2021","(CAH11) computing","(CAH11-01-01) computer science","Quintile 1","7310","5665","0.775"
"2022","(CAH11) computing","(CAH11-01-01) computer science","Quintile 1","9210","6740","0.732"
"2023","(CAH11) computing","(CAH11-01-01) computer science","Quintile 1","9675","7110","0.735"
"2019","(CAH11) computing","(CAH11-01-02) information technology","Quintile 1","510","425","0.838"
"2020","(CAH11) computing","(CAH11-01-02) information technology","Quintile 1","415","345","0.833"
"2021","(CAH11) computing","(CAH11-01-02) information technology","Quintile 1","400","355","0.882"
"2022","(CAH11) computing","(CAH11-01-02) information technology","Quintile 1","395","345","0.868"
"2023","(CAH11) computing","(CAH11-01-02) information technology","Quintile 1","390","330","0.845"
"2019","(CAH11) computing","(CAH11-01-03) information systems","Quintile 1","380","320","0.844"
"2020","(CAH11) computing","(CAH11-01-03) information systems","Quintile 1","395","350","0.891"
"2021","(CAH11) computing","(CAH11-01-03) information systems","Quintile 1","365","325","0.894"
"2022","(CAH11) computing","(CAH11-01-03) information systems","Quintile 1","335","300","0.892"
"2023","(CAH11) computing","(CAH11-01-03) information systems","Quintile 1","370","315","0.855"
"2019","(CAH11) computing","(CAH11-01-04) software engineering","Quintile 1","2015","1700","0.844"
"2020","(CAH11) computing","(CAH11-01-04) software engineering","Quintile 1","1920","1670","0.87"
"2021","(CAH11) computing","(CAH11-01-04) software engineering","Quintile 1","2205","1915","0.869"
"2022","(CAH11) computing","(CAH11-01-04) software engineering","Quintile 1","2605","2180","0.838"
"2023","(CAH11) computing","(CAH11-01-04) software engineering","Quintile 1","2975","2485","0.835"
"2019","(CAH26) geography, earth and environmental studies","(CAH26-01-06) earth sciences","Quintile 1","565","460","0.812"
"2020","(CAH26) geography, earth and environmental studies","(CAH26-01-06) earth sciences","Quintile 1","590","455","0.769"
"2021","(CAH26) geography, earth and environmental studies","(CAH26-01-06) earth sciences","Quintile 1","540","435","0.81"
"2022","(CAH26) geography, earth and environmental studies","(CAH26-01-06) earth sciences","Quintile 1","695","565","0.8160000000000001"
"2023","(CAH26) geography, earth and environmental studies","(CAH26-01-06) earth sciences","Quintile 1","595","480","0.809"
"2019","(CAH26) geography, earth and environmental studies","(CAH26-01-04) environmental sciences","Quintile 1","380","335","0.884"
"2020","(CAH26) geography, earth and environmental studies","(CAH26-01-04) environmental sciences","Quintile 1","515","445","0.863"
"2021","(CAH26) geography, earth and environmental studies","(CAH26-01-04) environmental sciences","Quintile 1","505","455","0.896"
"2022","(CAH26) geography, earth and environmental studies","(CAH26-01-04) environmental sciences","Quintile 1","600","530","0.881"
"2023","(CAH26) geography, earth and environmental studies","(CAH26-01-04) environmental sciences","Quintile 1","560","520","0.927"
"2019","(CAH26) geography, earth and environmental studies","(CAH26-01-02) physical geographical sciences","Quintile 1","675","625","0.929"
"2020","(CAH26) geography, earth and environmental studies","(CAH26-01-02) physical geographical sciences","Quintile 1","805","735","0.912"
"2021","(CAH26) geography, earth and environmental studies","(CAH26-01-02) physical geographical sciences","Quintile 1","845","775","0.916"
"2022","(CAH26) geography, earth and environmental studies","(CAH26-01-02) physical geographical sciences","Quintile 1","940","835","0.89"
"2023","(CAH26) geography, earth and environmental studies","(CAH26-01-02) physical geographical sciences","Quintile 1","875","800","0.915"
"2019","(CAH26) geography, earth and environmental studies","(CAH26-01-01) geography (non-specific)","Quintile 1","390","365","0.931"
"2020","(CAH26) geography, earth and environmental studies","(CAH26-01-01) geography (non-specific)","Quintile 1","470","435","0.925"
"2021","(CAH26) geography, earth and environmental studies","(CAH26-01-01) geography (non-specific)","Quintile 1","375","350","0.9390000000000001"
"2022","(CAH26) geography, earth and environmental studies","(CAH26-01-01) geography (non-specific)","Quintile 1","450","415","0.921"
"2023","(CAH26) geography, earth and environmental studies","(CAH26-01-01) geography (non-specific)","Quintile 1","410","375","0.91"
"2019","(CAH26) geography, earth and environmental studies","(CAH26-01-03) human geography","Quintile 1","735","675","0.92"
"2020","(CAH26) geography, earth and environmental studies","(CAH26-01-03) human geography","Quintile 1","760","690","0.907"
"2021","(CAH26) geography, earth and environmental studies","(CAH26-01-03) human geography","Quintile 1","815","745","0.913"
"2022","(CAH26) geography, earth and environmental studies","(CAH26-01-03) human geography","Quintile 1","850","765","0.898"
"2023","(CAH26) geography, earth and environmental studies","(CAH26-01-03) human geography","Quintile 1","860","780","0.906"
"2019","(CAH07) physical sciences","(CAH07-04-02) forensic and archaeological sciences","Quintile 1","1810","1655","0.914"
"2020","(CAH07) physical sciences","(CAH07-04-02) forensic and archaeological sciences","Quintile 1","1800","1650","0.915"
"2021","(CAH07) physical sciences","(CAH07-04-02) forensic and archaeological sciences","Quintile 1","1995","1840","0.922"
"2022","(CAH07) physical sciences","(CAH07-04-02) forensic and archaeological sciences","Quintile 1","2000","1810","0.906"
"2023","(CAH07) physical sciences","(CAH07-04-02) forensic and archaeological sciences","Quintile 1","1905","1690","0.888"
"2019","(CAH07) physical sciences","(CAH07-04-03) sciences (non-specific)","Quintile 1","155","125","0.8210000000000001"
"2020","(CAH07) physical sciences","(CAH07-04-03) sciences (non-specific)","Quintile 1","255","215","0.834"
"2021","(CAH07) physical sciences","(CAH07-04-03) sciences (non-specific)","Quintile 1","235","180","0.766"
"2022","(CAH07) physical sciences","(CAH07-04-03) sciences (non-specific)","Quintile 1","350","250","0.715"
"2023","(CAH07) physical sciences","(CAH07-04-03) sciences (non-specific)","Quintile 1","390","260","0.663"
"2019","(CAH07) physical sciences","(CAH07-04-04) natural sciences (non-specific)","Quintile 1","160","145","0.894"
"2020","(CAH07) physical sciences","(CAH07-04-04) natural sciences (non-specific)","Quintile 1","200","175","0.865"
"2021","(CAH07) physical sciences","(CAH07-04-04) natural sciences (non-specific)","Quintile 1","165","155","0.933"
"2022","(CAH07) physical sciences","(CAH07-04-04) natural sciences (non-specific)","Quintile 1","180","165","0.914"
"2023","(CAH07) physical sciences","(CAH07-04-04) natural sciences (non-specific)","Quintile 1","105","90","0.88"
"2019","(CAH07) physical sciences","(CAH07-02-01) chemistry","Quintile 1","2435","2135","0.876"
"2020","(CAH07) physical sciences","(CAH07-02-01) chemistry","Quintile 1","2295","1965","0.856"
"2021","(CAH07) physical sciences","(CAH07-02-01) chemistry","Quintile 1","2040","1765","0.865"
"2022","(CAH07) physical sciences","(CAH07-02-01) chemistry","Quintile 1","2065","1825","0.883"
"2023","(CAH07) physical sciences","(CAH07-02-01) chemistry","Quintile 1","2200","1925","0.876"
"2019","(CAH07) physical sciences","(CAH07-01-02) astronomy","Quintile 1","330","255","0.775"
"2020","(CAH07) physical sciences","(CAH07-01-02) astronomy","Quintile 1","345","275","0.799"
"2021","(CAH07) physical sciences","(CAH07-01-02) astronomy","Quintile 1","360","300","0.8290000000000001"
"2022","(CAH07) physical sciences","(CAH07-01-02) astronomy","Quintile 1","475","365","0.767"
"2023","(CAH07) physical sciences","(CAH07-01-02) astronomy","Quintile 1","380","305","0.8"
"2019","(CAH07) physical sciences","(CAH07-01-01) physics","Quintile 1","2180","1710","0.784"
"2020","(CAH07) physical sciences","(CAH07-01-01) physics","Quintile 1","2090","1640","0.785"
"2021","(CAH07) physical sciences","(CAH07-01-01) physics","Quintile 1","2030","1665","0.8190000000000001"
"2022","(CAH07) physical sciences","(CAH07-01-01) physics","Quintile 1","2015","1600","0.793"
"2023","(CAH07) physical sciences","(CAH07-01-01) physics","Quintile 1","1775","1410","0.793"
"2019","(CAH07) physical sciences","(CAH07-04-01) physical sciences (non-specific)","Quintile 1","85","30","0.328"
"2020","(CAH07) physical sciences","(CAH07-04-01) physical sciences (non-specific)","Quintile 1","20","10"," "
"2021","(CAH07) physical sciences","(CAH07-04-01) physical sciences (non-specific)","Quintile 1","30","10","0.382"
"2022","(CAH07) physical sciences","(CAH07-04-01) physical sciences (non-specific)","Quintile 1","35","15","0.493"
"2023","(CAH07) physical sciences","(CAH07-04-01) physical sciences (non-specific)","Quintile 1","45","25","0.5720000000000001"
"2019","(CAH04) psychology","(CAH04-01-02) applied psychology","Quintile 1","1635","1465","0.896"
"2020","(CAH04) psychology","(CAH04-01-02) applied psychology","Quintile 1","1655","1470","0.889"
"2021","(CAH04) psychology","(CAH04-01-02) applied psychology","Quintile 1","1865","1660","0.89"
"2022","(CAH04) psychology","(CAH04-01-02) applied psychology","Quintile 1","2160","1890","0.875"
"2023","(CAH04) psychology","(CAH04-01-02) applied psychology","Quintile 1","2060","1805","0.876"
"2019","(CAH04) psychology","(CAH04-01-04) psychology and health","Quintile 1","135","125","0.925"
"2020","(CAH04) psychology","(CAH04-01-04) psychology and health","Quintile 1","130","120","0.917"
"2021","(CAH04) psychology","(CAH04-01-04) psychology and health","Quintile 1","195","180","0.935"
"2022","(CAH04) psychology","(CAH04-01-04) psychology and health","Quintile 1","195","180","0.928"
"2023","(CAH04) psychology","(CAH04-01-04) psychology and health","Quintile 1","175","145","0.843"
"2019","(CAH04) psychology","(CAH04-01-03) developmental psychology","Quintile 1","220","190","0.862"
"2020","(CAH04) psychology","(CAH04-01-03) developmental psychology","Quintile 1","255","220","0.87"
"2021","(CAH04) psychology","(CAH04-01-03) developmental psychology","Quintile 1","320","275","0.866"
"2022","(CAH04) psychology","(CAH04-01-03) developmental psychology","Quintile 1","350","300","0.862"
"2023","(CAH04) psychology","(CAH04-01-03) developmental psychology","Quintile 1","350","290","0.8310000000000001"
"2019","(CAH04) psychology","(CAH04-01-01) psychology (non-specific)","Quintile 1","12995","11160","0.859"
"2020","(CAH04) psychology","(CAH04-01-01) psychology (non-specific)","Quintile 1","12885","11075","0.86"
"2021","(CAH04) psychology","(CAH04-01-01) psychology (non-specific)","Quintile 1","13665","11525","0.843"
"2022","(CAH04) psychology","(CAH04-01-01) psychology (non-specific)","Quintile 1","14605","11915","0.8160000000000001"
"2023","(CAH04) psychology","(CAH04-01-01) psychology (non-specific)","Quintile 1","14630","11985","0.8190000000000001"
"2019","(CAH04) psychology","(CAH04-01-05) others in psychology","Quintile 1","255","220","0.853"
"2020","(CAH04) psychology","(CAH04-01-05) others in psychology","Quintile 1","215","180","0.8310000000000001"
"2021","(CAH04) psychology","(CAH04-01-05) others in psychology","Quintile 1","210","180","0.859"
"2022","(CAH04) psychology","(CAH04-01-05) others in psychology","Quintile 1","225","180","0.799"
"2023","(CAH04) psychology","(CAH04-01-05) others in psychology","Quintile 1","180","150","0.841"
"2019","(CAH09) mathematical sciences","(CAH09-01-01) mathematics","Quintile 1","3095","2590","0.837"
"2020","(CAH09) mathematical sciences","(CAH09-01-01) mathematics","Quintile 1","3195","2670","0.836"
"2021","(CAH09) mathematical sciences","(CAH09-01-01) mathematics","Quintile 1","3225","2650","0.8220000000000001"
"2022","(CAH09) mathematical sciences","(CAH09-01-01) mathematics","Quintile 1","3140","2530","0.806"
"2023","(CAH09) mathematical sciences","(CAH09-01-01) mathematics","Quintile 1","2930","2360","0.806"
"2019","(CAH09) mathematical sciences","(CAH09-01-02) operational research","Quintile 1","10","5"," "
"2020","(CAH09) mathematical sciences","(CAH09-01-02) operational research","Quintile 1","5","5"," "
"2021","(CAH09) mathematical sciences","(CAH09-01-02) operational research","Quintile 1","5","5"," "
"2022","(CAH09) mathematical sciences","(CAH09-01-02) operational research","Quintile 1","5","5"," "
"2023","(CAH09) mathematical sciences","(CAH09-01-02) operational research","Quintile 1","10","5"," "
"2019","(CAH09) mathematical sciences","(CAH09-01-03) statistics","Quintile 1","75","60","0.8130000000000001"
"2020","(CAH09) mathematical sciences","(CAH09-01-03) statistics","Quintile 1","80","65","0.8310000000000001"
"2021","(CAH09) mathematical sciences","(CAH09-01-03) statistics","Quintile 1","115","85","0.751"
"2022","(CAH09) mathematical sciences","(CAH09-01-03) statistics","Quintile 1","120","90","0.73"
"2023","(CAH09) mathematical sciences","(CAH09-01-03) statistics","Quintile 1","130","90","0.6930000000000001"
"2019","(CAH22) education and teaching","(CAH22-01-01) education","Quintile 1","3725","3220","0.864"
"2020","(CAH22) education and teaching","(CAH22-01-01) education","Quintile 1","3455","2905","0.841"
"2021","(CAH22) education and teaching","(CAH22-01-01) education","Quintile 1","3730","3225","0.865"
"2022","(CAH22) education and teaching","(CAH22-01-01) education","Quintile 1","4095","3465","0.846"
"2023","(CAH22) education and teaching","(CAH22-01-01) education","Quintile 1","3560","2990","0.84"
"2019","(CAH22) education and teaching","(CAH22-01-02) teacher training","Quintile 1","5320","2385","0.448"
"2020","(CAH22) education and teaching","(CAH22-01-02) teacher training","Quintile 1","5295","2450","0.462"
"2021","(CAH22) education and teaching","(CAH22-01-02) teacher training","Quintile 1","6275","3210","0.511"
"2022","(CAH22) education and teaching","(CAH22-01-02) teacher training","Quintile 1","6635","3110","0.46900000000000003"
"2023","(CAH22) education and teaching","(CAH22-01-02) teacher training","Quintile 1","5445","2485","0.457"
"2019","(CAH06) agriculture, food and related studies","(CAH06-01-04) rural estate management","Quintile 1","30","30","0.973"
"2020","(CAH06) agriculture, food and related studies","(CAH06-01-04) rural estate management","Quintile 1","40","35","0.905"
"2021","(CAH06) agriculture, food and related studies","(CAH06-01-04) rural estate management","Quintile 1","40","35","0.8290000000000001"
"2022","(CAH06) agriculture, food and related studies","(CAH06-01-04) rural estate management","Quintile 1","35","30","0.8150000000000001"
"2023","(CAH06) agriculture, food and related studies","(CAH06-01-04) rural estate management","Quintile 1","30","30","0.974"
"2019","(CAH06) agriculture, food and related studies","(CAH06-01-02) agricultural sciences","Quintile 1","30","20","0.719"
"2020","(CAH06) agriculture, food and related studies","(CAH06-01-02) agricultural sciences","Quintile 1","25","20","0.84"
"2021","(CAH06) agriculture, food and related studies","(CAH06-01-02) agricultural sciences","Quintile 1","30","25","0.836"
"2022","(CAH06) agriculture, food and related studies","(CAH06-01-02) agricultural sciences","Quintile 1","35","25","0.711"
"2023","(CAH06) agriculture, food and related studies","(CAH06-01-02) agricultural sciences","Quintile 1","35","30","0.88"
"2019","(CAH06) agriculture, food and related studies","(CAH06-01-03) agriculture","Quintile 1","455","405","0.888"
"2020","(CAH06) agriculture, food and related studies","(CAH06-01-03) agriculture","Quintile 1","540","475","0.879"
"2021","(CAH06) agriculture, food and related studies","(CAH06-01-03) agriculture","Quintile 1","555","470","0.851"
"2022","(CAH06) agriculture, food and related studies","(CAH06-01-03) agriculture","Quintile 1","605","525","0.871"
"2023","(CAH06) agriculture, food and related studies","(CAH06-01-03) agriculture","Quintile 1","505","435","0.859"
"2019","(CAH06) agriculture, food and related studies","(CAH06-01-01) animal science","Quintile 1","1380","1235","0.894"
"2020","(CAH06) agriculture, food and related studies","(CAH06-01-01) animal science","Quintile 1","1300","1130","0.871"
"2021","(CAH06) agriculture, food and related studies","(CAH06-01-01) animal science","Quintile 1","1350","1225","0.906"
"2022","(CAH06) agriculture, food and related studies","(CAH06-01-01) animal science","Quintile 1","1475","1330","0.901"
"2023","(CAH06) agriculture, food and related studies","(CAH06-01-01) animal science","Quintile 1","1180","1050","0.889"
"2019","(CAH06) agriculture, food and related studies","(CAH06-01-05) forestry and arboriculture","Quintile 1","10","10","1.0190000000000001"
"2020","(CAH06) agriculture, food and related studies","(CAH06-01-05) forestry and arboriculture","Quintile 1","15","15","0.973"
"2021","(CAH06) agriculture, food and related studies","(CAH06-01-05) forestry and arboriculture","Quintile 1","20","15","0.776"
"2022","(CAH06) agriculture, food and related studies","(CAH06-01-05) forestry and arboriculture","Quintile 1","10","10"," "
"2023","(CAH06) agriculture, food and related studies","(CAH06-01-05) forestry and arboriculture","Quintile 1","25","20","0.852"
"2019","(CAH06) agriculture, food and related studies","(CAH06-01-08) food and beverage production","Quintile 1","25","20","0.716"
"2020","(CAH06) agriculture, food and related studies","(CAH06-01-08) food and beverage production","Quintile 1","30","25","0.782"
"2021","(CAH06) agriculture, food and related studies","(CAH06-01-08) food and beverage production","Quintile 1","35","30","0.81"
"2022","(CAH06) agriculture, food and related studies","(CAH06-01-08) food and beverage production","Quintile 1","25","20","0.8300000000000001"
"2023","(CAH06) agriculture, food and related studies","(CAH06-01-08) food and beverage production","Quintile 1","35","30","0.794"
"2019","(CAH06) agriculture, food and related studies","(CAH06-01-07) food sciences","Quintile 1","70","55","0.765"
"2020","(CAH06) agriculture, food and related studies","(CAH06-01-07) food sciences","Quintile 1","65","50","0.733"
"2021","(CAH06) agriculture, food and related studies","(CAH06-01-07) food sciences","Quintile 1","90","75","0.841"
"2022","(CAH06) agriculture, food and related studies","(CAH06-01-07) food sciences","Quintile 1","90","70","0.781"
"2023","(CAH06) agriculture, food and related studies","(CAH06-01-07) food sciences","Quintile 1","80","65","0.8270000000000001"
"2019","(CAH06) agriculture, food and related studies","(CAH06-01-06) food and beverage studies (non-specific)","Quintile 1","35","25","0.769"
"2020","(CAH06) agriculture, food and related studies","(CAH06-01-06) food and beverage studies (non-specific)","Quintile 1","25","20","0.774"
"2021","(CAH06) agriculture, food and related studies","(CAH06-01-06) food and beverage studies (non-specific)","Quintile 1","10","5"," "
"2022","(CAH06) agriculture, food and related studies","(CAH06-01-06) food and beverage studies (non-specific)","Quintile 1","30","20","0.7000000000000001"
"2023","(CAH06) agriculture, food and related studies","(CAH06-01-06) food and beverage studies (non-specific)","Quintile 1","20","15","0.725"
"2019","(CAH16) law","(CAH16-01-01) law","Quintile 1","13170","10970","0.833"
"2020","(CAH16) law","(CAH16-01-01) law","Quintile 1","14430","12225","0.847"
"2021","(CAH16) law","(CAH16-01-01) law","Quintile 1","15435","12840","0.8320000000000001"
"2022","(CAH16) law","(CAH16-01-01) law","Quintile 1","17025","13455","0.79"
"2023","(CAH16) law","(CAH16-01-01) law","Quintile 1","17080","13585","0.795"
"2019","(CAH05) veterinary sciences","(CAH05-01-01) veterinary medicine and dentistry","Quintile 1","685","140","0.20600000000000002"
"2020","(CAH05) veterinary sciences","(CAH05-01-01) veterinary medicine and dentistry","Quintile 1","640","210","0.331"
"2021","(CAH05) veterinary sciences","(CAH05-01-01) veterinary medicine and dentistry","Quintile 1","805","215","0.27"
"2022","(CAH05) veterinary sciences","(CAH05-01-01) veterinary medicine and dentistry","Quintile 1","935","205","0.218"
"2023","(CAH05) veterinary sciences","(CAH05-01-01) veterinary medicine and dentistry","Quintile 1","880","240","0.273"
"2019","(CAH05) veterinary sciences","(CAH05-01-02) others in veterinary sciences","Quintile 1","725","325","0.445"
"2020","(CAH05) veterinary sciences","(CAH05-01-02) others in veterinary sciences","Quintile 1","680","305","0.447"
"2021","(CAH05) veterinary sciences","(CAH05-01-02) others in veterinary sciences","Quintile 1","780","425","0.543"
"2022","(CAH05) veterinary sciences","(CAH05-01-02) others in veterinary sciences","Quintile 1","815","375","0.461"
"2023","(CAH05) veterinary sciences","(CAH05-01-02) others in veterinary sciences","Quintile 1","630","340","0.54"
"2019","(CAH25) design, and creative and performing arts","(CAH25-01-03) design studies","Quintile 2","11015","6165","0.56"
"2020","(CAH25) design, and creative and performing arts","(CAH25-01-03) design studies","Quintile 2","10845","6500","0.599"
"2021","(CAH25) design, and creative and performing arts","(CAH25-01-03) design studies","Quintile 2","11265","7485","0.665"
"2022","(CAH25) design, and creative and performing arts","(CAH25-01-03) design studies","Quintile 2","11975","7510","0.627"
"2023","(CAH25) design, and creative and performing arts","(CAH25-01-03) design studies","Quintile 2","11700","7475","0.639"
"2019","(CAH25) design, and creative and performing arts","(CAH25-02-02) music","Quintile 2","5175","3010","0.582"
"2020","(CAH25) design, and creative and performing arts","(CAH25-02-02) music","Quintile 2","5270","3085","0.585"
"2021","(CAH25) design, and creative and performing arts","(CAH25-02-02) music","Quintile 2","5920","3520","0.594"
"2022","(CAH25) design, and creative and performing arts","(CAH25-02-02) music","Quintile 2","6275","3660","0.583"
"2023","(CAH25) design, and creative and performing arts","(CAH25-02-02) music","Quintile 2","6095","3325","0.546"
"2019","(CAH25) design, and creative and performing arts","(CAH25-01-04) cinematics and photography","Quintile 2","6485","4090","0.63"
"2020","(CAH25) design, and creative and performing arts","(CAH25-01-04) cinematics and photography","Quintile 2","6670","4450","0.667"
"2021","(CAH25) design, and creative and performing arts","(CAH25-01-04) cinematics and photography","Quintile 2","6655","4840","0.727"
"2022","(CAH25) design, and creative and performing arts","(CAH25-01-04) cinematics and photography","Quintile 2","7350","4830","0.657"
"2023","(CAH25) design, and creative and performing arts","(CAH25-01-04) cinematics and photography","Quintile 2","6940","4890","0.704"
"2019","(CAH25) design, and creative and performing arts","(CAH25-01-02) art","Quintile 2","2855","1525","0.533"
"2020","(CAH25) design, and creative and performing arts","(CAH25-01-02) art","Quintile 2","2745","1525","0.555"
"2021","(CAH25) design, and creative and performing arts","(CAH25-01-02) art","Quintile 2","2695","1650","0.613"
"2022","(CAH25) design, and creative and performing arts","(CAH25-01-02) art","Quintile 2","3165","1775","0.561"
"2023","(CAH25) design, and creative and performing arts","(CAH25-01-02) art","Quintile 2","2935","1715","0.584"
"2019","(CAH25) design, and creative and performing arts","(CAH25-02-03) drama","Quintile 2","5185","2050","0.395"
"2020","(CAH25) design, and creative and performing arts","(CAH25-02-03) drama","Quintile 2","5265","2180","0.41400000000000003"
"2021","(CAH25) design, and creative and performing arts","(CAH25-02-03) drama","Quintile 2","5220","2200","0.422"
"2022","(CAH25) design, and creative and performing arts","(CAH25-02-03) drama","Quintile 2","5300","2200","0.41500000000000004"
"2023","(CAH25) design, and creative and performing arts","(CAH25-02-03) drama","Quintile 2","5230","2135","0.40800000000000003"
"2019","(CAH25) design, and creative and performing arts","(CAH25-02-04) dance","Quintile 2","1035","480","0.464"
"2020","(CAH25) design, and creative and performing arts","(CAH25-02-04) dance","Quintile 2","1055","490","0.466"
"2021","(CAH25) design, and creative and performing arts","(CAH25-02-04) dance","Quintile 2","1290","625","0.484"
"2022","(CAH25) design, and creative and performing arts","(CAH25-02-04) dance","Quintile 2","1250","515","0.41100000000000003"
"2023","(CAH25) design, and creative and performing arts","(CAH25-02-04) dance","Quintile 2","1220","495","0.404"
"2019","(CAH25) design, and creative and performing arts","(CAH25-02-01) performing arts (non-specific)","Quintile 2","595","240","0.404"
"2020","(CAH25) design, and creative and performing arts","(CAH25-02-01) performing arts (non-specific)","Quintile 2","415","230","0.559"
"2021","(CAH25) design, and creative and performing arts","(CAH25-02-01) performing arts (non-specific)","Quintile 2","265","190","0.725"
"2022","(CAH25) design, and creative and performing arts","(CAH25-02-01) performing arts (non-specific)","Quintile 2","310","205","0.656"
"2023","(CAH25) design, and creative and performing arts","(CAH25-02-01) performing arts (non-specific)","Quintile 2","270","175","0.655"
"2019","(CAH25) design, and creative and performing arts","(CAH25-01-05) others in creative arts and design","Quintile 2","465","325","0.7000000000000001"
"2020","(CAH25) design, and creative and performing arts","(CAH25-01-05) others in creative arts and design","Quintile 2","455","315","0.6950000000000001"
"2021","(CAH25) design, and creative and performing arts","(CAH25-01-05) others in creative arts and design","Quintile 2","460","365","0.791"
"2022","(CAH25) design, and creative and performing arts","(CAH25-01-05) others in creative arts and design","Quintile 2","520","355","0.678"
"2023","(CAH25) design, and creative and performing arts","(CAH25-01-05) others in creative arts and design","Quintile 2","405","305","0.753"
"2019","(CAH25) design, and creative and performing arts","(CAH25-01-01) creative arts and design (non-specific)","Quintile 2","365","200","0.551"
"2020","(CAH25) design, and creative and performing arts","(CAH25-01-01) creative arts and design (non-specific)","Quintile 2","400","245","0.608"
"2021","(CAH25) design, and creative and performing arts","(CAH25-01-01) creative arts and design (non-specific)","Quintile 2","410","260","0.638"
"2022","(CAH25) design, and creative and performing arts","(CAH25-01-01) creative arts and design (non-specific)","Quintile 2","510","280","0.553"
"2023","(CAH25) design, and creative and performing arts","(CAH25-01-01) creative arts and design (non-specific)","Quintile 2","525","290","0.552"
"2019","(CAH10) engineering and technology","(CAH10-01-06) bioengineering, medical and biomedical engineering","Quintile 2","440","330","0.751"
"2020","(CAH10) engineering and technology","(CAH10-01-06) bioengineering, medical and biomedical engineering","Quintile 2","630","495","0.788"
"2021","(CAH10) engineering and technology","(CAH10-01-06) bioengineering, medical and biomedical engineering","Quintile 2","655","540","0.8240000000000001"
"2022","(CAH10) engineering and technology","(CAH10-01-06) bioengineering, medical and biomedical engineering","Quintile 2","680","555","0.8140000000000001"
"2023","(CAH10) engineering and technology","(CAH10-01-06) bioengineering, medical and biomedical engineering","Quintile 2","695","550","0.789"
"2019","(CAH10) engineering and technology","(CAH10-03-02) materials technology","Quintile 2","60","45","0.751"
"2020","(CAH10) engineering and technology","(CAH10-03-02) materials technology","Quintile 2","90","75","0.8300000000000001"
"2021","(CAH10) engineering and technology","(CAH10-03-02) materials technology","Quintile 2","65","60","0.894"
"2022","(CAH10) engineering and technology","(CAH10-03-02) materials technology","Quintile 2","55","45","0.8270000000000001"
"2023","(CAH10) engineering and technology","(CAH10-03-02) materials technology","Quintile 2","65","50","0.799"
"2019","(CAH10) engineering and technology","(CAH10-03-06) others in technology","Quintile 2","390","310","0.79"
"2020","(CAH10) engineering and technology","(CAH10-03-06) others in technology","Quintile 2","455","355","0.784"
"2021","(CAH10) engineering and technology","(CAH10-03-06) others in technology","Quintile 2","485","420","0.869"
"2022","(CAH10) engineering and technology","(CAH10-03-06) others in technology","Quintile 2","550","455","0.8250000000000001"
"2023","(CAH10) engineering and technology","(CAH10-03-06) others in technology","Quintile 2","560","475","0.845"
"2019","(CAH10) engineering and technology","(CAH10-01-03) production and manufacturing engineering","Quintile 2","1005","835","0.8280000000000001"
"2020","(CAH10) engineering and technology","(CAH10-01-03) production and manufacturing engineering","Quintile 2","1075","875","0.8150000000000001"
"2021","(CAH10) engineering and technology","(CAH10-01-03) production and manufacturing engineering","Quintile 2","1245","1025","0.8220000000000001"
"2022","(CAH10) engineering and technology","(CAH10-01-03) production and manufacturing engineering","Quintile 2","1350","1065","0.789"
"2023","(CAH10) engineering and technology","(CAH10-01-03) production and manufacturing engineering","Quintile 2","1315","1090","0.8290000000000001"
"2019","(CAH10) engineering and technology","(CAH10-01-04) aeronautical and aerospace engineering","Quintile 2","2150","1705","0.792"
"2020","(CAH10) engineering and technology","(CAH10-01-04) aeronautical and aerospace engineering","Quintile 2","2290","1800","0.786"
"2021","(CAH10) engineering and technology","(CAH10-01-04) aeronautical and aerospace engineering","Quintile 2","2445","1840","0.753"
"2022","(CAH10) engineering and technology","(CAH10-01-04) aeronautical and aerospace engineering","Quintile 2","2500","1925","0.769"
"2023","(CAH10) engineering and technology","(CAH10-01-04) aeronautical and aerospace engineering","Quintile 2","2645","2015","0.761"
"2019","(CAH10) engineering and technology","(CAH10-01-08) electrical and electronic engineering","Quintile 2","2055","1530","0.744"
"2020","(CAH10) engineering and technology","(CAH10-01-08) electrical and electronic engineering","Quintile 2","2095","1550","0.74"
"2021","(CAH10) engineering and technology","(CAH10-01-08) electrical and electronic engineering","Quintile 2","2360","1715","0.726"
"2022","(CAH10) engineering and technology","(CAH10-01-08) electrical and electronic engineering","Quintile 2","2575","1820","0.707"
"2023","(CAH10) engineering and technology","(CAH10-01-08) electrical and electronic engineering","Quintile 2","2495","1735","0.6950000000000001"
"2019","(CAH10) engineering and technology","(CAH10-01-07) civil engineering","Quintile 2","2315","1850","0.799"
"2020","(CAH10) engineering and technology","(CAH10-01-07) civil engineering","Quintile 2","2500","2025","0.81"
"2021","(CAH10) engineering and technology","(CAH10-01-07) civil engineering","Quintile 2","2680","2165","0.808"
"2022","(CAH10) engineering and technology","(CAH10-01-07) civil engineering","Quintile 2","2610","1965","0.752"
"2023","(CAH10) engineering and technology","(CAH10-01-07) civil engineering","Quintile 2","2465","1880","0.762"
"2019","(CAH10) engineering and technology","(CAH10-03-05) biotechnology","Quintile 2","40","35","0.834"
"2020","(CAH10) engineering and technology","(CAH10-03-05) biotechnology","Quintile 2","65","50","0.784"
"2021","(CAH10) engineering and technology","(CAH10-03-05) biotechnology","Quintile 2","55","45","0.807"
"2022","(CAH10) engineering and technology","(CAH10-03-05) biotechnology","Quintile 2","75","60","0.772"
"2023","(CAH10) engineering and technology","(CAH10-03-05) biotechnology","Quintile 2","80","65","0.81"
"2019","(CAH10) engineering and technology","(CAH10-01-09) chemical, process and energy engineering","Quintile 2","1280","1045","0.8180000000000001"
"2020","(CAH10) engineering and technology","(CAH10-01-09) chemical, process and energy engineering","Quintile 2","1225","1000","0.8160000000000001"
"2021","(CAH10) engineering and technology","(CAH10-01-09) chemical, process and energy engineering","Quintile 2","1235","1000","0.811"
"2022","(CAH10) engineering and technology","(CAH10-01-09) chemical, process and energy engineering","Quintile 2","1140","905","0.794"
"2023","(CAH10) engineering and technology","(CAH10-01-09) chemical, process and energy engineering","Quintile 2","1265","1010","0.798"
"2019","(CAH10) engineering and technology","(CAH10-03-03) polymers and textiles","Quintile 2","35","20","0.609"
"2020","(CAH10) engineering and technology","(CAH10-03-03) polymers and textiles","Quintile 2","20","10","0.613"
"2021","(CAH10) engineering and technology","(CAH10-03-03) polymers and textiles","Quintile 2","15","10","0.761"
"2022","(CAH10) engineering and technology","(CAH10-03-03) polymers and textiles","Quintile 2","35","25","0.679"
"2023","(CAH10) engineering and technology","(CAH10-03-03) polymers and textiles","Quintile 2","40","30","0.779"
"2019","(CAH10) engineering and technology","(CAH10-01-01) engineering (non-specific)","Quintile 2","1875","1355","0.723"
"2020","(CAH10) engineering and technology","(CAH10-01-01) engineering (non-specific)","Quintile 2","1885","1415","0.751"
"2021","(CAH10) engineering and technology","(CAH10-01-01) engineering (non-specific)","Quintile 2","2130","1585","0.745"
"2022","(CAH10) engineering and technology","(CAH10-01-01) engineering (non-specific)","Quintile 2","2205","1650","0.747"
"2023","(CAH10) engineering and technology","(CAH10-01-01) engineering (non-specific)","Quintile 2","2025","1480","0.73"
"2019","(CAH10) engineering and technology","(CAH10-01-10) others in engineering","Quintile 2","20","20","0.9500000000000001"
"2020","(CAH10) engineering and technology","(CAH10-01-10) others in engineering","Quintile 2","20","15","0.86"
"2021","(CAH10) engineering and technology","(CAH10-01-10) others in engineering","Quintile 2","10","10"," "
"2022","(CAH10) engineering and technology","(CAH10-01-10) others in engineering","Quintile 2","15","10"," "
"2023","(CAH10) engineering and technology","(CAH10-01-10) others in engineering","Quintile 2","15","10","0.667"
"2019","(CAH10) engineering and technology","(CAH10-01-02) mechanical engineering","Quintile 2","3800","2965","0.78"
"2020","(CAH10) engineering and technology","(CAH10-01-02) mechanical engineering","Quintile 2","4145","3325","0.802"
"2021","(CAH10) engineering and technology","(CAH10-01-02) mechanical engineering","Quintile 2","4320","3410","0.79"
"2022","(CAH10) engineering and technology","(CAH10-01-02) mechanical engineering","Quintile 2","4720","3605","0.763"
"2023","(CAH10) engineering and technology","(CAH10-01-02) mechanical engineering","Quintile 2","4645","3565","0.768"
"2019","(CAH10) engineering and technology","(CAH10-03-04) maritime technology","Quintile 2","40","25","0.68"
"2020","(CAH10) engineering and technology","(CAH10-03-04) maritime technology","Quintile 2","45","35","0.809"
"2021","(CAH10) engineering and technology","(CAH10-03-04) maritime technology","Quintile 2","40","35","0.901"
"2022","(CAH10) engineering and technology","(CAH10-03-04) maritime technology","Quintile 2","35","25","0.711"
"2023","(CAH10) engineering and technology","(CAH10-03-04) maritime technology","Quintile 2","20","15","0.8280000000000001"
"2019","(CAH10) engineering and technology","(CAH10-01-05) naval architecture","Quintile 2","20","20","1"
"2020","(CAH10) engineering and technology","(CAH10-01-05) naval architecture","Quintile 2","25","25","0.976"
"2021","(CAH10) engineering and technology","(CAH10-01-05) naval architecture","Quintile 2","25","20","0.864"
"2022","(CAH10) engineering and technology","(CAH10-01-05) naval architecture","Quintile 2","20","15","0.8"
"2023","(CAH10) engineering and technology","(CAH10-01-05) naval architecture","Quintile 2","25","20","0.74"
"2019","(CAH10) engineering and technology","(CAH10-03-07) materials science","Quintile 2","85","45","0.545"
"2020","(CAH10) engineering and technology","(CAH10-03-07) materials science","Quintile 2","100","60","0.592"
"2021","(CAH10) engineering and technology","(CAH10-03-07) materials science","Quintile 2","80","45","0.56"
"2022","(CAH10) engineering and technology","(CAH10-03-07) materials science","Quintile 2","60","30","0.505"
"2023","(CAH10) engineering and technology","(CAH10-03-07) materials science","Quintile 2","70","40","0.586"
"2019","(CAH02) subjects allied to medicine","(CAH02-06-03) ophthalmics","Quintile 2","1135","655","0.5760000000000001"
"2020","(CAH02) subjects allied to medicine","(CAH02-06-03) ophthalmics","Quintile 2","1310","740","0.5660000000000001"
"2021","(CAH02) subjects allied to medicine","(CAH02-06-03) ophthalmics","Quintile 2","1170","750","0.642"
"2022","(CAH02) subjects allied to medicine","(CAH02-06-03) ophthalmics","Quintile 2","1345","735","0.546"
"2023","(CAH02) subjects allied to medicine","(CAH02-06-03) ophthalmics","Quintile 2","1470","910","0.62"
"2019","(CAH02) subjects allied to medicine","(CAH02-05-04) anatomy, physiology and pathology","Quintile 2","625","465","0.744"
"2020","(CAH02) subjects allied to medicine","(CAH02-05-04) anatomy, physiology and pathology","Quintile 2","760","560","0.737"
"2021","(CAH02) subjects allied to medicine","(CAH02-05-04) anatomy, physiology and pathology","Quintile 2","745","555","0.745"
"2022","(CAH02) subjects allied to medicine","(CAH02-05-04) anatomy, physiology and pathology","Quintile 2","805","495","0.618"
"2023","(CAH02) subjects allied to medicine","(CAH02-05-04) anatomy, physiology and pathology","Quintile 2","705","460","0.653"
"2019","(CAH02) subjects allied to medicine","(CAH02-05-01) medical technology","Quintile 2","1845","660","0.358"
"2020","(CAH02) subjects allied to medicine","(CAH02-05-01) medical technology","Quintile 2","1985","720","0.363"
"2021","(CAH02) subjects allied to medicine","(CAH02-05-01) medical technology","Quintile 2","2360","805","0.34"
"2022","(CAH02) subjects allied to medicine","(CAH02-05-01) medical technology","Quintile 2","2550","820","0.322"
"2023","(CAH02) subjects allied to medicine","(CAH02-05-01) medical technology","Quintile 2","2495","855","0.343"
"2019","(CAH02) subjects allied to medicine","(CAH02-06-06) complementary and alternative medicine","Quintile 2","380","260","0.681"
"2020","(CAH02) subjects allied to medicine","(CAH02-06-06) complementary and alternative medicine","Quintile 2","350","240","0.682"
"2021","(CAH02) subjects allied to medicine","(CAH02-06-06) complementary and alternative medicine","Quintile 2","480","365","0.756"
"2022","(CAH02) subjects allied to medicine","(CAH02-06-06) complementary and alternative medicine","Quintile 2","565","390","0.6920000000000001"
"2023","(CAH02) subjects allied to medicine","(CAH02-06-06) complementary and alternative medicine","Quintile 2","380","260","0.6890000000000001"
"2019","(CAH02) subjects allied to medicine","(CAH02-06-01) health sciences (non-specific)","Quintile 2","5030","1935","0.385"
"2020","(CAH02) subjects allied to medicine","(CAH02-06-01) health sciences (non-specific)","Quintile 2","6155","2310","0.375"
"2021","(CAH02) subjects allied to medicine","(CAH02-06-01) health sciences (non-specific)","Quintile 2","8255","2645","0.321"
"2022","(CAH02) subjects allied to medicine","(CAH02-06-01) health sciences (non-specific)","Quintile 2","9045","2695","0.298"
"2023","(CAH02) subjects allied to medicine","(CAH02-06-01) health sciences (non-specific)","Quintile 2","7780","2505","0.322"
"2019","(CAH02) subjects allied to medicine","(CAH02-06-02) nutrition and dietetics","Quintile 2","840","605","0.722"
"2020","(CAH02) subjects allied to medicine","(CAH02-06-02) nutrition and dietetics","Quintile 2","930","680","0.729"
"2021","(CAH02) subjects allied to medicine","(CAH02-06-02) nutrition and dietetics","Quintile 2","960","680","0.71"
"2022","(CAH02) subjects allied to medicine","(CAH02-06-02) nutrition and dietetics","Quintile 2","870","615","0.71"
"2023","(CAH02) subjects allied to medicine","(CAH02-06-02) nutrition and dietetics","Quintile 2","755","540","0.714"
"2019","(CAH02) subjects allied to medicine","(CAH02-06-04) environmental and public health","Quintile 2","620","570","0.923"
"2020","(CAH02) subjects allied to medicine","(CAH02-06-04) environmental and public health","Quintile 2","700","655","0.935"
"2021","(CAH02) subjects allied to medicine","(CAH02-06-04) environmental and public health","Quintile 2","1000","970","0.972"
"2022","(CAH02) subjects allied to medicine","(CAH02-06-04) environmental and public health","Quintile 2","840","820","0.979"
"2023","(CAH02) subjects allied to medicine","(CAH02-06-04) environmental and public health","Quintile 2","635","610","0.962"
"2019","(CAH02) subjects allied to medicine","(CAH02-06-07) counselling, psychotherapy and occupational therapy","Quintile 2","1980","1165","0.588"
"2020","(CAH02) subjects allied to medicine","(CAH02-06-07) counselling, psychotherapy and occupational therapy","Quintile 2","2220","1350","0.608"
"2021","(CAH02) subjects allied to medicine","(CAH02-06-07) counselling, psychotherapy and occupational therapy","Quintile 2","2430","1500","0.616"
"2022","(CAH02) subjects allied to medicine","(CAH02-06-07) counselling, psychotherapy and occupational therapy","Quintile 2","2420","1445","0.597"
"2023","(CAH02) subjects allied to medicine","(CAH02-06-07) counselling, psychotherapy and occupational therapy","Quintile 2","2260","1315","0.581"
"2019","(CAH02) subjects allied to medicine","(CAH02-02-01) pharmacology","Quintile 2","720","590","0.8160000000000001"
"2020","(CAH02) subjects allied to medicine","(CAH02-02-01) pharmacology","Quintile 2","760","610","0.806"
"2021","(CAH02) subjects allied to medicine","(CAH02-02-01) pharmacology","Quintile 2","945","785","0.8280000000000001"
"2022","(CAH02) subjects allied to medicine","(CAH02-02-01) pharmacology","Quintile 2","1020","800","0.785"
"2023","(CAH02) subjects allied to medicine","(CAH02-02-01) pharmacology","Quintile 2","1075","870","0.809"
"2019","(CAH02) subjects allied to medicine","(CAH02-02-03) pharmacy","Quintile 2","2285","1545","0.676"
"2020","(CAH02) subjects allied to medicine","(CAH02-02-03) pharmacy","Quintile 2","2410","1595","0.661"
"2021","(CAH02) subjects allied to medicine","(CAH02-02-03) pharmacy","Quintile 2","3000","2075","0.6920000000000001"
"2022","(CAH02) subjects allied to medicine","(CAH02-02-03) pharmacy","Quintile 2","3630","2250","0.62"
"2023","(CAH02) subjects allied to medicine","(CAH02-02-03) pharmacy","Quintile 2","4335","2420","0.558"
"2019","(CAH02) subjects allied to medicine","(CAH02-06-05) physiotherapy","Quintile 2","2270","710","0.312"
"2020","(CAH02) subjects allied to medicine","(CAH02-06-05) physiotherapy","Quintile 2","2625","835","0.318"
"2021","(CAH02) subjects allied to medicine","(CAH02-06-05) physiotherapy","Quintile 2","3105","975","0.314"
"2022","(CAH02) subjects allied to medicine","(CAH02-06-05) physiotherapy","Quintile 2","3530","960","0.271"
"2023","(CAH02) subjects allied to medicine","(CAH02-06-05) physiotherapy","Quintile 2","3450","945","0.274"
"2019","(CAH02) subjects allied to medicine","(CAH02-05-02) healthcare science (non-specific)","Quintile 2","725","435","0.602"
"2020","(CAH02) subjects allied to medicine","(CAH02-05-02) healthcare science (non-specific)","Quintile 2","860","575","0.666"
"2021","(CAH02) subjects allied to medicine","(CAH02-05-02) healthcare science (non-specific)","Quintile 2","895","625","0.7000000000000001"
"2022","(CAH02) subjects allied to medicine","(CAH02-05-02) healthcare science (non-specific)","Quintile 2","1005","705","0.7010000000000001"
"2023","(CAH02) subjects allied to medicine","(CAH02-05-02) healthcare science (non-specific)","Quintile 2","1035","790","0.762"
"2019","(CAH02) subjects allied to medicine","(CAH02-05-03) biomedical sciences (non-specific)","Quintile 2","5675","4940","0.871"
"2020","(CAH02) subjects allied to medicine","(CAH02-05-03) biomedical sciences (non-specific)","Quintile 2","5850","5080","0.869"
"2021","(CAH02) subjects allied to medicine","(CAH02-05-03) biomedical sciences (non-specific)","Quintile 2","6355","5480","0.862"
"2022","(CAH02) subjects allied to medicine","(CAH02-05-03) biomedical sciences (non-specific)","Quintile 2","5940","5115","0.861"
"2023","(CAH02) subjects allied to medicine","(CAH02-05-03) biomedical sciences (non-specific)","Quintile 2","6120","5350","0.874"
"2019","(CAH02) subjects allied to medicine","(CAH02-02-02) toxicology","Quintile 2","5","5"," "
"2020","(CAH02) subjects allied to medicine","(CAH02-02-02) toxicology","Quintile 2","10","5"," "
"2021","(CAH02) subjects allied to medicine","(CAH02-02-02) toxicology","Quintile 2","10","10"," "
"2022","(CAH02) subjects allied to medicine","(CAH02-02-02) toxicology","Quintile 2","10","10","1.056"
"2023","(CAH02) subjects allied to medicine","(CAH02-02-02) toxicology","Quintile 2","10","10","1.221"
"2019","(CAH02) subjects allied to medicine","(CAH02-04-02) adult nursing","Quintile 2","13320","6240","0.46900000000000003"
"2020","(CAH02) subjects allied to medicine","(CAH02-04-02) adult nursing","Quintile 2","15120","7350","0.486"
"2021","(CAH02) subjects allied to medicine","(CAH02-04-02) adult nursing","Quintile 2","18330","9285","0.506"
"2022","(CAH02) subjects allied to medicine","(CAH02-04-02) adult nursing","Quintile 2","16830","7805","0.464"
"2023","(CAH02) subjects allied to medicine","(CAH02-04-02) adult nursing","Quintile 2","14110","6780","0.481"
"2019","(CAH02) subjects allied to medicine","(CAH02-04-05) children's nursing","Quintile 2","4410","1240","0.281"
"2020","(CAH02) subjects allied to medicine","(CAH02-04-05) children's nursing","Quintile 2","4785","1505","0.315"
"2021","(CAH02) subjects allied to medicine","(CAH02-04-05) children's nursing","Quintile 2","6350","1795","0.28300000000000003"
"2022","(CAH02) subjects allied to medicine","(CAH02-04-05) children's nursing","Quintile 2","6525","1680","0.257"
"2023","(CAH02) subjects allied to medicine","(CAH02-04-05) children's nursing","Quintile 2","5080","1655","0.326"
"2019","(CAH02) subjects allied to medicine","(CAH02-04-03) community nursing","Quintile 2","5","5"," "
"2020","(CAH02) subjects allied to medicine","(CAH02-04-03) community nursing","Quintile 2","10","5"," "
"2021","(CAH02) subjects allied to medicine","(CAH02-04-03) community nursing","Quintile 2","20","15","0.8"
"2022","(CAH02) subjects allied to medicine","(CAH02-04-03) community nursing","Quintile 2","25","20","0.76"
"2023","(CAH02) subjects allied to medicine","(CAH02-04-03) community nursing","Quintile 2","15","10"," "
"2019","(CAH02) subjects allied to medicine","(CAH02-04-09) others in nursing","Quintile 2","200","45","0.23500000000000001"
"2020","(CAH02) subjects allied to medicine","(CAH02-04-09) others in nursing","Quintile 2","185","70","0.378"
"2021","(CAH02) subjects allied to medicine","(CAH02-04-09) others in nursing","Quintile 2","220","75","0.35000000000000003"
"2022","(CAH02) subjects allied to medicine","(CAH02-04-09) others in nursing","Quintile 2","195","70","0.34900000000000003"
"2023","(CAH02) subjects allied to medicine","(CAH02-04-09) others in nursing","Quintile 2","160","65","0.41200000000000003"
"2019","(CAH02) subjects allied to medicine","(CAH02-04-06) dental nursing","Quintile 2","285","55","0.196"
"2020","(CAH02) subjects allied to medicine","(CAH02-04-06) dental nursing","Quintile 2","335","45","0.128"
"2021","(CAH02) subjects allied to medicine","(CAH02-04-06) dental nursing","Quintile 2","485","50","0.107"
"2022","(CAH02) subjects allied to medicine","(CAH02-04-06) dental nursing","Quintile 2","635","55","0.083"
"2023","(CAH02) subjects allied to medicine","(CAH02-04-06) dental nursing","Quintile 2","710","45","0.065"
"2019","(CAH02) subjects allied to medicine","(CAH02-04-08) learning disabilities nursing","Quintile 2","465","220","0.47400000000000003"
"2020","(CAH02) subjects allied to medicine","(CAH02-04-08) learning disabilities nursing","Quintile 2","460","220","0.47400000000000003"
"2021","(CAH02) subjects allied to medicine","(CAH02-04-08) learning disabilities nursing","Quintile 2","635","300","0.47100000000000003"
"2022","(CAH02) subjects allied to medicine","(CAH02-04-08) learning disabilities nursing","Quintile 2","600","250","0.418"
"2023","(CAH02) subjects allied to medicine","(CAH02-04-08) learning disabilities nursing","Quintile 2","460","215","0.467"
"2019","(CAH02) subjects allied to medicine","(CAH02-04-07) mental health nursing","Quintile 2","5150","1870","0.363"
"2020","(CAH02) subjects allied to medicine","(CAH02-04-07) mental health nursing","Quintile 2","6510","2565","0.394"
"2021","(CAH02) subjects allied to medicine","(CAH02-04-07) mental health nursing","Quintile 2","7925","2980","0.376"
"2022","(CAH02) subjects allied to medicine","(CAH02-04-07) mental health nursing","Quintile 2","7555","2480","0.328"
"2023","(CAH02) subjects allied to medicine","(CAH02-04-07) mental health nursing","Quintile 2","6505","2395","0.368"
"2019","(CAH02) subjects allied to medicine","(CAH02-04-04) midwifery","Quintile 2","5260","1165","0.222"
"2020","(CAH02) subjects allied to medicine","(CAH02-04-04) midwifery","Quintile 2","5555","1370","0.247"
"2021","(CAH02) subjects allied to medicine","(CAH02-04-04) midwifery","Quintile 2","7630","1495","0.196"
"2022","(CAH02) subjects allied to medicine","(CAH02-04-04) midwifery","Quintile 2","6585","1280","0.194"
"2023","(CAH02) subjects allied to medicine","(CAH02-04-04) midwifery","Quintile 2","5315","1340","0.252"
"2019","(CAH02) subjects allied to medicine","(CAH02-04-01) nursing (non-specific)","Quintile 2","2355","800","0.339"
"2020","(CAH02) subjects allied to medicine","(CAH02-04-01) nursing (non-specific)","Quintile 2","2350","815","0.34800000000000003"
"2021","(CAH02) subjects allied to medicine","(CAH02-04-01) nursing (non-specific)","Quintile 2","2210","840","0.38"
"2022","(CAH02) subjects allied to medicine","(CAH02-04-01) nursing (non-specific)","Quintile 2","1860","710","0.383"
"2023","(CAH02) subjects allied to medicine","(CAH02-04-01) nursing (non-specific)","Quintile 2","1475","640","0.435"
"2019","(CAH19) language and area studies","(CAH19-01-05) creative writing","Quintile 2","1095","900","0.8230000000000001"
"2020","(CAH19) language and area studies","(CAH19-01-05) creative writing","Quintile 2","1130","985","0.872"
"2021","(CAH19) language and area studies","(CAH19-01-05) creative writing","Quintile 2","1125","985","0.875"
"2022","(CAH19) language and area studies","(CAH19-01-05) creative writing","Quintile 2","1295","1115","0.86"
"2023","(CAH19) language and area studies","(CAH19-01-05) creative writing","Quintile 2","1310","1120","0.856"
"2019","(CAH19) language and area studies","(CAH19-04-08) American and Australasian studies","Quintile 2","245","225","0.923"
"2020","(CAH19) language and area studies","(CAH19-04-08) American and Australasian studies","Quintile 2","135","125","0.926"
"2021","(CAH19) language and area studies","(CAH19-04-08) American and Australasian studies","Quintile 2","140","135","0.973"
"2022","(CAH19) language and area studies","(CAH19-04-08) American and Australasian studies","Quintile 2","135","125","0.921"
"2023","(CAH19) language and area studies","(CAH19-04-08) American and Australasian studies","Quintile 2","105","95","0.906"
"2019","(CAH19) language and area studies","(CAH19-01-06) others in English studies","Quintile 2","40","25","0.676"
"2020","(CAH19) language and area studies","(CAH19-01-06) others in English studies","Quintile 2","35","30","0.8300000000000001"
"2021","(CAH19) language and area studies","(CAH19-01-06) others in English studies","Quintile 2","40","35","0.857"
"2022","(CAH19) language and area studies","(CAH19-01-06) others in English studies","Quintile 2","30","25","0.866"
"2023","(CAH19) language and area studies","(CAH19-01-06) others in English studies","Quintile 2","45","30","0.673"
"2019","(CAH19) language and area studies","(CAH19-01-02) English language","Quintile 2","795","700","0.882"
"2020","(CAH19) language and area studies","(CAH19-01-02) English language","Quintile 2","755","670","0.887"
"2021","(CAH19) language and area studies","(CAH19-01-02) English language","Quintile 2","700","625","0.893"
"2022","(CAH19) language and area studies","(CAH19-01-02) English language","Quintile 2","665","580","0.874"
"2023","(CAH19) language and area studies","(CAH19-01-02) English language","Quintile 2","585","530","0.908"
"2019","(CAH19) language and area studies","(CAH19-01-03) literature in English","Quintile 2","3035","2690","0.886"
"2020","(CAH19) language and area studies","(CAH19-01-03) literature in English","Quintile 2","2795","2495","0.893"
"2021","(CAH19) language and area studies","(CAH19-01-03) literature in English","Quintile 2","2705","2415","0.892"
"2022","(CAH19) language and area studies","(CAH19-01-03) literature in English","Quintile 2","2770","2400","0.866"
"2023","(CAH19) language and area studies","(CAH19-01-03) literature in English","Quintile 2","2835","2550","0.9"
"2019","(CAH19) language and area studies","(CAH19-01-01) English studies (non-specific)","Quintile 2","2835","2360","0.8320000000000001"
"2020","(CAH19) language and area studies","(CAH19-01-01) English studies (non-specific)","Quintile 2","2420","2010","0.8300000000000001"
"2021","(CAH19) language and area studies","(CAH19-01-01) English studies (non-specific)","Quintile 2","2325","1950","0.839"
"2022","(CAH19) language and area studies","(CAH19-01-01) English studies (non-specific)","Quintile 2","2405","1965","0.8170000000000001"
"2023","(CAH19) language and area studies","(CAH19-01-01) English studies (non-specific)","Quintile 2","2435","2030","0.835"
"2019","(CAH19) language and area studies","(CAH19-04-01) French studies","Quintile 2","590","480","0.8160000000000001"
"2020","(CAH19) language and area studies","(CAH19-04-01) French studies","Quintile 2","485","405","0.838"
"2021","(CAH19) language and area studies","(CAH19-04-01) French studies","Quintile 2","540","435","0.803"
"2022","(CAH19) language and area studies","(CAH19-04-01) French studies","Quintile 2","475","380","0.796"
"2023","(CAH19) language and area studies","(CAH19-04-01) French studies","Quintile 2","355","285","0.797"
"2019","(CAH19) language and area studies","(CAH19-04-02) German and Scandinavian studies","Quintile 2","210","170","0.802"
"2020","(CAH19) language and area studies","(CAH19-04-02) German and Scandinavian studies","Quintile 2","165","140","0.848"
"2021","(CAH19) language and area studies","(CAH19-04-02) German and Scandinavian studies","Quintile 2","160","130","0.8220000000000001"
"2022","(CAH19) language and area studies","(CAH19-04-02) German and Scandinavian studies","Quintile 2","140","110","0.778"
"2023","(CAH19) language and area studies","(CAH19-04-02) German and Scandinavian studies","Quintile 2","140","110","0.8"
"2019","(CAH19) language and area studies","(CAH19-04-04) Iberian studies","Quintile 2","640","505","0.793"
"2020","(CAH19) language and area studies","(CAH19-04-04) Iberian studies","Quintile 2","620","500","0.805"
"2021","(CAH19) language and area studies","(CAH19-04-04) Iberian studies","Quintile 2","565","455","0.804"
"2022","(CAH19) language and area studies","(CAH19-04-04) Iberian studies","Quintile 2","485","370","0.762"
"2023","(CAH19) language and area studies","(CAH19-04-04) Iberian studies","Quintile 2","445","355","0.797"
"2019","(CAH19) language and area studies","(CAH19-04-03) Italian studies","Quintile 2","95","75","0.8140000000000001"
"2020","(CAH19) language and area studies","(CAH19-04-03) Italian studies","Quintile 2","70","55","0.762"
"2021","(CAH19) language and area studies","(CAH19-04-03) Italian studies","Quintile 2","70","45","0.628"
"2022","(CAH19) language and area studies","(CAH19-04-03) Italian studies","Quintile 2","60","40","0.64"
"2023","(CAH19) language and area studies","(CAH19-04-03) Italian studies","Quintile 2","55","45","0.799"
"2019","(CAH19) language and area studies","(CAH19-01-07) linguistics","Quintile 2","505","445","0.877"
"2020","(CAH19) language and area studies","(CAH19-01-07) linguistics","Quintile 2","515","460","0.894"
"2021","(CAH19) language and area studies","(CAH19-01-07) linguistics","Quintile 2","460","395","0.861"
"2022","(CAH19) language and area studies","(CAH19-01-07) linguistics","Quintile 2","520","445","0.851"
"2023","(CAH19) language and area studies","(CAH19-01-07) linguistics","Quintile 2","460","385","0.8320000000000001"
"2019","(CAH19) language and area studies","(CAH19-04-09) others in language and area studies","Quintile 2","815","700","0.858"
"2020","(CAH19) language and area studies","(CAH19-04-09) others in language and area studies","Quintile 2","925","800","0.865"
"2021","(CAH19) language and area studies","(CAH19-04-09) others in language and area studies","Quintile 2","920","805","0.877"
"2022","(CAH19) language and area studies","(CAH19-04-09) others in language and area studies","Quintile 2","1115","985","0.884"
"2023","(CAH19) language and area studies","(CAH19-04-09) others in language and area studies","Quintile 2","900","780","0.864"
"2019","(CAH19) language and area studies","(CAH19-04-05) Slavic studies","Quintile 2","60","40","0.6970000000000001"
"2020","(CAH19) language and area studies","(CAH19-04-05) Slavic studies","Quintile 2","55","35","0.659"
"2021","(CAH19) language and area studies","(CAH19-04-05) Slavic studies","Quintile 2","65","45","0.675"
"2022","(CAH19) language and area studies","(CAH19-04-05) Slavic studies","Quintile 2","55","35","0.637"
"2023","(CAH19) language and area studies","(CAH19-04-05) Slavic studies","Quintile 2","50","35","0.746"
"2019","(CAH19) language and area studies","(CAH19-02-03) Welsh studies","Quintile 2","45","45","0.97"
"2020","(CAH19) language and area studies","(CAH19-02-03) Welsh studies","Quintile 2","50","45","0.893"
"2021","(CAH19) language and area studies","(CAH19-02-03) Welsh studies","Quintile 2","45","45","0.9440000000000001"
"2022","(CAH19) language and area studies","(CAH19-02-03) Welsh studies","Quintile 2","35","25","0.743"
"2023","(CAH19) language and area studies","(CAH19-02-03) Welsh studies","Quintile 2","35","35","0.971"
"2019","(CAH19) language and area studies","(CAH19-02-01) Celtic studies (non-specific)","Quintile 2","15","10","0.6910000000000001"
"2020","(CAH19) language and area studies","(CAH19-02-01) Celtic studies (non-specific)","Quintile 2","15","10","0.8240000000000001"
"2021","(CAH19) language and area studies","(CAH19-02-01) Celtic studies (non-specific)","Quintile 2","10","10","1.036"
"2022","(CAH19) language and area studies","(CAH19-02-01) Celtic studies (non-specific)","Quintile 2","15","10","0.789"
"2023","(CAH19) language and area studies","(CAH19-02-01) Celtic studies (non-specific)","Quintile 2","15","10","0.745"
"2019","(CAH19) language and area studies","(CAH19-02-02) Gaelic studies","Quintile 2","10","5"," "
"2020","(CAH19) language and area studies","(CAH19-02-02) Gaelic studies","Quintile 2","10","5"," "
"2021","(CAH19) language and area studies","(CAH19-02-02) Gaelic studies","Quintile 2","5","5"," "
"2022","(CAH19) language and area studies","(CAH19-02-02) Gaelic studies","Quintile 2","5","5"," "
"2023","(CAH19) language and area studies","(CAH19-02-02) Gaelic studies","Quintile 2","5","5"," "
"2019","(CAH19) language and area studies","(CAH19-02-04) others in Celtic studies","Quintile 2","25","25","0.923"
"2020","(CAH19) language and area studies","(CAH19-02-04) others in Celtic studies","Quintile 2","35","30","0.915"
"2021","(CAH19) language and area studies","(CAH19-02-04) others in Celtic studies","Quintile 2","15","15","1.123"
"2022","(CAH19) language and area studies","(CAH19-02-04) others in Celtic studies","Quintile 2","20","15","0.809"
"2023","(CAH19) language and area studies","(CAH19-02-04) others in Celtic studies","Quintile 2","15","15","1.112"
"2019","(CAH19) language and area studies","(CAH19-04-06) Asian studies","Quintile 2","655","415","0.634"
"2020","(CAH19) language and area studies","(CAH19-04-06) Asian studies","Quintile 2","510","380","0.749"
"2021","(CAH19) language and area studies","(CAH19-04-06) Asian studies","Quintile 2","575","450","0.779"
"2022","(CAH19) language and area studies","(CAH19-04-06) Asian studies","Quintile 2","605","430","0.714"
"2023","(CAH19) language and area studies","(CAH19-04-06) Asian studies","Quintile 2","460","335","0.73"
"2019","(CAH19) language and area studies","(CAH19-04-07) African and modern Middle Eastern studies","Quintile 2","80","55","0.677"
"2020","(CAH19) language and area studies","(CAH19-04-07) African and modern Middle Eastern studies","Quintile 2","70","50","0.717"
"2021","(CAH19) language and area studies","(CAH19-04-07) African and modern Middle Eastern studies","Quintile 2","65","35","0.533"
"2022","(CAH19) language and area studies","(CAH19-04-07) African and modern Middle Eastern studies","Quintile 2","90","70","0.764"
"2023","(CAH19) language and area studies","(CAH19-04-07) African and modern Middle Eastern studies","Quintile 2","45","30","0.652"
"2019","(CAH24) media, journalism and communications","(CAH24-01-05) media studies","Quintile 2","4635","3915","0.845"
"2020","(CAH24) media, journalism and communications","(CAH24-01-05) media studies","Quintile 2","4480","3825","0.854"
"2021","(CAH24) media, journalism and communications","(CAH24-01-05) media studies","Quintile 2","4785","4065","0.849"
"2022","(CAH24) media, journalism and communications","(CAH24-01-05) media studies","Quintile 2","5390","4525","0.84"
"2023","(CAH24) media, journalism and communications","(CAH24-01-05) media studies","Quintile 2","5175","4320","0.835"
"2019","(CAH24) media, journalism and communications","(CAH24-01-02) publicity studies","Quintile 2","135","120","0.873"
"2020","(CAH24) media, journalism and communications","(CAH24-01-02) publicity studies","Quintile 2","115","105","0.894"
"2021","(CAH24) media, journalism and communications","(CAH24-01-02) publicity studies","Quintile 2","90","75","0.846"
"2022","(CAH24) media, journalism and communications","(CAH24-01-02) publicity studies","Quintile 2","115","90","0.792"
"2023","(CAH24) media, journalism and communications","(CAH24-01-02) publicity studies","Quintile 2","100","90","0.89"
"2019","(CAH24) media, journalism and communications","(CAH24-01-01) information services","Quintile 2","35","20","0.548"
"2020","(CAH24) media, journalism and communications","(CAH24-01-01) information services","Quintile 2","40","25","0.596"
"2021","(CAH24) media, journalism and communications","(CAH24-01-01) information services","Quintile 2","30","15","0.511"
"2022","(CAH24) media, journalism and communications","(CAH24-01-01) information services","Quintile 2","50","30","0.5750000000000001"
"2023","(CAH24) media, journalism and communications","(CAH24-01-01) information services","Quintile 2","55","25","0.462"
"2019","(CAH24) media, journalism and communications","(CAH24-01-04) journalism","Quintile 2","2190","1675","0.765"
"2020","(CAH24) media, journalism and communications","(CAH24-01-04) journalism","Quintile 2","2025","1640","0.811"
"2021","(CAH24) media, journalism and communications","(CAH24-01-04) journalism","Quintile 2","2160","1855","0.86"
"2022","(CAH24) media, journalism and communications","(CAH24-01-04) journalism","Quintile 2","2270","1930","0.849"
"2023","(CAH24) media, journalism and communications","(CAH24-01-04) journalism","Quintile 2","2325","2035","0.875"
"2019","(CAH24) media, journalism and communications","(CAH24-01-03) publishing","Quintile 2","80","75","0.923"
"2020","(CAH24) media, journalism and communications","(CAH24-01-03) publishing","Quintile 2","60","55","0.936"
"2021","(CAH24) media, journalism and communications","(CAH24-01-03) publishing","Quintile 2","65","55","0.883"
"2022","(CAH24) media, journalism and communications","(CAH24-01-03) publishing","Quintile 2","80","70","0.903"
"2023","(CAH24) media, journalism and communications","(CAH24-01-03) publishing","Quintile 2","65","60","0.894"
"2019","(CAH23) combined and general studies","(CAH23-01-04) liberal arts (non-specific)","Quintile 2","180","160","0.898"
"2020","(CAH23) combined and general studies","(CAH23-01-04) liberal arts (non-specific)","Quintile 2","240","220","0.918"
"2021","(CAH23) combined and general studies","(CAH23-01-04) liberal arts (non-specific)","Quintile 2","250","225","0.895"
"2022","(CAH23) combined and general studies","(CAH23-01-04) liberal arts (non-specific)","Quintile 2","290","245","0.851"
"2023","(CAH23) combined and general studies","(CAH23-01-04) liberal arts (non-specific)","Quintile 2","250","215","0.851"
"2019","(CAH23) combined and general studies","(CAH23-01-03) humanities (non-specific)","Quintile 2","145","120","0.8280000000000001"
"2020","(CAH23) combined and general studies","(CAH23-01-03) humanities (non-specific)","Quintile 2","115","105","0.901"
"2021","(CAH23) combined and general studies","(CAH23-01-03) humanities (non-specific)","Quintile 2","120","110","0.915"
"2022","(CAH23) combined and general studies","(CAH23-01-03) humanities (non-specific)","Quintile 2","140","115","0.833"
"2023","(CAH23) combined and general studies","(CAH23-01-03) humanities (non-specific)","Quintile 2","155","130","0.8230000000000001"
"2019","(CAH23) combined and general studies","(CAH23-01-02) personal development","Quintile 2","175","130","0.756"
"2020","(CAH23) combined and general studies","(CAH23-01-02) personal development","Quintile 2","185","140","0.748"
"2021","(CAH23) combined and general studies","(CAH23-01-02) personal development","Quintile 2","215","160","0.742"
"2022","(CAH23) combined and general studies","(CAH23-01-02) personal development","Quintile 2","250","175","0.705"
"2023","(CAH23) combined and general studies","(CAH23-01-02) personal development","Quintile 2","225","165","0.725"
"2019","(CAH23) combined and general studies","(CAH23-01-01) combined, general or negotiated studies","Quintile 2","275","220","0.793"
"2020","(CAH23) combined and general studies","(CAH23-01-01) combined, general or negotiated studies","Quintile 2","235","190","0.8160000000000001"
"2021","(CAH23) combined and general studies","(CAH23-01-01) combined, general or negotiated studies","Quintile 2","250","220","0.882"
"2022","(CAH23) combined and general studies","(CAH23-01-01) combined, general or negotiated studies","Quintile 2","305","250","0.8170000000000001"
"2023","(CAH23) combined and general studies","(CAH23-01-01) combined, general or negotiated studies","Quintile 2","215","170","0.801"
"2019","(CAH17) business and management","(CAH17-01-03) marketing","Quintile 2","3615","3060","0.846"
"2020","(CAH17) business and management","(CAH17-01-03) marketing","Quintile 2","3720","3170","0.852"
"2021","(CAH17) business and management","(CAH17-01-03) marketing","Quintile 2","4345","3710","0.854"
"2022","(CAH17) business and management","(CAH17-01-03) marketing","Quintile 2","4775","4015","0.84"
"2023","(CAH17) business and management","(CAH17-01-03) marketing","Quintile 2","4715","3995","0.847"
"2019","(CAH17) business and management","(CAH17-01-01) business and management (non-specific)","Quintile 2","4180","3635","0.87"
"2020","(CAH17) business and management","(CAH17-01-01) business and management (non-specific)","Quintile 2","4735","4135","0.873"
"2021","(CAH17) business and management","(CAH17-01-01) business and management (non-specific)","Quintile 2","5480","4800","0.876"
"2022","(CAH17) business and management","(CAH17-01-01) business and management (non-specific)","Quintile 2","5760","4975","0.864"
"2023","(CAH17) business and management","(CAH17-01-01) business and management (non-specific)","Quintile 2","6065","5290","0.873"
"2019","(CAH17) business and management","(CAH17-01-02) business studies","Quintile 2","7480","6375","0.852"
"2020","(CAH17) business and management","(CAH17-01-02) business studies","Quintile 2","7430","6330","0.852"
"2021","(CAH17) business and management","(CAH17-01-02) business studies","Quintile 2","7610","6440","0.846"
"2022","(CAH17) business and management","(CAH17-01-02) business studies","Quintile 2","8215","6890","0.838"
"2023","(CAH17) business and management","(CAH17-01-02) business studies","Quintile 2","8815","6775","0.768"
"2019","(CAH17) business and management","(CAH17-01-06) tourism, transport and travel","Quintile 2","3380","2950","0.873"
"2020","(CAH17) business and management","(CAH17-01-06) tourism, transport and travel","Quintile 2","3080","2710","0.88"
"2021","(CAH17) business and management","(CAH17-01-06) tourism, transport and travel","Quintile 2","3280","2920","0.89"
"2022","(CAH17) business and management","(CAH17-01-06) tourism, transport and travel","Quintile 2","3255","2865","0.881"
"2023","(CAH17) business and management","(CAH17-01-06) tourism, transport and travel","Quintile 2","2685","2345","0.874"
"2019","(CAH17) business and management","(CAH17-01-05) human resource management","Quintile 2","575","500","0.873"
"2020","(CAH17) business and management","(CAH17-01-05) human resource management","Quintile 2","540","455","0.841"
"2021","(CAH17) business and management","(CAH17-01-05) human resource management","Quintile 2","635","550","0.868"
"2022","(CAH17) business and management","(CAH17-01-05) human resource management","Quintile 2","580","485","0.84"
"2023","(CAH17) business and management","(CAH17-01-05) human resource management","Quintile 2","515","430","0.833"
"2019","(CAH17) business and management","(CAH17-01-04) management studies","Quintile 2","4535","3385","0.746"
"2020","(CAH17) business and management","(CAH17-01-04) management studies","Quintile 2","4390","3205","0.73"
"2021","(CAH17) business and management","(CAH17-01-04) management studies","Quintile 2","4835","3475","0.719"
"2022","(CAH17) business and management","(CAH17-01-04) management studies","Quintile 2","5010","3345","0.667"
"2023","(CAH17) business and management","(CAH17-01-04) management studies","Quintile 2","4820","3305","0.686"
"2019","(CAH17) business and management","(CAH17-01-08) accounting","Quintile 2","5370","4285","0.798"
"2020","(CAH17) business and management","(CAH17-01-08) accounting","Quintile 2","5340","4330","0.811"
"2021","(CAH17) business and management","(CAH17-01-08) accounting","Quintile 2","6490","5275","0.8130000000000001"
"2022","(CAH17) business and management","(CAH17-01-08) accounting","Quintile 2","6140","4960","0.808"
"2023","(CAH17) business and management","(CAH17-01-08) accounting","Quintile 2","6345","5080","0.8"
"2019","(CAH17) business and management","(CAH17-01-07) finance","Quintile 2","3705","3040","0.8200000000000001"
"2020","(CAH17) business and management","(CAH17-01-07) finance","Quintile 2","3730","3035","0.8140000000000001"
"2021","(CAH17) business and management","(CAH17-01-07) finance","Quintile 2","4350","3575","0.8220000000000001"
"2022","(CAH17) business and management","(CAH17-01-07) finance","Quintile 2","4465","3535","0.792"
"2023","(CAH17) business and management","(CAH17-01-07) finance","Quintile 2","4695","3780","0.805"
"2019","(CAH17) business and management","(CAH17-01-09) others in business and management","Quintile 2","5","5"," "
"2020","(CAH17) business and management","(CAH17-01-09) others in business and management","Quintile 2","5","5"," "
"2021","(CAH17) business and management","(CAH17-01-09) others in business and management","Quintile 2","5","5"," "
"2022","(CAH17) business and management","(CAH17-01-09) others in business and management","Quintile 2","5","5"," "
"2023","(CAH17) business and management","(CAH17-01-09) others in business and management","Quintile 2","5","5"," "
"2019","(CAH15) social sciences","(CAH15-03-01) politics","Quintile 2","4845","4070","0.84"
"2020","(CAH15) social sciences","(CAH15-03-01) politics","Quintile 2","4665","3990","0.855"
"2021","(CAH15) social sciences","(CAH15-03-01) politics","Quintile 2","4840","3925","0.811"
"2022","(CAH15) social sciences","(CAH15-03-01) politics","Quintile 2","5035","3950","0.785"
"2023","(CAH15) social sciences","(CAH15-03-01) politics","Quintile 2","5290","4270","0.807"
"2019","(CAH15) social sciences","(CAH15-01-04) anthropology","Quintile 2","435","350","0.801"
"2020","(CAH15) social sciences","(CAH15-01-04) anthropology","Quintile 2","470","385","0.8210000000000001"
"2021","(CAH15) social sciences","(CAH15-01-04) anthropology","Quintile 2","455","365","0.801"
"2022","(CAH15) social sciences","(CAH15-01-04) anthropology","Quintile 2","520","370","0.714"
"2023","(CAH15) social sciences","(CAH15-01-04) anthropology","Quintile 2","435","330","0.761"
"2019","(CAH15) social sciences","(CAH15-02-01) economics","Quintile 2","5060","4045","0.8"
"2020","(CAH15) social sciences","(CAH15-02-01) economics","Quintile 2","5295","4180","0.789"
"2021","(CAH15) social sciences","(CAH15-02-01) economics","Quintile 2","5825","4530","0.778"
"2022","(CAH15) social sciences","(CAH15-02-01) economics","Quintile 2","5795","4130","0.713"
"2023","(CAH15) social sciences","(CAH15-02-01) economics","Quintile 2","6380","4620","0.724"
"2019","(CAH15) social sciences","(CAH15-04-02) childhood and youth studies","Quintile 2","2490","2125","0.854"
"2020","(CAH15) social sciences","(CAH15-04-02) childhood and youth studies","Quintile 2","2335","2025","0.868"
"2021","(CAH15) social sciences","(CAH15-04-02) childhood and youth studies","Quintile 2","2450","2200","0.898"
"2022","(CAH15) social sciences","(CAH15-04-02) childhood and youth studies","Quintile 2","2410","2135","0.886"
"2023","(CAH15) social sciences","(CAH15-04-02) childhood and youth studies","Quintile 2","2075","1840","0.887"
"2019","(CAH15) social sciences","(CAH15-04-01) social work","Quintile 2","6025","2480","0.41200000000000003"
"2020","(CAH15) social sciences","(CAH15-04-01) social work","Quintile 2","6045","2780","0.46"
"2021","(CAH15) social sciences","(CAH15-04-01) social work","Quintile 2","6490","2920","0.45"
"2022","(CAH15) social sciences","(CAH15-04-01) social work","Quintile 2","5605","2530","0.451"
"2023","(CAH15) social sciences","(CAH15-04-01) social work","Quintile 2","4735","2200","0.464"
"2019","(CAH15) social sciences","(CAH15-01-01) social sciences (non-specific)","Quintile 2","1080","875","0.809"
"2020","(CAH15) social sciences","(CAH15-01-01) social sciences (non-specific)","Quintile 2","1165","1010","0.866"
"2021","(CAH15) social sciences","(CAH15-01-01) social sciences (non-specific)","Quintile 2","1225","1045","0.852"
"2022","(CAH15) social sciences","(CAH15-01-01) social sciences (non-specific)","Quintile 2","1075","900","0.838"
"2023","(CAH15) social sciences","(CAH15-01-01) social sciences (non-specific)","Quintile 2","995","860","0.864"
"2019","(CAH15) social sciences","(CAH15-04-03) health studies","Quintile 2","2695","2400","0.89"
"2020","(CAH15) social sciences","(CAH15-04-03) health studies","Quintile 2","2715","2455","0.904"
"2021","(CAH15) social sciences","(CAH15-04-03) health studies","Quintile 2","3385","3115","0.92"
"2022","(CAH15) social sciences","(CAH15-04-03) health studies","Quintile 2","3125","2885","0.923"
"2023","(CAH15) social sciences","(CAH15-04-03) health studies","Quintile 2","2760","2520","0.914"
"2019","(CAH15) social sciences","(CAH15-01-03) social policy","Quintile 2","1345","1110","0.8250000000000001"
"2020","(CAH15) social sciences","(CAH15-01-03) social policy","Quintile 2","1240","1020","0.8220000000000001"
"2021","(CAH15) social sciences","(CAH15-01-03) social policy","Quintile 2","1380","1070","0.777"
"2022","(CAH15) social sciences","(CAH15-01-03) social policy","Quintile 2","1100","805","0.733"
"2023","(CAH15) social sciences","(CAH15-01-03) social policy","Quintile 2","1075","830","0.772"
"2019","(CAH15) social sciences","(CAH15-01-02) sociology","Quintile 2","13115","11850","0.903"
"2020","(CAH15) social sciences","(CAH15-01-02) sociology","Quintile 2","13385","12120","0.905"
"2021","(CAH15) social sciences","(CAH15-01-02) sociology","Quintile 2","14300","12885","0.901"
"2022","(CAH15) social sciences","(CAH15-01-02) sociology","Quintile 2","15245","13275","0.871"
"2023","(CAH15) social sciences","(CAH15-01-02) sociology","Quintile 2","14100","12430","0.882"
"2019","(CAH15) social sciences","(CAH15-01-05) development studies","Quintile 2","175","160","0.911"
"2020","(CAH15) social sciences","(CAH15-01-05) development studies","Quintile 2","145","130","0.897"
"2021","(CAH15) social sciences","(CAH15-01-05) development studies","Quintile 2","165","145","0.894"
"2022","(CAH15) social sciences","(CAH15-01-05) development studies","Quintile 2","150","130","0.883"
"2023","(CAH15) social sciences","(CAH15-01-05) development studies","Quintile 2","150","130","0.87"
"2019","(CAH15) social sciences","(CAH15-01-06) cultural studies","Quintile 2","125","110","0.877"
"2020","(CAH15) social sciences","(CAH15-01-06) cultural studies","Quintile 2","80","75","0.908"
"2021","(CAH15) social sciences","(CAH15-01-06) cultural studies","Quintile 2","100","85","0.868"
"2022","(CAH15) social sciences","(CAH15-01-06) cultural studies","Quintile 2","75","65","0.867"
"2023","(CAH15) social sciences","(CAH15-01-06) cultural studies","Quintile 2","70","60","0.891"
"2019","(CAH03) biological and sport sciences","(CAH03-02-01) sport and exercise sciences","Quintile 2","11970","9905","0.8270000000000001"
"2020","(CAH03) biological and sport sciences","(CAH03-02-01) sport and exercise sciences","Quintile 2","12740","10625","0.834"
"2021","(CAH03) biological and sport sciences","(CAH03-02-01) sport and exercise sciences","Quintile 2","13560","11230","0.8280000000000001"
"2022","(CAH03) biological and sport sciences","(CAH03-02-01) sport and exercise sciences","Quintile 2","14660","11745","0.801"
"2023","(CAH03) biological and sport sciences","(CAH03-02-01) sport and exercise sciences","Quintile 2","12935","10600","0.8200000000000001"
"2019","(CAH03) biological and sport sciences","(CAH03-01-07) genetics","Quintile 2","160","130","0.797"
"2020","(CAH03) biological and sport sciences","(CAH03-01-07) genetics","Quintile 2","150","125","0.8280000000000001"
"2021","(CAH03) biological and sport sciences","(CAH03-01-07) genetics","Quintile 2","225","195","0.867"
"2022","(CAH03) biological and sport sciences","(CAH03-01-07) genetics","Quintile 2","165","145","0.891"
"2023","(CAH03) biological and sport sciences","(CAH03-01-07) genetics","Quintile 2","165","140","0.85"
"2019","(CAH03) biological and sport sciences","(CAH03-01-10) others in biosciences","Quintile 2","365","305","0.8320000000000001"
"2020","(CAH03) biological and sport sciences","(CAH03-01-10) others in biosciences","Quintile 2","410","325","0.794"
"2021","(CAH03) biological and sport sciences","(CAH03-01-10) others in biosciences","Quintile 2","415","340","0.8210000000000001"
"2022","(CAH03) biological and sport sciences","(CAH03-01-10) others in biosciences","Quintile 2","405","350","0.866"
"2023","(CAH03) biological and sport sciences","(CAH03-01-10) others in biosciences","Quintile 2","360","305","0.841"
"2019","(CAH03) biological and sport sciences","(CAH03-01-08) molecular biology, biophysics and biochemistry","Quintile 2","2185","1890","0.866"
"2020","(CAH03) biological and sport sciences","(CAH03-01-08) molecular biology, biophysics and biochemistry","Quintile 2","1875","1590","0.849"
"2021","(CAH03) biological and sport sciences","(CAH03-01-08) molecular biology, biophysics and biochemistry","Quintile 2","2160","1880","0.871"
"2022","(CAH03) biological and sport sciences","(CAH03-01-08) molecular biology, biophysics and biochemistry","Quintile 2","2070","1675","0.809"
"2023","(CAH03) biological and sport sciences","(CAH03-01-08) molecular biology, biophysics and biochemistry","Quintile 2","2210","1855","0.839"
"2019","(CAH03) biological and sport sciences","(CAH03-01-01) biosciences (non-specific)","Quintile 2","1665","1415","0.85"
"2020","(CAH03) biological and sport sciences","(CAH03-01-01) biosciences (non-specific)","Quintile 2","1705","1445","0.848"
"2021","(CAH03) biological and sport sciences","(CAH03-01-01) biosciences (non-specific)","Quintile 2","1975","1685","0.853"
"2022","(CAH03) biological and sport sciences","(CAH03-01-01) biosciences (non-specific)","Quintile 2","1745","1420","0.8150000000000001"
"2023","(CAH03) biological and sport sciences","(CAH03-01-01) biosciences (non-specific)","Quintile 2","1835","1560","0.849"
"2019","(CAH03) biological and sport sciences","(CAH03-01-02) biology (non-specific)","Quintile 2","2875","2465","0.858"
"2020","(CAH03) biological and sport sciences","(CAH03-01-02) biology (non-specific)","Quintile 2","2760","2385","0.864"
"2021","(CAH03) biological and sport sciences","(CAH03-01-02) biology (non-specific)","Quintile 2","2505","2185","0.872"
"2022","(CAH03) biological and sport sciences","(CAH03-01-02) biology (non-specific)","Quintile 2","2410","1995","0.8290000000000001"
"2023","(CAH03) biological and sport sciences","(CAH03-01-02) biology (non-specific)","Quintile 2","2515","2120","0.842"
"2019","(CAH03) biological and sport sciences","(CAH03-01-03) ecology and environmental biology","Quintile 2","1175","1060","0.903"
"2020","(CAH03) biological and sport sciences","(CAH03-01-03) ecology and environmental biology","Quintile 2","1235","1070","0.867"
"2021","(CAH03) biological and sport sciences","(CAH03-01-03) ecology and environmental biology","Quintile 2","1600","1375","0.858"
"2022","(CAH03) biological and sport sciences","(CAH03-01-03) ecology and environmental biology","Quintile 2","1650","1425","0.865"
"2023","(CAH03) biological and sport sciences","(CAH03-01-03) ecology and environmental biology","Quintile 2","1475","1275","0.864"
"2019","(CAH03) biological and sport sciences","(CAH03-01-04) microbiology and cell science","Quintile 2","535","450","0.843"
"2020","(CAH03) biological and sport sciences","(CAH03-01-04) microbiology and cell science","Quintile 2","550","455","0.8290000000000001"
"2021","(CAH03) biological and sport sciences","(CAH03-01-04) microbiology and cell science","Quintile 2","555","470","0.848"
"2022","(CAH03) biological and sport sciences","(CAH03-01-04) microbiology and cell science","Quintile 2","480","380","0.795"
"2023","(CAH03) biological and sport sciences","(CAH03-01-04) microbiology and cell science","Quintile 2","485","410","0.846"
"2019","(CAH03) biological and sport sciences","(CAH03-01-05) plant sciences","Quintile 2","35","25","0.785"
"2020","(CAH03) biological and sport sciences","(CAH03-01-05) plant sciences","Quintile 2","25","25","0.927"
"2021","(CAH03) biological and sport sciences","(CAH03-01-05) plant sciences","Quintile 2","45","35","0.802"
"2022","(CAH03) biological and sport sciences","(CAH03-01-05) plant sciences","Quintile 2","35","30","0.8230000000000001"
"2023","(CAH03) biological and sport sciences","(CAH03-01-05) plant sciences","Quintile 2","40","35","0.8200000000000001"
"2019","(CAH03) biological and sport sciences","(CAH03-01-06) zoology","Quintile 2","1405","1165","0.8270000000000001"
"2020","(CAH03) biological and sport sciences","(CAH03-01-06) zoology","Quintile 2","1240","990","0.799"
"2021","(CAH03) biological and sport sciences","(CAH03-01-06) zoology","Quintile 2","1580","1275","0.808"
"2022","(CAH03) biological and sport sciences","(CAH03-01-06) zoology","Quintile 2","1570","1235","0.786"
"2023","(CAH03) biological and sport sciences","(CAH03-01-06) zoology","Quintile 2","1370","1100","0.804"
"2019","(CAH03) biological and sport sciences","(CAH03-01-09) hair and beauty sciences","Quintile 2","45","35","0.757"
"2020","(CAH03) biological and sport sciences","(CAH03-01-09) hair and beauty sciences","Quintile 2","25","15","0.684"
"2021","(CAH03) biological and sport sciences","(CAH03-01-09) hair and beauty sciences","Quintile 2","30","15","0.5"
"2022","(CAH03) biological and sport sciences","(CAH03-01-09) hair and beauty sciences","Quintile 2","5","5"," "
"2023","(CAH03) biological and sport sciences","(CAH03-01-09) hair and beauty sciences","Quintile 2","5","5"," "
"2019","(CAH13) architecture, building and planning","(CAH13-01-01) architecture","Quintile 2","2660","1675","0.629"
"2020","(CAH13) architecture, building and planning","(CAH13-01-01) architecture","Quintile 2","2840","1840","0.649"
"2021","(CAH13) architecture, building and planning","(CAH13-01-01) architecture","Quintile 2","3230","2155","0.668"
"2022","(CAH13) architecture, building and planning","(CAH13-01-01) architecture","Quintile 2","3545","2160","0.609"
"2023","(CAH13) architecture, building and planning","(CAH13-01-01) architecture","Quintile 2","3375","2170","0.643"
"2019","(CAH13) architecture, building and planning","(CAH13-01-03) landscape design","Quintile 2","55","40","0.726"
"2020","(CAH13) architecture, building and planning","(CAH13-01-03) landscape design","Quintile 2","70","40","0.599"
"2021","(CAH13) architecture, building and planning","(CAH13-01-03) landscape design","Quintile 2","50","40","0.77"
"2022","(CAH13) architecture, building and planning","(CAH13-01-03) landscape design","Quintile 2","60","45","0.756"
"2023","(CAH13) architecture, building and planning","(CAH13-01-03) landscape design","Quintile 2","70","45","0.657"
"2019","(CAH13) architecture, building and planning","(CAH13-01-02) building","Quintile 2","1485","1305","0.88"
"2020","(CAH13) architecture, building and planning","(CAH13-01-02) building","Quintile 2","1515","1305","0.863"
"2021","(CAH13) architecture, building and planning","(CAH13-01-02) building","Quintile 2","1755","1535","0.874"
"2022","(CAH13) architecture, building and planning","(CAH13-01-02) building","Quintile 2","1815","1645","0.907"
"2023","(CAH13) architecture, building and planning","(CAH13-01-02) building","Quintile 2","1710","1505","0.881"
"2019","(CAH13) architecture, building and planning","(CAH13-01-04) planning (urban, rural and regional)","Quintile 2","385","350","0.904"
"2020","(CAH13) architecture, building and planning","(CAH13-01-04) planning (urban, rural and regional)","Quintile 2","435","380","0.879"
"2021","(CAH13) architecture, building and planning","(CAH13-01-04) planning (urban, rural and regional)","Quintile 2","445","380","0.853"
"2022","(CAH13) architecture, building and planning","(CAH13-01-04) planning (urban, rural and regional)","Quintile 2","485","385","0.793"
"2023","(CAH13) architecture, building and planning","(CAH13-01-04) planning (urban, rural and regional)","Quintile 2","400","325","0.81"
"2019","(CAH01) medicine and dentistry","(CAH01-01-03) medicine by specialism","Quintile 2","140","65","0.457"
"2020","(CAH01) medicine and dentistry","(CAH01-01-03) medicine by specialism","Quintile 2","150","85","0.5670000000000001"
"2021","(CAH01) medicine and dentistry","(CAH01-01-03) medicine by specialism","Quintile 2","170","70","0.41500000000000004"
"2022","(CAH01) medicine and dentistry","(CAH01-01-03) medicine by specialism","Quintile 2","245","110","0.439"
"2023","(CAH01) medicine and dentistry","(CAH01-01-03) medicine by specialism","Quintile 2","155","85","0.542"
"2019","(CAH01) medicine and dentistry","(CAH01-01-04) dentistry","Quintile 2","1795","335","0.187"
"2020","(CAH01) medicine and dentistry","(CAH01-01-04) dentistry","Quintile 2","1975","350","0.178"
"2021","(CAH01) medicine and dentistry","(CAH01-01-04) dentistry","Quintile 2","2275","340","0.15"
"2022","(CAH01) medicine and dentistry","(CAH01-01-04) dentistry","Quintile 2","2780","305","0.11"
"2023","(CAH01) medicine and dentistry","(CAH01-01-04) dentistry","Quintile 2","3420","325","0.096"
"2019","(CAH01) medicine and dentistry","(CAH01-01-02) medicine (non-specific)","Quintile 2","7750","2125","0.274"
"2020","(CAH01) medicine and dentistry","(CAH01-01-02) medicine (non-specific)","Quintile 2","8035","2205","0.274"
"2021","(CAH01) medicine and dentistry","(CAH01-01-02) medicine (non-specific)","Quintile 2","10960","2330","0.213"
"2022","(CAH01) medicine and dentistry","(CAH01-01-02) medicine (non-specific)","Quintile 2","11425","1620","0.14200000000000002"
"2023","(CAH01) medicine and dentistry","(CAH01-01-02) medicine (non-specific)","Quintile 2","10870","2045","0.188"
"2019","(CAH01) medicine and dentistry","(CAH01-01-01) medical sciences (non-specific)","Quintile 2","255","200","0.788"
"2020","(CAH01) medicine and dentistry","(CAH01-01-01) medical sciences (non-specific)","Quintile 2","270","215","0.8"
"2021","(CAH01) medicine and dentistry","(CAH01-01-01) medical sciences (non-specific)","Quintile 2","260","205","0.797"
"2022","(CAH01) medicine and dentistry","(CAH01-01-01) medical sciences (non-specific)","Quintile 2","335","195","0.585"
"2023","(CAH01) medicine and dentistry","(CAH01-01-01) medical sciences (non-specific)","Quintile 2","350","255","0.733"
"2019","(CAH20) historical, philosophical and religious studies","(CAH20-01-01) history","Quintile 2","6625","5885","0.888"
"2020","(CAH20) historical, philosophical and religious studies","(CAH20-01-01) history","Quintile 2","5695","5135","0.901"
"2021","(CAH20) historical, philosophical and religious studies","(CAH20-01-01) history","Quintile 2","6035","5310","0.88"
"2022","(CAH20) historical, philosophical and religious studies","(CAH20-01-01) history","Quintile 2","5920","5080","0.858"
"2023","(CAH20) historical, philosophical and religious studies","(CAH20-01-01) history","Quintile 2","5815","5060","0.87"
"2019","(CAH20) historical, philosophical and religious studies","(CAH20-01-03) archaeology","Quintile 2","520","435","0.839"
"2020","(CAH20) historical, philosophical and religious studies","(CAH20-01-03) archaeology","Quintile 2","445","395","0.882"
"2021","(CAH20) historical, philosophical and religious studies","(CAH20-01-03) archaeology","Quintile 2","475","415","0.875"
"2022","(CAH20) historical, philosophical and religious studies","(CAH20-01-03) archaeology","Quintile 2","600","510","0.847"
"2023","(CAH20) historical, philosophical and religious studies","(CAH20-01-03) archaeology","Quintile 2","685","585","0.855"
"2019","(CAH20) historical, philosophical and religious studies","(CAH20-01-05) classics","Quintile 2","560","475","0.845"
"2020","(CAH20) historical, philosophical and religious studies","(CAH20-01-05) classics","Quintile 2","465","415","0.889"
"2021","(CAH20) historical, philosophical and religious studies","(CAH20-01-05) classics","Quintile 2","515","450","0.875"
"2022","(CAH20) historical, philosophical and religious studies","(CAH20-01-05) classics","Quintile 2","690","545","0.791"
"2023","(CAH20) historical, philosophical and religious studies","(CAH20-01-05) classics","Quintile 2","775","635","0.8190000000000001"
"2019","(CAH20) historical, philosophical and religious studies","(CAH20-01-02) history of art, architecture and design","Quintile 2","340","230","0.673"
"2020","(CAH20) historical, philosophical and religious studies","(CAH20-01-02) history of art, architecture and design","Quintile 2","330","230","0.7030000000000001"
"2021","(CAH20) historical, philosophical and religious studies","(CAH20-01-02) history of art, architecture and design","Quintile 2","380","280","0.735"
"2022","(CAH20) historical, philosophical and religious studies","(CAH20-01-02) history of art, architecture and design","Quintile 2","450","320","0.714"
"2023","(CAH20) historical, philosophical and religious studies","(CAH20-01-02) history of art, architecture and design","Quintile 2","460","330","0.72"
"2019","(CAH20) historical, philosophical and religious studies","(CAH20-02-01) philosophy","Quintile 2","1685","1410","0.836"
"2020","(CAH20) historical, philosophical and religious studies","(CAH20-02-01) philosophy","Quintile 2","1580","1315","0.833"
"2021","(CAH20) historical, philosophical and religious studies","(CAH20-02-01) philosophy","Quintile 2","1680","1365","0.812"
"2022","(CAH20) historical, philosophical and religious studies","(CAH20-02-01) philosophy","Quintile 2","1785","1415","0.793"
"2023","(CAH20) historical, philosophical and religious studies","(CAH20-02-01) philosophy","Quintile 2","1935","1555","0.804"
"2019","(CAH20) historical, philosophical and religious studies","(CAH20-02-02) theology and religious studies","Quintile 2","565","475","0.845"
"2020","(CAH20) historical, philosophical and religious studies","(CAH20-02-02) theology and religious studies","Quintile 2","560","485","0.869"
"2021","(CAH20) historical, philosophical and religious studies","(CAH20-02-02) theology and religious studies","Quintile 2","445","380","0.851"
"2022","(CAH20) historical, philosophical and religious studies","(CAH20-02-02) theology and religious studies","Quintile 2","505","425","0.84"
"2023","(CAH20) historical, philosophical and religious studies","(CAH20-02-02) theology and religious studies","Quintile 2","460","395","0.856"
"2019","(CAH20) historical, philosophical and religious studies","(CAH20-01-04) heritage studies","Quintile 2","15","10","0.799"
"2020","(CAH20) historical, philosophical and religious studies","(CAH20-01-04) heritage studies","Quintile 2","15","15","0.9"
"2021","(CAH20) historical, philosophical and religious studies","(CAH20-01-04) heritage studies","Quintile 2","15","15","0.865"
"2022","(CAH20) historical, philosophical and religious studies","(CAH20-01-04) heritage studies","Quintile 2","25","20","0.779"
"2023","(CAH20) historical, philosophical and religious studies","(CAH20-01-04) heritage studies","Quintile 2","25","20","0.762"
"2019","(CAH11) computing","(CAH11-01-08) others in computing","Quintile 2","825","740","0.897"
"2020","(CAH11) computing","(CAH11-01-08) others in computing","Quintile 2","820","735","0.898"
"2021","(CAH11) computing","(CAH11-01-08) others in computing","Quintile 2","745","660","0.888"
"2022","(CAH11) computing","(CAH11-01-08) others in computing","Quintile 2","835","705","0.844"
"2023","(CAH11) computing","(CAH11-01-08) others in computing","Quintile 2","930","770","0.8270000000000001"
"2019","(CAH11) computing","(CAH11-01-05) artificial intelligence","Quintile 2","200","140","0.6910000000000001"
"2020","(CAH11) computing","(CAH11-01-05) artificial intelligence","Quintile 2","295","210","0.72"
"2021","(CAH11) computing","(CAH11-01-05) artificial intelligence","Quintile 2","350","225","0.649"
"2022","(CAH11) computing","(CAH11-01-05) artificial intelligence","Quintile 2","405","270","0.669"
"2023","(CAH11) computing","(CAH11-01-05) artificial intelligence","Quintile 2","495","330","0.664"
"2019","(CAH11) computing","(CAH11-01-07) business computing","Quintile 2","710","615","0.869"
"2020","(CAH11) computing","(CAH11-01-07) business computing","Quintile 2","635","565","0.889"
"2021","(CAH11) computing","(CAH11-01-07) business computing","Quintile 2","575","525","0.912"
"2022","(CAH11) computing","(CAH11-01-07) business computing","Quintile 2","635","560","0.879"
"2023","(CAH11) computing","(CAH11-01-07) business computing","Quintile 2","540","465","0.857"
"2019","(CAH11) computing","(CAH11-01-06) computer games and animation","Quintile 2","3520","2745","0.78"
"2020","(CAH11) computing","(CAH11-01-06) computer games and animation","Quintile 2","3530","2745","0.777"
"2021","(CAH11) computing","(CAH11-01-06) computer games and animation","Quintile 2","3625","2950","0.8140000000000001"
"2022","(CAH11) computing","(CAH11-01-06) computer games and animation","Quintile 2","4330","3385","0.782"
"2023","(CAH11) computing","(CAH11-01-06) computer games and animation","Quintile 2","4580","3685","0.805"
"2019","(CAH11) computing","(CAH11-01-01) computer science","Quintile 2","9285","7215","0.777"
"2020","(CAH11) computing","(CAH11-01-01) computer science","Quintile 2","9865","7770","0.788"
"2021","(CAH11) computing","(CAH11-01-01) computer science","Quintile 2","9945","7685","0.773"
"2022","(CAH11) computing","(CAH11-01-01) computer science","Quintile 2","11440","8335","0.729"
"2023","(CAH11) computing","(CAH11-01-01) computer science","Quintile 2","12820","9265","0.723"
"2019","(CAH11) computing","(CAH11-01-02) information technology","Quintile 2","600","530","0.883"
"2020","(CAH11) computing","(CAH11-01-02) information technology","Quintile 2","540","465","0.863"
"2021","(CAH11) computing","(CAH11-01-02) information technology","Quintile 2","450","385","0.857"
"2022","(CAH11) computing","(CAH11-01-02) information technology","Quintile 2","500","445","0.888"
"2023","(CAH11) computing","(CAH11-01-02) information technology","Quintile 2","500","435","0.866"
"2019","(CAH11) computing","(CAH11-01-03) information systems","Quintile 2","410","375","0.916"
"2020","(CAH11) computing","(CAH11-01-03) information systems","Quintile 2","480","440","0.913"
"2021","(CAH11) computing","(CAH11-01-03) information systems","Quintile 2","375","335","0.897"
"2022","(CAH11) computing","(CAH11-01-03) information systems","Quintile 2","455","405","0.894"
"2023","(CAH11) computing","(CAH11-01-03) information systems","Quintile 2","490","430","0.876"
"2019","(CAH11) computing","(CAH11-01-04) software engineering","Quintile 2","2180","1825","0.837"
"2020","(CAH11) computing","(CAH11-01-04) software engineering","Quintile 2","2235","1970","0.88"
"2021","(CAH11) computing","(CAH11-01-04) software engineering","Quintile 2","2650","2305","0.87"
"2022","(CAH11) computing","(CAH11-01-04) software engineering","Quintile 2","3160","2710","0.858"
"2023","(CAH11) computing","(CAH11-01-04) software engineering","Quintile 2","3720","3195","0.859"
"2019","(CAH26) geography, earth and environmental studies","(CAH26-01-06) earth sciences","Quintile 2","1045","885","0.846"
"2020","(CAH26) geography, earth and environmental studies","(CAH26-01-06) earth sciences","Quintile 2","860","720","0.836"
"2021","(CAH26) geography, earth and environmental studies","(CAH26-01-06) earth sciences","Quintile 2","985","825","0.839"
"2022","(CAH26) geography, earth and environmental studies","(CAH26-01-06) earth sciences","Quintile 2","1035","870","0.84"
"2023","(CAH26) geography, earth and environmental studies","(CAH26-01-06) earth sciences","Quintile 2","1035","845","0.8190000000000001"
"2019","(CAH26) geography, earth and environmental studies","(CAH26-01-04) environmental sciences","Quintile 2","645","570","0.887"
"2020","(CAH26) geography, earth and environmental studies","(CAH26-01-04) environmental sciences","Quintile 2","735","640","0.87"
"2021","(CAH26) geography, earth and environmental studies","(CAH26-01-04) environmental sciences","Quintile 2","800","720","0.899"
"2022","(CAH26) geography, earth and environmental studies","(CAH26-01-04) environmental sciences","Quintile 2","865","790","0.914"
"2023","(CAH26) geography, earth and environmental studies","(CAH26-01-04) environmental sciences","Quintile 2","895","815","0.91"
"2019","(CAH26) geography, earth and environmental studies","(CAH26-01-02) physical geographical sciences","Quintile 2","1315","1210","0.919"
"2020","(CAH26) geography, earth and environmental studies","(CAH26-01-02) physical geographical sciences","Quintile 2","1165","1085","0.929"
"2021","(CAH26) geography, earth and environmental studies","(CAH26-01-02) physical geographical sciences","Quintile 2","1300","1195","0.919"
"2022","(CAH26) geography, earth and environmental studies","(CAH26-01-02) physical geographical sciences","Quintile 2","1295","1155","0.894"
"2023","(CAH26) geography, earth and environmental studies","(CAH26-01-02) physical geographical sciences","Quintile 2","1495","1365","0.912"
"2019","(CAH26) geography, earth and environmental studies","(CAH26-01-01) geography (non-specific)","Quintile 2","720","675","0.9380000000000001"
"2020","(CAH26) geography, earth and environmental studies","(CAH26-01-01) geography (non-specific)","Quintile 2","640","585","0.915"
"2021","(CAH26) geography, earth and environmental studies","(CAH26-01-01) geography (non-specific)","Quintile 2","610","540","0.882"
"2022","(CAH26) geography, earth and environmental studies","(CAH26-01-01) geography (non-specific)","Quintile 2","650","575","0.886"
"2023","(CAH26) geography, earth and environmental studies","(CAH26-01-01) geography (non-specific)","Quintile 2","730","650","0.889"
"2019","(CAH26) geography, earth and environmental studies","(CAH26-01-03) human geography","Quintile 2","1355","1250","0.921"
"2020","(CAH26) geography, earth and environmental studies","(CAH26-01-03) human geography","Quintile 2","1130","1055","0.932"
"2021","(CAH26) geography, earth and environmental studies","(CAH26-01-03) human geography","Quintile 2","1285","1170","0.912"
"2022","(CAH26) geography, earth and environmental studies","(CAH26-01-03) human geography","Quintile 2","1315","1145","0.87"
"2023","(CAH26) geography, earth and environmental studies","(CAH26-01-03) human geography","Quintile 2","1520","1355","0.891"
"2019","(CAH07) physical sciences","(CAH07-04-02) forensic and archaeological sciences","Quintile 2","1845","1705","0.925"
"2020","(CAH07) physical sciences","(CAH07-04-02) forensic and archaeological sciences","Quintile 2","1830","1695","0.926"
"2021","(CAH07) physical sciences","(CAH07-04-02) forensic and archaeological sciences","Quintile 2","2075","1945","0.9380000000000001"
"2022","(CAH07) physical sciences","(CAH07-04-02) forensic and archaeological sciences","Quintile 2","2100","1915","0.912"
"2023","(CAH07) physical sciences","(CAH07-04-02) forensic and archaeological sciences","Quintile 2","2105","1895","0.9"
"2019","(CAH07) physical sciences","(CAH07-04-03) sciences (non-specific)","Quintile 2","220","185","0.846"
"2020","(CAH07) physical sciences","(CAH07-04-03) sciences (non-specific)","Quintile 2","275","230","0.841"
"2021","(CAH07) physical sciences","(CAH07-04-03) sciences (non-specific)","Quintile 2","300","225","0.748"
"2022","(CAH07) physical sciences","(CAH07-04-03) sciences (non-specific)","Quintile 2","390","260","0.661"
"2023","(CAH07) physical sciences","(CAH07-04-03) sciences (non-specific)","Quintile 2","530","350","0.663"
"2019","(CAH07) physical sciences","(CAH07-04-04) natural sciences (non-specific)","Quintile 2","295","255","0.871"
"2020","(CAH07) physical sciences","(CAH07-04-04) natural sciences (non-specific)","Quintile 2","310","275","0.881"
"2021","(CAH07) physical sciences","(CAH07-04-04) natural sciences (non-specific)","Quintile 2","285","260","0.912"
"2022","(CAH07) physical sciences","(CAH07-04-04) natural sciences (non-specific)","Quintile 2","315","280","0.883"
"2023","(CAH07) physical sciences","(CAH07-04-04) natural sciences (non-specific)","Quintile 2","275","245","0.896"
"2019","(CAH07) physical sciences","(CAH07-02-01) chemistry","Quintile 2","3280","2855","0.871"
"2020","(CAH07) physical sciences","(CAH07-02-01) chemistry","Quintile 2","3270","2825","0.864"
"2021","(CAH07) physical sciences","(CAH07-02-01) chemistry","Quintile 2","2880","2515","0.873"
"2022","(CAH07) physical sciences","(CAH07-02-01) chemistry","Quintile 2","2745","2370","0.863"
"2023","(CAH07) physical sciences","(CAH07-02-01) chemistry","Quintile 2","3050","2620","0.859"
"2019","(CAH07) physical sciences","(CAH07-01-02) astronomy","Quintile 2","455","365","0.805"
"2020","(CAH07) physical sciences","(CAH07-01-02) astronomy","Quintile 2","460","375","0.8160000000000001"
"2021","(CAH07) physical sciences","(CAH07-01-02) astronomy","Quintile 2","560","450","0.8"
"2022","(CAH07) physical sciences","(CAH07-01-02) astronomy","Quintile 2","555","420","0.761"
"2023","(CAH07) physical sciences","(CAH07-01-02) astronomy","Quintile 2","550","435","0.79"
"2019","(CAH07) physical sciences","(CAH07-01-01) physics","Quintile 2","2910","2355","0.809"
"2020","(CAH07) physical sciences","(CAH07-01-01) physics","Quintile 2","2925","2320","0.793"
"2021","(CAH07) physical sciences","(CAH07-01-01) physics","Quintile 2","3130","2545","0.8140000000000001"
"2022","(CAH07) physical sciences","(CAH07-01-01) physics","Quintile 2","2700","2110","0.782"
"2023","(CAH07) physical sciences","(CAH07-01-01) physics","Quintile 2","2730","2205","0.809"
"2019","(CAH07) physical sciences","(CAH07-04-01) physical sciences (non-specific)","Quintile 2","80","25","0.304"
"2020","(CAH07) physical sciences","(CAH07-04-01) physical sciences (non-specific)","Quintile 2","25","10"," "
"2021","(CAH07) physical sciences","(CAH07-04-01) physical sciences (non-specific)","Quintile 2","40","15","0.32"
"2022","(CAH07) physical sciences","(CAH07-04-01) physical sciences (non-specific)","Quintile 2","45","15","0.383"
"2023","(CAH07) physical sciences","(CAH07-04-01) physical sciences (non-specific)","Quintile 2","35","10","0.329"
"2019","(CAH04) psychology","(CAH04-01-02) applied psychology","Quintile 2","1965","1715","0.874"
"2020","(CAH04) psychology","(CAH04-01-02) applied psychology","Quintile 2","2155","1905","0.884"
"2021","(CAH04) psychology","(CAH04-01-02) applied psychology","Quintile 2","2360","2065","0.874"
"2022","(CAH04) psychology","(CAH04-01-02) applied psychology","Quintile 2","2535","2230","0.88"
"2023","(CAH04) psychology","(CAH04-01-02) applied psychology","Quintile 2","2415","2125","0.879"
"2019","(CAH04) psychology","(CAH04-01-04) psychology and health","Quintile 2","150","135","0.907"
"2020","(CAH04) psychology","(CAH04-01-04) psychology and health","Quintile 2","175","155","0.892"
"2021","(CAH04) psychology","(CAH04-01-04) psychology and health","Quintile 2","230","215","0.9420000000000001"
"2022","(CAH04) psychology","(CAH04-01-04) psychology and health","Quintile 2","230","210","0.908"
"2023","(CAH04) psychology","(CAH04-01-04) psychology and health","Quintile 2","170","160","0.9420000000000001"
"2019","(CAH04) psychology","(CAH04-01-03) developmental psychology","Quintile 2","270","240","0.882"
"2020","(CAH04) psychology","(CAH04-01-03) developmental psychology","Quintile 2","280","240","0.854"
"2021","(CAH04) psychology","(CAH04-01-03) developmental psychology","Quintile 2","350","320","0.911"
"2022","(CAH04) psychology","(CAH04-01-03) developmental psychology","Quintile 2","395","325","0.8280000000000001"
"2023","(CAH04) psychology","(CAH04-01-03) developmental psychology","Quintile 2","390","330","0.84"
"2019","(CAH04) psychology","(CAH04-01-01) psychology (non-specific)","Quintile 2","15750","13465","0.855"
"2020","(CAH04) psychology","(CAH04-01-01) psychology (non-specific)","Quintile 2","16680","14170","0.849"
"2021","(CAH04) psychology","(CAH04-01-01) psychology (non-specific)","Quintile 2","16730","14140","0.845"
"2022","(CAH04) psychology","(CAH04-01-01) psychology (non-specific)","Quintile 2","18235","14585","0.8"
"2023","(CAH04) psychology","(CAH04-01-01) psychology (non-specific)","Quintile 2","17370","14115","0.8130000000000001"
"2019","(CAH04) psychology","(CAH04-01-05) others in psychology","Quintile 2","285","245","0.867"
"2020","(CAH04) psychology","(CAH04-01-05) others in psychology","Quintile 2","255","215","0.846"
"2021","(CAH04) psychology","(CAH04-01-05) others in psychology","Quintile 2","255","225","0.891"
"2022","(CAH04) psychology","(CAH04-01-05) others in psychology","Quintile 2","250","205","0.8240000000000001"
"2023","(CAH04) psychology","(CAH04-01-05) others in psychology","Quintile 2","215","175","0.8180000000000001"
"2019","(CAH09) mathematical sciences","(CAH09-01-01) mathematics","Quintile 2","4510","3780","0.839"
"2020","(CAH09) mathematical sciences","(CAH09-01-01) mathematics","Quintile 2","4500","3725","0.8280000000000001"
"2021","(CAH09) mathematical sciences","(CAH09-01-01) mathematics","Quintile 2","4720","3925","0.8320000000000001"
"2022","(CAH09) mathematical sciences","(CAH09-01-01) mathematics","Quintile 2","4335","3470","0.801"
"2023","(CAH09) mathematical sciences","(CAH09-01-01) mathematics","Quintile 2","4260","3420","0.803"
"2019","(CAH09) mathematical sciences","(CAH09-01-02) operational research","Quintile 2","10","10","1.055"
"2020","(CAH09) mathematical sciences","(CAH09-01-02) operational research","Quintile 2","15","10","0.806"
"2021","(CAH09) mathematical sciences","(CAH09-01-02) operational research","Quintile 2","15","15","1.0050000000000001"
"2022","(CAH09) mathematical sciences","(CAH09-01-02) operational research","Quintile 2","15","15","0.89"
"2023","(CAH09) mathematical sciences","(CAH09-01-02) operational research","Quintile 2","15","15","1.036"
"2019","(CAH09) mathematical sciences","(CAH09-01-03) statistics","Quintile 2","120","95","0.8"
"2020","(CAH09) mathematical sciences","(CAH09-01-03) statistics","Quintile 2","130","100","0.774"
"2021","(CAH09) mathematical sciences","(CAH09-01-03) statistics","Quintile 2","185","145","0.772"
"2022","(CAH09) mathematical sciences","(CAH09-01-03) statistics","Quintile 2","220","150","0.686"
"2023","(CAH09) mathematical sciences","(CAH09-01-03) statistics","Quintile 2","215","130","0.607"
"2019","(CAH22) education and teaching","(CAH22-01-01) education","Quintile 2","4420","3750","0.848"
"2020","(CAH22) education and teaching","(CAH22-01-01) education","Quintile 2","4250","3575","0.841"
"2021","(CAH22) education and teaching","(CAH22-01-01) education","Quintile 2","4540","3825","0.842"
"2022","(CAH22) education and teaching","(CAH22-01-01) education","Quintile 2","4725","3915","0.8290000000000001"
"2023","(CAH22) education and teaching","(CAH22-01-01) education","Quintile 2","4195","3460","0.8250000000000001"
"2019","(CAH22) education and teaching","(CAH22-01-02) teacher training","Quintile 2","7850","3375","0.43"
"2020","(CAH22) education and teaching","(CAH22-01-02) teacher training","Quintile 2","8030","3550","0.442"
"2021","(CAH22) education and teaching","(CAH22-01-02) teacher training","Quintile 2","9165","4285","0.468"
"2022","(CAH22) education and teaching","(CAH22-01-02) teacher training","Quintile 2","9090","4125","0.454"
"2023","(CAH22) education and teaching","(CAH22-01-02) teacher training","Quintile 2","7840","3595","0.458"
"2019","(CAH06) agriculture, food and related studies","(CAH06-01-04) rural estate management","Quintile 2","45","40","0.926"
"2020","(CAH06) agriculture, food and related studies","(CAH06-01-04) rural estate management","Quintile 2","40","40","0.9510000000000001"
"2021","(CAH06) agriculture, food and related studies","(CAH06-01-04) rural estate management","Quintile 2","50","45","0.9430000000000001"
"2022","(CAH06) agriculture, food and related studies","(CAH06-01-04) rural estate management","Quintile 2","50","45","0.864"
"2023","(CAH06) agriculture, food and related studies","(CAH06-01-04) rural estate management","Quintile 2","40","40","0.965"
"2019","(CAH06) agriculture, food and related studies","(CAH06-01-02) agricultural sciences","Quintile 2","40","40","0.99"
"2020","(CAH06) agriculture, food and related studies","(CAH06-01-02) agricultural sciences","Quintile 2","45","35","0.8250000000000001"
"2021","(CAH06) agriculture, food and related studies","(CAH06-01-02) agricultural sciences","Quintile 2","55","50","0.929"
"2022","(CAH06) agriculture, food and related studies","(CAH06-01-02) agricultural sciences","Quintile 2","55","50","0.92"
"2023","(CAH06) agriculture, food and related studies","(CAH06-01-02) agricultural sciences","Quintile 2","50","35","0.74"
"2019","(CAH06) agriculture, food and related studies","(CAH06-01-03) agriculture","Quintile 2","655","545","0.834"
"2020","(CAH06) agriculture, food and related studies","(CAH06-01-03) agriculture","Quintile 2","670","575","0.862"
"2021","(CAH06) agriculture, food and related studies","(CAH06-01-03) agriculture","Quintile 2","775","685","0.886"
"2022","(CAH06) agriculture, food and related studies","(CAH06-01-03) agriculture","Quintile 2","785","685","0.874"
"2023","(CAH06) agriculture, food and related studies","(CAH06-01-03) agriculture","Quintile 2","700","615","0.878"
"2019","(CAH06) agriculture, food and related studies","(CAH06-01-01) animal science","Quintile 2","1365","1230","0.9"
"2020","(CAH06) agriculture, food and related studies","(CAH06-01-01) animal science","Quintile 2","1360","1210","0.889"
"2021","(CAH06) agriculture, food and related studies","(CAH06-01-01) animal science","Quintile 2","1510","1360","0.901"
"2022","(CAH06) agriculture, food and related studies","(CAH06-01-01) animal science","Quintile 2","1590","1435","0.903"
"2023","(CAH06) agriculture, food and related studies","(CAH06-01-01) animal science","Quintile 2","1380","1270","0.92"
"2019","(CAH06) agriculture, food and related studies","(CAH06-01-05) forestry and arboriculture","Quintile 2","20","15","0.743"
"2020","(CAH06) agriculture, food and related studies","(CAH06-01-05) forestry and arboriculture","Quintile 2","30","25","0.779"
"2021","(CAH06) agriculture, food and related studies","(CAH06-01-05) forestry and arboriculture","Quintile 2","30","30","0.966"
"2022","(CAH06) agriculture, food and related studies","(CAH06-01-05) forestry and arboriculture","Quintile 2","40","35","0.91"
"2023","(CAH06) agriculture, food and related studies","(CAH06-01-05) forestry and arboriculture","Quintile 2","25","25","0.9400000000000001"
"2019","(CAH06) agriculture, food and related studies","(CAH06-01-08) food and beverage production","Quintile 2","50","40","0.804"
"2020","(CAH06) agriculture, food and related studies","(CAH06-01-08) food and beverage production","Quintile 2","25","20","0.785"
"2021","(CAH06) agriculture, food and related studies","(CAH06-01-08) food and beverage production","Quintile 2","40","35","0.846"
"2022","(CAH06) agriculture, food and related studies","(CAH06-01-08) food and beverage production","Quintile 2","55","40","0.753"
"2023","(CAH06) agriculture, food and related studies","(CAH06-01-08) food and beverage production","Quintile 2","40","30","0.806"
"2019","(CAH06) agriculture, food and related studies","(CAH06-01-07) food sciences","Quintile 2","120","95","0.812"
"2020","(CAH06) agriculture, food and related studies","(CAH06-01-07) food sciences","Quintile 2","140","130","0.912"
"2021","(CAH06) agriculture, food and related studies","(CAH06-01-07) food sciences","Quintile 2","130","110","0.858"
"2022","(CAH06) agriculture, food and related studies","(CAH06-01-07) food sciences","Quintile 2","130","110","0.845"
"2023","(CAH06) agriculture, food and related studies","(CAH06-01-07) food sciences","Quintile 2","145","120","0.8200000000000001"
"2019","(CAH06) agriculture, food and related studies","(CAH06-01-06) food and beverage studies (non-specific)","Quintile 2","50","40","0.848"
"2020","(CAH06) agriculture, food and related studies","(CAH06-01-06) food and beverage studies (non-specific)","Quintile 2","35","30","0.925"
"2021","(CAH06) agriculture, food and related studies","(CAH06-01-06) food and beverage studies (non-specific)","Quintile 2","35","25","0.762"
"2022","(CAH06) agriculture, food and related studies","(CAH06-01-06) food and beverage studies (non-specific)","Quintile 2","50","35","0.6900000000000001"
"2023","(CAH06) agriculture, food and related studies","(CAH06-01-06) food and beverage studies (non-specific)","Quintile 2","35","30","0.917"
"2019","(CAH16) law","(CAH16-01-01) law","Quintile 2","16815","13855","0.8240000000000001"
"2020","(CAH16) law","(CAH16-01-01) law","Quintile 2","17195","14370","0.836"
"2021","(CAH16) law","(CAH16-01-01) law","Quintile 2","18800","15445","0.8220000000000001"
"2022","(CAH16) law","(CAH16-01-01) law","Quintile 2","20430","15605","0.764"
"2023","(CAH16) law","(CAH16-01-01) law","Quintile 2","21135","16255","0.769"
"2019","(CAH05) veterinary sciences","(CAH05-01-01) veterinary medicine and dentistry","Quintile 2","1080","350","0.323"
"2020","(CAH05) veterinary sciences","(CAH05-01-01) veterinary medicine and dentistry","Quintile 2","975","335","0.342"
"2021","(CAH05) veterinary sciences","(CAH05-01-01) veterinary medicine and dentistry","Quintile 2","1090","285","0.261"
"2022","(CAH05) veterinary sciences","(CAH05-01-01) veterinary medicine and dentistry","Quintile 2","1240","265","0.215"
"2023","(CAH05) veterinary sciences","(CAH05-01-01) veterinary medicine and dentistry","Quintile 2","1245","350","0.28300000000000003"
"2019","(CAH05) veterinary sciences","(CAH05-01-02) others in veterinary sciences","Quintile 2","755","345","0.457"
"2020","(CAH05) veterinary sciences","(CAH05-01-02) others in veterinary sciences","Quintile 2","600","320","0.535"
"2021","(CAH05) veterinary sciences","(CAH05-01-02) others in veterinary sciences","Quintile 2","865","425","0.489"
"2022","(CAH05) veterinary sciences","(CAH05-01-02) others in veterinary sciences","Quintile 2","925","430","0.465"
"2023","(CAH05) veterinary sciences","(CAH05-01-02) others in veterinary sciences","Quintile 2","675","400","0.591"
"2019","(CAH25) design, and creative and performing arts","(CAH25-01-03) design studies","Quintile 3","13315","7500","0.5630000000000001"
"2020","(CAH25) design, and creative and performing arts","(CAH25-01-03) design studies","Quintile 3","12945","7925","0.612"
"2021","(CAH25) design, and creative and performing arts","(CAH25-01-03) design studies","Quintile 3","13495","8855","0.656"
"2022","(CAH25) design, and creative and performing arts","(CAH25-01-03) design studies","Quintile 3","14205","8810","0.62"
"2023","(CAH25) design, and creative and performing arts","(CAH25-01-03) design studies","Quintile 3","13310","8575","0.644"
"2019","(CAH25) design, and creative and performing arts","(CAH25-02-02) music","Quintile 3","6110","3585","0.587"
"2020","(CAH25) design, and creative and performing arts","(CAH25-02-02) music","Quintile 3","6330","3775","0.596"
"2021","(CAH25) design, and creative and performing arts","(CAH25-02-02) music","Quintile 3","6930","4215","0.608"
"2022","(CAH25) design, and creative and performing arts","(CAH25-02-02) music","Quintile 3","7130","4185","0.587"
"2023","(CAH25) design, and creative and performing arts","(CAH25-02-02) music","Quintile 3","7140","4025","0.5640000000000001"
"2019","(CAH25) design, and creative and performing arts","(CAH25-01-04) cinematics and photography","Quintile 3","7385","4690","0.635"
"2020","(CAH25) design, and creative and performing arts","(CAH25-01-04) cinematics and photography","Quintile 3","7390","5045","0.683"
"2021","(CAH25) design, and creative and performing arts","(CAH25-01-04) cinematics and photography","Quintile 3","7765","5700","0.734"
"2022","(CAH25) design, and creative and performing arts","(CAH25-01-04) cinematics and photography","Quintile 3","8210","5490","0.669"
"2023","(CAH25) design, and creative and performing arts","(CAH25-01-04) cinematics and photography","Quintile 3","7745","5410","0.6980000000000001"
"2019","(CAH25) design, and creative and performing arts","(CAH25-01-02) art","Quintile 3","3260","1735","0.533"
"2020","(CAH25) design, and creative and performing arts","(CAH25-01-02) art","Quintile 3","3115","1740","0.558"
"2021","(CAH25) design, and creative and performing arts","(CAH25-01-02) art","Quintile 3","3445","1985","0.5760000000000001"
"2022","(CAH25) design, and creative and performing arts","(CAH25-01-02) art","Quintile 3","3835","2105","0.549"
"2023","(CAH25) design, and creative and performing arts","(CAH25-01-02) art","Quintile 3","3645","2120","0.582"
"2019","(CAH25) design, and creative and performing arts","(CAH25-02-03) drama","Quintile 3","6285","2470","0.393"
"2020","(CAH25) design, and creative and performing arts","(CAH25-02-03) drama","Quintile 3","5880","2430","0.41300000000000003"
"2021","(CAH25) design, and creative and performing arts","(CAH25-02-03) drama","Quintile 3","6400","2780","0.434"
"2022","(CAH25) design, and creative and performing arts","(CAH25-02-03) drama","Quintile 3","6185","2565","0.41400000000000003"
"2023","(CAH25) design, and creative and performing arts","(CAH25-02-03) drama","Quintile 3","6140","2475","0.403"
"2019","(CAH25) design, and creative and performing arts","(CAH25-02-04) dance","Quintile 3","935","415","0.442"
"2020","(CAH25) design, and creative and performing arts","(CAH25-02-04) dance","Quintile 3","900","415","0.464"
"2021","(CAH25) design, and creative and performing arts","(CAH25-02-04) dance","Quintile 3","1220","550","0.452"
"2022","(CAH25) design, and creative and performing arts","(CAH25-02-04) dance","Quintile 3","1255","510","0.40700000000000003"
"2023","(CAH25) design, and creative and performing arts","(CAH25-02-04) dance","Quintile 3","1215","520","0.426"
"2019","(CAH25) design, and creative and performing arts","(CAH25-02-01) performing arts (non-specific)","Quintile 3","680","265","0.392"
"2020","(CAH25) design, and creative and performing arts","(CAH25-02-01) performing arts (non-specific)","Quintile 3","380","180","0.47800000000000004"
"2021","(CAH25) design, and creative and performing arts","(CAH25-02-01) performing arts (non-specific)","Quintile 3","295","225","0.755"
"2022","(CAH25) design, and creative and performing arts","(CAH25-02-01) performing arts (non-specific)","Quintile 3","285","205","0.712"
"2023","(CAH25) design, and creative and performing arts","(CAH25-02-01) performing arts (non-specific)","Quintile 3","205","140","0.673"
"2019","(CAH25) design, and creative and performing arts","(CAH25-01-05) others in creative arts and design","Quintile 3","450","320","0.707"
"2020","(CAH25) design, and creative and performing arts","(CAH25-01-05) others in creative arts and design","Quintile 3","475","355","0.748"
"2021","(CAH25) design, and creative and performing arts","(CAH25-01-05) others in creative arts and design","Quintile 3","550","435","0.795"
"2022","(CAH25) design, and creative and performing arts","(CAH25-01-05) others in creative arts and design","Quintile 3","500","345","0.6900000000000001"
"2023","(CAH25) design, and creative and performing arts","(CAH25-01-05) others in creative arts and design","Quintile 3","495","375","0.756"
"2019","(CAH25) design, and creative and performing arts","(CAH25-01-01) creative arts and design (non-specific)","Quintile 3","490","220","0.453"
"2020","(CAH25) design, and creative and performing arts","(CAH25-01-01) creative arts and design (non-specific)","Quintile 3","515","310","0.604"
"2021","(CAH25) design, and creative and performing arts","(CAH25-01-01) creative arts and design (non-specific)","Quintile 3","625","355","0.5670000000000001"
"2022","(CAH25) design, and creative and performing arts","(CAH25-01-01) creative arts and design (non-specific)","Quintile 3","670","350","0.525"
"2023","(CAH25) design, and creative and performing arts","(CAH25-01-01) creative arts and design (non-specific)","Quintile 3","665","345","0.515"
"2019","(CAH10) engineering and technology","(CAH10-01-06) bioengineering, medical and biomedical engineering","Quintile 3","700","545","0.782"
"2020","(CAH10) engineering and technology","(CAH10-01-06) bioengineering, medical and biomedical engineering","Quintile 3","715","575","0.806"
"2021","(CAH10) engineering and technology","(CAH10-01-06) bioengineering, medical and biomedical engineering","Quintile 3","845","685","0.809"
"2022","(CAH10) engineering and technology","(CAH10-01-06) bioengineering, medical and biomedical engineering","Quintile 3","845","665","0.787"
"2023","(CAH10) engineering and technology","(CAH10-01-06) bioengineering, medical and biomedical engineering","Quintile 3","915","720","0.789"
"2019","(CAH10) engineering and technology","(CAH10-03-02) materials technology","Quintile 3","150","125","0.8250000000000001"
"2020","(CAH10) engineering and technology","(CAH10-03-02) materials technology","Quintile 3","130","110","0.847"
"2021","(CAH10) engineering and technology","(CAH10-03-02) materials technology","Quintile 3","80","75","0.924"
"2022","(CAH10) engineering and technology","(CAH10-03-02) materials technology","Quintile 3","80","60","0.776"
"2023","(CAH10) engineering and technology","(CAH10-03-02) materials technology","Quintile 3","135","120","0.879"
"2019","(CAH10) engineering and technology","(CAH10-03-06) others in technology","Quintile 3","470","390","0.8290000000000001"
"2020","(CAH10) engineering and technology","(CAH10-03-06) others in technology","Quintile 3","515","410","0.797"
"2021","(CAH10) engineering and technology","(CAH10-03-06) others in technology","Quintile 3","660","575","0.873"
"2022","(CAH10) engineering and technology","(CAH10-03-06) others in technology","Quintile 3","665","550","0.8260000000000001"
"2023","(CAH10) engineering and technology","(CAH10-03-06) others in technology","Quintile 3","600","475","0.791"
"2019","(CAH10) engineering and technology","(CAH10-01-03) production and manufacturing engineering","Quintile 3","1235","1030","0.834"
"2020","(CAH10) engineering and technology","(CAH10-01-03) production and manufacturing engineering","Quintile 3","1330","1110","0.833"
"2021","(CAH10) engineering and technology","(CAH10-01-03) production and manufacturing engineering","Quintile 3","1555","1305","0.84"
"2022","(CAH10) engineering and technology","(CAH10-01-03) production and manufacturing engineering","Quintile 3","1740","1415","0.8130000000000001"
"2023","(CAH10) engineering and technology","(CAH10-01-03) production and manufacturing engineering","Quintile 3","1710","1415","0.8260000000000001"
"2019","(CAH10) engineering and technology","(CAH10-01-04) aeronautical and aerospace engineering","Quintile 3","2625","2015","0.767"
"2020","(CAH10) engineering and technology","(CAH10-01-04) aeronautical and aerospace engineering","Quintile 3","2790","2220","0.795"
"2021","(CAH10) engineering and technology","(CAH10-01-04) aeronautical and aerospace engineering","Quintile 3","3125","2400","0.768"
"2022","(CAH10) engineering and technology","(CAH10-01-04) aeronautical and aerospace engineering","Quintile 3","3230","2445","0.757"
"2023","(CAH10) engineering and technology","(CAH10-01-04) aeronautical and aerospace engineering","Quintile 3","3400","2600","0.765"
"2019","(CAH10) engineering and technology","(CAH10-01-08) electrical and electronic engineering","Quintile 3","2790","2100","0.752"
"2020","(CAH10) engineering and technology","(CAH10-01-08) electrical and electronic engineering","Quintile 3","2670","2005","0.751"
"2021","(CAH10) engineering and technology","(CAH10-01-08) electrical and electronic engineering","Quintile 3","2950","2210","0.75"
"2022","(CAH10) engineering and technology","(CAH10-01-08) electrical and electronic engineering","Quintile 3","3245","2290","0.706"
"2023","(CAH10) engineering and technology","(CAH10-01-08) electrical and electronic engineering","Quintile 3","3425","2445","0.714"
"2019","(CAH10) engineering and technology","(CAH10-01-07) civil engineering","Quintile 3","3285","2695","0.8210000000000001"
"2020","(CAH10) engineering and technology","(CAH10-01-07) civil engineering","Quintile 3","3245","2660","0.8190000000000001"
"2021","(CAH10) engineering and technology","(CAH10-01-07) civil engineering","Quintile 3","3810","3025","0.794"
"2022","(CAH10) engineering and technology","(CAH10-01-07) civil engineering","Quintile 3","3615","2855","0.79"
"2023","(CAH10) engineering and technology","(CAH10-01-07) civil engineering","Quintile 3","3410","2705","0.793"
"2019","(CAH10) engineering and technology","(CAH10-03-05) biotechnology","Quintile 3","80","60","0.734"
"2020","(CAH10) engineering and technology","(CAH10-03-05) biotechnology","Quintile 3","95","80","0.8180000000000001"
"2021","(CAH10) engineering and technology","(CAH10-03-05) biotechnology","Quintile 3","90","70","0.802"
"2022","(CAH10) engineering and technology","(CAH10-03-05) biotechnology","Quintile 3","95","80","0.841"
"2023","(CAH10) engineering and technology","(CAH10-03-05) biotechnology","Quintile 3","125","110","0.878"
"2019","(CAH10) engineering and technology","(CAH10-01-09) chemical, process and energy engineering","Quintile 3","1830","1445","0.79"
"2020","(CAH10) engineering and technology","(CAH10-01-09) chemical, process and energy engineering","Quintile 3","1805","1460","0.809"
"2021","(CAH10) engineering and technology","(CAH10-01-09) chemical, process and energy engineering","Quintile 3","1700","1440","0.846"
"2022","(CAH10) engineering and technology","(CAH10-01-09) chemical, process and energy engineering","Quintile 3","1475","1195","0.809"
"2023","(CAH10) engineering and technology","(CAH10-01-09) chemical, process and energy engineering","Quintile 3","1775","1465","0.8250000000000001"
"2019","(CAH10) engineering and technology","(CAH10-03-03) polymers and textiles","Quintile 3","15","10","0.737"
"2020","(CAH10) engineering and technology","(CAH10-03-03) polymers and textiles","Quintile 3","20","15","0.755"
"2021","(CAH10) engineering and technology","(CAH10-03-03) polymers and textiles","Quintile 3","20","15","0.796"
"2022","(CAH10) engineering and technology","(CAH10-03-03) polymers and textiles","Quintile 3","35","25","0.6970000000000001"
"2023","(CAH10) engineering and technology","(CAH10-03-03) polymers and textiles","Quintile 3","50","40","0.776"
"2020","(CAH10) engineering and technology","(CAH10-03-01) minerals technology","Quintile 3","5","5"," "
"2022","(CAH10) engineering and technology","(CAH10-03-01) minerals technology","Quintile 3","5","0"," "
"2023","(CAH10) engineering and technology","(CAH10-03-01) minerals technology","Quintile 3","5","5"," "
"2019","(CAH10) engineering and technology","(CAH10-01-01) engineering (non-specific)","Quintile 3","2585","1950","0.754"
"2020","(CAH10) engineering and technology","(CAH10-01-01) engineering (non-specific)","Quintile 3","2660","1990","0.748"
"2021","(CAH10) engineering and technology","(CAH10-01-01) engineering (non-specific)","Quintile 3","2895","2185","0.755"
"2022","(CAH10) engineering and technology","(CAH10-01-01) engineering (non-specific)","Quintile 3","2925","2140","0.732"
"2023","(CAH10) engineering and technology","(CAH10-01-01) engineering (non-specific)","Quintile 3","2735","2025","0.74"
"2019","(CAH10) engineering and technology","(CAH10-01-10) others in engineering","Quintile 3","15","10","0.7000000000000001"
"2020","(CAH10) engineering and technology","(CAH10-01-10) others in engineering","Quintile 3","20","15","0.81"
"2021","(CAH10) engineering and technology","(CAH10-01-10) others in engineering","Quintile 3","5","5"," "
"2022","(CAH10) engineering and technology","(CAH10-01-10) others in engineering","Quintile 3","5","5"," "
"2023","(CAH10) engineering and technology","(CAH10-01-10) others in engineering","Quintile 3","5","5"," "
"2019","(CAH10) engineering and technology","(CAH10-01-02) mechanical engineering","Quintile 3","5585","4525","0.81"
"2020","(CAH10) engineering and technology","(CAH10-01-02) mechanical engineering","Quintile 3","5645","4490","0.795"
"2021","(CAH10) engineering and technology","(CAH10-01-02) mechanical engineering","Quintile 3","6180","4895","0.792"
"2022","(CAH10) engineering and technology","(CAH10-01-02) mechanical engineering","Quintile 3","6020","4595","0.763"
"2023","(CAH10) engineering and technology","(CAH10-01-02) mechanical engineering","Quintile 3","6035","4660","0.772"
"2019","(CAH10) engineering and technology","(CAH10-03-04) maritime technology","Quintile 3","35","35","0.993"
"2020","(CAH10) engineering and technology","(CAH10-03-04) maritime technology","Quintile 3","50","45","0.889"
"2021","(CAH10) engineering and technology","(CAH10-03-04) maritime technology","Quintile 3","35","30","0.881"
"2022","(CAH10) engineering and technology","(CAH10-03-04) maritime technology","Quintile 3","40","35","0.874"
"2023","(CAH10) engineering and technology","(CAH10-03-04) maritime technology","Quintile 3","40","30","0.789"
"2019","(CAH10) engineering and technology","(CAH10-01-05) naval architecture","Quintile 3","35","30","0.851"
"2020","(CAH10) engineering and technology","(CAH10-01-05) naval architecture","Quintile 3","35","30","0.857"
"2021","(CAH10) engineering and technology","(CAH10-01-05) naval architecture","Quintile 3","30","25","0.773"
"2022","(CAH10) engineering and technology","(CAH10-01-05) naval architecture","Quintile 3","35","30","0.789"
"2023","(CAH10) engineering and technology","(CAH10-01-05) naval architecture","Quintile 3","30","30","0.937"
"2019","(CAH10) engineering and technology","(CAH10-03-07) materials science","Quintile 3","120","65","0.559"
"2020","(CAH10) engineering and technology","(CAH10-03-07) materials science","Quintile 3","160","95","0.601"
"2021","(CAH10) engineering and technology","(CAH10-03-07) materials science","Quintile 3","90","45","0.499"
"2022","(CAH10) engineering and technology","(CAH10-03-07) materials science","Quintile 3","100","60","0.619"
"2023","(CAH10) engineering and technology","(CAH10-03-07) materials science","Quintile 3","95","55","0.587"
"2019","(CAH02) subjects allied to medicine","(CAH02-06-03) ophthalmics","Quintile 3","1740","965","0.553"
"2020","(CAH02) subjects allied to medicine","(CAH02-06-03) ophthalmics","Quintile 3","1845","1125","0.611"
"2021","(CAH02) subjects allied to medicine","(CAH02-06-03) ophthalmics","Quintile 3","1685","1115","0.662"
"2022","(CAH02) subjects allied to medicine","(CAH02-06-03) ophthalmics","Quintile 3","1810","1005","0.555"
"2023","(CAH02) subjects allied to medicine","(CAH02-06-03) ophthalmics","Quintile 3","1960","1175","0.599"
"2019","(CAH02) subjects allied to medicine","(CAH02-05-04) anatomy, physiology and pathology","Quintile 3","880","650","0.737"
"2020","(CAH02) subjects allied to medicine","(CAH02-05-04) anatomy, physiology and pathology","Quintile 3","950","740","0.78"
"2021","(CAH02) subjects allied to medicine","(CAH02-05-04) anatomy, physiology and pathology","Quintile 3","930","710","0.763"
"2022","(CAH02) subjects allied to medicine","(CAH02-05-04) anatomy, physiology and pathology","Quintile 3","985","635","0.645"
"2023","(CAH02) subjects allied to medicine","(CAH02-05-04) anatomy, physiology and pathology","Quintile 3","895","565","0.633"
"2019","(CAH02) subjects allied to medicine","(CAH02-05-01) medical technology","Quintile 3","2230","845","0.38"
"2020","(CAH02) subjects allied to medicine","(CAH02-05-01) medical technology","Quintile 3","2435","910","0.375"
"2021","(CAH02) subjects allied to medicine","(CAH02-05-01) medical technology","Quintile 3","2975","1005","0.338"
"2022","(CAH02) subjects allied to medicine","(CAH02-05-01) medical technology","Quintile 3","2970","920","0.31"
"2023","(CAH02) subjects allied to medicine","(CAH02-05-01) medical technology","Quintile 3","2975","995","0.334"
"2019","(CAH02) subjects allied to medicine","(CAH02-06-06) complementary and alternative medicine","Quintile 3","460","310","0.669"
"2020","(CAH02) subjects allied to medicine","(CAH02-06-06) complementary and alternative medicine","Quintile 3","455","330","0.722"
"2021","(CAH02) subjects allied to medicine","(CAH02-06-06) complementary and alternative medicine","Quintile 3","605","455","0.753"
"2022","(CAH02) subjects allied to medicine","(CAH02-06-06) complementary and alternative medicine","Quintile 3","530","380","0.721"
"2023","(CAH02) subjects allied to medicine","(CAH02-06-06) complementary and alternative medicine","Quintile 3","350","240","0.6900000000000001"
"2019","(CAH02) subjects allied to medicine","(CAH02-06-01) health sciences (non-specific)","Quintile 3","5565","2235","0.402"
"2020","(CAH02) subjects allied to medicine","(CAH02-06-01) health sciences (non-specific)","Quintile 3","6425","2620","0.40800000000000003"
"2021","(CAH02) subjects allied to medicine","(CAH02-06-01) health sciences (non-specific)","Quintile 3","9435","3090","0.327"
"2022","(CAH02) subjects allied to medicine","(CAH02-06-01) health sciences (non-specific)","Quintile 3","9445","3010","0.319"
"2023","(CAH02) subjects allied to medicine","(CAH02-06-01) health sciences (non-specific)","Quintile 3","8650","2860","0.331"
"2019","(CAH02) subjects allied to medicine","(CAH02-06-02) nutrition and dietetics","Quintile 3","1065","800","0.752"
"2020","(CAH02) subjects allied to medicine","(CAH02-06-02) nutrition and dietetics","Quintile 3","1080","805","0.747"
"2021","(CAH02) subjects allied to medicine","(CAH02-06-02) nutrition and dietetics","Quintile 3","1230","895","0.728"
"2022","(CAH02) subjects allied to medicine","(CAH02-06-02) nutrition and dietetics","Quintile 3","1185","860","0.724"
"2023","(CAH02) subjects allied to medicine","(CAH02-06-02) nutrition and dietetics","Quintile 3","940","685","0.727"
"2019","(CAH02) subjects allied to medicine","(CAH02-06-04) environmental and public health","Quintile 3","645","605","0.936"
"2020","(CAH02) subjects allied to medicine","(CAH02-06-04) environmental and public health","Quintile 3","800","760","0.9470000000000001"
"2021","(CAH02) subjects allied to medicine","(CAH02-06-04) environmental and public health","Quintile 3","1095","1060","0.97"
"2022","(CAH02) subjects allied to medicine","(CAH02-06-04) environmental and public health","Quintile 3","960","925","0.963"
"2023","(CAH02) subjects allied to medicine","(CAH02-06-04) environmental and public health","Quintile 3","650","630","0.968"
"2019","(CAH02) subjects allied to medicine","(CAH02-06-07) counselling, psychotherapy and occupational therapy","Quintile 3","2040","1215","0.597"
"2020","(CAH02) subjects allied to medicine","(CAH02-06-07) counselling, psychotherapy and occupational therapy","Quintile 3","2185","1320","0.604"
"2021","(CAH02) subjects allied to medicine","(CAH02-06-07) counselling, psychotherapy and occupational therapy","Quintile 3","2560","1560","0.61"
"2022","(CAH02) subjects allied to medicine","(CAH02-06-07) counselling, psychotherapy and occupational therapy","Quintile 3","2665","1500","0.5630000000000001"
"2023","(CAH02) subjects allied to medicine","(CAH02-06-07) counselling, psychotherapy and occupational therapy","Quintile 3","2485","1445","0.581"
"2019","(CAH02) subjects allied to medicine","(CAH02-02-01) pharmacology","Quintile 3","1105","915","0.8290000000000001"
"2020","(CAH02) subjects allied to medicine","(CAH02-02-01) pharmacology","Quintile 3","1040","875","0.841"
"2021","(CAH02) subjects allied to medicine","(CAH02-02-01) pharmacology","Quintile 3","1175","930","0.79"
"2022","(CAH02) subjects allied to medicine","(CAH02-02-01) pharmacology","Quintile 3","1390","1065","0.767"
"2023","(CAH02) subjects allied to medicine","(CAH02-02-01) pharmacology","Quintile 3","1515","1205","0.796"
"2019","(CAH02) subjects allied to medicine","(CAH02-02-03) pharmacy","Quintile 3","3260","2235","0.686"
"2020","(CAH02) subjects allied to medicine","(CAH02-02-03) pharmacy","Quintile 3","3135","2130","0.679"
"2021","(CAH02) subjects allied to medicine","(CAH02-02-03) pharmacy","Quintile 3","3755","2680","0.714"
"2022","(CAH02) subjects allied to medicine","(CAH02-02-03) pharmacy","Quintile 3","4385","2715","0.62"
"2023","(CAH02) subjects allied to medicine","(CAH02-02-03) pharmacy","Quintile 3","5700","3230","0.5670000000000001"
"2019","(CAH02) subjects allied to medicine","(CAH02-06-05) physiotherapy","Quintile 3","3230","1105","0.342"
"2020","(CAH02) subjects allied to medicine","(CAH02-06-05) physiotherapy","Quintile 3","3330","1185","0.356"
"2021","(CAH02) subjects allied to medicine","(CAH02-06-05) physiotherapy","Quintile 3","3855","1350","0.35000000000000003"
"2022","(CAH02) subjects allied to medicine","(CAH02-06-05) physiotherapy","Quintile 3","4355","1130","0.259"
"2023","(CAH02) subjects allied to medicine","(CAH02-06-05) physiotherapy","Quintile 3","4215","1245","0.295"
"2019","(CAH02) subjects allied to medicine","(CAH02-05-02) healthcare science (non-specific)","Quintile 3","1030","660","0.641"
"2020","(CAH02) subjects allied to medicine","(CAH02-05-02) healthcare science (non-specific)","Quintile 3","1230","870","0.706"
"2021","(CAH02) subjects allied to medicine","(CAH02-05-02) healthcare science (non-specific)","Quintile 3","1225","865","0.706"
"2022","(CAH02) subjects allied to medicine","(CAH02-05-02) healthcare science (non-specific)","Quintile 3","1335","1015","0.76"
"2023","(CAH02) subjects allied to medicine","(CAH02-05-02) healthcare science (non-specific)","Quintile 3","1455","1125","0.774"
"2019","(CAH02) subjects allied to medicine","(CAH02-05-03) biomedical sciences (non-specific)","Quintile 3","7375","6415","0.87"
"2020","(CAH02) subjects allied to medicine","(CAH02-05-03) biomedical sciences (non-specific)","Quintile 3","7540","6540","0.868"
"2021","(CAH02) subjects allied to medicine","(CAH02-05-03) biomedical sciences (non-specific)","Quintile 3","8030","6975","0.869"
"2022","(CAH02) subjects allied to medicine","(CAH02-05-03) biomedical sciences (non-specific)","Quintile 3","7825","6715","0.858"
"2023","(CAH02) subjects allied to medicine","(CAH02-05-03) biomedical sciences (non-specific)","Quintile 3","7780","6670","0.857"
"2019","(CAH02) subjects allied to medicine","(CAH02-02-02) toxicology","Quintile 3","10","10","1.056"
"2020","(CAH02) subjects allied to medicine","(CAH02-02-02) toxicology","Quintile 3","10","10","1.189"
"2021","(CAH02) subjects allied to medicine","(CAH02-02-02) toxicology","Quintile 3","10","5"," "
"2022","(CAH02) subjects allied to medicine","(CAH02-02-02) toxicology","Quintile 3","15","15","1.1440000000000001"
"2023","(CAH02) subjects allied to medicine","(CAH02-02-02) toxicology","Quintile 3","25","25","0.911"
"2019","(CAH02) subjects allied to medicine","(CAH02-04-02) adult nursing","Quintile 3","13485","6185","0.459"
"2020","(CAH02) subjects allied to medicine","(CAH02-04-02) adult nursing","Quintile 3","15235","7470","0.49"
"2021","(CAH02) subjects allied to medicine","(CAH02-04-02) adult nursing","Quintile 3","18645","9165","0.492"
"2022","(CAH02) subjects allied to medicine","(CAH02-04-02) adult nursing","Quintile 3","16390","7795","0.47600000000000003"
"2023","(CAH02) subjects allied to medicine","(CAH02-04-02) adult nursing","Quintile 3","13720","6685","0.487"
"2019","(CAH02) subjects allied to medicine","(CAH02-04-05) children's nursing","Quintile 3","5005","1455","0.291"
"2020","(CAH02) subjects allied to medicine","(CAH02-04-05) children's nursing","Quintile 3","5430","1845","0.34"
"2021","(CAH02) subjects allied to medicine","(CAH02-04-05) children's nursing","Quintile 3","6940","2110","0.304"
"2022","(CAH02) subjects allied to medicine","(CAH02-04-05) children's nursing","Quintile 3","6670","1740","0.261"
"2023","(CAH02) subjects allied to medicine","(CAH02-04-05) children's nursing","Quintile 3","5090","1700","0.333"
"2019","(CAH02) subjects allied to medicine","(CAH02-04-03) community nursing","Quintile 3","5","5"," "
"2021","(CAH02) subjects allied to medicine","(CAH02-04-03) community nursing","Quintile 3","20","10"," "
"2022","(CAH02) subjects allied to medicine","(CAH02-04-03) community nursing","Quintile 3","15","10","0.733"
"2023","(CAH02) subjects allied to medicine","(CAH02-04-03) community nursing","Quintile 3","10","5"," "
"2019","(CAH02) subjects allied to medicine","(CAH02-04-09) others in nursing","Quintile 3","310","75","0.245"
"2020","(CAH02) subjects allied to medicine","(CAH02-04-09) others in nursing","Quintile 3","290","105","0.369"
"2021","(CAH02) subjects allied to medicine","(CAH02-04-09) others in nursing","Quintile 3","350","110","0.32"
"2022","(CAH02) subjects allied to medicine","(CAH02-04-09) others in nursing","Quintile 3","320","110","0.35000000000000003"
"2023","(CAH02) subjects allied to medicine","(CAH02-04-09) others in nursing","Quintile 3","285","120","0.425"
"2019","(CAH02) subjects allied to medicine","(CAH02-04-06) dental nursing","Quintile 3","270","50","0.181"
"2020","(CAH02) subjects allied to medicine","(CAH02-04-06) dental nursing","Quintile 3","310","40","0.135"
"2021","(CAH02) subjects allied to medicine","(CAH02-04-06) dental nursing","Quintile 3","485","45","0.091"
"2022","(CAH02) subjects allied to medicine","(CAH02-04-06) dental nursing","Quintile 3","735","65","0.08700000000000001"
"2023","(CAH02) subjects allied to medicine","(CAH02-04-06) dental nursing","Quintile 3","805","55","0.07"
"2019","(CAH02) subjects allied to medicine","(CAH02-04-08) learning disabilities nursing","Quintile 3","465","230","0.494"
"2020","(CAH02) subjects allied to medicine","(CAH02-04-08) learning disabilities nursing","Quintile 3","515","265","0.512"
"2021","(CAH02) subjects allied to medicine","(CAH02-04-08) learning disabilities nursing","Quintile 3","670","305","0.456"
"2022","(CAH02) subjects allied to medicine","(CAH02-04-08) learning disabilities nursing","Quintile 3","615","270","0.436"
"2023","(CAH02) subjects allied to medicine","(CAH02-04-08) learning disabilities nursing","Quintile 3","520","225","0.431"
"2019","(CAH02) subjects allied to medicine","(CAH02-04-07) mental health nursing","Quintile 3","5005","1780","0.356"
"2020","(CAH02) subjects allied to medicine","(CAH02-04-07) mental health nursing","Quintile 3","6435","2495","0.388"
"2021","(CAH02) subjects allied to medicine","(CAH02-04-07) mental health nursing","Quintile 3","7485","2705","0.361"
"2022","(CAH02) subjects allied to medicine","(CAH02-04-07) mental health nursing","Quintile 3","7440","2360","0.317"
"2023","(CAH02) subjects allied to medicine","(CAH02-04-07) mental health nursing","Quintile 3","6770","2340","0.34600000000000003"
"2019","(CAH02) subjects allied to medicine","(CAH02-04-04) midwifery","Quintile 3","6190","1430","0.231"
"2020","(CAH02) subjects allied to medicine","(CAH02-04-04) midwifery","Quintile 3","6255","1590","0.255"
"2021","(CAH02) subjects allied to medicine","(CAH02-04-04) midwifery","Quintile 3","8040","1715","0.214"
"2022","(CAH02) subjects allied to medicine","(CAH02-04-04) midwifery","Quintile 3","7375","1485","0.201"
"2023","(CAH02) subjects allied to medicine","(CAH02-04-04) midwifery","Quintile 3","6060","1735","0.28600000000000003"
"2019","(CAH02) subjects allied to medicine","(CAH02-04-01) nursing (non-specific)","Quintile 3","2525","895","0.355"
"2020","(CAH02) subjects allied to medicine","(CAH02-04-01) nursing (non-specific)","Quintile 3","2315","925","0.4"
"2021","(CAH02) subjects allied to medicine","(CAH02-04-01) nursing (non-specific)","Quintile 3","2350","870","0.371"
"2022","(CAH02) subjects allied to medicine","(CAH02-04-01) nursing (non-specific)","Quintile 3","1990","690","0.34600000000000003"
"2023","(CAH02) subjects allied to medicine","(CAH02-04-01) nursing (non-specific)","Quintile 3","1680","650","0.388"
"2019","(CAH19) language and area studies","(CAH19-01-05) creative writing","Quintile 3","1240","1035","0.834"
"2020","(CAH19) language and area studies","(CAH19-01-05) creative writing","Quintile 3","1270","1085","0.856"
"2021","(CAH19) language and area studies","(CAH19-01-05) creative writing","Quintile 3","1245","1100","0.884"
"2022","(CAH19) language and area studies","(CAH19-01-05) creative writing","Quintile 3","1385","1170","0.843"
"2023","(CAH19) language and area studies","(CAH19-01-05) creative writing","Quintile 3","1455","1250","0.86"
"2019","(CAH19) language and area studies","(CAH19-04-08) American and Australasian studies","Quintile 3","285","270","0.9390000000000001"
"2020","(CAH19) language and area studies","(CAH19-04-08) American and Australasian studies","Quintile 3","180","165","0.918"
"2021","(CAH19) language and area studies","(CAH19-04-08) American and Australasian studies","Quintile 3","160","160","0.994"
"2022","(CAH19) language and area studies","(CAH19-04-08) American and Australasian studies","Quintile 3","140","130","0.936"
"2023","(CAH19) language and area studies","(CAH19-04-08) American and Australasian studies","Quintile 3","135","130","0.9550000000000001"
"2019","(CAH19) language and area studies","(CAH19-01-06) others in English studies","Quintile 3","50","45","0.875"
"2020","(CAH19) language and area studies","(CAH19-01-06) others in English studies","Quintile 3","30","25","0.763"
"2021","(CAH19) language and area studies","(CAH19-01-06) others in English studies","Quintile 3","30","25","0.894"
"2022","(CAH19) language and area studies","(CAH19-01-06) others in English studies","Quintile 3","20","20","0.973"
"2023","(CAH19) language and area studies","(CAH19-01-06) others in English studies","Quintile 3","35","30","0.923"
"2019","(CAH19) language and area studies","(CAH19-01-02) English language","Quintile 3","930","840","0.901"
"2020","(CAH19) language and area studies","(CAH19-01-02) English language","Quintile 3","835","760","0.908"
"2021","(CAH19) language and area studies","(CAH19-01-02) English language","Quintile 3","740","665","0.899"
"2022","(CAH19) language and area studies","(CAH19-01-02) English language","Quintile 3","795","695","0.871"
"2023","(CAH19) language and area studies","(CAH19-01-02) English language","Quintile 3","690","600","0.868"
"2019","(CAH19) language and area studies","(CAH19-01-03) literature in English","Quintile 3","3445","3010","0.874"
"2020","(CAH19) language and area studies","(CAH19-01-03) literature in English","Quintile 3","3310","2950","0.891"
"2021","(CAH19) language and area studies","(CAH19-01-03) literature in English","Quintile 3","3195","2855","0.893"
"2022","(CAH19) language and area studies","(CAH19-01-03) literature in English","Quintile 3","3315","2785","0.841"
"2023","(CAH19) language and area studies","(CAH19-01-03) literature in English","Quintile 3","3210","2730","0.851"
"2019","(CAH19) language and area studies","(CAH19-01-01) English studies (non-specific)","Quintile 3","3440","2825","0.8220000000000001"
"2020","(CAH19) language and area studies","(CAH19-01-01) English studies (non-specific)","Quintile 3","3120","2610","0.837"
"2021","(CAH19) language and area studies","(CAH19-01-01) English studies (non-specific)","Quintile 3","2960","2435","0.8230000000000001"
"2022","(CAH19) language and area studies","(CAH19-01-01) English studies (non-specific)","Quintile 3","3250","2570","0.791"
"2023","(CAH19) language and area studies","(CAH19-01-01) English studies (non-specific)","Quintile 3","2920","2360","0.808"
"2019","(CAH19) language and area studies","(CAH19-04-01) French studies","Quintile 3","850","680","0.801"
"2020","(CAH19) language and area studies","(CAH19-04-01) French studies","Quintile 3","755","615","0.8170000000000001"
"2021","(CAH19) language and area studies","(CAH19-04-01) French studies","Quintile 3","735","590","0.802"
"2022","(CAH19) language and area studies","(CAH19-04-01) French studies","Quintile 3","600","460","0.765"
"2023","(CAH19) language and area studies","(CAH19-04-01) French studies","Quintile 3","515","415","0.802"
"2019","(CAH19) language and area studies","(CAH19-04-02) German and Scandinavian studies","Quintile 3","345","285","0.8320000000000001"
"2020","(CAH19) language and area studies","(CAH19-04-02) German and Scandinavian studies","Quintile 3","295","245","0.8260000000000001"
"2021","(CAH19) language and area studies","(CAH19-04-02) German and Scandinavian studies","Quintile 3","255","200","0.787"
"2022","(CAH19) language and area studies","(CAH19-04-02) German and Scandinavian studies","Quintile 3","245","190","0.775"
"2023","(CAH19) language and area studies","(CAH19-04-02) German and Scandinavian studies","Quintile 3","165","130","0.798"
"2019","(CAH19) language and area studies","(CAH19-04-04) Iberian studies","Quintile 3","950","755","0.795"
"2020","(CAH19) language and area studies","(CAH19-04-04) Iberian studies","Quintile 3","795","645","0.8140000000000001"
"2021","(CAH19) language and area studies","(CAH19-04-04) Iberian studies","Quintile 3","775","630","0.812"
"2022","(CAH19) language and area studies","(CAH19-04-04) Iberian studies","Quintile 3","670","510","0.761"
"2023","(CAH19) language and area studies","(CAH19-04-04) Iberian studies","Quintile 3","585","475","0.81"
"2019","(CAH19) language and area studies","(CAH19-04-03) Italian studies","Quintile 3","140","110","0.778"
"2020","(CAH19) language and area studies","(CAH19-04-03) Italian studies","Quintile 3","115","85","0.734"
"2021","(CAH19) language and area studies","(CAH19-04-03) Italian studies","Quintile 3","95","75","0.766"
"2022","(CAH19) language and area studies","(CAH19-04-03) Italian studies","Quintile 3","75","65","0.86"
"2023","(CAH19) language and area studies","(CAH19-04-03) Italian studies","Quintile 3","70","50","0.732"
"2019","(CAH19) language and area studies","(CAH19-01-07) linguistics","Quintile 3","695","605","0.87"
"2020","(CAH19) language and area studies","(CAH19-01-07) linguistics","Quintile 3","655","580","0.885"
"2021","(CAH19) language and area studies","(CAH19-01-07) linguistics","Quintile 3","605","535","0.885"
"2022","(CAH19) language and area studies","(CAH19-01-07) linguistics","Quintile 3","695","580","0.837"
"2023","(CAH19) language and area studies","(CAH19-01-07) linguistics","Quintile 3","600","505","0.838"
"2019","(CAH19) language and area studies","(CAH19-04-09) others in language and area studies","Quintile 3","1285","1130","0.881"
"2020","(CAH19) language and area studies","(CAH19-04-09) others in language and area studies","Quintile 3","1335","1170","0.877"
"2021","(CAH19) language and area studies","(CAH19-04-09) others in language and area studies","Quintile 3","1330","1145","0.861"
"2022","(CAH19) language and area studies","(CAH19-04-09) others in language and area studies","Quintile 3","1550","1315","0.849"
"2023","(CAH19) language and area studies","(CAH19-04-09) others in language and area studies","Quintile 3","1145","995","0.871"
"2019","(CAH19) language and area studies","(CAH19-04-05) Slavic studies","Quintile 3","90","60","0.649"
"2020","(CAH19) language and area studies","(CAH19-04-05) Slavic studies","Quintile 3","85","55","0.651"
"2021","(CAH19) language and area studies","(CAH19-04-05) Slavic studies","Quintile 3","85","55","0.649"
"2022","(CAH19) language and area studies","(CAH19-04-05) Slavic studies","Quintile 3","85","55","0.619"
"2023","(CAH19) language and area studies","(CAH19-04-05) Slavic studies","Quintile 3","60","35","0.5690000000000001"
"2019","(CAH19) language and area studies","(CAH19-02-03) Welsh studies","Quintile 3","80","75","0.9560000000000001"
"2020","(CAH19) language and area studies","(CAH19-02-03) Welsh studies","Quintile 3","70","70","0.986"
"2021","(CAH19) language and area studies","(CAH19-02-03) Welsh studies","Quintile 3","45","45","1.0110000000000001"
"2022","(CAH19) language and area studies","(CAH19-02-03) Welsh studies","Quintile 3","50","50","1.0030000000000001"
"2023","(CAH19) language and area studies","(CAH19-02-03) Welsh studies","Quintile 3","70","65","0.898"
"2019","(CAH19) language and area studies","(CAH19-02-01) Celtic studies (non-specific)","Quintile 3","20","15","0.751"
"2020","(CAH19) language and area studies","(CAH19-02-01) Celtic studies (non-specific)","Quintile 3","15","10","0.724"
"2021","(CAH19) language and area studies","(CAH19-02-01) Celtic studies (non-specific)","Quintile 3","30","25","0.835"
"2022","(CAH19) language and area studies","(CAH19-02-01) Celtic studies (non-specific)","Quintile 3","20","20","0.91"
"2023","(CAH19) language and area studies","(CAH19-02-01) Celtic studies (non-specific)","Quintile 3","25","20","0.834"
"2019","(CAH19) language and area studies","(CAH19-02-02) Gaelic studies","Quintile 3","15","10","0.677"
"2020","(CAH19) language and area studies","(CAH19-02-02) Gaelic studies","Quintile 3","15","15","0.833"
"2021","(CAH19) language and area studies","(CAH19-02-02) Gaelic studies","Quintile 3","15","10","0.733"
"2022","(CAH19) language and area studies","(CAH19-02-02) Gaelic studies","Quintile 3","15","15","0.933"
"2023","(CAH19) language and area studies","(CAH19-02-02) Gaelic studies","Quintile 3","15","15","0.867"
"2019","(CAH19) language and area studies","(CAH19-02-04) others in Celtic studies","Quintile 3","45","45","0.981"
"2020","(CAH19) language and area studies","(CAH19-02-04) others in Celtic studies","Quintile 3","50","50","0.977"
"2021","(CAH19) language and area studies","(CAH19-02-04) others in Celtic studies","Quintile 3","40","35","0.883"
"2022","(CAH19) language and area studies","(CAH19-02-04) others in Celtic studies","Quintile 3","30","30","0.971"
"2023","(CAH19) language and area studies","(CAH19-02-04) others in Celtic studies","Quintile 3","35","35","1.0050000000000001"
"2019","(CAH19) language and area studies","(CAH19-04-06) Asian studies","Quintile 3","770","515","0.67"
"2020","(CAH19) language and area studies","(CAH19-04-06) Asian studies","Quintile 3","630","470","0.746"
"2021","(CAH19) language and area studies","(CAH19-04-06) Asian studies","Quintile 3","605","460","0.758"
"2022","(CAH19) language and area studies","(CAH19-04-06) Asian studies","Quintile 3","650","460","0.705"
"2023","(CAH19) language and area studies","(CAH19-04-06) Asian studies","Quintile 3","445","315","0.7030000000000001"
"2019","(CAH19) language and area studies","(CAH19-04-07) African and modern Middle Eastern studies","Quintile 3","165","125","0.761"
"2020","(CAH19) language and area studies","(CAH19-04-07) African and modern Middle Eastern studies","Quintile 3","115","85","0.743"
"2021","(CAH19) language and area studies","(CAH19-04-07) African and modern Middle Eastern studies","Quintile 3","90","60","0.671"
"2022","(CAH19) language and area studies","(CAH19-04-07) African and modern Middle Eastern studies","Quintile 3","95","65","0.679"
"2023","(CAH19) language and area studies","(CAH19-04-07) African and modern Middle Eastern studies","Quintile 3","105","85","0.797"
"2019","(CAH24) media, journalism and communications","(CAH24-01-05) media studies","Quintile 3","5120","4255","0.8310000000000001"
"2020","(CAH24) media, journalism and communications","(CAH24-01-05) media studies","Quintile 3","5435","4600","0.847"
"2021","(CAH24) media, journalism and communications","(CAH24-01-05) media studies","Quintile 3","5950","5115","0.86"
"2022","(CAH24) media, journalism and communications","(CAH24-01-05) media studies","Quintile 3","6510","5440","0.836"
"2023","(CAH24) media, journalism and communications","(CAH24-01-05) media studies","Quintile 3","6185","5160","0.835"
"2019","(CAH24) media, journalism and communications","(CAH24-01-02) publicity studies","Quintile 3","170","155","0.897"
"2020","(CAH24) media, journalism and communications","(CAH24-01-02) publicity studies","Quintile 3","145","130","0.902"
"2021","(CAH24) media, journalism and communications","(CAH24-01-02) publicity studies","Quintile 3","130","105","0.8130000000000001"
"2022","(CAH24) media, journalism and communications","(CAH24-01-02) publicity studies","Quintile 3","145","120","0.842"
"2023","(CAH24) media, journalism and communications","(CAH24-01-02) publicity studies","Quintile 3","110","95","0.868"
"2019","(CAH24) media, journalism and communications","(CAH24-01-01) information services","Quintile 3","55","25","0.482"
"2020","(CAH24) media, journalism and communications","(CAH24-01-01) information services","Quintile 3","45","30","0.652"
"2021","(CAH24) media, journalism and communications","(CAH24-01-01) information services","Quintile 3","50","25","0.524"
"2022","(CAH24) media, journalism and communications","(CAH24-01-01) information services","Quintile 3","80","45","0.541"
"2023","(CAH24) media, journalism and communications","(CAH24-01-01) information services","Quintile 3","65","30","0.447"
"2019","(CAH24) media, journalism and communications","(CAH24-01-04) journalism","Quintile 3","2445","1920","0.786"
"2020","(CAH24) media, journalism and communications","(CAH24-01-04) journalism","Quintile 3","2245","1865","0.8320000000000001"
"2021","(CAH24) media, journalism and communications","(CAH24-01-04) journalism","Quintile 3","2525","2205","0.873"
"2022","(CAH24) media, journalism and communications","(CAH24-01-04) journalism","Quintile 3","2760","2345","0.849"
"2023","(CAH24) media, journalism and communications","(CAH24-01-04) journalism","Quintile 3","2650","2345","0.885"
"2019","(CAH24) media, journalism and communications","(CAH24-01-03) publishing","Quintile 3","90","85","0.926"
"2020","(CAH24) media, journalism and communications","(CAH24-01-03) publishing","Quintile 3","80","75","0.917"
"2021","(CAH24) media, journalism and communications","(CAH24-01-03) publishing","Quintile 3","90","75","0.855"
"2022","(CAH24) media, journalism and communications","(CAH24-01-03) publishing","Quintile 3","100","90","0.892"
"2023","(CAH24) media, journalism and communications","(CAH24-01-03) publishing","Quintile 3","85","80","0.97"
"2019","(CAH23) combined and general studies","(CAH23-01-04) liberal arts (non-specific)","Quintile 3","285","250","0.875"
"2020","(CAH23) combined and general studies","(CAH23-01-04) liberal arts (non-specific)","Quintile 3","325","285","0.87"
"2021","(CAH23) combined and general studies","(CAH23-01-04) liberal arts (non-specific)","Quintile 3","340","310","0.912"
"2022","(CAH23) combined and general studies","(CAH23-01-04) liberal arts (non-specific)","Quintile 3","435","355","0.812"
"2023","(CAH23) combined and general studies","(CAH23-01-04) liberal arts (non-specific)","Quintile 3","405","340","0.842"
"2019","(CAH23) combined and general studies","(CAH23-01-03) humanities (non-specific)","Quintile 3","180","155","0.848"
"2020","(CAH23) combined and general studies","(CAH23-01-03) humanities (non-specific)","Quintile 3","160","130","0.799"
"2021","(CAH23) combined and general studies","(CAH23-01-03) humanities (non-specific)","Quintile 3","130","110","0.852"
"2022","(CAH23) combined and general studies","(CAH23-01-03) humanities (non-specific)","Quintile 3","170","145","0.86"
"2023","(CAH23) combined and general studies","(CAH23-01-03) humanities (non-specific)","Quintile 3","180","155","0.868"
"2019","(CAH23) combined and general studies","(CAH23-01-02) personal development","Quintile 3","235","180","0.771"
"2020","(CAH23) combined and general studies","(CAH23-01-02) personal development","Quintile 3","265","195","0.734"
"2021","(CAH23) combined and general studies","(CAH23-01-02) personal development","Quintile 3","320","235","0.734"
"2022","(CAH23) combined and general studies","(CAH23-01-02) personal development","Quintile 3","310","220","0.716"
"2023","(CAH23) combined and general studies","(CAH23-01-02) personal development","Quintile 3","290","210","0.729"
"2019","(CAH23) combined and general studies","(CAH23-01-01) combined, general or negotiated studies","Quintile 3","325","255","0.787"
"2020","(CAH23) combined and general studies","(CAH23-01-01) combined, general or negotiated studies","Quintile 3","360","285","0.787"
"2021","(CAH23) combined and general studies","(CAH23-01-01) combined, general or negotiated studies","Quintile 3","345","280","0.812"
"2022","(CAH23) combined and general studies","(CAH23-01-01) combined, general or negotiated studies","Quintile 3","355","250","0.709"
"2023","(CAH23) combined and general studies","(CAH23-01-01) combined, general or negotiated studies","Quintile 3","305","245","0.803"
"2019","(CAH17) business and management","(CAH17-01-03) marketing","Quintile 3","4880","4185","0.857"
"2020","(CAH17) business and management","(CAH17-01-03) marketing","Quintile 3","5050","4305","0.852"
"2021","(CAH17) business and management","(CAH17-01-03) marketing","Quintile 3","5790","4950","0.855"
"2022","(CAH17) business and management","(CAH17-01-03) marketing","Quintile 3","6190","5200","0.84"
"2023","(CAH17) business and management","(CAH17-01-03) marketing","Quintile 3","5990","5075","0.847"
"2019","(CAH17) business and management","(CAH17-01-01) business and management (non-specific)","Quintile 3","5775","4965","0.86"
"2020","(CAH17) business and management","(CAH17-01-01) business and management (non-specific)","Quintile 3","6515","5700","0.875"
"2021","(CAH17) business and management","(CAH17-01-01) business and management (non-specific)","Quintile 3","7175","6290","0.876"
"2022","(CAH17) business and management","(CAH17-01-01) business and management (non-specific)","Quintile 3","7725","6640","0.86"
"2023","(CAH17) business and management","(CAH17-01-01) business and management (non-specific)","Quintile 3","7925","6850","0.865"
"2019","(CAH17) business and management","(CAH17-01-02) business studies","Quintile 3","9870","8435","0.855"
"2020","(CAH17) business and management","(CAH17-01-02) business studies","Quintile 3","9840","8520","0.866"
"2021","(CAH17) business and management","(CAH17-01-02) business studies","Quintile 3","9955","8425","0.846"
"2022","(CAH17) business and management","(CAH17-01-02) business studies","Quintile 3","10530","8760","0.8320000000000001"
"2023","(CAH17) business and management","(CAH17-01-02) business studies","Quintile 3","10100","8000","0.792"
"2019","(CAH17) business and management","(CAH17-01-06) tourism, transport and travel","Quintile 3","3755","3315","0.883"
"2020","(CAH17) business and management","(CAH17-01-06) tourism, transport and travel","Quintile 3","3590","3150","0.878"
"2021","(CAH17) business and management","(CAH17-01-06) tourism, transport and travel","Quintile 3","3640","3205","0.88"
"2022","(CAH17) business and management","(CAH17-01-06) tourism, transport and travel","Quintile 3","3735","3340","0.895"
"2023","(CAH17) business and management","(CAH17-01-06) tourism, transport and travel","Quintile 3","3000","2655","0.885"
"2019","(CAH17) business and management","(CAH17-01-05) human resource management","Quintile 3","830","715","0.864"
"2020","(CAH17) business and management","(CAH17-01-05) human resource management","Quintile 3","815","690","0.845"
"2021","(CAH17) business and management","(CAH17-01-05) human resource management","Quintile 3","750","625","0.835"
"2022","(CAH17) business and management","(CAH17-01-05) human resource management","Quintile 3","740","610","0.8250000000000001"
"2023","(CAH17) business and management","(CAH17-01-05) human resource management","Quintile 3","610","515","0.842"
"2019","(CAH17) business and management","(CAH17-01-04) management studies","Quintile 3","6390","4775","0.747"
"2020","(CAH17) business and management","(CAH17-01-04) management studies","Quintile 3","6325","4600","0.727"
"2021","(CAH17) business and management","(CAH17-01-04) management studies","Quintile 3","6645","4745","0.714"
"2022","(CAH17) business and management","(CAH17-01-04) management studies","Quintile 3","7080","4605","0.651"
"2023","(CAH17) business and management","(CAH17-01-04) management studies","Quintile 3","6755","4730","0.7000000000000001"
"2019","(CAH17) business and management","(CAH17-01-08) accounting","Quintile 3","6915","5635","0.8150000000000001"
"2020","(CAH17) business and management","(CAH17-01-08) accounting","Quintile 3","7050","5785","0.8210000000000001"
"2021","(CAH17) business and management","(CAH17-01-08) accounting","Quintile 3","8220","6720","0.8170000000000001"
"2022","(CAH17) business and management","(CAH17-01-08) accounting","Quintile 3","8135","6440","0.792"
"2023","(CAH17) business and management","(CAH17-01-08) accounting","Quintile 3","8055","6415","0.796"
"2019","(CAH17) business and management","(CAH17-01-07) finance","Quintile 3","4850","3995","0.8240000000000001"
"2020","(CAH17) business and management","(CAH17-01-07) finance","Quintile 3","4995","4140","0.8290000000000001"
"2021","(CAH17) business and management","(CAH17-01-07) finance","Quintile 3","5520","4560","0.8260000000000001"
"2022","(CAH17) business and management","(CAH17-01-07) finance","Quintile 3","5940","4615","0.777"
"2023","(CAH17) business and management","(CAH17-01-07) finance","Quintile 3","6300","5025","0.797"
"2019","(CAH17) business and management","(CAH17-01-09) others in business and management","Quintile 3","5","5"," "
"2020","(CAH17) business and management","(CAH17-01-09) others in business and management","Quintile 3","5","5"," "
"2021","(CAH17) business and management","(CAH17-01-09) others in business and management","Quintile 3","5","5"," "
"2022","(CAH17) business and management","(CAH17-01-09) others in business and management","Quintile 3","5","5"," "
"2023","(CAH17) business and management","(CAH17-01-09) others in business and management","Quintile 3","5","0"," "
"2019","(CAH15) social sciences","(CAH15-03-01) politics","Quintile 3","7225","5995","0.8300000000000001"
"2020","(CAH15) social sciences","(CAH15-03-01) politics","Quintile 3","6725","5695","0.847"
"2021","(CAH15) social sciences","(CAH15-03-01) politics","Quintile 3","7530","6105","0.811"
"2022","(CAH15) social sciences","(CAH15-03-01) politics","Quintile 3","7300","5635","0.772"
"2023","(CAH15) social sciences","(CAH15-03-01) politics","Quintile 3","7660","5980","0.781"
"2019","(CAH15) social sciences","(CAH15-01-04) anthropology","Quintile 3","750","595","0.792"
"2020","(CAH15) social sciences","(CAH15-01-04) anthropology","Quintile 3","720","585","0.8150000000000001"
"2021","(CAH15) social sciences","(CAH15-01-04) anthropology","Quintile 3","710","535","0.752"
"2022","(CAH15) social sciences","(CAH15-01-04) anthropology","Quintile 3","770","570","0.743"
"2023","(CAH15) social sciences","(CAH15-01-04) anthropology","Quintile 3","695","510","0.736"
"2019","(CAH15) social sciences","(CAH15-02-01) economics","Quintile 3","8330","6625","0.795"
"2020","(CAH15) social sciences","(CAH15-02-01) economics","Quintile 3","8660","6880","0.794"
"2021","(CAH15) social sciences","(CAH15-02-01) economics","Quintile 3","8895","6815","0.766"
"2022","(CAH15) social sciences","(CAH15-02-01) economics","Quintile 3","8665","5910","0.682"
"2023","(CAH15) social sciences","(CAH15-02-01) economics","Quintile 3","9300","6560","0.705"
"2019","(CAH15) social sciences","(CAH15-04-02) childhood and youth studies","Quintile 3","2760","2360","0.855"
"2020","(CAH15) social sciences","(CAH15-04-02) childhood and youth studies","Quintile 3","2550","2225","0.873"
"2021","(CAH15) social sciences","(CAH15-04-02) childhood and youth studies","Quintile 3","2515","2230","0.887"
"2022","(CAH15) social sciences","(CAH15-04-02) childhood and youth studies","Quintile 3","2465","2185","0.886"
"2023","(CAH15) social sciences","(CAH15-04-02) childhood and youth studies","Quintile 3","2315","2090","0.902"
"2019","(CAH15) social sciences","(CAH15-04-01) social work","Quintile 3","6545","2540","0.388"
"2020","(CAH15) social sciences","(CAH15-04-01) social work","Quintile 3","6370","2825","0.444"
"2021","(CAH15) social sciences","(CAH15-04-01) social work","Quintile 3","6885","2885","0.419"
"2022","(CAH15) social sciences","(CAH15-04-01) social work","Quintile 3","5830","2530","0.434"
"2023","(CAH15) social sciences","(CAH15-04-01) social work","Quintile 3","4815","2260","0.47000000000000003"
"2019","(CAH15) social sciences","(CAH15-01-01) social sciences (non-specific)","Quintile 3","1160","905","0.778"
"2020","(CAH15) social sciences","(CAH15-01-01) social sciences (non-specific)","Quintile 3","1305","1125","0.864"
"2021","(CAH15) social sciences","(CAH15-01-01) social sciences (non-specific)","Quintile 3","1450","1255","0.866"
"2022","(CAH15) social sciences","(CAH15-01-01) social sciences (non-specific)","Quintile 3","1240","1035","0.837"
"2023","(CAH15) social sciences","(CAH15-01-01) social sciences (non-specific)","Quintile 3","1145","990","0.863"
"2019","(CAH15) social sciences","(CAH15-04-03) health studies","Quintile 3","2690","2435","0.905"
"2020","(CAH15) social sciences","(CAH15-04-03) health studies","Quintile 3","2680","2470","0.921"
"2021","(CAH15) social sciences","(CAH15-04-03) health studies","Quintile 3","3185","2985","0.937"
"2022","(CAH15) social sciences","(CAH15-04-03) health studies","Quintile 3","2975","2765","0.929"
"2023","(CAH15) social sciences","(CAH15-04-03) health studies","Quintile 3","2640","2455","0.929"
"2019","(CAH15) social sciences","(CAH15-01-03) social policy","Quintile 3","1415","1185","0.836"
"2020","(CAH15) social sciences","(CAH15-01-03) social policy","Quintile 3","1415","1170","0.8260000000000001"
"2021","(CAH15) social sciences","(CAH15-01-03) social policy","Quintile 3","1515","1135","0.748"
"2022","(CAH15) social sciences","(CAH15-01-03) social policy","Quintile 3","1300","930","0.715"
"2023","(CAH15) social sciences","(CAH15-01-03) social policy","Quintile 3","1150","910","0.79"
"2019","(CAH15) social sciences","(CAH15-01-02) sociology","Quintile 3","14565","13160","0.903"
"2020","(CAH15) social sciences","(CAH15-01-02) sociology","Quintile 3","15045","13665","0.908"
"2021","(CAH15) social sciences","(CAH15-01-02) sociology","Quintile 3","16470","14770","0.897"
"2022","(CAH15) social sciences","(CAH15-01-02) sociology","Quintile 3","16880","14725","0.872"
"2023","(CAH15) social sciences","(CAH15-01-02) sociology","Quintile 3","15360","13685","0.891"
"2019","(CAH15) social sciences","(CAH15-01-05) development studies","Quintile 3","240","215","0.899"
"2020","(CAH15) social sciences","(CAH15-01-05) development studies","Quintile 3","215","200","0.919"
"2021","(CAH15) social sciences","(CAH15-01-05) development studies","Quintile 3","255","230","0.9"
"2022","(CAH15) social sciences","(CAH15-01-05) development studies","Quintile 3","235","200","0.854"
"2023","(CAH15) social sciences","(CAH15-01-05) development studies","Quintile 3","195","170","0.862"
"2019","(CAH15) social sciences","(CAH15-01-06) cultural studies","Quintile 3","170","155","0.924"
"2020","(CAH15) social sciences","(CAH15-01-06) cultural studies","Quintile 3","105","85","0.807"
"2021","(CAH15) social sciences","(CAH15-01-06) cultural studies","Quintile 3","135","115","0.858"
"2022","(CAH15) social sciences","(CAH15-01-06) cultural studies","Quintile 3","110","90","0.8190000000000001"
"2023","(CAH15) social sciences","(CAH15-01-06) cultural studies","Quintile 3","90","75","0.8220000000000001"
"2019","(CAH03) biological and sport sciences","(CAH03-02-01) sport and exercise sciences","Quintile 3","13785","11400","0.8270000000000001"
"2020","(CAH03) biological and sport sciences","(CAH03-02-01) sport and exercise sciences","Quintile 3","13870","11445","0.8250000000000001"
"2021","(CAH03) biological and sport sciences","(CAH03-02-01) sport and exercise sciences","Quintile 3","15110","12525","0.8290000000000001"
"2022","(CAH03) biological and sport sciences","(CAH03-02-01) sport and exercise sciences","Quintile 3","16675","13190","0.791"
"2023","(CAH03) biological and sport sciences","(CAH03-02-01) sport and exercise sciences","Quintile 3","14460","11810","0.8170000000000001"
"2019","(CAH03) biological and sport sciences","(CAH03-01-07) genetics","Quintile 3","250","210","0.848"
"2020","(CAH03) biological and sport sciences","(CAH03-01-07) genetics","Quintile 3","220","195","0.893"
"2021","(CAH03) biological and sport sciences","(CAH03-01-07) genetics","Quintile 3","240","200","0.834"
"2022","(CAH03) biological and sport sciences","(CAH03-01-07) genetics","Quintile 3","230","195","0.845"
"2023","(CAH03) biological and sport sciences","(CAH03-01-07) genetics","Quintile 3","215","180","0.847"
"2019","(CAH03) biological and sport sciences","(CAH03-01-10) others in biosciences","Quintile 3","470","400","0.849"
"2020","(CAH03) biological and sport sciences","(CAH03-01-10) others in biosciences","Quintile 3","460","375","0.8180000000000001"
"2021","(CAH03) biological and sport sciences","(CAH03-01-10) others in biosciences","Quintile 3","520","415","0.8"
"2022","(CAH03) biological and sport sciences","(CAH03-01-10) others in biosciences","Quintile 3","510","425","0.8300000000000001"
"2023","(CAH03) biological and sport sciences","(CAH03-01-10) others in biosciences","Quintile 3","455","395","0.863"
"2019","(CAH03) biological and sport sciences","(CAH03-01-08) molecular biology, biophysics and biochemistry","Quintile 3","2945","2535","0.861"
"2020","(CAH03) biological and sport sciences","(CAH03-01-08) molecular biology, biophysics and biochemistry","Quintile 3","2640","2250","0.852"
"2021","(CAH03) biological and sport sciences","(CAH03-01-08) molecular biology, biophysics and biochemistry","Quintile 3","2915","2445","0.839"
"2022","(CAH03) biological and sport sciences","(CAH03-01-08) molecular biology, biophysics and biochemistry","Quintile 3","2670","2095","0.784"
"2023","(CAH03) biological and sport sciences","(CAH03-01-08) molecular biology, biophysics and biochemistry","Quintile 3","3125","2540","0.8130000000000001"
"2019","(CAH03) biological and sport sciences","(CAH03-01-01) biosciences (non-specific)","Quintile 3","2210","1895","0.857"
"2020","(CAH03) biological and sport sciences","(CAH03-01-01) biosciences (non-specific)","Quintile 3","2075","1760","0.848"
"2021","(CAH03) biological and sport sciences","(CAH03-01-01) biosciences (non-specific)","Quintile 3","2400","2025","0.844"
"2022","(CAH03) biological and sport sciences","(CAH03-01-01) biosciences (non-specific)","Quintile 3","2260","1875","0.8290000000000001"
"2023","(CAH03) biological and sport sciences","(CAH03-01-01) biosciences (non-specific)","Quintile 3","2210","1915","0.867"
"2019","(CAH03) biological and sport sciences","(CAH03-01-02) biology (non-specific)","Quintile 3","3760","3215","0.855"
"2020","(CAH03) biological and sport sciences","(CAH03-01-02) biology (non-specific)","Quintile 3","3295","2785","0.845"
"2021","(CAH03) biological and sport sciences","(CAH03-01-02) biology (non-specific)","Quintile 3","3305","2790","0.844"
"2022","(CAH03) biological and sport sciences","(CAH03-01-02) biology (non-specific)","Quintile 3","3025","2490","0.8240000000000001"
"2023","(CAH03) biological and sport sciences","(CAH03-01-02) biology (non-specific)","Quintile 3","3115","2610","0.839"
"2019","(CAH03) biological and sport sciences","(CAH03-01-03) ecology and environmental biology","Quintile 3","1385","1240","0.896"
"2020","(CAH03) biological and sport sciences","(CAH03-01-03) ecology and environmental biology","Quintile 3","1330","1145","0.859"
"2021","(CAH03) biological and sport sciences","(CAH03-01-03) ecology and environmental biology","Quintile 3","1665","1435","0.863"
"2022","(CAH03) biological and sport sciences","(CAH03-01-03) ecology and environmental biology","Quintile 3","1930","1655","0.858"
"2023","(CAH03) biological and sport sciences","(CAH03-01-03) ecology and environmental biology","Quintile 3","1685","1490","0.886"
"2019","(CAH03) biological and sport sciences","(CAH03-01-04) microbiology and cell science","Quintile 3","645","550","0.855"
"2020","(CAH03) biological and sport sciences","(CAH03-01-04) microbiology and cell science","Quintile 3","600","510","0.847"
"2021","(CAH03) biological and sport sciences","(CAH03-01-04) microbiology and cell science","Quintile 3","705","590","0.84"
"2022","(CAH03) biological and sport sciences","(CAH03-01-04) microbiology and cell science","Quintile 3","645","535","0.8270000000000001"
"2023","(CAH03) biological and sport sciences","(CAH03-01-04) microbiology and cell science","Quintile 3","505","415","0.8180000000000001"
"2019","(CAH03) biological and sport sciences","(CAH03-01-05) plant sciences","Quintile 3","30","25","0.84"
"2020","(CAH03) biological and sport sciences","(CAH03-01-05) plant sciences","Quintile 3","50","40","0.756"
"2021","(CAH03) biological and sport sciences","(CAH03-01-05) plant sciences","Quintile 3","40","35","0.847"
"2022","(CAH03) biological and sport sciences","(CAH03-01-05) plant sciences","Quintile 3","30","25","0.8270000000000001"
"2023","(CAH03) biological and sport sciences","(CAH03-01-05) plant sciences","Quintile 3","60","50","0.858"
"2019","(CAH03) biological and sport sciences","(CAH03-01-06) zoology","Quintile 3","1435","1175","0.8190000000000001"
"2020","(CAH03) biological and sport sciences","(CAH03-01-06) zoology","Quintile 3","1515","1210","0.799"
"2021","(CAH03) biological and sport sciences","(CAH03-01-06) zoology","Quintile 3","1770","1445","0.8150000000000001"
"2022","(CAH03) biological and sport sciences","(CAH03-01-06) zoology","Quintile 3","1870","1515","0.809"
"2023","(CAH03) biological and sport sciences","(CAH03-01-06) zoology","Quintile 3","1790","1415","0.79"
"2019","(CAH03) biological and sport sciences","(CAH03-01-09) hair and beauty sciences","Quintile 3","30","15","0.5"
"2020","(CAH03) biological and sport sciences","(CAH03-01-09) hair and beauty sciences","Quintile 3","30","20","0.735"
"2021","(CAH03) biological and sport sciences","(CAH03-01-09) hair and beauty sciences","Quintile 3","30","15","0.467"
"2022","(CAH03) biological and sport sciences","(CAH03-01-09) hair and beauty sciences","Quintile 3","10","5"," "
"2023","(CAH03) biological and sport sciences","(CAH03-01-09) hair and beauty sciences","Quintile 3","10","5"," "
"2019","(CAH13) architecture, building and planning","(CAH13-01-01) architecture","Quintile 3","3665","2265","0.618"
"2020","(CAH13) architecture, building and planning","(CAH13-01-01) architecture","Quintile 3","3815","2425","0.635"
"2021","(CAH13) architecture, building and planning","(CAH13-01-01) architecture","Quintile 3","4160","2650","0.637"
"2022","(CAH13) architecture, building and planning","(CAH13-01-01) architecture","Quintile 3","4490","2720","0.606"
"2023","(CAH13) architecture, building and planning","(CAH13-01-01) architecture","Quintile 3","4505","2825","0.628"
"2019","(CAH13) architecture, building and planning","(CAH13-01-03) landscape design","Quintile 3","60","40","0.672"
"2020","(CAH13) architecture, building and planning","(CAH13-01-03) landscape design","Quintile 3","75","50","0.6950000000000001"
"2021","(CAH13) architecture, building and planning","(CAH13-01-03) landscape design","Quintile 3","75","45","0.585"
"2022","(CAH13) architecture, building and planning","(CAH13-01-03) landscape design","Quintile 3","80","45","0.534"
"2023","(CAH13) architecture, building and planning","(CAH13-01-03) landscape design","Quintile 3","90","65","0.714"
"2019","(CAH13) architecture, building and planning","(CAH13-01-02) building","Quintile 3","2220","1900","0.855"
"2020","(CAH13) architecture, building and planning","(CAH13-01-02) building","Quintile 3","2260","2020","0.893"
"2021","(CAH13) architecture, building and planning","(CAH13-01-02) building","Quintile 3","2450","2195","0.897"
"2022","(CAH13) architecture, building and planning","(CAH13-01-02) building","Quintile 3","2430","2225","0.915"
"2023","(CAH13) architecture, building and planning","(CAH13-01-02) building","Quintile 3","2175","1980","0.911"
"2019","(CAH13) architecture, building and planning","(CAH13-01-04) planning (urban, rural and regional)","Quintile 3","535","475","0.889"
"2020","(CAH13) architecture, building and planning","(CAH13-01-04) planning (urban, rural and regional)","Quintile 3","650","575","0.888"
"2021","(CAH13) architecture, building and planning","(CAH13-01-04) planning (urban, rural and regional)","Quintile 3","565","475","0.844"
"2022","(CAH13) architecture, building and planning","(CAH13-01-04) planning (urban, rural and regional)","Quintile 3","575","445","0.773"
"2023","(CAH13) architecture, building and planning","(CAH13-01-04) planning (urban, rural and regional)","Quintile 3","525","420","0.798"
"2019","(CAH01) medicine and dentistry","(CAH01-01-03) medicine by specialism","Quintile 3","180","80","0.447"
"2020","(CAH01) medicine and dentistry","(CAH01-01-03) medicine by specialism","Quintile 3","180","90","0.5"
"2021","(CAH01) medicine and dentistry","(CAH01-01-03) medicine by specialism","Quintile 3","240","100","0.406"
"2022","(CAH01) medicine and dentistry","(CAH01-01-03) medicine by specialism","Quintile 3","295","160","0.547"
"2023","(CAH01) medicine and dentistry","(CAH01-01-03) medicine by specialism","Quintile 3","220","115","0.516"
"2019","(CAH01) medicine and dentistry","(CAH01-01-04) dentistry","Quintile 3","2510","480","0.192"
"2020","(CAH01) medicine and dentistry","(CAH01-01-04) dentistry","Quintile 3","2720","515","0.189"
"2021","(CAH01) medicine and dentistry","(CAH01-01-04) dentistry","Quintile 3","2960","430","0.145"
"2022","(CAH01) medicine and dentistry","(CAH01-01-04) dentistry","Quintile 3","3375","330","0.097"
"2023","(CAH01) medicine and dentistry","(CAH01-01-04) dentistry","Quintile 3","3835","360","0.094"
"2019","(CAH01) medicine and dentistry","(CAH01-01-02) medicine (non-specific)","Quintile 3","11075","3205","0.289"
"2020","(CAH01) medicine and dentistry","(CAH01-01-02) medicine (non-specific)","Quintile 3","11070","2845","0.257"
"2021","(CAH01) medicine and dentistry","(CAH01-01-02) medicine (non-specific)","Quintile 3","14280","2745","0.192"
"2022","(CAH01) medicine and dentistry","(CAH01-01-02) medicine (non-specific)","Quintile 3","15240","2200","0.14400000000000002"
"2023","(CAH01) medicine and dentistry","(CAH01-01-02) medicine (non-specific)","Quintile 3","13635","2620","0.192"
"2019","(CAH01) medicine and dentistry","(CAH01-01-01) medical sciences (non-specific)","Quintile 3","325","255","0.788"
"2020","(CAH01) medicine and dentistry","(CAH01-01-01) medical sciences (non-specific)","Quintile 3","320","255","0.803"
"2021","(CAH01) medicine and dentistry","(CAH01-01-01) medical sciences (non-specific)","Quintile 3","335","265","0.791"
"2022","(CAH01) medicine and dentistry","(CAH01-01-01) medical sciences (non-specific)","Quintile 3","380","230","0.607"
"2023","(CAH01) medicine and dentistry","(CAH01-01-01) medical sciences (non-specific)","Quintile 3","405","290","0.721"
"2019","(CAH20) historical, philosophical and religious studies","(CAH20-01-01) history","Quintile 3","8615","7470","0.867"
"2020","(CAH20) historical, philosophical and religious studies","(CAH20-01-01) history","Quintile 3","7615","6770","0.889"
"2021","(CAH20) historical, philosophical and religious studies","(CAH20-01-01) history","Quintile 3","7415","6430","0.867"
"2022","(CAH20) historical, philosophical and religious studies","(CAH20-01-01) history","Quintile 3","7490","6260","0.836"
"2023","(CAH20) historical, philosophical and religious studies","(CAH20-01-01) history","Quintile 3","7595","6405","0.843"
"2019","(CAH20) historical, philosophical and religious studies","(CAH20-01-03) archaeology","Quintile 3","635","560","0.885"
"2020","(CAH20) historical, philosophical and religious studies","(CAH20-01-03) archaeology","Quintile 3","515","460","0.891"
"2021","(CAH20) historical, philosophical and religious studies","(CAH20-01-03) archaeology","Quintile 3","510","435","0.853"
"2022","(CAH20) historical, philosophical and religious studies","(CAH20-01-03) archaeology","Quintile 3","695","570","0.8210000000000001"
"2023","(CAH20) historical, philosophical and religious studies","(CAH20-01-03) archaeology","Quintile 3","840","700","0.833"
"2019","(CAH20) historical, philosophical and religious studies","(CAH20-01-05) classics","Quintile 3","700","615","0.88"
"2020","(CAH20) historical, philosophical and religious studies","(CAH20-01-05) classics","Quintile 3","635","545","0.861"
"2021","(CAH20) historical, philosophical and religious studies","(CAH20-01-05) classics","Quintile 3","840","725","0.866"
"2022","(CAH20) historical, philosophical and religious studies","(CAH20-01-05) classics","Quintile 3","1020","750","0.737"
"2023","(CAH20) historical, philosophical and religious studies","(CAH20-01-05) classics","Quintile 3","1075","815","0.757"
"2019","(CAH20) historical, philosophical and religious studies","(CAH20-01-02) history of art, architecture and design","Quintile 3","560","405","0.727"
"2020","(CAH20) historical, philosophical and religious studies","(CAH20-01-02) history of art, architecture and design","Quintile 3","580","415","0.718"
"2021","(CAH20) historical, philosophical and religious studies","(CAH20-01-02) history of art, architecture and design","Quintile 3","560","410","0.735"
"2022","(CAH20) historical, philosophical and religious studies","(CAH20-01-02) history of art, architecture and design","Quintile 3","690","500","0.724"
"2023","(CAH20) historical, philosophical and religious studies","(CAH20-01-02) history of art, architecture and design","Quintile 3","685","515","0.748"
"2019","(CAH20) historical, philosophical and religious studies","(CAH20-02-01) philosophy","Quintile 3","2315","1900","0.8210000000000001"
"2020","(CAH20) historical, philosophical and religious studies","(CAH20-02-01) philosophy","Quintile 3","2155","1765","0.8190000000000001"
"2021","(CAH20) historical, philosophical and religious studies","(CAH20-02-01) philosophy","Quintile 3","2290","1845","0.805"
"2022","(CAH20) historical, philosophical and religious studies","(CAH20-02-01) philosophy","Quintile 3","2370","1790","0.756"
"2023","(CAH20) historical, philosophical and religious studies","(CAH20-02-01) philosophy","Quintile 3","2360","1810","0.767"
"2019","(CAH20) historical, philosophical and religious studies","(CAH20-02-02) theology and religious studies","Quintile 3","685","595","0.867"
"2020","(CAH20) historical, philosophical and religious studies","(CAH20-02-02) theology and religious studies","Quintile 3","725","640","0.88"
"2021","(CAH20) historical, philosophical and religious studies","(CAH20-02-02) theology and religious studies","Quintile 3","600","490","0.8200000000000001"
"2022","(CAH20) historical, philosophical and religious studies","(CAH20-02-02) theology and religious studies","Quintile 3","610","520","0.854"
"2023","(CAH20) historical, philosophical and religious studies","(CAH20-02-02) theology and religious studies","Quintile 3","540","460","0.85"
"2019","(CAH20) historical, philosophical and religious studies","(CAH20-01-04) heritage studies","Quintile 3","20","20","0.887"
"2020","(CAH20) historical, philosophical and religious studies","(CAH20-01-04) heritage studies","Quintile 3","20","15","0.796"
"2021","(CAH20) historical, philosophical and religious studies","(CAH20-01-04) heritage studies","Quintile 3","20","15","0.664"
"2022","(CAH20) historical, philosophical and religious studies","(CAH20-01-04) heritage studies","Quintile 3","20","15","0.837"
"2023","(CAH20) historical, philosophical and religious studies","(CAH20-01-04) heritage studies","Quintile 3","30","25","0.857"
"2019","(CAH11) computing","(CAH11-01-08) others in computing","Quintile 3","930","830","0.89"
"2020","(CAH11) computing","(CAH11-01-08) others in computing","Quintile 3","915","820","0.894"
"2021","(CAH11) computing","(CAH11-01-08) others in computing","Quintile 3","885","780","0.883"
"2022","(CAH11) computing","(CAH11-01-08) others in computing","Quintile 3","920","770","0.835"
"2023","(CAH11) computing","(CAH11-01-08) others in computing","Quintile 3","1050","840","0.801"
"2019","(CAH11) computing","(CAH11-01-05) artificial intelligence","Quintile 3","265","175","0.662"
"2020","(CAH11) computing","(CAH11-01-05) artificial intelligence","Quintile 3","340","240","0.708"
"2021","(CAH11) computing","(CAH11-01-05) artificial intelligence","Quintile 3","460","290","0.631"
"2022","(CAH11) computing","(CAH11-01-05) artificial intelligence","Quintile 3","540","340","0.628"
"2023","(CAH11) computing","(CAH11-01-05) artificial intelligence","Quintile 3","575","370","0.646"
"2019","(CAH11) computing","(CAH11-01-07) business computing","Quintile 3","965","850","0.879"
"2020","(CAH11) computing","(CAH11-01-07) business computing","Quintile 3","825","745","0.901"
"2021","(CAH11) computing","(CAH11-01-07) business computing","Quintile 3","745","690","0.926"
"2022","(CAH11) computing","(CAH11-01-07) business computing","Quintile 3","770","670","0.869"
"2023","(CAH11) computing","(CAH11-01-07) business computing","Quintile 3","675","585","0.87"
"2019","(CAH11) computing","(CAH11-01-06) computer games and animation","Quintile 3","3610","2800","0.776"
"2020","(CAH11) computing","(CAH11-01-06) computer games and animation","Quintile 3","3300","2570","0.778"
"2021","(CAH11) computing","(CAH11-01-06) computer games and animation","Quintile 3","3890","3190","0.8200000000000001"
"2022","(CAH11) computing","(CAH11-01-06) computer games and animation","Quintile 3","4585","3610","0.787"
"2023","(CAH11) computing","(CAH11-01-06) computer games and animation","Quintile 3","4470","3575","0.8"
"2019","(CAH11) computing","(CAH11-01-01) computer science","Quintile 3","12045","9390","0.779"
"2020","(CAH11) computing","(CAH11-01-01) computer science","Quintile 3","12020","9415","0.783"
"2021","(CAH11) computing","(CAH11-01-01) computer science","Quintile 3","12720","9655","0.759"
"2022","(CAH11) computing","(CAH11-01-01) computer science","Quintile 3","14865","10630","0.715"
"2023","(CAH11) computing","(CAH11-01-01) computer science","Quintile 3","16665","11820","0.709"
"2019","(CAH11) computing","(CAH11-01-02) information technology","Quintile 3","600","510","0.851"
"2020","(CAH11) computing","(CAH11-01-02) information technology","Quintile 3","625","520","0.8300000000000001"
"2021","(CAH11) computing","(CAH11-01-02) information technology","Quintile 3","565","490","0.864"
"2022","(CAH11) computing","(CAH11-01-02) information technology","Quintile 3","570","505","0.886"
"2023","(CAH11) computing","(CAH11-01-02) information technology","Quintile 3","580","495","0.853"
"2019","(CAH11) computing","(CAH11-01-03) information systems","Quintile 3","560","495","0.884"
"2020","(CAH11) computing","(CAH11-01-03) information systems","Quintile 3","635","580","0.913"
"2021","(CAH11) computing","(CAH11-01-03) information systems","Quintile 3","580","515","0.89"
"2022","(CAH11) computing","(CAH11-01-03) information systems","Quintile 3","595","530","0.889"
"2023","(CAH11) computing","(CAH11-01-03) information systems","Quintile 3","600","530","0.887"
"2019","(CAH11) computing","(CAH11-01-04) software engineering","Quintile 3","2515","2135","0.85"
"2020","(CAH11) computing","(CAH11-01-04) software engineering","Quintile 3","2400","2080","0.867"
"2021","(CAH11) computing","(CAH11-01-04) software engineering","Quintile 3","2965","2590","0.874"
"2022","(CAH11) computing","(CAH11-01-04) software engineering","Quintile 3","3470","2965","0.854"
"2023","(CAH11) computing","(CAH11-01-04) software engineering","Quintile 3","4040","3420","0.847"
"2019","(CAH26) geography, earth and environmental studies","(CAH26-01-06) earth sciences","Quintile 3","1365","1155","0.846"
"2020","(CAH26) geography, earth and environmental studies","(CAH26-01-06) earth sciences","Quintile 3","1050","850","0.809"
"2021","(CAH26) geography, earth and environmental studies","(CAH26-01-06) earth sciences","Quintile 3","1185","1005","0.847"
"2022","(CAH26) geography, earth and environmental studies","(CAH26-01-06) earth sciences","Quintile 3","1430","1190","0.833"
"2023","(CAH26) geography, earth and environmental studies","(CAH26-01-06) earth sciences","Quintile 3","1355","1145","0.846"
"2019","(CAH26) geography, earth and environmental studies","(CAH26-01-04) environmental sciences","Quintile 3","845","770","0.909"
"2020","(CAH26) geography, earth and environmental studies","(CAH26-01-04) environmental sciences","Quintile 3","1020","925","0.905"
"2021","(CAH26) geography, earth and environmental studies","(CAH26-01-04) environmental sciences","Quintile 3","930","820","0.884"
"2022","(CAH26) geography, earth and environmental studies","(CAH26-01-04) environmental sciences","Quintile 3","1165","1055","0.904"
"2023","(CAH26) geography, earth and environmental studies","(CAH26-01-04) environmental sciences","Quintile 3","1035","945","0.915"
"2019","(CAH26) geography, earth and environmental studies","(CAH26-01-02) physical geographical sciences","Quintile 3","1720","1580","0.917"
"2020","(CAH26) geography, earth and environmental studies","(CAH26-01-02) physical geographical sciences","Quintile 3","1755","1615","0.92"
"2021","(CAH26) geography, earth and environmental studies","(CAH26-01-02) physical geographical sciences","Quintile 3","1900","1750","0.922"
"2022","(CAH26) geography, earth and environmental studies","(CAH26-01-02) physical geographical sciences","Quintile 3","2045","1795","0.879"
"2023","(CAH26) geography, earth and environmental studies","(CAH26-01-02) physical geographical sciences","Quintile 3","1890","1705","0.902"
"2019","(CAH26) geography, earth and environmental studies","(CAH26-01-01) geography (non-specific)","Quintile 3","945","865","0.916"
"2020","(CAH26) geography, earth and environmental studies","(CAH26-01-01) geography (non-specific)","Quintile 3","880","795","0.903"
"2021","(CAH26) geography, earth and environmental studies","(CAH26-01-01) geography (non-specific)","Quintile 3","845","760","0.897"
"2022","(CAH26) geography, earth and environmental studies","(CAH26-01-01) geography (non-specific)","Quintile 3","955","835","0.876"
"2023","(CAH26) geography, earth and environmental studies","(CAH26-01-01) geography (non-specific)","Quintile 3","895","790","0.882"
"2019","(CAH26) geography, earth and environmental studies","(CAH26-01-03) human geography","Quintile 3","2050","1895","0.924"
"2020","(CAH26) geography, earth and environmental studies","(CAH26-01-03) human geography","Quintile 3","1870","1735","0.928"
"2021","(CAH26) geography, earth and environmental studies","(CAH26-01-03) human geography","Quintile 3","1995","1795","0.9"
"2022","(CAH26) geography, earth and environmental studies","(CAH26-01-03) human geography","Quintile 3","2070","1750","0.846"
"2023","(CAH26) geography, earth and environmental studies","(CAH26-01-03) human geography","Quintile 3","2030","1780","0.876"
"2019","(CAH07) physical sciences","(CAH07-04-02) forensic and archaeological sciences","Quintile 3","1930","1740","0.903"
"2020","(CAH07) physical sciences","(CAH07-04-02) forensic and archaeological sciences","Quintile 3","1875","1730","0.922"
"2021","(CAH07) physical sciences","(CAH07-04-02) forensic and archaeological sciences","Quintile 3","2125","1955","0.92"
"2022","(CAH07) physical sciences","(CAH07-04-02) forensic and archaeological sciences","Quintile 3","2295","2100","0.916"
"2023","(CAH07) physical sciences","(CAH07-04-02) forensic and archaeological sciences","Quintile 3","2010","1820","0.905"
"2019","(CAH07) physical sciences","(CAH07-04-03) sciences (non-specific)","Quintile 3","205","160","0.772"
"2020","(CAH07) physical sciences","(CAH07-04-03) sciences (non-specific)","Quintile 3","250","205","0.811"
"2021","(CAH07) physical sciences","(CAH07-04-03) sciences (non-specific)","Quintile 3","275","195","0.715"
"2022","(CAH07) physical sciences","(CAH07-04-03) sciences (non-specific)","Quintile 3","470","300","0.641"
"2023","(CAH07) physical sciences","(CAH07-04-03) sciences (non-specific)","Quintile 3","505","325","0.645"
"2019","(CAH07) physical sciences","(CAH07-04-04) natural sciences (non-specific)","Quintile 3","380","335","0.876"
"2020","(CAH07) physical sciences","(CAH07-04-04) natural sciences (non-specific)","Quintile 3","450","400","0.886"
"2021","(CAH07) physical sciences","(CAH07-04-04) natural sciences (non-specific)","Quintile 3","545","495","0.906"
"2022","(CAH07) physical sciences","(CAH07-04-04) natural sciences (non-specific)","Quintile 3","490","410","0.834"
"2023","(CAH07) physical sciences","(CAH07-04-04) natural sciences (non-specific)","Quintile 3","415","385","0.926"
"2019","(CAH07) physical sciences","(CAH07-02-01) chemistry","Quintile 3","4300","3790","0.882"
"2020","(CAH07) physical sciences","(CAH07-02-01) chemistry","Quintile 3","4145","3650","0.881"
"2021","(CAH07) physical sciences","(CAH07-02-01) chemistry","Quintile 3","3750","3255","0.868"
"2022","(CAH07) physical sciences","(CAH07-02-01) chemistry","Quintile 3","3680","3160","0.859"
"2023","(CAH07) physical sciences","(CAH07-02-01) chemistry","Quintile 3","3895","3375","0.867"
"2019","(CAH07) physical sciences","(CAH07-01-02) astronomy","Quintile 3","535","430","0.803"
"2020","(CAH07) physical sciences","(CAH07-01-02) astronomy","Quintile 3","530","435","0.8200000000000001"
"2021","(CAH07) physical sciences","(CAH07-01-02) astronomy","Quintile 3","630","480","0.762"
"2022","(CAH07) physical sciences","(CAH07-01-02) astronomy","Quintile 3","715","525","0.734"
"2023","(CAH07) physical sciences","(CAH07-01-02) astronomy","Quintile 3","635","495","0.779"
"2019","(CAH07) physical sciences","(CAH07-01-01) physics","Quintile 3","3890","3160","0.812"
"2020","(CAH07) physical sciences","(CAH07-01-01) physics","Quintile 3","3665","2990","0.8150000000000001"
"2021","(CAH07) physical sciences","(CAH07-01-01) physics","Quintile 3","3865","3080","0.797"
"2022","(CAH07) physical sciences","(CAH07-01-01) physics","Quintile 3","3835","2955","0.771"
"2023","(CAH07) physical sciences","(CAH07-01-01) physics","Quintile 3","3405","2675","0.785"
"2019","(CAH07) physical sciences","(CAH07-04-01) physical sciences (non-specific)","Quintile 3","85","20","0.213"
"2020","(CAH07) physical sciences","(CAH07-04-01) physical sciences (non-specific)","Quintile 3","30","10"," "
"2021","(CAH07) physical sciences","(CAH07-04-01) physical sciences (non-specific)","Quintile 3","35","10"," "
"2022","(CAH07) physical sciences","(CAH07-04-01) physical sciences (non-specific)","Quintile 3","35","10"," "
"2023","(CAH07) physical sciences","(CAH07-04-01) physical sciences (non-specific)","Quintile 3","35","10"," "
"2019","(CAH04) psychology","(CAH04-01-02) applied psychology","Quintile 3","2110","1885","0.893"
"2020","(CAH04) psychology","(CAH04-01-02) applied psychology","Quintile 3","2450","2155","0.879"
"2021","(CAH04) psychology","(CAH04-01-02) applied psychology","Quintile 3","2630","2315","0.88"
"2022","(CAH04) psychology","(CAH04-01-02) applied psychology","Quintile 3","2610","2310","0.885"
"2023","(CAH04) psychology","(CAH04-01-02) applied psychology","Quintile 3","2635","2350","0.892"
"2019","(CAH04) psychology","(CAH04-01-04) psychology and health","Quintile 3","200","180","0.907"
"2020","(CAH04) psychology","(CAH04-01-04) psychology and health","Quintile 3","180","165","0.925"
"2021","(CAH04) psychology","(CAH04-01-04) psychology and health","Quintile 3","200","185","0.928"
"2022","(CAH04) psychology","(CAH04-01-04) psychology and health","Quintile 3","220","200","0.901"
"2023","(CAH04) psychology","(CAH04-01-04) psychology and health","Quintile 3","210","200","0.9540000000000001"
"2019","(CAH04) psychology","(CAH04-01-03) developmental psychology","Quintile 3","295","265","0.893"
"2020","(CAH04) psychology","(CAH04-01-03) developmental psychology","Quintile 3","325","290","0.895"
"2021","(CAH04) psychology","(CAH04-01-03) developmental psychology","Quintile 3","400","365","0.918"
"2022","(CAH04) psychology","(CAH04-01-03) developmental psychology","Quintile 3","415","350","0.842"
"2023","(CAH04) psychology","(CAH04-01-03) developmental psychology","Quintile 3","395","330","0.842"
"2019","(CAH04) psychology","(CAH04-01-01) psychology (non-specific)","Quintile 3","19240","16340","0.849"
"2020","(CAH04) psychology","(CAH04-01-01) psychology (non-specific)","Quintile 3","18625","15810","0.849"
"2021","(CAH04) psychology","(CAH04-01-01) psychology (non-specific)","Quintile 3","19945","16655","0.835"
"2022","(CAH04) psychology","(CAH04-01-01) psychology (non-specific)","Quintile 3","21090","16475","0.781"
"2023","(CAH04) psychology","(CAH04-01-01) psychology (non-specific)","Quintile 3","20140","16015","0.795"
"2019","(CAH04) psychology","(CAH04-01-05) others in psychology","Quintile 3","295","265","0.892"
"2020","(CAH04) psychology","(CAH04-01-05) others in psychology","Quintile 3","275","240","0.87"
"2021","(CAH04) psychology","(CAH04-01-05) others in psychology","Quintile 3","325","280","0.861"
"2022","(CAH04) psychology","(CAH04-01-05) others in psychology","Quintile 3","305","255","0.838"
"2023","(CAH04) psychology","(CAH04-01-05) others in psychology","Quintile 3","230","195","0.855"
"2019","(CAH09) mathematical sciences","(CAH09-01-01) mathematics","Quintile 3","6315","5310","0.841"
"2020","(CAH09) mathematical sciences","(CAH09-01-01) mathematics","Quintile 3","6170","5095","0.8260000000000001"
"2021","(CAH09) mathematical sciences","(CAH09-01-01) mathematics","Quintile 3","6040","4935","0.8170000000000001"
"2022","(CAH09) mathematical sciences","(CAH09-01-01) mathematics","Quintile 3","6055","4760","0.786"
"2023","(CAH09) mathematical sciences","(CAH09-01-01) mathematics","Quintile 3","5940","4605","0.776"
"2019","(CAH09) mathematical sciences","(CAH09-01-02) operational research","Quintile 3","15","15","1.033"
"2020","(CAH09) mathematical sciences","(CAH09-01-02) operational research","Quintile 3","25","25","0.9450000000000001"
"2021","(CAH09) mathematical sciences","(CAH09-01-02) operational research","Quintile 3","20","20","0.968"
"2022","(CAH09) mathematical sciences","(CAH09-01-02) operational research","Quintile 3","15","15","1.025"
"2023","(CAH09) mathematical sciences","(CAH09-01-02) operational research","Quintile 3","20","20","0.903"
"2019","(CAH09) mathematical sciences","(CAH09-01-03) statistics","Quintile 3","165","125","0.759"
"2020","(CAH09) mathematical sciences","(CAH09-01-03) statistics","Quintile 3","215","170","0.802"
"2021","(CAH09) mathematical sciences","(CAH09-01-03) statistics","Quintile 3","265","205","0.77"
"2022","(CAH09) mathematical sciences","(CAH09-01-03) statistics","Quintile 3","305","195","0.646"
"2023","(CAH09) mathematical sciences","(CAH09-01-03) statistics","Quintile 3","350","215","0.617"
"2019","(CAH22) education and teaching","(CAH22-01-01) education","Quintile 3","5180","4300","0.8300000000000001"
"2020","(CAH22) education and teaching","(CAH22-01-01) education","Quintile 3","4625","3740","0.809"
"2021","(CAH22) education and teaching","(CAH22-01-01) education","Quintile 3","5080","4165","0.8200000000000001"
"2022","(CAH22) education and teaching","(CAH22-01-01) education","Quintile 3","5340","4320","0.809"
"2023","(CAH22) education and teaching","(CAH22-01-01) education","Quintile 3","4910","4055","0.8260000000000001"
"2019","(CAH22) education and teaching","(CAH22-01-02) teacher training","Quintile 3","9610","3965","0.41300000000000003"
"2020","(CAH22) education and teaching","(CAH22-01-02) teacher training","Quintile 3","9575","4210","0.44"
"2021","(CAH22) education and teaching","(CAH22-01-02) teacher training","Quintile 3","11035","5165","0.468"
"2022","(CAH22) education and teaching","(CAH22-01-02) teacher training","Quintile 3","10895","5135","0.47100000000000003"
"2023","(CAH22) education and teaching","(CAH22-01-02) teacher training","Quintile 3","8800","4295","0.488"
"2019","(CAH06) agriculture, food and related studies","(CAH06-01-04) rural estate management","Quintile 3","50","50","0.9510000000000001"
"2020","(CAH06) agriculture, food and related studies","(CAH06-01-04) rural estate management","Quintile 3","65","60","0.96"
"2021","(CAH06) agriculture, food and related studies","(CAH06-01-04) rural estate management","Quintile 3","65","60","0.9500000000000001"
"2022","(CAH06) agriculture, food and related studies","(CAH06-01-04) rural estate management","Quintile 3","90","80","0.917"
"2023","(CAH06) agriculture, food and related studies","(CAH06-01-04) rural estate management","Quintile 3","80","75","0.9500000000000001"
"2019","(CAH06) agriculture, food and related studies","(CAH06-01-02) agricultural sciences","Quintile 3","80","70","0.89"
"2020","(CAH06) agriculture, food and related studies","(CAH06-01-02) agricultural sciences","Quintile 3","90","80","0.866"
"2021","(CAH06) agriculture, food and related studies","(CAH06-01-02) agricultural sciences","Quintile 3","90","75","0.858"
"2022","(CAH06) agriculture, food and related studies","(CAH06-01-02) agricultural sciences","Quintile 3","90","85","0.9520000000000001"
"2023","(CAH06) agriculture, food and related studies","(CAH06-01-02) agricultural sciences","Quintile 3","95","90","0.9530000000000001"
"2019","(CAH06) agriculture, food and related studies","(CAH06-01-03) agriculture","Quintile 3","985","825","0.835"
"2020","(CAH06) agriculture, food and related studies","(CAH06-01-03) agriculture","Quintile 3","1100","955","0.87"
"2021","(CAH06) agriculture, food and related studies","(CAH06-01-03) agriculture","Quintile 3","1215","1095","0.9"
"2022","(CAH06) agriculture, food and related studies","(CAH06-01-03) agriculture","Quintile 3","1315","1155","0.88"
"2023","(CAH06) agriculture, food and related studies","(CAH06-01-03) agriculture","Quintile 3","1200","1065","0.888"
"2019","(CAH06) agriculture, food and related studies","(CAH06-01-01) animal science","Quintile 3","1505","1365","0.908"
"2020","(CAH06) agriculture, food and related studies","(CAH06-01-01) animal science","Quintile 3","1530","1355","0.885"
"2021","(CAH06) agriculture, food and related studies","(CAH06-01-01) animal science","Quintile 3","1760","1610","0.916"
"2022","(CAH06) agriculture, food and related studies","(CAH06-01-01) animal science","Quintile 3","1860","1660","0.893"
"2023","(CAH06) agriculture, food and related studies","(CAH06-01-01) animal science","Quintile 3","1520","1395","0.917"
"2019","(CAH06) agriculture, food and related studies","(CAH06-01-05) forestry and arboriculture","Quintile 3","30","25","0.78"
"2020","(CAH06) agriculture, food and related studies","(CAH06-01-05) forestry and arboriculture","Quintile 3","20","15","0.77"
"2021","(CAH06) agriculture, food and related studies","(CAH06-01-05) forestry and arboriculture","Quintile 3","40","35","0.934"
"2022","(CAH06) agriculture, food and related studies","(CAH06-01-05) forestry and arboriculture","Quintile 3","50","45","0.877"
"2023","(CAH06) agriculture, food and related studies","(CAH06-01-05) forestry and arboriculture","Quintile 3","30","25","0.862"
"2019","(CAH06) agriculture, food and related studies","(CAH06-01-08) food and beverage production","Quintile 3","55","40","0.734"
"2020","(CAH06) agriculture, food and related studies","(CAH06-01-08) food and beverage production","Quintile 3","55","50","0.88"
"2021","(CAH06) agriculture, food and related studies","(CAH06-01-08) food and beverage production","Quintile 3","60","45","0.744"
"2022","(CAH06) agriculture, food and related studies","(CAH06-01-08) food and beverage production","Quintile 3","70","65","0.896"
"2023","(CAH06) agriculture, food and related studies","(CAH06-01-08) food and beverage production","Quintile 3","50","40","0.784"
"2019","(CAH06) agriculture, food and related studies","(CAH06-01-07) food sciences","Quintile 3","125","95","0.779"
"2020","(CAH06) agriculture, food and related studies","(CAH06-01-07) food sciences","Quintile 3","170","145","0.853"
"2021","(CAH06) agriculture, food and related studies","(CAH06-01-07) food sciences","Quintile 3","160","140","0.873"
"2022","(CAH06) agriculture, food and related studies","(CAH06-01-07) food sciences","Quintile 3","180","150","0.8290000000000001"
"2023","(CAH06) agriculture, food and related studies","(CAH06-01-07) food sciences","Quintile 3","160","140","0.883"
"2019","(CAH06) agriculture, food and related studies","(CAH06-01-06) food and beverage studies (non-specific)","Quintile 3","80","70","0.861"
"2020","(CAH06) agriculture, food and related studies","(CAH06-01-06) food and beverage studies (non-specific)","Quintile 3","60","55","0.907"
"2021","(CAH06) agriculture, food and related studies","(CAH06-01-06) food and beverage studies (non-specific)","Quintile 3","85","75","0.88"
"2022","(CAH06) agriculture, food and related studies","(CAH06-01-06) food and beverage studies (non-specific)","Quintile 3","70","60","0.843"
"2023","(CAH06) agriculture, food and related studies","(CAH06-01-06) food and beverage studies (non-specific)","Quintile 3","65","55","0.856"
"2019","(CAH16) law","(CAH16-01-01) law","Quintile 3","19680","15950","0.811"
"2020","(CAH16) law","(CAH16-01-01) law","Quintile 3","20520","16870","0.8220000000000001"
"2021","(CAH16) law","(CAH16-01-01) law","Quintile 3","21990","17555","0.798"
"2022","(CAH16) law","(CAH16-01-01) law","Quintile 3","23250","17340","0.746"
"2023","(CAH16) law","(CAH16-01-01) law","Quintile 3","23680","17885","0.755"
"2019","(CAH05) veterinary sciences","(CAH05-01-01) veterinary medicine and dentistry","Quintile 3","1510","420","0.279"
"2020","(CAH05) veterinary sciences","(CAH05-01-01) veterinary medicine and dentistry","Quintile 3","1340","485","0.361"
"2021","(CAH05) veterinary sciences","(CAH05-01-01) veterinary medicine and dentistry","Quintile 3","1760","470","0.268"
"2022","(CAH05) veterinary sciences","(CAH05-01-01) veterinary medicine and dentistry","Quintile 3","1775","465","0.261"
"2023","(CAH05) veterinary sciences","(CAH05-01-01) veterinary medicine and dentistry","Quintile 3","1770","505","0.28500000000000003"
"2019","(CAH05) veterinary sciences","(CAH05-01-02) others in veterinary sciences","Quintile 3","1000","455","0.453"
"2020","(CAH05) veterinary sciences","(CAH05-01-02) others in veterinary sciences","Quintile 3","825","420","0.51"
"2021","(CAH05) veterinary sciences","(CAH05-01-02) others in veterinary sciences","Quintile 3","995","530","0.534"
"2022","(CAH05) veterinary sciences","(CAH05-01-02) others in veterinary sciences","Quintile 3","1030","515","0.5"
"2023","(CAH05) veterinary sciences","(CAH05-01-02) others in veterinary sciences","Quintile 3","705","415","0.591"
"2019","(CAH25) design, and creative and performing arts","(CAH25-01-03) design studies","Quintile 4","16405","9330","0.5690000000000001"
"2020","(CAH25) design, and creative and performing arts","(CAH25-01-03) design studies","Quintile 4","16110","9845","0.611"
"2021","(CAH25) design, and creative and performing arts","(CAH25-01-03) design studies","Quintile 4","17145","11255","0.657"
"2022","(CAH25) design, and creative and performing arts","(CAH25-01-03) design studies","Quintile 4","18210","11310","0.621"
"2023","(CAH25) design, and creative and performing arts","(CAH25-01-03) design studies","Quintile 4","16905","10840","0.641"
"2019","(CAH25) design, and creative and performing arts","(CAH25-02-02) music","Quintile 4","7410","4475","0.604"
"2020","(CAH25) design, and creative and performing arts","(CAH25-02-02) music","Quintile 4","7285","4570","0.627"
"2021","(CAH25) design, and creative and performing arts","(CAH25-02-02) music","Quintile 4","7950","5040","0.634"
"2022","(CAH25) design, and creative and performing arts","(CAH25-02-02) music","Quintile 4","8410","5000","0.594"
"2023","(CAH25) design, and creative and performing arts","(CAH25-02-02) music","Quintile 4","8055","4760","0.591"
"2019","(CAH25) design, and creative and performing arts","(CAH25-01-04) cinematics and photography","Quintile 4","8465","5365","0.634"
"2020","(CAH25) design, and creative and performing arts","(CAH25-01-04) cinematics and photography","Quintile 4","8645","5950","0.6880000000000001"
"2021","(CAH25) design, and creative and performing arts","(CAH25-01-04) cinematics and photography","Quintile 4","9260","6665","0.72"
"2022","(CAH25) design, and creative and performing arts","(CAH25-01-04) cinematics and photography","Quintile 4","10165","6755","0.665"
"2023","(CAH25) design, and creative and performing arts","(CAH25-01-04) cinematics and photography","Quintile 4","9175","6420","0.7000000000000001"
"2019","(CAH25) design, and creative and performing arts","(CAH25-01-02) art","Quintile 4","3750","2000","0.533"
"2020","(CAH25) design, and creative and performing arts","(CAH25-01-02) art","Quintile 4","3885","2095","0.539"
"2021","(CAH25) design, and creative and performing arts","(CAH25-01-02) art","Quintile 4","4080","2335","0.5730000000000001"
"2022","(CAH25) design, and creative and performing arts","(CAH25-01-02) art","Quintile 4","4815","2635","0.547"
"2023","(CAH25) design, and creative and performing arts","(CAH25-01-02) art","Quintile 4","4410","2435","0.552"
"2019","(CAH25) design, and creative and performing arts","(CAH25-02-03) drama","Quintile 4","7485","2795","0.373"
"2020","(CAH25) design, and creative and performing arts","(CAH25-02-03) drama","Quintile 4","7115","2910","0.40900000000000003"
"2021","(CAH25) design, and creative and performing arts","(CAH25-02-03) drama","Quintile 4","7460","3115","0.418"
"2022","(CAH25) design, and creative and performing arts","(CAH25-02-03) drama","Quintile 4","7495","3135","0.419"
"2023","(CAH25) design, and creative and performing arts","(CAH25-02-03) drama","Quintile 4","6970","3025","0.434"
"2019","(CAH25) design, and creative and performing arts","(CAH25-02-04) dance","Quintile 4","990","490","0.493"
"2020","(CAH25) design, and creative and performing arts","(CAH25-02-04) dance","Quintile 4","1045","505","0.484"
"2021","(CAH25) design, and creative and performing arts","(CAH25-02-04) dance","Quintile 4","1350","635","0.47100000000000003"
"2022","(CAH25) design, and creative and performing arts","(CAH25-02-04) dance","Quintile 4","1365","585","0.429"
"2023","(CAH25) design, and creative and performing arts","(CAH25-02-04) dance","Quintile 4","1265","510","0.403"
"2019","(CAH25) design, and creative and performing arts","(CAH25-02-01) performing arts (non-specific)","Quintile 4","645","245","0.379"
"2020","(CAH25) design, and creative and performing arts","(CAH25-02-01) performing arts (non-specific)","Quintile 4","365","200","0.547"
"2021","(CAH25) design, and creative and performing arts","(CAH25-02-01) performing arts (non-specific)","Quintile 4","250","170","0.67"
"2022","(CAH25) design, and creative and performing arts","(CAH25-02-01) performing arts (non-specific)","Quintile 4","275","195","0.713"
"2023","(CAH25) design, and creative and performing arts","(CAH25-02-01) performing arts (non-specific)","Quintile 4","205","140","0.677"
"2019","(CAH25) design, and creative and performing arts","(CAH25-01-05) others in creative arts and design","Quintile 4","545","370","0.683"
"2020","(CAH25) design, and creative and performing arts","(CAH25-01-05) others in creative arts and design","Quintile 4","480","345","0.714"
"2021","(CAH25) design, and creative and performing arts","(CAH25-01-05) others in creative arts and design","Quintile 4","515","415","0.806"
"2022","(CAH25) design, and creative and performing arts","(CAH25-01-05) others in creative arts and design","Quintile 4","575","395","0.683"
"2023","(CAH25) design, and creative and performing arts","(CAH25-01-05) others in creative arts and design","Quintile 4","455","340","0.742"
"2019","(CAH25) design, and creative and performing arts","(CAH25-01-01) creative arts and design (non-specific)","Quintile 4","695","335","0.485"
"2020","(CAH25) design, and creative and performing arts","(CAH25-01-01) creative arts and design (non-specific)","Quintile 4","655","350","0.534"
"2021","(CAH25) design, and creative and performing arts","(CAH25-01-01) creative arts and design (non-specific)","Quintile 4","690","395","0.5690000000000001"
"2022","(CAH25) design, and creative and performing arts","(CAH25-01-01) creative arts and design (non-specific)","Quintile 4","910","465","0.511"
"2023","(CAH25) design, and creative and performing arts","(CAH25-01-01) creative arts and design (non-specific)","Quintile 4","905","460","0.508"
"2019","(CAH10) engineering and technology","(CAH10-01-06) bioengineering, medical and biomedical engineering","Quintile 4","945","780","0.8230000000000001"
"2020","(CAH10) engineering and technology","(CAH10-01-06) bioengineering, medical and biomedical engineering","Quintile 4","1065","885","0.8300000000000001"
"2021","(CAH10) engineering and technology","(CAH10-01-06) bioengineering, medical and biomedical engineering","Quintile 4","955","785","0.8220000000000001"
"2022","(CAH10) engineering and technology","(CAH10-01-06) bioengineering, medical and biomedical engineering","Quintile 4","1025","805","0.787"
"2023","(CAH10) engineering and technology","(CAH10-01-06) bioengineering, medical and biomedical engineering","Quintile 4","1095","850","0.777"
"2019","(CAH10) engineering and technology","(CAH10-03-02) materials technology","Quintile 4","175","135","0.764"
"2020","(CAH10) engineering and technology","(CAH10-03-02) materials technology","Quintile 4","170","150","0.868"
"2021","(CAH10) engineering and technology","(CAH10-03-02) materials technology","Quintile 4","170","145","0.868"
"2022","(CAH10) engineering and technology","(CAH10-03-02) materials technology","Quintile 4","110","90","0.804"
"2023","(CAH10) engineering and technology","(CAH10-03-02) materials technology","Quintile 4","145","130","0.888"
"2019","(CAH10) engineering and technology","(CAH10-03-06) others in technology","Quintile 4","585","485","0.8280000000000001"
"2020","(CAH10) engineering and technology","(CAH10-03-06) others in technology","Quintile 4","585","475","0.8130000000000001"
"2021","(CAH10) engineering and technology","(CAH10-03-06) others in technology","Quintile 4","645","560","0.869"
"2022","(CAH10) engineering and technology","(CAH10-03-06) others in technology","Quintile 4","705","590","0.835"
"2023","(CAH10) engineering and technology","(CAH10-03-06) others in technology","Quintile 4","715","600","0.839"
"2019","(CAH10) engineering and technology","(CAH10-01-03) production and manufacturing engineering","Quintile 4","1505","1265","0.841"
"2020","(CAH10) engineering and technology","(CAH10-01-03) production and manufacturing engineering","Quintile 4","1515","1290","0.85"
"2021","(CAH10) engineering and technology","(CAH10-01-03) production and manufacturing engineering","Quintile 4","1770","1495","0.844"
"2022","(CAH10) engineering and technology","(CAH10-01-03) production and manufacturing engineering","Quintile 4","2005","1690","0.843"
"2023","(CAH10) engineering and technology","(CAH10-01-03) production and manufacturing engineering","Quintile 4","1840","1520","0.8260000000000001"
"2019","(CAH10) engineering and technology","(CAH10-01-04) aeronautical and aerospace engineering","Quintile 4","3590","2870","0.8"
"2020","(CAH10) engineering and technology","(CAH10-01-04) aeronautical and aerospace engineering","Quintile 4","3690","2890","0.783"
"2021","(CAH10) engineering and technology","(CAH10-01-04) aeronautical and aerospace engineering","Quintile 4","3945","3030","0.768"
"2022","(CAH10) engineering and technology","(CAH10-01-04) aeronautical and aerospace engineering","Quintile 4","4140","3105","0.751"
"2023","(CAH10) engineering and technology","(CAH10-01-04) aeronautical and aerospace engineering","Quintile 4","4085","3155","0.772"
"2019","(CAH10) engineering and technology","(CAH10-01-08) electrical and electronic engineering","Quintile 4","3335","2575","0.773"
"2020","(CAH10) engineering and technology","(CAH10-01-08) electrical and electronic engineering","Quintile 4","3385","2590","0.765"
"2021","(CAH10) engineering and technology","(CAH10-01-08) electrical and electronic engineering","Quintile 4","3680","2755","0.749"
"2022","(CAH10) engineering and technology","(CAH10-01-08) electrical and electronic engineering","Quintile 4","4020","2890","0.719"
"2023","(CAH10) engineering and technology","(CAH10-01-08) electrical and electronic engineering","Quintile 4","3970","2955","0.745"
"2019","(CAH10) engineering and technology","(CAH10-01-07) civil engineering","Quintile 4","4550","3800","0.835"
"2020","(CAH10) engineering and technology","(CAH10-01-07) civil engineering","Quintile 4","4180","3475","0.8310000000000001"
"2021","(CAH10) engineering and technology","(CAH10-01-07) civil engineering","Quintile 4","4520","3750","0.8290000000000001"
"2022","(CAH10) engineering and technology","(CAH10-01-07) civil engineering","Quintile 4","4265","3425","0.803"
"2023","(CAH10) engineering and technology","(CAH10-01-07) civil engineering","Quintile 4","3880","3085","0.796"
"2019","(CAH10) engineering and technology","(CAH10-03-05) biotechnology","Quintile 4","105","90","0.835"
"2020","(CAH10) engineering and technology","(CAH10-03-05) biotechnology","Quintile 4","110","85","0.793"
"2021","(CAH10) engineering and technology","(CAH10-03-05) biotechnology","Quintile 4","130","110","0.842"
"2022","(CAH10) engineering and technology","(CAH10-03-05) biotechnology","Quintile 4","115","100","0.848"
"2023","(CAH10) engineering and technology","(CAH10-03-05) biotechnology","Quintile 4","130","115","0.871"
"2019","(CAH10) engineering and technology","(CAH10-01-09) chemical, process and energy engineering","Quintile 4","2530","2090","0.8270000000000001"
"2020","(CAH10) engineering and technology","(CAH10-01-09) chemical, process and energy engineering","Quintile 4","2150","1770","0.8240000000000001"
"2021","(CAH10) engineering and technology","(CAH10-01-09) chemical, process and energy engineering","Quintile 4","2090","1725","0.8260000000000001"
"2022","(CAH10) engineering and technology","(CAH10-01-09) chemical, process and energy engineering","Quintile 4","1920","1545","0.805"
"2023","(CAH10) engineering and technology","(CAH10-01-09) chemical, process and energy engineering","Quintile 4","2080","1690","0.812"
"2019","(CAH10) engineering and technology","(CAH10-03-03) polymers and textiles","Quintile 4","25","15","0.625"
"2020","(CAH10) engineering and technology","(CAH10-03-03) polymers and textiles","Quintile 4","20","15","0.736"
"2021","(CAH10) engineering and technology","(CAH10-03-03) polymers and textiles","Quintile 4","20","15","0.72"
"2022","(CAH10) engineering and technology","(CAH10-03-03) polymers and textiles","Quintile 4","25","20","0.851"
"2023","(CAH10) engineering and technology","(CAH10-03-03) polymers and textiles","Quintile 4","45","35","0.746"
"2020","(CAH10) engineering and technology","(CAH10-03-01) minerals technology","Quintile 4","5","5"," "
"2022","(CAH10) engineering and technology","(CAH10-03-01) minerals technology","Quintile 4","5","5"," "
"2023","(CAH10) engineering and technology","(CAH10-03-01) minerals technology","Quintile 4","5","0"," "
"2019","(CAH10) engineering and technology","(CAH10-01-01) engineering (non-specific)","Quintile 4","3410","2450","0.718"
"2020","(CAH10) engineering and technology","(CAH10-01-01) engineering (non-specific)","Quintile 4","3310","2460","0.743"
"2021","(CAH10) engineering and technology","(CAH10-01-01) engineering (non-specific)","Quintile 4","3885","2875","0.739"
"2022","(CAH10) engineering and technology","(CAH10-01-01) engineering (non-specific)","Quintile 4","3545","2495","0.705"
"2023","(CAH10) engineering and technology","(CAH10-01-01) engineering (non-specific)","Quintile 4","3460","2520","0.728"
"2019","(CAH10) engineering and technology","(CAH10-01-10) others in engineering","Quintile 4","35","25","0.734"
"2020","(CAH10) engineering and technology","(CAH10-01-10) others in engineering","Quintile 4","20","15","0.675"
"2021","(CAH10) engineering and technology","(CAH10-01-10) others in engineering","Quintile 4","5","5"," "
"2022","(CAH10) engineering and technology","(CAH10-01-10) others in engineering","Quintile 4","5","5"," "
"2023","(CAH10) engineering and technology","(CAH10-01-10) others in engineering","Quintile 4","10","10"," "
"2019","(CAH10) engineering and technology","(CAH10-01-02) mechanical engineering","Quintile 4","7480","5980","0.8"
"2020","(CAH10) engineering and technology","(CAH10-01-02) mechanical engineering","Quintile 4","7590","6185","0.8150000000000001"
"2021","(CAH10) engineering and technology","(CAH10-01-02) mechanical engineering","Quintile 4","7890","6190","0.784"
"2022","(CAH10) engineering and technology","(CAH10-01-02) mechanical engineering","Quintile 4","8065","6195","0.768"
"2023","(CAH10) engineering and technology","(CAH10-01-02) mechanical engineering","Quintile 4","7690","5895","0.766"
"2019","(CAH10) engineering and technology","(CAH10-03-04) maritime technology","Quintile 4","55","45","0.8290000000000001"
"2020","(CAH10) engineering and technology","(CAH10-03-04) maritime technology","Quintile 4","60","55","0.89"
"2021","(CAH10) engineering and technology","(CAH10-03-04) maritime technology","Quintile 4","60","50","0.868"
"2022","(CAH10) engineering and technology","(CAH10-03-04) maritime technology","Quintile 4","55","50","0.897"
"2023","(CAH10) engineering and technology","(CAH10-03-04) maritime technology","Quintile 4","35","30","0.8310000000000001"
"2019","(CAH10) engineering and technology","(CAH10-01-05) naval architecture","Quintile 4","40","40","1.002"
"2020","(CAH10) engineering and technology","(CAH10-01-05) naval architecture","Quintile 4","60","50","0.8320000000000001"
"2021","(CAH10) engineering and technology","(CAH10-01-05) naval architecture","Quintile 4","45","45","0.96"
"2022","(CAH10) engineering and technology","(CAH10-01-05) naval architecture","Quintile 4","30","25","0.863"
"2023","(CAH10) engineering and technology","(CAH10-01-05) naval architecture","Quintile 4","35","30","0.871"
"2019","(CAH10) engineering and technology","(CAH10-03-07) materials science","Quintile 4","185","100","0.527"
"2020","(CAH10) engineering and technology","(CAH10-03-07) materials science","Quintile 4","225","135","0.604"
"2021","(CAH10) engineering and technology","(CAH10-03-07) materials science","Quintile 4","175","95","0.556"
"2022","(CAH10) engineering and technology","(CAH10-03-07) materials science","Quintile 4","140","80","0.581"
"2023","(CAH10) engineering and technology","(CAH10-03-07) materials science","Quintile 4","120","70","0.595"
"2019","(CAH02) subjects allied to medicine","(CAH02-06-03) ophthalmics","Quintile 4","1925","1125","0.583"
"2020","(CAH02) subjects allied to medicine","(CAH02-06-03) ophthalmics","Quintile 4","1790","1075","0.601"
"2021","(CAH02) subjects allied to medicine","(CAH02-06-03) ophthalmics","Quintile 4","1655","1075","0.649"
"2022","(CAH02) subjects allied to medicine","(CAH02-06-03) ophthalmics","Quintile 4","1500","875","0.585"
"2023","(CAH02) subjects allied to medicine","(CAH02-06-03) ophthalmics","Quintile 4","1795","1140","0.635"
"2019","(CAH02) subjects allied to medicine","(CAH02-05-04) anatomy, physiology and pathology","Quintile 4","1005","780","0.774"
"2020","(CAH02) subjects allied to medicine","(CAH02-05-04) anatomy, physiology and pathology","Quintile 4","1190","940","0.789"
"2021","(CAH02) subjects allied to medicine","(CAH02-05-04) anatomy, physiology and pathology","Quintile 4","1155","895","0.775"
"2022","(CAH02) subjects allied to medicine","(CAH02-05-04) anatomy, physiology and pathology","Quintile 4","1215","770","0.632"
"2023","(CAH02) subjects allied to medicine","(CAH02-05-04) anatomy, physiology and pathology","Quintile 4","1140","805","0.706"
"2019","(CAH02) subjects allied to medicine","(CAH02-05-01) medical technology","Quintile 4","2310","925","0.4"
"2020","(CAH02) subjects allied to medicine","(CAH02-05-01) medical technology","Quintile 4","2535","1075","0.424"
"2021","(CAH02) subjects allied to medicine","(CAH02-05-01) medical technology","Quintile 4","2950","1100","0.374"
"2022","(CAH02) subjects allied to medicine","(CAH02-05-01) medical technology","Quintile 4","2935","1015","0.34600000000000003"
"2023","(CAH02) subjects allied to medicine","(CAH02-05-01) medical technology","Quintile 4","2965","1055","0.356"
"2019","(CAH02) subjects allied to medicine","(CAH02-06-06) complementary and alternative medicine","Quintile 4","505","350","0.6980000000000001"
"2020","(CAH02) subjects allied to medicine","(CAH02-06-06) complementary and alternative medicine","Quintile 4","530","360","0.683"
"2021","(CAH02) subjects allied to medicine","(CAH02-06-06) complementary and alternative medicine","Quintile 4","685","500","0.732"
"2022","(CAH02) subjects allied to medicine","(CAH02-06-06) complementary and alternative medicine","Quintile 4","655","465","0.713"
"2023","(CAH02) subjects allied to medicine","(CAH02-06-06) complementary and alternative medicine","Quintile 4","435","300","0.6920000000000001"
"2019","(CAH02) subjects allied to medicine","(CAH02-06-01) health sciences (non-specific)","Quintile 4","5325","2105","0.396"
"2020","(CAH02) subjects allied to medicine","(CAH02-06-01) health sciences (non-specific)","Quintile 4","6200","2480","0.4"
"2021","(CAH02) subjects allied to medicine","(CAH02-06-01) health sciences (non-specific)","Quintile 4","9170","3005","0.328"
"2022","(CAH02) subjects allied to medicine","(CAH02-06-01) health sciences (non-specific)","Quintile 4","9800","3085","0.315"
"2023","(CAH02) subjects allied to medicine","(CAH02-06-01) health sciences (non-specific)","Quintile 4","8260","2665","0.323"
"2019","(CAH02) subjects allied to medicine","(CAH02-06-02) nutrition and dietetics","Quintile 4","1415","1070","0.757"
"2020","(CAH02) subjects allied to medicine","(CAH02-06-02) nutrition and dietetics","Quintile 4","1390","1030","0.741"
"2021","(CAH02) subjects allied to medicine","(CAH02-06-02) nutrition and dietetics","Quintile 4","1570","1135","0.724"
"2022","(CAH02) subjects allied to medicine","(CAH02-06-02) nutrition and dietetics","Quintile 4","1530","1105","0.721"
"2023","(CAH02) subjects allied to medicine","(CAH02-06-02) nutrition and dietetics","Quintile 4","1260","900","0.713"
"2019","(CAH02) subjects allied to medicine","(CAH02-06-04) environmental and public health","Quintile 4","715","670","0.936"
"2020","(CAH02) subjects allied to medicine","(CAH02-06-04) environmental and public health","Quintile 4","555","515","0.932"
"2021","(CAH02) subjects allied to medicine","(CAH02-06-04) environmental and public health","Quintile 4","885","855","0.967"
"2022","(CAH02) subjects allied to medicine","(CAH02-06-04) environmental and public health","Quintile 4","715","670","0.9400000000000001"
"2023","(CAH02) subjects allied to medicine","(CAH02-06-04) environmental and public health","Quintile 4","560","530","0.9490000000000001"
"2019","(CAH02) subjects allied to medicine","(CAH02-06-07) counselling, psychotherapy and occupational therapy","Quintile 4","2370","1395","0.59"
"2020","(CAH02) subjects allied to medicine","(CAH02-06-07) counselling, psychotherapy and occupational therapy","Quintile 4","2360","1395","0.591"
"2021","(CAH02) subjects allied to medicine","(CAH02-06-07) counselling, psychotherapy and occupational therapy","Quintile 4","2820","1680","0.595"
"2022","(CAH02) subjects allied to medicine","(CAH02-06-07) counselling, psychotherapy and occupational therapy","Quintile 4","2765","1530","0.553"
"2023","(CAH02) subjects allied to medicine","(CAH02-06-07) counselling, psychotherapy and occupational therapy","Quintile 4","2645","1520","0.5740000000000001"
"2019","(CAH02) subjects allied to medicine","(CAH02-02-01) pharmacology","Quintile 4","1320","1095","0.8280000000000001"
"2020","(CAH02) subjects allied to medicine","(CAH02-02-01) pharmacology","Quintile 4","1405","1160","0.8260000000000001"
"2021","(CAH02) subjects allied to medicine","(CAH02-02-01) pharmacology","Quintile 4","1705","1375","0.805"
"2022","(CAH02) subjects allied to medicine","(CAH02-02-01) pharmacology","Quintile 4","1795","1365","0.761"
"2023","(CAH02) subjects allied to medicine","(CAH02-02-01) pharmacology","Quintile 4","2045","1610","0.787"
"2019","(CAH02) subjects allied to medicine","(CAH02-02-03) pharmacy","Quintile 4","3395","2320","0.684"
"2020","(CAH02) subjects allied to medicine","(CAH02-02-03) pharmacy","Quintile 4","3575","2435","0.681"
"2021","(CAH02) subjects allied to medicine","(CAH02-02-03) pharmacy","Quintile 4","4160","3070","0.738"
"2022","(CAH02) subjects allied to medicine","(CAH02-02-03) pharmacy","Quintile 4","4675","2910","0.622"
"2023","(CAH02) subjects allied to medicine","(CAH02-02-03) pharmacy","Quintile 4","6390","3665","0.5730000000000001"
"2019","(CAH02) subjects allied to medicine","(CAH02-06-05) physiotherapy","Quintile 4","3680","1325","0.36"
"2020","(CAH02) subjects allied to medicine","(CAH02-06-05) physiotherapy","Quintile 4","4285","1635","0.382"
"2021","(CAH02) subjects allied to medicine","(CAH02-06-05) physiotherapy","Quintile 4","4585","1450","0.316"
"2022","(CAH02) subjects allied to medicine","(CAH02-06-05) physiotherapy","Quintile 4","5060","1440","0.28500000000000003"
"2023","(CAH02) subjects allied to medicine","(CAH02-06-05) physiotherapy","Quintile 4","5080","1645","0.324"
"2019","(CAH02) subjects allied to medicine","(CAH02-05-02) healthcare science (non-specific)","Quintile 4","1110","805","0.725"
"2020","(CAH02) subjects allied to medicine","(CAH02-05-02) healthcare science (non-specific)","Quintile 4","1245","905","0.725"
"2021","(CAH02) subjects allied to medicine","(CAH02-05-02) healthcare science (non-specific)","Quintile 4","1275","925","0.726"
"2022","(CAH02) subjects allied to medicine","(CAH02-05-02) healthcare science (non-specific)","Quintile 4","1685","1355","0.804"
"2023","(CAH02) subjects allied to medicine","(CAH02-05-02) healthcare science (non-specific)","Quintile 4","1715","1425","0.8310000000000001"
"2019","(CAH02) subjects allied to medicine","(CAH02-05-03) biomedical sciences (non-specific)","Quintile 4","9060","7840","0.865"
"2020","(CAH02) subjects allied to medicine","(CAH02-05-03) biomedical sciences (non-specific)","Quintile 4","9375","8240","0.879"
"2021","(CAH02) subjects allied to medicine","(CAH02-05-03) biomedical sciences (non-specific)","Quintile 4","9775","8580","0.878"
"2022","(CAH02) subjects allied to medicine","(CAH02-05-03) biomedical sciences (non-specific)","Quintile 4","9685","8300","0.857"
"2023","(CAH02) subjects allied to medicine","(CAH02-05-03) biomedical sciences (non-specific)","Quintile 4","9590","8305","0.866"
"2019","(CAH02) subjects allied to medicine","(CAH02-02-02) toxicology","Quintile 4","20","20","0.924"
"2020","(CAH02) subjects allied to medicine","(CAH02-02-02) toxicology","Quintile 4","25","25","1.043"
"2021","(CAH02) subjects allied to medicine","(CAH02-02-02) toxicology","Quintile 4","20","20","1.056"
"2022","(CAH02) subjects allied to medicine","(CAH02-02-02) toxicology","Quintile 4","25","25","0.964"
"2023","(CAH02) subjects allied to medicine","(CAH02-02-02) toxicology","Quintile 4","55","55","0.996"
"2019","(CAH02) subjects allied to medicine","(CAH02-04-02) adult nursing","Quintile 4","13595","5905","0.434"
"2020","(CAH02) subjects allied to medicine","(CAH02-04-02) adult nursing","Quintile 4","14885","7280","0.489"
"2021","(CAH02) subjects allied to medicine","(CAH02-04-02) adult nursing","Quintile 4","17840","8510","0.47700000000000004"
"2022","(CAH02) subjects allied to medicine","(CAH02-04-02) adult nursing","Quintile 4","16020","7655","0.47800000000000004"
"2023","(CAH02) subjects allied to medicine","(CAH02-04-02) adult nursing","Quintile 4","12685","6135","0.484"
"2019","(CAH02) subjects allied to medicine","(CAH02-04-05) children's nursing","Quintile 4","5350","1645","0.308"
"2020","(CAH02) subjects allied to medicine","(CAH02-04-05) children's nursing","Quintile 4","5905","2045","0.34700000000000003"
"2021","(CAH02) subjects allied to medicine","(CAH02-04-05) children's nursing","Quintile 4","7735","2275","0.294"
"2022","(CAH02) subjects allied to medicine","(CAH02-04-05) children's nursing","Quintile 4","7085","1955","0.276"
"2023","(CAH02) subjects allied to medicine","(CAH02-04-05) children's nursing","Quintile 4","5430","1900","0.35000000000000003"
"2021","(CAH02) subjects allied to medicine","(CAH02-04-03) community nursing","Quintile 4","30","15","0.5670000000000001"
"2022","(CAH02) subjects allied to medicine","(CAH02-04-03) community nursing","Quintile 4","10","5"," "
"2023","(CAH02) subjects allied to medicine","(CAH02-04-03) community nursing","Quintile 4","10","0"," "
"2019","(CAH02) subjects allied to medicine","(CAH02-04-09) others in nursing","Quintile 4","450","140","0.309"
"2020","(CAH02) subjects allied to medicine","(CAH02-04-09) others in nursing","Quintile 4","410","155","0.373"
"2021","(CAH02) subjects allied to medicine","(CAH02-04-09) others in nursing","Quintile 4","460","175","0.383"
"2022","(CAH02) subjects allied to medicine","(CAH02-04-09) others in nursing","Quintile 4","500","170","0.336"
"2023","(CAH02) subjects allied to medicine","(CAH02-04-09) others in nursing","Quintile 4","360","155","0.425"
"2019","(CAH02) subjects allied to medicine","(CAH02-04-06) dental nursing","Quintile 4","290","50","0.17200000000000001"
"2020","(CAH02) subjects allied to medicine","(CAH02-04-06) dental nursing","Quintile 4","345","50","0.14200000000000002"
"2021","(CAH02) subjects allied to medicine","(CAH02-04-06) dental nursing","Quintile 4","555","55","0.099"
"2022","(CAH02) subjects allied to medicine","(CAH02-04-06) dental nursing","Quintile 4","745","45","0.062"
"2023","(CAH02) subjects allied to medicine","(CAH02-04-06) dental nursing","Quintile 4","850","60","0.07100000000000001"
"2019","(CAH02) subjects allied to medicine","(CAH02-04-08) learning disabilities nursing","Quintile 4","570","230","0.40700000000000003"
"2020","(CAH02) subjects allied to medicine","(CAH02-04-08) learning disabilities nursing","Quintile 4","585","295","0.501"
"2021","(CAH02) subjects allied to medicine","(CAH02-04-08) learning disabilities nursing","Quintile 4","730","310","0.427"
"2022","(CAH02) subjects allied to medicine","(CAH02-04-08) learning disabilities nursing","Quintile 4","635","265","0.41300000000000003"
"2023","(CAH02) subjects allied to medicine","(CAH02-04-08) learning disabilities nursing","Quintile 4","455","180","0.4"
"2019","(CAH02) subjects allied to medicine","(CAH02-04-07) mental health nursing","Quintile 4","4700","1700","0.362"
"2020","(CAH02) subjects allied to medicine","(CAH02-04-07) mental health nursing","Quintile 4","6510","2365","0.363"
"2021","(CAH02) subjects allied to medicine","(CAH02-04-07) mental health nursing","Quintile 4","7965","2720","0.342"
"2022","(CAH02) subjects allied to medicine","(CAH02-04-07) mental health nursing","Quintile 4","7590","2370","0.312"
"2023","(CAH02) subjects allied to medicine","(CAH02-04-07) mental health nursing","Quintile 4","6340","2175","0.343"
"2019","(CAH02) subjects allied to medicine","(CAH02-04-04) midwifery","Quintile 4","6405","1505","0.23500000000000001"
"2020","(CAH02) subjects allied to medicine","(CAH02-04-04) midwifery","Quintile 4","6810","1940","0.28500000000000003"
"2021","(CAH02) subjects allied to medicine","(CAH02-04-04) midwifery","Quintile 4","8475","1930","0.228"
"2022","(CAH02) subjects allied to medicine","(CAH02-04-04) midwifery","Quintile 4","7640","1655","0.216"
"2023","(CAH02) subjects allied to medicine","(CAH02-04-04) midwifery","Quintile 4","5660","1755","0.31"
"2019","(CAH02) subjects allied to medicine","(CAH02-04-01) nursing (non-specific)","Quintile 4","2495","890","0.357"
"2020","(CAH02) subjects allied to medicine","(CAH02-04-01) nursing (non-specific)","Quintile 4","2645","1070","0.405"
"2021","(CAH02) subjects allied to medicine","(CAH02-04-01) nursing (non-specific)","Quintile 4","2780","910","0.328"
"2022","(CAH02) subjects allied to medicine","(CAH02-04-01) nursing (non-specific)","Quintile 4","2450","810","0.33"
"2023","(CAH02) subjects allied to medicine","(CAH02-04-01) nursing (non-specific)","Quintile 4","2010","700","0.34900000000000003"
"2019","(CAH19) language and area studies","(CAH19-01-05) creative writing","Quintile 4","1280","1090","0.851"
"2020","(CAH19) language and area studies","(CAH19-01-05) creative writing","Quintile 4","1270","1090","0.859"
"2021","(CAH19) language and area studies","(CAH19-01-05) creative writing","Quintile 4","1335","1180","0.883"
"2022","(CAH19) language and area studies","(CAH19-01-05) creative writing","Quintile 4","1565","1375","0.88"
"2023","(CAH19) language and area studies","(CAH19-01-05) creative writing","Quintile 4","1445","1245","0.863"
"2019","(CAH19) language and area studies","(CAH19-04-08) American and Australasian studies","Quintile 4","360","340","0.9420000000000001"
"2020","(CAH19) language and area studies","(CAH19-04-08) American and Australasian studies","Quintile 4","260","240","0.922"
"2021","(CAH19) language and area studies","(CAH19-04-08) American and Australasian studies","Quintile 4","210","200","0.9500000000000001"
"2022","(CAH19) language and area studies","(CAH19-04-08) American and Australasian studies","Quintile 4","225","210","0.9390000000000001"
"2023","(CAH19) language and area studies","(CAH19-04-08) American and Australasian studies","Quintile 4","165","160","0.984"
"2019","(CAH19) language and area studies","(CAH19-01-06) others in English studies","Quintile 4","35","30","0.809"
"2020","(CAH19) language and area studies","(CAH19-01-06) others in English studies","Quintile 4","30","25","0.802"
"2021","(CAH19) language and area studies","(CAH19-01-06) others in English studies","Quintile 4","30","25","0.855"
"2022","(CAH19) language and area studies","(CAH19-01-06) others in English studies","Quintile 4","15","15","0.931"
"2023","(CAH19) language and area studies","(CAH19-01-06) others in English studies","Quintile 4","35","35","0.9560000000000001"
"2019","(CAH19) language and area studies","(CAH19-01-02) English language","Quintile 4","1005","910","0.903"
"2020","(CAH19) language and area studies","(CAH19-01-02) English language","Quintile 4","865","790","0.914"
"2021","(CAH19) language and area studies","(CAH19-01-02) English language","Quintile 4","790","715","0.903"
"2022","(CAH19) language and area studies","(CAH19-01-02) English language","Quintile 4","775","680","0.875"
"2023","(CAH19) language and area studies","(CAH19-01-02) English language","Quintile 4","715","640","0.893"
"2019","(CAH19) language and area studies","(CAH19-01-03) literature in English","Quintile 4","4320","3745","0.867"
"2020","(CAH19) language and area studies","(CAH19-01-03) literature in English","Quintile 4","3975","3430","0.863"
"2021","(CAH19) language and area studies","(CAH19-01-03) literature in English","Quintile 4","3965","3465","0.873"
"2022","(CAH19) language and area studies","(CAH19-01-03) literature in English","Quintile 4","4100","3275","0.799"
"2023","(CAH19) language and area studies","(CAH19-01-03) literature in English","Quintile 4","4070","3425","0.841"
"2019","(CAH19) language and area studies","(CAH19-01-01) English studies (non-specific)","Quintile 4","4715","3815","0.809"
"2020","(CAH19) language and area studies","(CAH19-01-01) English studies (non-specific)","Quintile 4","4195","3465","0.8260000000000001"
"2021","(CAH19) language and area studies","(CAH19-01-01) English studies (non-specific)","Quintile 4","4105","3275","0.798"
"2022","(CAH19) language and area studies","(CAH19-01-01) English studies (non-specific)","Quintile 4","4150","3285","0.792"
"2023","(CAH19) language and area studies","(CAH19-01-01) English studies (non-specific)","Quintile 4","4015","3215","0.801"
"2019","(CAH19) language and area studies","(CAH19-04-01) French studies","Quintile 4","1290","1035","0.804"
"2020","(CAH19) language and area studies","(CAH19-04-01) French studies","Quintile 4","1090","880","0.807"
"2021","(CAH19) language and area studies","(CAH19-04-01) French studies","Quintile 4","980","790","0.807"
"2022","(CAH19) language and area studies","(CAH19-04-01) French studies","Quintile 4","895","670","0.75"
"2023","(CAH19) language and area studies","(CAH19-04-01) French studies","Quintile 4","845","660","0.783"
"2019","(CAH19) language and area studies","(CAH19-04-02) German and Scandinavian studies","Quintile 4","415","330","0.8"
"2020","(CAH19) language and area studies","(CAH19-04-02) German and Scandinavian studies","Quintile 4","430","355","0.8210000000000001"
"2021","(CAH19) language and area studies","(CAH19-04-02) German and Scandinavian studies","Quintile 4","380","310","0.811"
"2022","(CAH19) language and area studies","(CAH19-04-02) German and Scandinavian studies","Quintile 4","335","265","0.789"
"2023","(CAH19) language and area studies","(CAH19-04-02) German and Scandinavian studies","Quintile 4","285","225","0.796"
"2019","(CAH19) language and area studies","(CAH19-04-04) Iberian studies","Quintile 4","1270","1035","0.8150000000000001"
"2020","(CAH19) language and area studies","(CAH19-04-04) Iberian studies","Quintile 4","1225","980","0.801"
"2021","(CAH19) language and area studies","(CAH19-04-04) Iberian studies","Quintile 4","1140","895","0.786"
"2022","(CAH19) language and area studies","(CAH19-04-04) Iberian studies","Quintile 4","925","690","0.748"
"2023","(CAH19) language and area studies","(CAH19-04-04) Iberian studies","Quintile 4","870","670","0.773"
"2019","(CAH19) language and area studies","(CAH19-04-03) Italian studies","Quintile 4","165","135","0.8180000000000001"
"2020","(CAH19) language and area studies","(CAH19-04-03) Italian studies","Quintile 4","165","135","0.809"
"2021","(CAH19) language and area studies","(CAH19-04-03) Italian studies","Quintile 4","140","110","0.788"
"2022","(CAH19) language and area studies","(CAH19-04-03) Italian studies","Quintile 4","120","90","0.761"
"2023","(CAH19) language and area studies","(CAH19-04-03) Italian studies","Quintile 4","110","85","0.787"
"2019","(CAH19) language and area studies","(CAH19-01-07) linguistics","Quintile 4","890","765","0.862"
"2020","(CAH19) language and area studies","(CAH19-01-07) linguistics","Quintile 4","885","775","0.874"
"2021","(CAH19) language and area studies","(CAH19-01-07) linguistics","Quintile 4","765","685","0.892"
"2022","(CAH19) language and area studies","(CAH19-01-07) linguistics","Quintile 4","860","735","0.857"
"2023","(CAH19) language and area studies","(CAH19-01-07) linguistics","Quintile 4","805","690","0.857"
"2019","(CAH19) language and area studies","(CAH19-04-09) others in language and area studies","Quintile 4","1705","1515","0.889"
"2020","(CAH19) language and area studies","(CAH19-04-09) others in language and area studies","Quintile 4","1940","1695","0.873"
"2021","(CAH19) language and area studies","(CAH19-04-09) others in language and area studies","Quintile 4","1830","1610","0.88"
"2022","(CAH19) language and area studies","(CAH19-04-09) others in language and area studies","Quintile 4","2115","1825","0.862"
"2023","(CAH19) language and area studies","(CAH19-04-09) others in language and area studies","Quintile 4","1640","1430","0.871"
"2019","(CAH19) language and area studies","(CAH19-04-05) Slavic studies","Quintile 4","145","105","0.74"
"2020","(CAH19) language and area studies","(CAH19-04-05) Slavic studies","Quintile 4","150","105","0.6910000000000001"
"2021","(CAH19) language and area studies","(CAH19-04-05) Slavic studies","Quintile 4","130","95","0.722"
"2022","(CAH19) language and area studies","(CAH19-04-05) Slavic studies","Quintile 4","130","75","0.559"
"2023","(CAH19) language and area studies","(CAH19-04-05) Slavic studies","Quintile 4","145","95","0.658"
"2019","(CAH19) language and area studies","(CAH19-02-03) Welsh studies","Quintile 4","75","70","0.965"
"2020","(CAH19) language and area studies","(CAH19-02-03) Welsh studies","Quintile 4","65","65","1.01"
"2021","(CAH19) language and area studies","(CAH19-02-03) Welsh studies","Quintile 4","60","60","0.972"
"2022","(CAH19) language and area studies","(CAH19-02-03) Welsh studies","Quintile 4","50","50","0.973"
"2023","(CAH19) language and area studies","(CAH19-02-03) Welsh studies","Quintile 4","40","40","1.004"
"2019","(CAH19) language and area studies","(CAH19-02-01) Celtic studies (non-specific)","Quintile 4","25","20","0.7020000000000001"
"2020","(CAH19) language and area studies","(CAH19-02-01) Celtic studies (non-specific)","Quintile 4","20","10","0.561"
"2021","(CAH19) language and area studies","(CAH19-02-01) Celtic studies (non-specific)","Quintile 4","45","30","0.683"
"2022","(CAH19) language and area studies","(CAH19-02-01) Celtic studies (non-specific)","Quintile 4","40","35","0.877"
"2023","(CAH19) language and area studies","(CAH19-02-01) Celtic studies (non-specific)","Quintile 4","40","30","0.706"
"2019","(CAH19) language and area studies","(CAH19-02-02) Gaelic studies","Quintile 4","20","15","0.857"
"2020","(CAH19) language and area studies","(CAH19-02-02) Gaelic studies","Quintile 4","25","20","0.72"
"2021","(CAH19) language and area studies","(CAH19-02-02) Gaelic studies","Quintile 4","35","30","0.8"
"2022","(CAH19) language and area studies","(CAH19-02-02) Gaelic studies","Quintile 4","20","15","0.625"
"2023","(CAH19) language and area studies","(CAH19-02-02) Gaelic studies","Quintile 4","20","20","0.925"
"2019","(CAH19) language and area studies","(CAH19-02-04) others in Celtic studies","Quintile 4","45","45","0.976"
"2020","(CAH19) language and area studies","(CAH19-02-04) others in Celtic studies","Quintile 4","45","40","0.9440000000000001"
"2021","(CAH19) language and area studies","(CAH19-02-04) others in Celtic studies","Quintile 4","55","55","1.031"
"2022","(CAH19) language and area studies","(CAH19-02-04) others in Celtic studies","Quintile 4","35","35","1.039"
"2023","(CAH19) language and area studies","(CAH19-02-04) others in Celtic studies","Quintile 4","70","70","1.002"
"2019","(CAH19) language and area studies","(CAH19-04-06) Asian studies","Quintile 4","815","580","0.713"
"2020","(CAH19) language and area studies","(CAH19-04-06) Asian studies","Quintile 4","725","530","0.734"
"2021","(CAH19) language and area studies","(CAH19-04-06) Asian studies","Quintile 4","710","545","0.768"
"2022","(CAH19) language and area studies","(CAH19-04-06) Asian studies","Quintile 4","780","560","0.719"
"2023","(CAH19) language and area studies","(CAH19-04-06) Asian studies","Quintile 4","620","475","0.764"
"2019","(CAH19) language and area studies","(CAH19-04-07) African and modern Middle Eastern studies","Quintile 4","235","170","0.725"
"2020","(CAH19) language and area studies","(CAH19-04-07) African and modern Middle Eastern studies","Quintile 4","180","135","0.757"
"2021","(CAH19) language and area studies","(CAH19-04-07) African and modern Middle Eastern studies","Quintile 4","135","100","0.733"
"2022","(CAH19) language and area studies","(CAH19-04-07) African and modern Middle Eastern studies","Quintile 4","175","125","0.7020000000000001"
"2023","(CAH19) language and area studies","(CAH19-04-07) African and modern Middle Eastern studies","Quintile 4","170","125","0.73"
"2019","(CAH24) media, journalism and communications","(CAH24-01-05) media studies","Quintile 4","6400","5405","0.845"
"2020","(CAH24) media, journalism and communications","(CAH24-01-05) media studies","Quintile 4","6460","5420","0.839"
"2021","(CAH24) media, journalism and communications","(CAH24-01-05) media studies","Quintile 4","7240","6150","0.849"
"2022","(CAH24) media, journalism and communications","(CAH24-01-05) media studies","Quintile 4","7705","6405","0.8320000000000001"
"2023","(CAH24) media, journalism and communications","(CAH24-01-05) media studies","Quintile 4","7690","6380","0.8290000000000001"
"2019","(CAH24) media, journalism and communications","(CAH24-01-02) publicity studies","Quintile 4","205","185","0.905"
"2020","(CAH24) media, journalism and communications","(CAH24-01-02) publicity studies","Quintile 4","195","170","0.873"
"2021","(CAH24) media, journalism and communications","(CAH24-01-02) publicity studies","Quintile 4","155","125","0.8220000000000001"
"2022","(CAH24) media, journalism and communications","(CAH24-01-02) publicity studies","Quintile 4","155","140","0.887"
"2023","(CAH24) media, journalism and communications","(CAH24-01-02) publicity studies","Quintile 4","165","140","0.835"
"2019","(CAH24) media, journalism and communications","(CAH24-01-01) information services","Quintile 4","100","45","0.452"
"2020","(CAH24) media, journalism and communications","(CAH24-01-01) information services","Quintile 4","90","55","0.63"
"2021","(CAH24) media, journalism and communications","(CAH24-01-01) information services","Quintile 4","105","60","0.556"
"2022","(CAH24) media, journalism and communications","(CAH24-01-01) information services","Quintile 4","125","50","0.41400000000000003"
"2023","(CAH24) media, journalism and communications","(CAH24-01-01) information services","Quintile 4","115","55","0.47700000000000004"
"2019","(CAH24) media, journalism and communications","(CAH24-01-04) journalism","Quintile 4","2700","2090","0.774"
"2020","(CAH24) media, journalism and communications","(CAH24-01-04) journalism","Quintile 4","2770","2300","0.8300000000000001"
"2021","(CAH24) media, journalism and communications","(CAH24-01-04) journalism","Quintile 4","2855","2490","0.872"
"2022","(CAH24) media, journalism and communications","(CAH24-01-04) journalism","Quintile 4","3020","2540","0.841"
"2023","(CAH24) media, journalism and communications","(CAH24-01-04) journalism","Quintile 4","2940","2535","0.863"
"2019","(CAH24) media, journalism and communications","(CAH24-01-03) publishing","Quintile 4","105","100","0.9540000000000001"
"2020","(CAH24) media, journalism and communications","(CAH24-01-03) publishing","Quintile 4","90","80","0.912"
"2021","(CAH24) media, journalism and communications","(CAH24-01-03) publishing","Quintile 4","100","85","0.85"
"2022","(CAH24) media, journalism and communications","(CAH24-01-03) publishing","Quintile 4","90","80","0.865"
"2023","(CAH24) media, journalism and communications","(CAH24-01-03) publishing","Quintile 4","80","75","0.968"
"2019","(CAH23) combined and general studies","(CAH23-01-04) liberal arts (non-specific)","Quintile 4","505","430","0.849"
"2020","(CAH23) combined and general studies","(CAH23-01-04) liberal arts (non-specific)","Quintile 4","530","475","0.894"
"2021","(CAH23) combined and general studies","(CAH23-01-04) liberal arts (non-specific)","Quintile 4","590","535","0.908"
"2022","(CAH23) combined and general studies","(CAH23-01-04) liberal arts (non-specific)","Quintile 4","735","570","0.776"
"2023","(CAH23) combined and general studies","(CAH23-01-04) liberal arts (non-specific)","Quintile 4","675","595","0.881"
"2019","(CAH23) combined and general studies","(CAH23-01-03) humanities (non-specific)","Quintile 4","260","220","0.853"
"2020","(CAH23) combined and general studies","(CAH23-01-03) humanities (non-specific)","Quintile 4","200","165","0.8320000000000001"
"2021","(CAH23) combined and general studies","(CAH23-01-03) humanities (non-specific)","Quintile 4","200","175","0.882"
"2022","(CAH23) combined and general studies","(CAH23-01-03) humanities (non-specific)","Quintile 4","235","195","0.837"
"2023","(CAH23) combined and general studies","(CAH23-01-03) humanities (non-specific)","Quintile 4","245","200","0.8260000000000001"
"2019","(CAH23) combined and general studies","(CAH23-01-02) personal development","Quintile 4","310","230","0.745"
"2020","(CAH23) combined and general studies","(CAH23-01-02) personal development","Quintile 4","340","235","0.686"
"2021","(CAH23) combined and general studies","(CAH23-01-02) personal development","Quintile 4","385","275","0.718"
"2022","(CAH23) combined and general studies","(CAH23-01-02) personal development","Quintile 4","410","300","0.727"
"2023","(CAH23) combined and general studies","(CAH23-01-02) personal development","Quintile 4","400","290","0.721"
"2019","(CAH23) combined and general studies","(CAH23-01-01) combined, general or negotiated studies","Quintile 4","530","440","0.833"
"2020","(CAH23) combined and general studies","(CAH23-01-01) combined, general or negotiated studies","Quintile 4","520","420","0.809"
"2021","(CAH23) combined and general studies","(CAH23-01-01) combined, general or negotiated studies","Quintile 4","575","445","0.777"
"2022","(CAH23) combined and general studies","(CAH23-01-01) combined, general or negotiated studies","Quintile 4","580","410","0.704"
"2023","(CAH23) combined and general studies","(CAH23-01-01) combined, general or negotiated studies","Quintile 4","415","325","0.778"
"2019","(CAH17) business and management","(CAH17-01-03) marketing","Quintile 4","6345","5365","0.846"
"2020","(CAH17) business and management","(CAH17-01-03) marketing","Quintile 4","6475","5530","0.854"
"2021","(CAH17) business and management","(CAH17-01-03) marketing","Quintile 4","7805","6650","0.852"
"2022","(CAH17) business and management","(CAH17-01-03) marketing","Quintile 4","8075","6805","0.843"
"2023","(CAH17) business and management","(CAH17-01-03) marketing","Quintile 4","7520","6410","0.853"
"2019","(CAH17) business and management","(CAH17-01-01) business and management (non-specific)","Quintile 4","7680","6485","0.845"
"2020","(CAH17) business and management","(CAH17-01-01) business and management (non-specific)","Quintile 4","8645","7380","0.854"
"2021","(CAH17) business and management","(CAH17-01-01) business and management (non-specific)","Quintile 4","9750","8455","0.867"
"2022","(CAH17) business and management","(CAH17-01-01) business and management (non-specific)","Quintile 4","10455","8890","0.85"
"2023","(CAH17) business and management","(CAH17-01-01) business and management (non-specific)","Quintile 4","10345","8905","0.861"
"2019","(CAH17) business and management","(CAH17-01-02) business studies","Quintile 4","13035","11045","0.847"
"2020","(CAH17) business and management","(CAH17-01-02) business studies","Quintile 4","12340","10555","0.855"
"2021","(CAH17) business and management","(CAH17-01-02) business studies","Quintile 4","12895","10965","0.85"
"2022","(CAH17) business and management","(CAH17-01-02) business studies","Quintile 4","13465","11205","0.8320000000000001"
"2023","(CAH17) business and management","(CAH17-01-02) business studies","Quintile 4","12025","10005","0.8320000000000001"
"2019","(CAH17) business and management","(CAH17-01-06) tourism, transport and travel","Quintile 4","4725","4155","0.88"
"2020","(CAH17) business and management","(CAH17-01-06) tourism, transport and travel","Quintile 4","4235","3785","0.893"
"2021","(CAH17) business and management","(CAH17-01-06) tourism, transport and travel","Quintile 4","4365","3890","0.891"
"2022","(CAH17) business and management","(CAH17-01-06) tourism, transport and travel","Quintile 4","4310","3830","0.888"
"2023","(CAH17) business and management","(CAH17-01-06) tourism, transport and travel","Quintile 4","3715","3320","0.894"
"2019","(CAH17) business and management","(CAH17-01-05) human resource management","Quintile 4","840","740","0.881"
"2020","(CAH17) business and management","(CAH17-01-05) human resource management","Quintile 4","855","725","0.85"
"2021","(CAH17) business and management","(CAH17-01-05) human resource management","Quintile 4","870","755","0.866"
"2022","(CAH17) business and management","(CAH17-01-05) human resource management","Quintile 4","810","690","0.85"
"2023","(CAH17) business and management","(CAH17-01-05) human resource management","Quintile 4","690","600","0.871"
"2019","(CAH17) business and management","(CAH17-01-04) management studies","Quintile 4","8720","6590","0.756"
"2020","(CAH17) business and management","(CAH17-01-04) management studies","Quintile 4","8530","6375","0.747"
"2021","(CAH17) business and management","(CAH17-01-04) management studies","Quintile 4","9435","6805","0.721"
"2022","(CAH17) business and management","(CAH17-01-04) management studies","Quintile 4","9965","6670","0.669"
"2023","(CAH17) business and management","(CAH17-01-04) management studies","Quintile 4","8970","6270","0.6990000000000001"
"2019","(CAH17) business and management","(CAH17-01-08) accounting","Quintile 4","8315","6780","0.8150000000000001"
"2020","(CAH17) business and management","(CAH17-01-08) accounting","Quintile 4","8510","7030","0.8260000000000001"
"2021","(CAH17) business and management","(CAH17-01-08) accounting","Quintile 4","9810","8050","0.8200000000000001"
"2022","(CAH17) business and management","(CAH17-01-08) accounting","Quintile 4","9675","7710","0.797"
"2023","(CAH17) business and management","(CAH17-01-08) accounting","Quintile 4","9520","7635","0.802"
"2019","(CAH17) business and management","(CAH17-01-07) finance","Quintile 4","6290","5110","0.8130000000000001"
"2020","(CAH17) business and management","(CAH17-01-07) finance","Quintile 4","6210","5020","0.808"
"2021","(CAH17) business and management","(CAH17-01-07) finance","Quintile 4","6970","5635","0.808"
"2022","(CAH17) business and management","(CAH17-01-07) finance","Quintile 4","7380","5655","0.767"
"2023","(CAH17) business and management","(CAH17-01-07) finance","Quintile 4","7565","5980","0.79"
"2019","(CAH17) business and management","(CAH17-01-09) others in business and management","Quintile 4","5","5"," "
"2020","(CAH17) business and management","(CAH17-01-09) others in business and management","Quintile 4","5","5"," "
"2021","(CAH17) business and management","(CAH17-01-09) others in business and management","Quintile 4","5","5"," "
"2022","(CAH17) business and management","(CAH17-01-09) others in business and management","Quintile 4","5","5"," "
"2023","(CAH17) business and management","(CAH17-01-09) others in business and management","Quintile 4","5","5"," "
"2019","(CAH15) social sciences","(CAH15-03-01) politics","Quintile 4","10490","8645","0.8240000000000001"
"2020","(CAH15) social sciences","(CAH15-03-01) politics","Quintile 4","10300","8545","0.8300000000000001"
"2021","(CAH15) social sciences","(CAH15-03-01) politics","Quintile 4","10765","8615","0.8"
"2022","(CAH15) social sciences","(CAH15-03-01) politics","Quintile 4","10530","7930","0.753"
"2023","(CAH15) social sciences","(CAH15-03-01) politics","Quintile 4","11395","8790","0.771"
"2019","(CAH15) social sciences","(CAH15-01-04) anthropology","Quintile 4","1145","890","0.778"
"2020","(CAH15) social sciences","(CAH15-01-04) anthropology","Quintile 4","1135","880","0.776"
"2021","(CAH15) social sciences","(CAH15-01-04) anthropology","Quintile 4","1170","880","0.752"
"2022","(CAH15) social sciences","(CAH15-01-04) anthropology","Quintile 4","1155","810","0.7030000000000001"
"2023","(CAH15) social sciences","(CAH15-01-04) anthropology","Quintile 4","1145","835","0.73"
"2019","(CAH15) social sciences","(CAH15-02-01) economics","Quintile 4","13185","10330","0.783"
"2020","(CAH15) social sciences","(CAH15-02-01) economics","Quintile 4","13280","10415","0.784"
"2021","(CAH15) social sciences","(CAH15-02-01) economics","Quintile 4","14025","10590","0.755"
"2022","(CAH15) social sciences","(CAH15-02-01) economics","Quintile 4","13330","8895","0.667"
"2023","(CAH15) social sciences","(CAH15-02-01) economics","Quintile 4","15295","10640","0.6960000000000001"
"2019","(CAH15) social sciences","(CAH15-04-02) childhood and youth studies","Quintile 4","2610","2245","0.86"
"2020","(CAH15) social sciences","(CAH15-04-02) childhood and youth studies","Quintile 4","2330","1975","0.848"
"2021","(CAH15) social sciences","(CAH15-04-02) childhood and youth studies","Quintile 4","2225","1935","0.869"
"2022","(CAH15) social sciences","(CAH15-04-02) childhood and youth studies","Quintile 4","2280","1985","0.87"
"2023","(CAH15) social sciences","(CAH15-04-02) childhood and youth studies","Quintile 4","1975","1750","0.887"
"2019","(CAH15) social sciences","(CAH15-04-01) social work","Quintile 4","6175","2330","0.377"
"2020","(CAH15) social sciences","(CAH15-04-01) social work","Quintile 4","6690","2815","0.421"
"2021","(CAH15) social sciences","(CAH15-04-01) social work","Quintile 4","7165","2920","0.40800000000000003"
"2022","(CAH15) social sciences","(CAH15-04-01) social work","Quintile 4","5710","2280","0.399"
"2023","(CAH15) social sciences","(CAH15-04-01) social work","Quintile 4","4540","2040","0.45"
"2019","(CAH15) social sciences","(CAH15-01-01) social sciences (non-specific)","Quintile 4","1250","1040","0.8300000000000001"
"2020","(CAH15) social sciences","(CAH15-01-01) social sciences (non-specific)","Quintile 4","1470","1245","0.848"
"2021","(CAH15) social sciences","(CAH15-01-01) social sciences (non-specific)","Quintile 4","1695","1445","0.853"
"2022","(CAH15) social sciences","(CAH15-01-01) social sciences (non-specific)","Quintile 4","1370","1125","0.8230000000000001"
"2023","(CAH15) social sciences","(CAH15-01-01) social sciences (non-specific)","Quintile 4","1250","1080","0.864"
"2019","(CAH15) social sciences","(CAH15-04-03) health studies","Quintile 4","2085","1855","0.891"
"2020","(CAH15) social sciences","(CAH15-04-03) health studies","Quintile 4","1975","1755","0.889"
"2021","(CAH15) social sciences","(CAH15-04-03) health studies","Quintile 4","2590","2375","0.917"
"2022","(CAH15) social sciences","(CAH15-04-03) health studies","Quintile 4","2240","2090","0.934"
"2023","(CAH15) social sciences","(CAH15-04-03) health studies","Quintile 4","2015","1840","0.914"
"2019","(CAH15) social sciences","(CAH15-01-03) social policy","Quintile 4","1615","1320","0.8160000000000001"
"2020","(CAH15) social sciences","(CAH15-01-03) social policy","Quintile 4","1485","1190","0.8"
"2021","(CAH15) social sciences","(CAH15-01-03) social policy","Quintile 4","1615","1150","0.711"
"2022","(CAH15) social sciences","(CAH15-01-03) social policy","Quintile 4","1345","930","0.6920000000000001"
"2023","(CAH15) social sciences","(CAH15-01-03) social policy","Quintile 4","1280","970","0.759"
"2019","(CAH15) social sciences","(CAH15-01-02) sociology","Quintile 4","17300","15620","0.903"
"2020","(CAH15) social sciences","(CAH15-01-02) sociology","Quintile 4","17020","15355","0.902"
"2021","(CAH15) social sciences","(CAH15-01-02) sociology","Quintile 4","18470","16585","0.898"
"2022","(CAH15) social sciences","(CAH15-01-02) sociology","Quintile 4","18370","16005","0.871"
"2023","(CAH15) social sciences","(CAH15-01-02) sociology","Quintile 4","17165","15235","0.888"
"2019","(CAH15) social sciences","(CAH15-01-05) development studies","Quintile 4","410","370","0.901"
"2020","(CAH15) social sciences","(CAH15-01-05) development studies","Quintile 4","385","340","0.888"
"2021","(CAH15) social sciences","(CAH15-01-05) development studies","Quintile 4","440","400","0.914"
"2022","(CAH15) social sciences","(CAH15-01-05) development studies","Quintile 4","380","325","0.852"
"2023","(CAH15) social sciences","(CAH15-01-05) development studies","Quintile 4","320","290","0.9"
"2019","(CAH15) social sciences","(CAH15-01-06) cultural studies","Quintile 4","195","165","0.855"
"2020","(CAH15) social sciences","(CAH15-01-06) cultural studies","Quintile 4","130","110","0.8310000000000001"
"2021","(CAH15) social sciences","(CAH15-01-06) cultural studies","Quintile 4","170","145","0.843"
"2022","(CAH15) social sciences","(CAH15-01-06) cultural studies","Quintile 4","140","120","0.863"
"2023","(CAH15) social sciences","(CAH15-01-06) cultural studies","Quintile 4","120","100","0.848"
"2019","(CAH03) biological and sport sciences","(CAH03-02-01) sport and exercise sciences","Quintile 4","15405","12735","0.8270000000000001"
"2020","(CAH03) biological and sport sciences","(CAH03-02-01) sport and exercise sciences","Quintile 4","15475","12815","0.8280000000000001"
"2021","(CAH03) biological and sport sciences","(CAH03-02-01) sport and exercise sciences","Quintile 4","17130","14200","0.8290000000000001"
"2022","(CAH03) biological and sport sciences","(CAH03-02-01) sport and exercise sciences","Quintile 4","17920","14035","0.783"
"2023","(CAH03) biological and sport sciences","(CAH03-02-01) sport and exercise sciences","Quintile 4","16525","13485","0.8160000000000001"
"2019","(CAH03) biological and sport sciences","(CAH03-01-07) genetics","Quintile 4","250","215","0.866"
"2020","(CAH03) biological and sport sciences","(CAH03-01-07) genetics","Quintile 4","275","220","0.799"
"2021","(CAH03) biological and sport sciences","(CAH03-01-07) genetics","Quintile 4","265","230","0.873"
"2022","(CAH03) biological and sport sciences","(CAH03-01-07) genetics","Quintile 4","270","240","0.887"
"2023","(CAH03) biological and sport sciences","(CAH03-01-07) genetics","Quintile 4","225","205","0.908"
"2019","(CAH03) biological and sport sciences","(CAH03-01-10) others in biosciences","Quintile 4","530","455","0.862"
"2020","(CAH03) biological and sport sciences","(CAH03-01-10) others in biosciences","Quintile 4","480","410","0.85"
"2021","(CAH03) biological and sport sciences","(CAH03-01-10) others in biosciences","Quintile 4","585","495","0.842"
"2022","(CAH03) biological and sport sciences","(CAH03-01-10) others in biosciences","Quintile 4","560","480","0.861"
"2023","(CAH03) biological and sport sciences","(CAH03-01-10) others in biosciences","Quintile 4","485","410","0.849"
"2019","(CAH03) biological and sport sciences","(CAH03-01-08) molecular biology, biophysics and biochemistry","Quintile 4","4045","3445","0.852"
"2020","(CAH03) biological and sport sciences","(CAH03-01-08) molecular biology, biophysics and biochemistry","Quintile 4","3930","3340","0.85"
"2021","(CAH03) biological and sport sciences","(CAH03-01-08) molecular biology, biophysics and biochemistry","Quintile 4","3835","3260","0.85"
"2022","(CAH03) biological and sport sciences","(CAH03-01-08) molecular biology, biophysics and biochemistry","Quintile 4","3580","2805","0.784"
"2023","(CAH03) biological and sport sciences","(CAH03-01-08) molecular biology, biophysics and biochemistry","Quintile 4","3850","3105","0.807"
"2019","(CAH03) biological and sport sciences","(CAH03-01-01) biosciences (non-specific)","Quintile 4","2525","2165","0.858"
"2020","(CAH03) biological and sport sciences","(CAH03-01-01) biosciences (non-specific)","Quintile 4","2610","2250","0.862"
"2021","(CAH03) biological and sport sciences","(CAH03-01-01) biosciences (non-specific)","Quintile 4","2785","2365","0.85"
"2022","(CAH03) biological and sport sciences","(CAH03-01-01) biosciences (non-specific)","Quintile 4","2680","2150","0.801"
"2023","(CAH03) biological and sport sciences","(CAH03-01-01) biosciences (non-specific)","Quintile 4","2685","2295","0.855"
"2019","(CAH03) biological and sport sciences","(CAH03-01-02) biology (non-specific)","Quintile 4","4455","3820","0.857"
"2020","(CAH03) biological and sport sciences","(CAH03-01-02) biology (non-specific)","Quintile 4","4530","3855","0.851"
"2021","(CAH03) biological and sport sciences","(CAH03-01-02) biology (non-specific)","Quintile 4","4155","3495","0.841"
"2022","(CAH03) biological and sport sciences","(CAH03-01-02) biology (non-specific)","Quintile 4","4010","3220","0.803"
"2023","(CAH03) biological and sport sciences","(CAH03-01-02) biology (non-specific)","Quintile 4","4165","3435","0.8240000000000001"
"2019","(CAH03) biological and sport sciences","(CAH03-01-03) ecology and environmental biology","Quintile 4","1545","1365","0.882"
"2020","(CAH03) biological and sport sciences","(CAH03-01-03) ecology and environmental biology","Quintile 4","1790","1600","0.893"
"2021","(CAH03) biological and sport sciences","(CAH03-01-03) ecology and environmental biology","Quintile 4","1840","1585","0.862"
"2022","(CAH03) biological and sport sciences","(CAH03-01-03) ecology and environmental biology","Quintile 4","2075","1785","0.859"
"2023","(CAH03) biological and sport sciences","(CAH03-01-03) ecology and environmental biology","Quintile 4","2020","1810","0.895"
"2019","(CAH03) biological and sport sciences","(CAH03-01-04) microbiology and cell science","Quintile 4","720","610","0.847"
"2020","(CAH03) biological and sport sciences","(CAH03-01-04) microbiology and cell science","Quintile 4","755","635","0.84"
"2021","(CAH03) biological and sport sciences","(CAH03-01-04) microbiology and cell science","Quintile 4","805","680","0.844"
"2022","(CAH03) biological and sport sciences","(CAH03-01-04) microbiology and cell science","Quintile 4","670","550","0.8230000000000001"
"2023","(CAH03) biological and sport sciences","(CAH03-01-04) microbiology and cell science","Quintile 4","590","485","0.8180000000000001"
"2019","(CAH03) biological and sport sciences","(CAH03-01-05) plant sciences","Quintile 4","40","30","0.709"
"2020","(CAH03) biological and sport sciences","(CAH03-01-05) plant sciences","Quintile 4","40","35","0.8140000000000001"
"2021","(CAH03) biological and sport sciences","(CAH03-01-05) plant sciences","Quintile 4","45","30","0.683"
"2022","(CAH03) biological and sport sciences","(CAH03-01-05) plant sciences","Quintile 4","70","50","0.726"
"2023","(CAH03) biological and sport sciences","(CAH03-01-05) plant sciences","Quintile 4","90","70","0.792"
"2019","(CAH03) biological and sport sciences","(CAH03-01-06) zoology","Quintile 4","1695","1395","0.8240000000000001"
"2020","(CAH03) biological and sport sciences","(CAH03-01-06) zoology","Quintile 4","1705","1390","0.8170000000000001"
"2021","(CAH03) biological and sport sciences","(CAH03-01-06) zoology","Quintile 4","2020","1675","0.8280000000000001"
"2022","(CAH03) biological and sport sciences","(CAH03-01-06) zoology","Quintile 4","1990","1600","0.803"
"2023","(CAH03) biological and sport sciences","(CAH03-01-06) zoology","Quintile 4","1835","1545","0.842"
"2019","(CAH03) biological and sport sciences","(CAH03-01-09) hair and beauty sciences","Quintile 4","35","25","0.714"
"2020","(CAH03) biological and sport sciences","(CAH03-01-09) hair and beauty sciences","Quintile 4","40","25","0.625"
"2021","(CAH03) biological and sport sciences","(CAH03-01-09) hair and beauty sciences","Quintile 4","30","15","0.5670000000000001"
"2022","(CAH03) biological and sport sciences","(CAH03-01-09) hair and beauty sciences","Quintile 4","15","10"," "
"2023","(CAH03) biological and sport sciences","(CAH03-01-09) hair and beauty sciences","Quintile 4","15","10","0.667"
"2019","(CAH13) architecture, building and planning","(CAH13-01-01) architecture","Quintile 4","4965","3135","0.632"
"2020","(CAH13) architecture, building and planning","(CAH13-01-01) architecture","Quintile 4","5160","3295","0.638"
"2021","(CAH13) architecture, building and planning","(CAH13-01-01) architecture","Quintile 4","5570","3505","0.63"
"2022","(CAH13) architecture, building and planning","(CAH13-01-01) architecture","Quintile 4","5915","3590","0.607"
"2023","(CAH13) architecture, building and planning","(CAH13-01-01) architecture","Quintile 4","5740","3585","0.624"
"2019","(CAH13) architecture, building and planning","(CAH13-01-03) landscape design","Quintile 4","100","75","0.744"
"2020","(CAH13) architecture, building and planning","(CAH13-01-03) landscape design","Quintile 4","80","60","0.748"
"2021","(CAH13) architecture, building and planning","(CAH13-01-03) landscape design","Quintile 4","95","75","0.771"
"2022","(CAH13) architecture, building and planning","(CAH13-01-03) landscape design","Quintile 4","125","90","0.707"
"2023","(CAH13) architecture, building and planning","(CAH13-01-03) landscape design","Quintile 4","120","90","0.752"
"2019","(CAH13) architecture, building and planning","(CAH13-01-02) building","Quintile 4","2715","2395","0.882"
"2020","(CAH13) architecture, building and planning","(CAH13-01-02) building","Quintile 4","2675","2400","0.898"
"2021","(CAH13) architecture, building and planning","(CAH13-01-02) building","Quintile 4","3105","2825","0.91"
"2022","(CAH13) architecture, building and planning","(CAH13-01-02) building","Quintile 4","3215","2955","0.919"
"2023","(CAH13) architecture, building and planning","(CAH13-01-02) building","Quintile 4","2675","2415","0.903"
"2019","(CAH13) architecture, building and planning","(CAH13-01-04) planning (urban, rural and regional)","Quintile 4","945","835","0.886"
"2020","(CAH13) architecture, building and planning","(CAH13-01-04) planning (urban, rural and regional)","Quintile 4","920","810","0.878"
"2021","(CAH13) architecture, building and planning","(CAH13-01-04) planning (urban, rural and regional)","Quintile 4","780","650","0.834"
"2022","(CAH13) architecture, building and planning","(CAH13-01-04) planning (urban, rural and regional)","Quintile 4","855","665","0.78"
"2023","(CAH13) architecture, building and planning","(CAH13-01-04) planning (urban, rural and regional)","Quintile 4","845","675","0.799"
"2019","(CAH01) medicine and dentistry","(CAH01-01-03) medicine by specialism","Quintile 4","210","110","0.514"
"2020","(CAH01) medicine and dentistry","(CAH01-01-03) medicine by specialism","Quintile 4","235","140","0.585"
"2021","(CAH01) medicine and dentistry","(CAH01-01-03) medicine by specialism","Quintile 4","305","135","0.446"
"2022","(CAH01) medicine and dentistry","(CAH01-01-03) medicine by specialism","Quintile 4","370","180","0.485"
"2023","(CAH01) medicine and dentistry","(CAH01-01-03) medicine by specialism","Quintile 4","245","120","0.496"
"2019","(CAH01) medicine and dentistry","(CAH01-01-04) dentistry","Quintile 4","2980","585","0.197"
"2020","(CAH01) medicine and dentistry","(CAH01-01-04) dentistry","Quintile 4","3310","635","0.192"
"2021","(CAH01) medicine and dentistry","(CAH01-01-04) dentistry","Quintile 4","3490","590","0.169"
"2022","(CAH01) medicine and dentistry","(CAH01-01-04) dentistry","Quintile 4","4090","385","0.094"
"2023","(CAH01) medicine and dentistry","(CAH01-01-04) dentistry","Quintile 4","4735","465","0.099"
"2019","(CAH01) medicine and dentistry","(CAH01-01-02) medicine (non-specific)","Quintile 4","14635","4305","0.294"
"2020","(CAH01) medicine and dentistry","(CAH01-01-02) medicine (non-specific)","Quintile 4","15090","4195","0.278"
"2021","(CAH01) medicine and dentistry","(CAH01-01-02) medicine (non-specific)","Quintile 4","18930","3725","0.197"
"2022","(CAH01) medicine and dentistry","(CAH01-01-02) medicine (non-specific)","Quintile 4","20055","3030","0.151"
"2023","(CAH01) medicine and dentistry","(CAH01-01-02) medicine (non-specific)","Quintile 4","17715","3670","0.20700000000000002"
"2019","(CAH01) medicine and dentistry","(CAH01-01-01) medical sciences (non-specific)","Quintile 4","310","265","0.853"
"2020","(CAH01) medicine and dentistry","(CAH01-01-01) medical sciences (non-specific)","Quintile 4","310","265","0.856"
"2021","(CAH01) medicine and dentistry","(CAH01-01-01) medical sciences (non-specific)","Quintile 4","310","245","0.784"
"2022","(CAH01) medicine and dentistry","(CAH01-01-01) medical sciences (non-specific)","Quintile 4","420","260","0.624"
"2023","(CAH01) medicine and dentistry","(CAH01-01-01) medical sciences (non-specific)","Quintile 4","440","315","0.716"
"2019","(CAH20) historical, philosophical and religious studies","(CAH20-01-01) history","Quintile 4","11170","9630","0.862"
"2020","(CAH20) historical, philosophical and religious studies","(CAH20-01-01) history","Quintile 4","10215","8980","0.879"
"2021","(CAH20) historical, philosophical and religious studies","(CAH20-01-01) history","Quintile 4","10035","8540","0.851"
"2022","(CAH20) historical, philosophical and religious studies","(CAH20-01-01) history","Quintile 4","10015","8230","0.8220000000000001"
"2023","(CAH20) historical, philosophical and religious studies","(CAH20-01-01) history","Quintile 4","10290","8550","0.8310000000000001"
"2019","(CAH20) historical, philosophical and religious studies","(CAH20-01-03) archaeology","Quintile 4","715","635","0.888"
"2020","(CAH20) historical, philosophical and religious studies","(CAH20-01-03) archaeology","Quintile 4","715","630","0.883"
"2021","(CAH20) historical, philosophical and religious studies","(CAH20-01-03) archaeology","Quintile 4","705","605","0.857"
"2022","(CAH20) historical, philosophical and religious studies","(CAH20-01-03) archaeology","Quintile 4","825","695","0.843"
"2023","(CAH20) historical, philosophical and religious studies","(CAH20-01-03) archaeology","Quintile 4","910","770","0.844"
"2019","(CAH20) historical, philosophical and religious studies","(CAH20-01-05) classics","Quintile 4","1255","1100","0.876"
"2020","(CAH20) historical, philosophical and religious studies","(CAH20-01-05) classics","Quintile 4","1085","945","0.869"
"2021","(CAH20) historical, philosophical and religious studies","(CAH20-01-05) classics","Quintile 4","1230","1055","0.858"
"2022","(CAH20) historical, philosophical and religious studies","(CAH20-01-05) classics","Quintile 4","1450","1090","0.752"
"2023","(CAH20) historical, philosophical and religious studies","(CAH20-01-05) classics","Quintile 4","1545","1225","0.793"
"2019","(CAH20) historical, philosophical and religious studies","(CAH20-01-02) history of art, architecture and design","Quintile 4","900","670","0.747"
"2020","(CAH20) historical, philosophical and religious studies","(CAH20-01-02) history of art, architecture and design","Quintile 4","940","665","0.71"
"2021","(CAH20) historical, philosophical and religious studies","(CAH20-01-02) history of art, architecture and design","Quintile 4","935","690","0.739"
"2022","(CAH20) historical, philosophical and religious studies","(CAH20-01-02) history of art, architecture and design","Quintile 4","1000","695","0.6940000000000001"
"2023","(CAH20) historical, philosophical and religious studies","(CAH20-01-02) history of art, architecture and design","Quintile 4","1015","745","0.735"
"2019","(CAH20) historical, philosophical and religious studies","(CAH20-02-01) philosophy","Quintile 4","3245","2660","0.8200000000000001"
"2020","(CAH20) historical, philosophical and religious studies","(CAH20-02-01) philosophy","Quintile 4","3105","2565","0.8260000000000001"
"2021","(CAH20) historical, philosophical and religious studies","(CAH20-02-01) philosophy","Quintile 4","3210","2520","0.785"
"2022","(CAH20) historical, philosophical and religious studies","(CAH20-02-01) philosophy","Quintile 4","3510","2595","0.739"
"2023","(CAH20) historical, philosophical and religious studies","(CAH20-02-01) philosophy","Quintile 4","3570","2705","0.757"
"2019","(CAH20) historical, philosophical and religious studies","(CAH20-02-02) theology and religious studies","Quintile 4","870","755","0.866"
"2020","(CAH20) historical, philosophical and religious studies","(CAH20-02-02) theology and religious studies","Quintile 4","755","670","0.886"
"2021","(CAH20) historical, philosophical and religious studies","(CAH20-02-02) theology and religious studies","Quintile 4","815","690","0.85"
"2022","(CAH20) historical, philosophical and religious studies","(CAH20-02-02) theology and religious studies","Quintile 4","735","615","0.834"
"2023","(CAH20) historical, philosophical and religious studies","(CAH20-02-02) theology and religious studies","Quintile 4","790","685","0.87"
"2019","(CAH20) historical, philosophical and religious studies","(CAH20-01-04) heritage studies","Quintile 4","20","15","0.719"
"2020","(CAH20) historical, philosophical and religious studies","(CAH20-01-04) heritage studies","Quintile 4","30","20","0.6960000000000001"
"2021","(CAH20) historical, philosophical and religious studies","(CAH20-01-04) heritage studies","Quintile 4","20","15","0.725"
"2022","(CAH20) historical, philosophical and religious studies","(CAH20-01-04) heritage studies","Quintile 4","20","20","1.004"
"2023","(CAH20) historical, philosophical and religious studies","(CAH20-01-04) heritage studies","Quintile 4","25","20","0.895"
"2019","(CAH11) computing","(CAH11-01-08) others in computing","Quintile 4","955","845","0.882"
"2020","(CAH11) computing","(CAH11-01-08) others in computing","Quintile 4","905","795","0.881"
"2021","(CAH11) computing","(CAH11-01-08) others in computing","Quintile 4","855","770","0.9"
"2022","(CAH11) computing","(CAH11-01-08) others in computing","Quintile 4","905","765","0.848"
"2023","(CAH11) computing","(CAH11-01-08) others in computing","Quintile 4","975","805","0.8250000000000001"
"2019","(CAH11) computing","(CAH11-01-05) artificial intelligence","Quintile 4","340","235","0.6910000000000001"
"2020","(CAH11) computing","(CAH11-01-05) artificial intelligence","Quintile 4","430","310","0.716"
"2021","(CAH11) computing","(CAH11-01-05) artificial intelligence","Quintile 4","550","330","0.597"
"2022","(CAH11) computing","(CAH11-01-05) artificial intelligence","Quintile 4","630","355","0.562"
"2023","(CAH11) computing","(CAH11-01-05) artificial intelligence","Quintile 4","765","445","0.58"
"2019","(CAH11) computing","(CAH11-01-07) business computing","Quintile 4","960","810","0.843"
"2020","(CAH11) computing","(CAH11-01-07) business computing","Quintile 4","905","825","0.91"
"2021","(CAH11) computing","(CAH11-01-07) business computing","Quintile 4","785","705","0.896"
"2022","(CAH11) computing","(CAH11-01-07) business computing","Quintile 4","825","730","0.887"
"2023","(CAH11) computing","(CAH11-01-07) business computing","Quintile 4","675","585","0.868"
"2019","(CAH11) computing","(CAH11-01-06) computer games and animation","Quintile 4","3785","2870","0.758"
"2020","(CAH11) computing","(CAH11-01-06) computer games and animation","Quintile 4","3855","3005","0.78"
"2021","(CAH11) computing","(CAH11-01-06) computer games and animation","Quintile 4","3910","3165","0.81"
"2022","(CAH11) computing","(CAH11-01-06) computer games and animation","Quintile 4","4895","3815","0.779"
"2023","(CAH11) computing","(CAH11-01-06) computer games and animation","Quintile 4","4845","3835","0.791"
"2019","(CAH11) computing","(CAH11-01-01) computer science","Quintile 4","15305","11730","0.766"
"2020","(CAH11) computing","(CAH11-01-01) computer science","Quintile 4","15550","11990","0.771"
"2021","(CAH11) computing","(CAH11-01-01) computer science","Quintile 4","16445","12190","0.741"
"2022","(CAH11) computing","(CAH11-01-01) computer science","Quintile 4","18905","13315","0.704"
"2023","(CAH11) computing","(CAH11-01-01) computer science","Quintile 4","21090","14740","0.6990000000000001"
"2019","(CAH11) computing","(CAH11-01-02) information technology","Quintile 4","795","690","0.867"
"2020","(CAH11) computing","(CAH11-01-02) information technology","Quintile 4","690","615","0.894"
"2021","(CAH11) computing","(CAH11-01-02) information technology","Quintile 4","550","475","0.867"
"2022","(CAH11) computing","(CAH11-01-02) information technology","Quintile 4","585","510","0.868"
"2023","(CAH11) computing","(CAH11-01-02) information technology","Quintile 4","550","465","0.847"
"2019","(CAH11) computing","(CAH11-01-03) information systems","Quintile 4","710","670","0.9420000000000001"
"2020","(CAH11) computing","(CAH11-01-03) information systems","Quintile 4","710","660","0.929"
"2021","(CAH11) computing","(CAH11-01-03) information systems","Quintile 4","680","635","0.933"
"2022","(CAH11) computing","(CAH11-01-03) information systems","Quintile 4","670","605","0.904"
"2023","(CAH11) computing","(CAH11-01-03) information systems","Quintile 4","725","645","0.893"
"2019","(CAH11) computing","(CAH11-01-04) software engineering","Quintile 4","2625","2235","0.852"
"2020","(CAH11) computing","(CAH11-01-04) software engineering","Quintile 4","2805","2460","0.877"
"2021","(CAH11) computing","(CAH11-01-04) software engineering","Quintile 4","3150","2745","0.871"
"2022","(CAH11) computing","(CAH11-01-04) software engineering","Quintile 4","3850","3290","0.854"
"2023","(CAH11) computing","(CAH11-01-04) software engineering","Quintile 4","4265","3635","0.853"
"2019","(CAH26) geography, earth and environmental studies","(CAH26-01-06) earth sciences","Quintile 4","1725","1490","0.863"
"2020","(CAH26) geography, earth and environmental studies","(CAH26-01-06) earth sciences","Quintile 4","1550","1275","0.8220000000000001"
"2021","(CAH26) geography, earth and environmental studies","(CAH26-01-06) earth sciences","Quintile 4","1540","1300","0.844"
"2022","(CAH26) geography, earth and environmental studies","(CAH26-01-06) earth sciences","Quintile 4","1720","1435","0.835"
"2023","(CAH26) geography, earth and environmental studies","(CAH26-01-06) earth sciences","Quintile 4","1745","1480","0.848"
"2019","(CAH26) geography, earth and environmental studies","(CAH26-01-04) environmental sciences","Quintile 4","1105","1005","0.911"
"2020","(CAH26) geography, earth and environmental studies","(CAH26-01-04) environmental sciences","Quintile 4","1360","1230","0.904"
"2021","(CAH26) geography, earth and environmental studies","(CAH26-01-04) environmental sciences","Quintile 4","1380","1265","0.915"
"2022","(CAH26) geography, earth and environmental studies","(CAH26-01-04) environmental sciences","Quintile 4","1455","1310","0.899"
"2023","(CAH26) geography, earth and environmental studies","(CAH26-01-04) environmental sciences","Quintile 4","1490","1375","0.922"
"2019","(CAH26) geography, earth and environmental studies","(CAH26-01-02) physical geographical sciences","Quintile 4","2600","2405","0.925"
"2020","(CAH26) geography, earth and environmental studies","(CAH26-01-02) physical geographical sciences","Quintile 4","2515","2330","0.926"
"2021","(CAH26) geography, earth and environmental studies","(CAH26-01-02) physical geographical sciences","Quintile 4","2780","2535","0.912"
"2022","(CAH26) geography, earth and environmental studies","(CAH26-01-02) physical geographical sciences","Quintile 4","2610","2280","0.874"
"2023","(CAH26) geography, earth and environmental studies","(CAH26-01-02) physical geographical sciences","Quintile 4","2710","2425","0.896"
"2019","(CAH26) geography, earth and environmental studies","(CAH26-01-01) geography (non-specific)","Quintile 4","1245","1160","0.93"
"2020","(CAH26) geography, earth and environmental studies","(CAH26-01-01) geography (non-specific)","Quintile 4","1190","1085","0.911"
"2021","(CAH26) geography, earth and environmental studies","(CAH26-01-01) geography (non-specific)","Quintile 4","1215","1090","0.897"
"2022","(CAH26) geography, earth and environmental studies","(CAH26-01-01) geography (non-specific)","Quintile 4","1245","1100","0.883"
"2023","(CAH26) geography, earth and environmental studies","(CAH26-01-01) geography (non-specific)","Quintile 4","1265","1115","0.879"
"2019","(CAH26) geography, earth and environmental studies","(CAH26-01-03) human geography","Quintile 4","3090","2835","0.918"
"2020","(CAH26) geography, earth and environmental studies","(CAH26-01-03) human geography","Quintile 4","2920","2675","0.917"
"2021","(CAH26) geography, earth and environmental studies","(CAH26-01-03) human geography","Quintile 4","3170","2775","0.875"
"2022","(CAH26) geography, earth and environmental studies","(CAH26-01-03) human geography","Quintile 4","3180","2720","0.856"
"2023","(CAH26) geography, earth and environmental studies","(CAH26-01-03) human geography","Quintile 4","3345","2910","0.87"
"2019","(CAH07) physical sciences","(CAH07-04-02) forensic and archaeological sciences","Quintile 4","1950","1800","0.924"
"2020","(CAH07) physical sciences","(CAH07-04-02) forensic and archaeological sciences","Quintile 4","1820","1655","0.911"
"2021","(CAH07) physical sciences","(CAH07-04-02) forensic and archaeological sciences","Quintile 4","2090","1945","0.93"
"2022","(CAH07) physical sciences","(CAH07-04-02) forensic and archaeological sciences","Quintile 4","2075","1910","0.92"
"2023","(CAH07) physical sciences","(CAH07-04-02) forensic and archaeological sciences","Quintile 4","1950","1765","0.906"
"2019","(CAH07) physical sciences","(CAH07-04-03) sciences (non-specific)","Quintile 4","240","190","0.79"
"2020","(CAH07) physical sciences","(CAH07-04-03) sciences (non-specific)","Quintile 4","290","240","0.836"
"2021","(CAH07) physical sciences","(CAH07-04-03) sciences (non-specific)","Quintile 4","305","250","0.812"
"2022","(CAH07) physical sciences","(CAH07-04-03) sciences (non-specific)","Quintile 4","370","265","0.72"
"2023","(CAH07) physical sciences","(CAH07-04-03) sciences (non-specific)","Quintile 4","470","315","0.675"
"2019","(CAH07) physical sciences","(CAH07-04-04) natural sciences (non-specific)","Quintile 4","620","550","0.887"
"2020","(CAH07) physical sciences","(CAH07-04-04) natural sciences (non-specific)","Quintile 4","855","750","0.876"
"2021","(CAH07) physical sciences","(CAH07-04-04) natural sciences (non-specific)","Quintile 4","725","675","0.928"
"2022","(CAH07) physical sciences","(CAH07-04-04) natural sciences (non-specific)","Quintile 4","675","560","0.8260000000000001"
"2023","(CAH07) physical sciences","(CAH07-04-04) natural sciences (non-specific)","Quintile 4","620","575","0.925"
"2019","(CAH07) physical sciences","(CAH07-02-01) chemistry","Quintile 4","5295","4670","0.882"
"2020","(CAH07) physical sciences","(CAH07-02-01) chemistry","Quintile 4","5115","4485","0.877"
"2021","(CAH07) physical sciences","(CAH07-02-01) chemistry","Quintile 4","4660","4110","0.882"
"2022","(CAH07) physical sciences","(CAH07-02-01) chemistry","Quintile 4","4570","3900","0.854"
"2023","(CAH07) physical sciences","(CAH07-02-01) chemistry","Quintile 4","4860","4095","0.843"
"2019","(CAH07) physical sciences","(CAH07-01-02) astronomy","Quintile 4","640","500","0.779"
"2020","(CAH07) physical sciences","(CAH07-01-02) astronomy","Quintile 4","700","550","0.785"
"2021","(CAH07) physical sciences","(CAH07-01-02) astronomy","Quintile 4","765","615","0.801"
"2022","(CAH07) physical sciences","(CAH07-01-02) astronomy","Quintile 4","835","590","0.707"
"2023","(CAH07) physical sciences","(CAH07-01-02) astronomy","Quintile 4","820","630","0.77"
"2019","(CAH07) physical sciences","(CAH07-01-01) physics","Quintile 4","5170","4150","0.802"
"2020","(CAH07) physical sciences","(CAH07-01-01) physics","Quintile 4","5170","4125","0.798"
"2021","(CAH07) physical sciences","(CAH07-01-01) physics","Quintile 4","4920","3940","0.801"
"2022","(CAH07) physical sciences","(CAH07-01-01) physics","Quintile 4","4940","3740","0.757"
"2023","(CAH07) physical sciences","(CAH07-01-01) physics","Quintile 4","4555","3595","0.79"
"2019","(CAH07) physical sciences","(CAH07-04-01) physical sciences (non-specific)","Quintile 4","75","25","0.325"
"2020","(CAH07) physical sciences","(CAH07-04-01) physical sciences (non-specific)","Quintile 4","20","5"," "
"2021","(CAH07) physical sciences","(CAH07-04-01) physical sciences (non-specific)","Quintile 4","35","15","0.36"
"2022","(CAH07) physical sciences","(CAH07-04-01) physical sciences (non-specific)","Quintile 4","20","5"," "
"2023","(CAH07) physical sciences","(CAH07-04-01) physical sciences (non-specific)","Quintile 4","30","10"," "
"2019","(CAH04) psychology","(CAH04-01-02) applied psychology","Quintile 4","2305","2020","0.877"
"2020","(CAH04) psychology","(CAH04-01-02) applied psychology","Quintile 4","2520","2205","0.874"
"2021","(CAH04) psychology","(CAH04-01-02) applied psychology","Quintile 4","2910","2575","0.884"
"2022","(CAH04) psychology","(CAH04-01-02) applied psychology","Quintile 4","3010","2700","0.897"
"2023","(CAH04) psychology","(CAH04-01-02) applied psychology","Quintile 4","2770","2510","0.906"
"2019","(CAH04) psychology","(CAH04-01-04) psychology and health","Quintile 4","225","200","0.896"
"2020","(CAH04) psychology","(CAH04-01-04) psychology and health","Quintile 4","250","225","0.906"
"2021","(CAH04) psychology","(CAH04-01-04) psychology and health","Quintile 4","235","220","0.929"
"2022","(CAH04) psychology","(CAH04-01-04) psychology and health","Quintile 4","275","250","0.915"
"2023","(CAH04) psychology","(CAH04-01-04) psychology and health","Quintile 4","260","240","0.914"
"2019","(CAH04) psychology","(CAH04-01-03) developmental psychology","Quintile 4","385","340","0.883"
"2020","(CAH04) psychology","(CAH04-01-03) developmental psychology","Quintile 4","350","330","0.9390000000000001"
"2021","(CAH04) psychology","(CAH04-01-03) developmental psychology","Quintile 4","370","335","0.9"
"2022","(CAH04) psychology","(CAH04-01-03) developmental psychology","Quintile 4","450","380","0.844"
"2023","(CAH04) psychology","(CAH04-01-03) developmental psychology","Quintile 4","435","380","0.876"
"2019","(CAH04) psychology","(CAH04-01-01) psychology (non-specific)","Quintile 4","23110","19510","0.844"
"2020","(CAH04) psychology","(CAH04-01-01) psychology (non-specific)","Quintile 4","22655","19130","0.844"
"2021","(CAH04) psychology","(CAH04-01-01) psychology (non-specific)","Quintile 4","23290","19160","0.8230000000000001"
"2022","(CAH04) psychology","(CAH04-01-01) psychology (non-specific)","Quintile 4","25395","19470","0.767"
"2023","(CAH04) psychology","(CAH04-01-01) psychology (non-specific)","Quintile 4","24155","19310","0.8"
"2019","(CAH04) psychology","(CAH04-01-05) others in psychology","Quintile 4","410","360","0.875"
"2020","(CAH04) psychology","(CAH04-01-05) others in psychology","Quintile 4","345","290","0.845"
"2021","(CAH04) psychology","(CAH04-01-05) others in psychology","Quintile 4","385","340","0.877"
"2022","(CAH04) psychology","(CAH04-01-05) others in psychology","Quintile 4","420","355","0.85"
"2023","(CAH04) psychology","(CAH04-01-05) others in psychology","Quintile 4","350","300","0.854"
"2019","(CAH09) mathematical sciences","(CAH09-01-01) mathematics","Quintile 4","8345","6945","0.833"
"2020","(CAH09) mathematical sciences","(CAH09-01-01) mathematics","Quintile 4","7960","6470","0.8130000000000001"
"2021","(CAH09) mathematical sciences","(CAH09-01-01) mathematics","Quintile 4","8330","6730","0.808"
"2022","(CAH09) mathematical sciences","(CAH09-01-01) mathematics","Quintile 4","7900","6180","0.782"
"2023","(CAH09) mathematical sciences","(CAH09-01-01) mathematics","Quintile 4","7795","5945","0.763"
"2019","(CAH09) mathematical sciences","(CAH09-01-02) operational research","Quintile 4","35","35","0.961"
"2020","(CAH09) mathematical sciences","(CAH09-01-02) operational research","Quintile 4","30","25","0.908"
"2021","(CAH09) mathematical sciences","(CAH09-01-02) operational research","Quintile 4","30","25","0.839"
"2022","(CAH09) mathematical sciences","(CAH09-01-02) operational research","Quintile 4","25","25","0.968"
"2023","(CAH09) mathematical sciences","(CAH09-01-02) operational research","Quintile 4","40","35","0.924"
"2019","(CAH09) mathematical sciences","(CAH09-01-03) statistics","Quintile 4","320","235","0.734"
"2020","(CAH09) mathematical sciences","(CAH09-01-03) statistics","Quintile 4","365","275","0.751"
"2021","(CAH09) mathematical sciences","(CAH09-01-03) statistics","Quintile 4","400","285","0.712"
"2022","(CAH09) mathematical sciences","(CAH09-01-03) statistics","Quintile 4","425","270","0.641"
"2023","(CAH09) mathematical sciences","(CAH09-01-03) statistics","Quintile 4","500","300","0.6"
"2019","(CAH22) education and teaching","(CAH22-01-01) education","Quintile 4","5625","4555","0.81"
"2020","(CAH22) education and teaching","(CAH22-01-01) education","Quintile 4","5045","4050","0.803"
"2021","(CAH22) education and teaching","(CAH22-01-01) education","Quintile 4","5180","4155","0.802"
"2022","(CAH22) education and teaching","(CAH22-01-01) education","Quintile 4","5335","4235","0.794"
"2023","(CAH22) education and teaching","(CAH22-01-01) education","Quintile 4","4700","3820","0.8130000000000001"
"2019","(CAH22) education and teaching","(CAH22-01-02) teacher training","Quintile 4","10740","4450","0.41400000000000003"
"2020","(CAH22) education and teaching","(CAH22-01-02) teacher training","Quintile 4","10685","4655","0.436"
"2021","(CAH22) education and teaching","(CAH22-01-02) teacher training","Quintile 4","12590","5625","0.447"
"2022","(CAH22) education and teaching","(CAH22-01-02) teacher training","Quintile 4","11405","5135","0.45"
"2023","(CAH22) education and teaching","(CAH22-01-02) teacher training","Quintile 4","9655","4470","0.463"
"2019","(CAH06) agriculture, food and related studies","(CAH06-01-04) rural estate management","Quintile 4","65","60","0.893"
"2020","(CAH06) agriculture, food and related studies","(CAH06-01-04) rural estate management","Quintile 4","85","80","0.961"
"2021","(CAH06) agriculture, food and related studies","(CAH06-01-04) rural estate management","Quintile 4","90","90","0.99"
"2022","(CAH06) agriculture, food and related studies","(CAH06-01-04) rural estate management","Quintile 4","90","80","0.89"
"2023","(CAH06) agriculture, food and related studies","(CAH06-01-04) rural estate management","Quintile 4","90","85","0.933"
"2019","(CAH06) agriculture, food and related studies","(CAH06-01-02) agricultural sciences","Quintile 4","130","115","0.879"
"2020","(CAH06) agriculture, food and related studies","(CAH06-01-02) agricultural sciences","Quintile 4","100","85","0.851"
"2021","(CAH06) agriculture, food and related studies","(CAH06-01-02) agricultural sciences","Quintile 4","105","100","0.9400000000000001"
"2022","(CAH06) agriculture, food and related studies","(CAH06-01-02) agricultural sciences","Quintile 4","105","95","0.887"
"2023","(CAH06) agriculture, food and related studies","(CAH06-01-02) agricultural sciences","Quintile 4","125","115","0.919"
"2019","(CAH06) agriculture, food and related studies","(CAH06-01-03) agriculture","Quintile 4","1235","1075","0.869"
"2020","(CAH06) agriculture, food and related studies","(CAH06-01-03) agriculture","Quintile 4","1365","1160","0.849"
"2021","(CAH06) agriculture, food and related studies","(CAH06-01-03) agriculture","Quintile 4","1460","1280","0.876"
"2022","(CAH06) agriculture, food and related studies","(CAH06-01-03) agriculture","Quintile 4","1630","1440","0.882"
"2023","(CAH06) agriculture, food and related studies","(CAH06-01-03) agriculture","Quintile 4","1480","1315","0.889"
"2019","(CAH06) agriculture, food and related studies","(CAH06-01-01) animal science","Quintile 4","1520","1375","0.905"
"2020","(CAH06) agriculture, food and related studies","(CAH06-01-01) animal science","Quintile 4","1725","1535","0.89"
"2021","(CAH06) agriculture, food and related studies","(CAH06-01-01) animal science","Quintile 4","1840","1655","0.899"
"2022","(CAH06) agriculture, food and related studies","(CAH06-01-01) animal science","Quintile 4","1735","1580","0.91"
"2023","(CAH06) agriculture, food and related studies","(CAH06-01-01) animal science","Quintile 4","1665","1525","0.916"
"2019","(CAH06) agriculture, food and related studies","(CAH06-01-05) forestry and arboriculture","Quintile 4","45","40","0.894"
"2020","(CAH06) agriculture, food and related studies","(CAH06-01-05) forestry and arboriculture","Quintile 4","55","50","0.875"
"2021","(CAH06) agriculture, food and related studies","(CAH06-01-05) forestry and arboriculture","Quintile 4","65","55","0.839"
"2022","(CAH06) agriculture, food and related studies","(CAH06-01-05) forestry and arboriculture","Quintile 4","60","50","0.8310000000000001"
"2023","(CAH06) agriculture, food and related studies","(CAH06-01-05) forestry and arboriculture","Quintile 4","45","40","0.893"
"2019","(CAH06) agriculture, food and related studies","(CAH06-01-08) food and beverage production","Quintile 4","65","55","0.8200000000000001"
"2020","(CAH06) agriculture, food and related studies","(CAH06-01-08) food and beverage production","Quintile 4","65","50","0.768"
"2021","(CAH06) agriculture, food and related studies","(CAH06-01-08) food and beverage production","Quintile 4","65","50","0.75"
"2022","(CAH06) agriculture, food and related studies","(CAH06-01-08) food and beverage production","Quintile 4","50","45","0.868"
"2023","(CAH06) agriculture, food and related studies","(CAH06-01-08) food and beverage production","Quintile 4","55","45","0.834"
"2019","(CAH06) agriculture, food and related studies","(CAH06-01-07) food sciences","Quintile 4","135","110","0.8300000000000001"
"2020","(CAH06) agriculture, food and related studies","(CAH06-01-07) food sciences","Quintile 4","205","180","0.877"
"2021","(CAH06) agriculture, food and related studies","(CAH06-01-07) food sciences","Quintile 4","220","190","0.856"
"2022","(CAH06) agriculture, food and related studies","(CAH06-01-07) food sciences","Quintile 4","225","185","0.811"
"2023","(CAH06) agriculture, food and related studies","(CAH06-01-07) food sciences","Quintile 4","135","110","0.8170000000000001"
"2019","(CAH06) agriculture, food and related studies","(CAH06-01-06) food and beverage studies (non-specific)","Quintile 4","120","115","0.974"
"2020","(CAH06) agriculture, food and related studies","(CAH06-01-06) food and beverage studies (non-specific)","Quintile 4","70","55","0.8210000000000001"
"2021","(CAH06) agriculture, food and related studies","(CAH06-01-06) food and beverage studies (non-specific)","Quintile 4","85","75","0.908"
"2022","(CAH06) agriculture, food and related studies","(CAH06-01-06) food and beverage studies (non-specific)","Quintile 4","85","70","0.843"
"2023","(CAH06) agriculture, food and related studies","(CAH06-01-06) food and beverage studies (non-specific)","Quintile 4","70","65","0.9400000000000001"
"2019","(CAH16) law","(CAH16-01-01) law","Quintile 4","23745","18870","0.795"
"2020","(CAH16) law","(CAH16-01-01) law","Quintile 4","23600","19205","0.8140000000000001"
"2021","(CAH16) law","(CAH16-01-01) law","Quintile 4","25245","19730","0.782"
"2022","(CAH16) law","(CAH16-01-01) law","Quintile 4","26530","19240","0.725"
"2023","(CAH16) law","(CAH16-01-01) law","Quintile 4","27260","20065","0.736"
"2019","(CAH05) veterinary sciences","(CAH05-01-01) veterinary medicine and dentistry","Quintile 4","1930","645","0.334"
"2020","(CAH05) veterinary sciences","(CAH05-01-01) veterinary medicine and dentistry","Quintile 4","1770","745","0.422"
"2021","(CAH05) veterinary sciences","(CAH05-01-01) veterinary medicine and dentistry","Quintile 4","2195","680","0.309"
"2022","(CAH05) veterinary sciences","(CAH05-01-01) veterinary medicine and dentistry","Quintile 4","2200","570","0.26"
"2023","(CAH05) veterinary sciences","(CAH05-01-01) veterinary medicine and dentistry","Quintile 4","2145","615","0.28700000000000003"
"2019","(CAH05) veterinary sciences","(CAH05-01-02) others in veterinary sciences","Quintile 4","1030","495","0.481"
"2020","(CAH05) veterinary sciences","(CAH05-01-02) others in veterinary sciences","Quintile 4","840","460","0.546"
"2021","(CAH05) veterinary sciences","(CAH05-01-02) others in veterinary sciences","Quintile 4","1175","625","0.531"
"2022","(CAH05) veterinary sciences","(CAH05-01-02) others in veterinary sciences","Quintile 4","960","465","0.484"
"2023","(CAH05) veterinary sciences","(CAH05-01-02) others in veterinary sciences","Quintile 4","795","485","0.612"
"2019","(CAH25) design, and creative and performing arts","(CAH25-01-03) design studies","Quintile 5","22135","12815","0.579"
"2020","(CAH25) design, and creative and performing arts","(CAH25-01-03) design studies","Quintile 5","21955","13690","0.624"
"2021","(CAH25) design, and creative and performing arts","(CAH25-01-03) design studies","Quintile 5","23240","15270","0.657"
"2022","(CAH25) design, and creative and performing arts","(CAH25-01-03) design studies","Quintile 5","23460","14680","0.626"
"2023","(CAH25) design, and creative and performing arts","(CAH25-01-03) design studies","Quintile 5","22275","14255","0.64"
"2019","(CAH25) design, and creative and performing arts","(CAH25-02-02) music","Quintile 5","10345","6545","0.633"
"2020","(CAH25) design, and creative and performing arts","(CAH25-02-02) music","Quintile 5","10355","6775","0.654"
"2021","(CAH25) design, and creative and performing arts","(CAH25-02-02) music","Quintile 5","10790","7055","0.654"
"2022","(CAH25) design, and creative and performing arts","(CAH25-02-02) music","Quintile 5","11145","6975","0.626"
"2023","(CAH25) design, and creative and performing arts","(CAH25-02-02) music","Quintile 5","11190","6990","0.625"
"2019","(CAH25) design, and creative and performing arts","(CAH25-01-04) cinematics and photography","Quintile 5","11020","7120","0.646"
"2020","(CAH25) design, and creative and performing arts","(CAH25-01-04) cinematics and photography","Quintile 5","10810","7315","0.677"
"2021","(CAH25) design, and creative and performing arts","(CAH25-01-04) cinematics and photography","Quintile 5","12180","8745","0.718"
"2022","(CAH25) design, and creative and performing arts","(CAH25-01-04) cinematics and photography","Quintile 5","12475","8210","0.658"
"2023","(CAH25) design, and creative and performing arts","(CAH25-01-04) cinematics and photography","Quintile 5","11755","8315","0.707"
"2019","(CAH25) design, and creative and performing arts","(CAH25-01-02) art","Quintile 5","5465","2820","0.516"
"2020","(CAH25) design, and creative and performing arts","(CAH25-01-02) art","Quintile 5","5290","2875","0.543"
"2021","(CAH25) design, and creative and performing arts","(CAH25-01-02) art","Quintile 5","5460","3090","0.5660000000000001"
"2022","(CAH25) design, and creative and performing arts","(CAH25-01-02) art","Quintile 5","6110","3235","0.53"
"2023","(CAH25) design, and creative and performing arts","(CAH25-01-02) art","Quintile 5","6115","3380","0.553"
"2019","(CAH25) design, and creative and performing arts","(CAH25-02-03) drama","Quintile 5","9940","3955","0.398"
"2020","(CAH25) design, and creative and performing arts","(CAH25-02-03) drama","Quintile 5","9965","4160","0.417"
"2021","(CAH25) design, and creative and performing arts","(CAH25-02-03) drama","Quintile 5","10085","4345","0.431"
"2022","(CAH25) design, and creative and performing arts","(CAH25-02-03) drama","Quintile 5","9920","4340","0.437"
"2023","(CAH25) design, and creative and performing arts","(CAH25-02-03) drama","Quintile 5","9845","4350","0.442"
"2019","(CAH25) design, and creative and performing arts","(CAH25-02-04) dance","Quintile 5","910","405","0.444"
"2020","(CAH25) design, and creative and performing arts","(CAH25-02-04) dance","Quintile 5","1045","525","0.504"
"2021","(CAH25) design, and creative and performing arts","(CAH25-02-04) dance","Quintile 5","1475","670","0.453"
"2022","(CAH25) design, and creative and performing arts","(CAH25-02-04) dance","Quintile 5","1510","595","0.394"
"2023","(CAH25) design, and creative and performing arts","(CAH25-02-04) dance","Quintile 5","1400","565","0.404"
"2019","(CAH25) design, and creative and performing arts","(CAH25-02-01) performing arts (non-specific)","Quintile 5","740","255","0.34800000000000003"
"2020","(CAH25) design, and creative and performing arts","(CAH25-02-01) performing arts (non-specific)","Quintile 5","365","210","0.581"
"2021","(CAH25) design, and creative and performing arts","(CAH25-02-01) performing arts (non-specific)","Quintile 5","240","175","0.73"
"2022","(CAH25) design, and creative and performing arts","(CAH25-02-01) performing arts (non-specific)","Quintile 5","270","205","0.762"
"2023","(CAH25) design, and creative and performing arts","(CAH25-02-01) performing arts (non-specific)","Quintile 5","205","145","0.718"
"2019","(CAH25) design, and creative and performing arts","(CAH25-01-05) others in creative arts and design","Quintile 5","570","380","0.665"
"2020","(CAH25) design, and creative and performing arts","(CAH25-01-05) others in creative arts and design","Quintile 5","570","400","0.6990000000000001"
"2021","(CAH25) design, and creative and performing arts","(CAH25-01-05) others in creative arts and design","Quintile 5","565","440","0.776"
"2022","(CAH25) design, and creative and performing arts","(CAH25-01-05) others in creative arts and design","Quintile 5","580","405","0.7000000000000001"
"2023","(CAH25) design, and creative and performing arts","(CAH25-01-05) others in creative arts and design","Quintile 5","520","370","0.716"
"2019","(CAH25) design, and creative and performing arts","(CAH25-01-01) creative arts and design (non-specific)","Quintile 5","1035","465","0.448"
"2020","(CAH25) design, and creative and performing arts","(CAH25-01-01) creative arts and design (non-specific)","Quintile 5","1085","530","0.488"
"2021","(CAH25) design, and creative and performing arts","(CAH25-01-01) creative arts and design (non-specific)","Quintile 5","1180","640","0.541"
"2022","(CAH25) design, and creative and performing arts","(CAH25-01-01) creative arts and design (non-specific)","Quintile 5","1350","700","0.518"
"2023","(CAH25) design, and creative and performing arts","(CAH25-01-01) creative arts and design (non-specific)","Quintile 5","1400","745","0.533"
"2019","(CAH10) engineering and technology","(CAH10-01-06) bioengineering, medical and biomedical engineering","Quintile 5","1290","1105","0.856"
"2020","(CAH10) engineering and technology","(CAH10-01-06) bioengineering, medical and biomedical engineering","Quintile 5","1600","1335","0.833"
"2021","(CAH10) engineering and technology","(CAH10-01-06) bioengineering, medical and biomedical engineering","Quintile 5","1555","1315","0.845"
"2022","(CAH10) engineering and technology","(CAH10-01-06) bioengineering, medical and biomedical engineering","Quintile 5","1555","1245","0.801"
"2023","(CAH10) engineering and technology","(CAH10-01-06) bioengineering, medical and biomedical engineering","Quintile 5","1570","1270","0.808"
"2019","(CAH10) engineering and technology","(CAH10-03-02) materials technology","Quintile 5","280","240","0.862"
"2020","(CAH10) engineering and technology","(CAH10-03-02) materials technology","Quintile 5","340","290","0.85"
"2021","(CAH10) engineering and technology","(CAH10-03-02) materials technology","Quintile 5","255","220","0.872"
"2022","(CAH10) engineering and technology","(CAH10-03-02) materials technology","Quintile 5","220","195","0.883"
"2023","(CAH10) engineering and technology","(CAH10-03-02) materials technology","Quintile 5","390","330","0.844"
"2019","(CAH10) engineering and technology","(CAH10-03-06) others in technology","Quintile 5","680","565","0.834"
"2020","(CAH10) engineering and technology","(CAH10-03-06) others in technology","Quintile 5","795","660","0.833"
"2021","(CAH10) engineering and technology","(CAH10-03-06) others in technology","Quintile 5","1015","860","0.847"
"2022","(CAH10) engineering and technology","(CAH10-03-06) others in technology","Quintile 5","890","760","0.854"
"2023","(CAH10) engineering and technology","(CAH10-03-06) others in technology","Quintile 5","1010","835","0.8290000000000001"
"2019","(CAH10) engineering and technology","(CAH10-01-03) production and manufacturing engineering","Quintile 5","2315","1975","0.854"
"2020","(CAH10) engineering and technology","(CAH10-01-03) production and manufacturing engineering","Quintile 5","2120","1850","0.872"
"2021","(CAH10) engineering and technology","(CAH10-01-03) production and manufacturing engineering","Quintile 5","2490","2175","0.873"
"2022","(CAH10) engineering and technology","(CAH10-01-03) production and manufacturing engineering","Quintile 5","2715","2330","0.858"
"2023","(CAH10) engineering and technology","(CAH10-01-03) production and manufacturing engineering","Quintile 5","2680","2320","0.866"
"2019","(CAH10) engineering and technology","(CAH10-01-04) aeronautical and aerospace engineering","Quintile 5","4880","3955","0.811"
"2020","(CAH10) engineering and technology","(CAH10-01-04) aeronautical and aerospace engineering","Quintile 5","4735","3780","0.798"
"2021","(CAH10) engineering and technology","(CAH10-01-04) aeronautical and aerospace engineering","Quintile 5","5295","4180","0.789"
"2022","(CAH10) engineering and technology","(CAH10-01-04) aeronautical and aerospace engineering","Quintile 5","5670","4310","0.76"
"2023","(CAH10) engineering and technology","(CAH10-01-04) aeronautical and aerospace engineering","Quintile 5","6020","4690","0.779"
"2019","(CAH10) engineering and technology","(CAH10-01-08) electrical and electronic engineering","Quintile 5","4340","3540","0.8160000000000001"
"2020","(CAH10) engineering and technology","(CAH10-01-08) electrical and electronic engineering","Quintile 5","4575","3610","0.789"
"2021","(CAH10) engineering and technology","(CAH10-01-08) electrical and electronic engineering","Quintile 5","4850","3765","0.777"
"2022","(CAH10) engineering and technology","(CAH10-01-08) electrical and electronic engineering","Quintile 5","5120","3850","0.752"
"2023","(CAH10) engineering and technology","(CAH10-01-08) electrical and electronic engineering","Quintile 5","5175","3980","0.769"
"2019","(CAH10) engineering and technology","(CAH10-01-07) civil engineering","Quintile 5","5910","5025","0.85"
"2020","(CAH10) engineering and technology","(CAH10-01-07) civil engineering","Quintile 5","5845","5055","0.865"
"2021","(CAH10) engineering and technology","(CAH10-01-07) civil engineering","Quintile 5","6075","5265","0.867"
"2022","(CAH10) engineering and technology","(CAH10-01-07) civil engineering","Quintile 5","5550","4675","0.842"
"2023","(CAH10) engineering and technology","(CAH10-01-07) civil engineering","Quintile 5","5685","4800","0.844"
"2019","(CAH10) engineering and technology","(CAH10-03-05) biotechnology","Quintile 5","175","145","0.8180000000000001"
"2020","(CAH10) engineering and technology","(CAH10-03-05) biotechnology","Quintile 5","190","165","0.863"
"2021","(CAH10) engineering and technology","(CAH10-03-05) biotechnology","Quintile 5","170","155","0.906"
"2022","(CAH10) engineering and technology","(CAH10-03-05) biotechnology","Quintile 5","270","230","0.843"
"2023","(CAH10) engineering and technology","(CAH10-03-05) biotechnology","Quintile 5","285","240","0.841"
"2019","(CAH10) engineering and technology","(CAH10-01-09) chemical, process and energy engineering","Quintile 5","3740","3135","0.838"
"2020","(CAH10) engineering and technology","(CAH10-01-09) chemical, process and energy engineering","Quintile 5","3460","2955","0.854"
"2021","(CAH10) engineering and technology","(CAH10-01-09) chemical, process and energy engineering","Quintile 5","3210","2735","0.852"
"2022","(CAH10) engineering and technology","(CAH10-01-09) chemical, process and energy engineering","Quintile 5","3115","2600","0.835"
"2023","(CAH10) engineering and technology","(CAH10-01-09) chemical, process and energy engineering","Quintile 5","3050","2555","0.837"
"2019","(CAH10) engineering and technology","(CAH10-03-03) polymers and textiles","Quintile 5","35","20","0.599"
"2020","(CAH10) engineering and technology","(CAH10-03-03) polymers and textiles","Quintile 5","20","15","0.6950000000000001"
"2021","(CAH10) engineering and technology","(CAH10-03-03) polymers and textiles","Quintile 5","15","10","0.727"
"2022","(CAH10) engineering and technology","(CAH10-03-03) polymers and textiles","Quintile 5","45","35","0.784"
"2023","(CAH10) engineering and technology","(CAH10-03-03) polymers and textiles","Quintile 5","55","45","0.784"
"2019","(CAH10) engineering and technology","(CAH10-03-01) minerals technology","Quintile 5","5","0"," "
"2020","(CAH10) engineering and technology","(CAH10-03-01) minerals technology","Quintile 5","5","5"," "
"2021","(CAH10) engineering and technology","(CAH10-03-01) minerals technology","Quintile 5","5","5"," "
"2022","(CAH10) engineering and technology","(CAH10-03-01) minerals technology","Quintile 5","5","5"," "
"2019","(CAH10) engineering and technology","(CAH10-01-01) engineering (non-specific)","Quintile 5","5405","3845","0.711"
"2020","(CAH10) engineering and technology","(CAH10-01-01) engineering (non-specific)","Quintile 5","5505","3880","0.705"
"2021","(CAH10) engineering and technology","(CAH10-01-01) engineering (non-specific)","Quintile 5","6170","4530","0.734"
"2022","(CAH10) engineering and technology","(CAH10-01-01) engineering (non-specific)","Quintile 5","5950","4090","0.6880000000000001"
"2023","(CAH10) engineering and technology","(CAH10-01-01) engineering (non-specific)","Quintile 5","5615","3935","0.7010000000000001"
"2019","(CAH10) engineering and technology","(CAH10-01-10) others in engineering","Quintile 5","45","35","0.778"
"2020","(CAH10) engineering and technology","(CAH10-01-10) others in engineering","Quintile 5","20","20","0.885"
"2021","(CAH10) engineering and technology","(CAH10-01-10) others in engineering","Quintile 5","10","5"," "
"2022","(CAH10) engineering and technology","(CAH10-01-10) others in engineering","Quintile 5","20","15","0.65"
"2023","(CAH10) engineering and technology","(CAH10-01-10) others in engineering","Quintile 5","10","10"," "
"2019","(CAH10) engineering and technology","(CAH10-01-02) mechanical engineering","Quintile 5","11605","9425","0.812"
"2020","(CAH10) engineering and technology","(CAH10-01-02) mechanical engineering","Quintile 5","11775","9785","0.8310000000000001"
"2021","(CAH10) engineering and technology","(CAH10-01-02) mechanical engineering","Quintile 5","12195","9685","0.794"
"2022","(CAH10) engineering and technology","(CAH10-01-02) mechanical engineering","Quintile 5","12460","9580","0.769"
"2023","(CAH10) engineering and technology","(CAH10-01-02) mechanical engineering","Quintile 5","12535","9790","0.781"
"2019","(CAH10) engineering and technology","(CAH10-03-04) maritime technology","Quintile 5","60","55","0.9380000000000001"
"2020","(CAH10) engineering and technology","(CAH10-03-04) maritime technology","Quintile 5","90","80","0.912"
"2021","(CAH10) engineering and technology","(CAH10-03-04) maritime technology","Quintile 5","100","95","0.929"
"2022","(CAH10) engineering and technology","(CAH10-03-04) maritime technology","Quintile 5","90","85","0.932"
"2023","(CAH10) engineering and technology","(CAH10-03-04) maritime technology","Quintile 5","90","80","0.911"
"2019","(CAH10) engineering and technology","(CAH10-01-05) naval architecture","Quintile 5","75","70","0.915"
"2020","(CAH10) engineering and technology","(CAH10-01-05) naval architecture","Quintile 5","110","95","0.869"
"2021","(CAH10) engineering and technology","(CAH10-01-05) naval architecture","Quintile 5","75","65","0.872"
"2022","(CAH10) engineering and technology","(CAH10-01-05) naval architecture","Quintile 5","65","60","0.934"
"2023","(CAH10) engineering and technology","(CAH10-01-05) naval architecture","Quintile 5","70","65","0.909"
"2019","(CAH10) engineering and technology","(CAH10-03-07) materials science","Quintile 5","355","210","0.594"
"2020","(CAH10) engineering and technology","(CAH10-03-07) materials science","Quintile 5","400","235","0.586"
"2021","(CAH10) engineering and technology","(CAH10-03-07) materials science","Quintile 5","360","190","0.529"
"2022","(CAH10) engineering and technology","(CAH10-03-07) materials science","Quintile 5","310","175","0.558"
"2023","(CAH10) engineering and technology","(CAH10-03-07) materials science","Quintile 5","355","220","0.621"
"2019","(CAH02) subjects allied to medicine","(CAH02-06-03) ophthalmics","Quintile 5","1850","1150","0.621"
"2020","(CAH02) subjects allied to medicine","(CAH02-06-03) ophthalmics","Quintile 5","1745","1130","0.649"
"2021","(CAH02) subjects allied to medicine","(CAH02-06-03) ophthalmics","Quintile 5","1600","1070","0.67"
"2022","(CAH02) subjects allied to medicine","(CAH02-06-03) ophthalmics","Quintile 5","1765","1075","0.608"
"2023","(CAH02) subjects allied to medicine","(CAH02-06-03) ophthalmics","Quintile 5","1735","1175","0.677"
"2019","(CAH02) subjects allied to medicine","(CAH02-05-04) anatomy, physiology and pathology","Quintile 5","1550","1240","0.801"
"2020","(CAH02) subjects allied to medicine","(CAH02-05-04) anatomy, physiology and pathology","Quintile 5","1895","1570","0.8280000000000001"
"2021","(CAH02) subjects allied to medicine","(CAH02-05-04) anatomy, physiology and pathology","Quintile 5","1890","1525","0.806"
"2022","(CAH02) subjects allied to medicine","(CAH02-05-04) anatomy, physiology and pathology","Quintile 5","1915","1295","0.676"
"2023","(CAH02) subjects allied to medicine","(CAH02-05-04) anatomy, physiology and pathology","Quintile 5","1770","1240","0.7010000000000001"
"2019","(CAH02) subjects allied to medicine","(CAH02-05-01) medical technology","Quintile 5","1840","815","0.442"
"2020","(CAH02) subjects allied to medicine","(CAH02-05-01) medical technology","Quintile 5","1990","900","0.452"
"2021","(CAH02) subjects allied to medicine","(CAH02-05-01) medical technology","Quintile 5","2620","1055","0.402"
"2022","(CAH02) subjects allied to medicine","(CAH02-05-01) medical technology","Quintile 5","2210","805","0.364"
"2023","(CAH02) subjects allied to medicine","(CAH02-05-01) medical technology","Quintile 5","2350","955","0.40700000000000003"
"2019","(CAH02) subjects allied to medicine","(CAH02-06-06) complementary and alternative medicine","Quintile 5","590","435","0.741"
"2020","(CAH02) subjects allied to medicine","(CAH02-06-06) complementary and alternative medicine","Quintile 5","735","520","0.71"
"2021","(CAH02) subjects allied to medicine","(CAH02-06-06) complementary and alternative medicine","Quintile 5","835","625","0.75"
"2022","(CAH02) subjects allied to medicine","(CAH02-06-06) complementary and alternative medicine","Quintile 5","800","570","0.715"
"2023","(CAH02) subjects allied to medicine","(CAH02-06-06) complementary and alternative medicine","Quintile 5","600","460","0.763"
"2019","(CAH02) subjects allied to medicine","(CAH02-06-01) health sciences (non-specific)","Quintile 5","4690","2025","0.432"
"2020","(CAH02) subjects allied to medicine","(CAH02-06-01) health sciences (non-specific)","Quintile 5","5725","2365","0.41300000000000003"
"2021","(CAH02) subjects allied to medicine","(CAH02-06-01) health sciences (non-specific)","Quintile 5","9220","3140","0.341"
"2022","(CAH02) subjects allied to medicine","(CAH02-06-01) health sciences (non-specific)","Quintile 5","8840","2840","0.321"
"2023","(CAH02) subjects allied to medicine","(CAH02-06-01) health sciences (non-specific)","Quintile 5","7730","2580","0.334"
"2019","(CAH02) subjects allied to medicine","(CAH02-06-02) nutrition and dietetics","Quintile 5","1725","1295","0.75"
"2020","(CAH02) subjects allied to medicine","(CAH02-06-02) nutrition and dietetics","Quintile 5","1870","1370","0.732"
"2021","(CAH02) subjects allied to medicine","(CAH02-06-02) nutrition and dietetics","Quintile 5","2055","1560","0.759"
"2022","(CAH02) subjects allied to medicine","(CAH02-06-02) nutrition and dietetics","Quintile 5","2015","1540","0.765"
"2023","(CAH02) subjects allied to medicine","(CAH02-06-02) nutrition and dietetics","Quintile 5","1700","1240","0.73"
"2019","(CAH02) subjects allied to medicine","(CAH02-06-04) environmental and public health","Quintile 5","440","405","0.923"
"2020","(CAH02) subjects allied to medicine","(CAH02-06-04) environmental and public health","Quintile 5","420","385","0.921"
"2021","(CAH02) subjects allied to medicine","(CAH02-06-04) environmental and public health","Quintile 5","640","610","0.9570000000000001"
"2022","(CAH02) subjects allied to medicine","(CAH02-06-04) environmental and public health","Quintile 5","495","480","0.965"
"2023","(CAH02) subjects allied to medicine","(CAH02-06-04) environmental and public health","Quintile 5","395","375","0.9480000000000001"
"2019","(CAH02) subjects allied to medicine","(CAH02-06-07) counselling, psychotherapy and occupational therapy","Quintile 5","2260","1295","0.5730000000000001"
"2020","(CAH02) subjects allied to medicine","(CAH02-06-07) counselling, psychotherapy and occupational therapy","Quintile 5","2440","1420","0.582"
"2021","(CAH02) subjects allied to medicine","(CAH02-06-07) counselling, psychotherapy and occupational therapy","Quintile 5","2595","1590","0.614"
"2022","(CAH02) subjects allied to medicine","(CAH02-06-07) counselling, psychotherapy and occupational therapy","Quintile 5","2500","1400","0.56"
"2023","(CAH02) subjects allied to medicine","(CAH02-06-07) counselling, psychotherapy and occupational therapy","Quintile 5","2265","1310","0.578"
"2019","(CAH02) subjects allied to medicine","(CAH02-02-01) pharmacology","Quintile 5","1645","1375","0.836"
"2020","(CAH02) subjects allied to medicine","(CAH02-02-01) pharmacology","Quintile 5","1820","1505","0.8270000000000001"
"2021","(CAH02) subjects allied to medicine","(CAH02-02-01) pharmacology","Quintile 5","2115","1695","0.801"
"2022","(CAH02) subjects allied to medicine","(CAH02-02-01) pharmacology","Quintile 5","2555","1900","0.744"
"2023","(CAH02) subjects allied to medicine","(CAH02-02-01) pharmacology","Quintile 5","2455","1925","0.785"
"2019","(CAH02) subjects allied to medicine","(CAH02-02-03) pharmacy","Quintile 5","3985","2860","0.717"
"2020","(CAH02) subjects allied to medicine","(CAH02-02-03) pharmacy","Quintile 5","3995","2775","0.6950000000000001"
"2021","(CAH02) subjects allied to medicine","(CAH02-02-03) pharmacy","Quintile 5","4770","3575","0.749"
"2022","(CAH02) subjects allied to medicine","(CAH02-02-03) pharmacy","Quintile 5","5220","3385","0.649"
"2023","(CAH02) subjects allied to medicine","(CAH02-02-03) pharmacy","Quintile 5","6645","3820","0.5750000000000001"
"2019","(CAH02) subjects allied to medicine","(CAH02-06-05) physiotherapy","Quintile 5","4950","2025","0.40900000000000003"
"2020","(CAH02) subjects allied to medicine","(CAH02-06-05) physiotherapy","Quintile 5","5120","2230","0.435"
"2021","(CAH02) subjects allied to medicine","(CAH02-06-05) physiotherapy","Quintile 5","5915","2155","0.364"
"2022","(CAH02) subjects allied to medicine","(CAH02-06-05) physiotherapy","Quintile 5","6285","1940","0.308"
"2023","(CAH02) subjects allied to medicine","(CAH02-06-05) physiotherapy","Quintile 5","6290","2170","0.34500000000000003"
"2019","(CAH02) subjects allied to medicine","(CAH02-05-02) healthcare science (non-specific)","Quintile 5","1335","1015","0.759"
"2020","(CAH02) subjects allied to medicine","(CAH02-05-02) healthcare science (non-specific)","Quintile 5","1580","1155","0.73"
"2021","(CAH02) subjects allied to medicine","(CAH02-05-02) healthcare science (non-specific)","Quintile 5","1385","1015","0.731"
"2022","(CAH02) subjects allied to medicine","(CAH02-05-02) healthcare science (non-specific)","Quintile 5","1550","1160","0.749"
"2023","(CAH02) subjects allied to medicine","(CAH02-05-02) healthcare science (non-specific)","Quintile 5","1585","1280","0.807"
"2019","(CAH02) subjects allied to medicine","(CAH02-05-03) biomedical sciences (non-specific)","Quintile 5","11305","9905","0.876"
"2020","(CAH02) subjects allied to medicine","(CAH02-05-03) biomedical sciences (non-specific)","Quintile 5","11440","9940","0.869"
"2021","(CAH02) subjects allied to medicine","(CAH02-05-03) biomedical sciences (non-specific)","Quintile 5","12660","11075","0.875"
"2022","(CAH02) subjects allied to medicine","(CAH02-05-03) biomedical sciences (non-specific)","Quintile 5","12360","10575","0.856"
"2023","(CAH02) subjects allied to medicine","(CAH02-05-03) biomedical sciences (non-specific)","Quintile 5","12115","10525","0.869"
"2019","(CAH02) subjects allied to medicine","(CAH02-02-02) toxicology","Quintile 5","20","20","1.057"
"2020","(CAH02) subjects allied to medicine","(CAH02-02-02) toxicology","Quintile 5","30","30","0.9460000000000001"
"2021","(CAH02) subjects allied to medicine","(CAH02-02-02) toxicology","Quintile 5","20","20","0.99"
"2022","(CAH02) subjects allied to medicine","(CAH02-02-02) toxicology","Quintile 5","30","30","0.935"
"2023","(CAH02) subjects allied to medicine","(CAH02-02-02) toxicology","Quintile 5","55","50","0.9540000000000001"
"2019","(CAH02) subjects allied to medicine","(CAH02-04-02) adult nursing","Quintile 5","10565","4910","0.465"
"2020","(CAH02) subjects allied to medicine","(CAH02-04-02) adult nursing","Quintile 5","11930","5960","0.499"
"2021","(CAH02) subjects allied to medicine","(CAH02-04-02) adult nursing","Quintile 5","14905","7285","0.489"
"2022","(CAH02) subjects allied to medicine","(CAH02-04-02) adult nursing","Quintile 5","13115","6435","0.491"
"2023","(CAH02) subjects allied to medicine","(CAH02-04-02) adult nursing","Quintile 5","10000","5230","0.523"
"2019","(CAH02) subjects allied to medicine","(CAH02-04-05) children's nursing","Quintile 5","4565","1545","0.338"
"2020","(CAH02) subjects allied to medicine","(CAH02-04-05) children's nursing","Quintile 5","5010","1920","0.383"
"2021","(CAH02) subjects allied to medicine","(CAH02-04-05) children's nursing","Quintile 5","5985","1810","0.303"
"2022","(CAH02) subjects allied to medicine","(CAH02-04-05) children's nursing","Quintile 5","5830","1745","0.299"
"2023","(CAH02) subjects allied to medicine","(CAH02-04-05) children's nursing","Quintile 5","4600","1705","0.37"
"2021","(CAH02) subjects allied to medicine","(CAH02-04-03) community nursing","Quintile 5","10","10"," "
"2022","(CAH02) subjects allied to medicine","(CAH02-04-03) community nursing","Quintile 5","10","5"," "
"2019","(CAH02) subjects allied to medicine","(CAH02-04-09) others in nursing","Quintile 5","405","130","0.316"
"2020","(CAH02) subjects allied to medicine","(CAH02-04-09) others in nursing","Quintile 5","395","150","0.375"
"2021","(CAH02) subjects allied to medicine","(CAH02-04-09) others in nursing","Quintile 5","470","175","0.372"
"2022","(CAH02) subjects allied to medicine","(CAH02-04-09) others in nursing","Quintile 5","425","145","0.34600000000000003"
"2023","(CAH02) subjects allied to medicine","(CAH02-04-09) others in nursing","Quintile 5","315","150","0.483"
"2019","(CAH02) subjects allied to medicine","(CAH02-04-06) dental nursing","Quintile 5","370","70","0.184"
"2020","(CAH02) subjects allied to medicine","(CAH02-04-06) dental nursing","Quintile 5","385","40","0.106"
"2021","(CAH02) subjects allied to medicine","(CAH02-04-06) dental nursing","Quintile 5","645","55","0.085"
"2022","(CAH02) subjects allied to medicine","(CAH02-04-06) dental nursing","Quintile 5","770","65","0.084"
"2023","(CAH02) subjects allied to medicine","(CAH02-04-06) dental nursing","Quintile 5","845","65","0.078"
"2019","(CAH02) subjects allied to medicine","(CAH02-04-08) learning disabilities nursing","Quintile 5","485","225","0.46"
"2020","(CAH02) subjects allied to medicine","(CAH02-04-08) learning disabilities nursing","Quintile 5","465","230","0.499"
"2021","(CAH02) subjects allied to medicine","(CAH02-04-08) learning disabilities nursing","Quintile 5","605","295","0.485"
"2022","(CAH02) subjects allied to medicine","(CAH02-04-08) learning disabilities nursing","Quintile 5","485","215","0.44"
"2023","(CAH02) subjects allied to medicine","(CAH02-04-08) learning disabilities nursing","Quintile 5","395","175","0.437"
"2019","(CAH02) subjects allied to medicine","(CAH02-04-07) mental health nursing","Quintile 5","3340","1275","0.382"
"2020","(CAH02) subjects allied to medicine","(CAH02-04-07) mental health nursing","Quintile 5","4455","1750","0.393"
"2021","(CAH02) subjects allied to medicine","(CAH02-04-07) mental health nursing","Quintile 5","5505","2155","0.392"
"2022","(CAH02) subjects allied to medicine","(CAH02-04-07) mental health nursing","Quintile 5","4860","1640","0.338"
"2023","(CAH02) subjects allied to medicine","(CAH02-04-07) mental health nursing","Quintile 5","3940","1520","0.386"
"2019","(CAH02) subjects allied to medicine","(CAH02-04-04) midwifery","Quintile 5","5545","1445","0.261"
"2020","(CAH02) subjects allied to medicine","(CAH02-04-04) midwifery","Quintile 5","5445","1670","0.307"
"2021","(CAH02) subjects allied to medicine","(CAH02-04-04) midwifery","Quintile 5","7065","1760","0.249"
"2022","(CAH02) subjects allied to medicine","(CAH02-04-04) midwifery","Quintile 5","6455","1575","0.244"
"2023","(CAH02) subjects allied to medicine","(CAH02-04-04) midwifery","Quintile 5","4570","1450","0.317"
"2019","(CAH02) subjects allied to medicine","(CAH02-04-01) nursing (non-specific)","Quintile 5","2005","785","0.392"
"2020","(CAH02) subjects allied to medicine","(CAH02-04-01) nursing (non-specific)","Quintile 5","2010","855","0.426"
"2021","(CAH02) subjects allied to medicine","(CAH02-04-01) nursing (non-specific)","Quintile 5","2185","870","0.399"
"2022","(CAH02) subjects allied to medicine","(CAH02-04-01) nursing (non-specific)","Quintile 5","1820","675","0.371"
"2023","(CAH02) subjects allied to medicine","(CAH02-04-01) nursing (non-specific)","Quintile 5","1425","565","0.396"
"2019","(CAH19) language and area studies","(CAH19-01-05) creative writing","Quintile 5","1520","1285","0.845"
"2020","(CAH19) language and area studies","(CAH19-01-05) creative writing","Quintile 5","1510","1290","0.853"
"2021","(CAH19) language and area studies","(CAH19-01-05) creative writing","Quintile 5","1505","1340","0.889"
"2022","(CAH19) language and area studies","(CAH19-01-05) creative writing","Quintile 5","1740","1520","0.874"
"2023","(CAH19) language and area studies","(CAH19-01-05) creative writing","Quintile 5","1805","1575","0.873"
"2019","(CAH19) language and area studies","(CAH19-04-08) American and Australasian studies","Quintile 5","660","620","0.9430000000000001"
"2020","(CAH19) language and area studies","(CAH19-04-08) American and Australasian studies","Quintile 5","490","470","0.9560000000000001"
"2021","(CAH19) language and area studies","(CAH19-04-08) American and Australasian studies","Quintile 5","445","435","0.981"
"2022","(CAH19) language and area studies","(CAH19-04-08) American and Australasian studies","Quintile 5","405","390","0.9580000000000001"
"2023","(CAH19) language and area studies","(CAH19-04-08) American and Australasian studies","Quintile 5","310","300","0.968"
"2019","(CAH19) language and area studies","(CAH19-01-06) others in English studies","Quintile 5","40","35","0.906"
"2020","(CAH19) language and area studies","(CAH19-01-06) others in English studies","Quintile 5","30","25","0.752"
"2021","(CAH19) language and area studies","(CAH19-01-06) others in English studies","Quintile 5","40","35","0.904"
"2022","(CAH19) language and area studies","(CAH19-01-06) others in English studies","Quintile 5","20","20","0.9490000000000001"
"2023","(CAH19) language and area studies","(CAH19-01-06) others in English studies","Quintile 5","30","25","0.915"
"2019","(CAH19) language and area studies","(CAH19-01-02) English language","Quintile 5","1125","1010","0.898"
"2020","(CAH19) language and area studies","(CAH19-01-02) English language","Quintile 5","1040","935","0.899"
"2021","(CAH19) language and area studies","(CAH19-01-02) English language","Quintile 5","1005","895","0.891"
"2022","(CAH19) language and area studies","(CAH19-01-02) English language","Quintile 5","1000","875","0.877"
"2023","(CAH19) language and area studies","(CAH19-01-02) English language","Quintile 5","1010","905","0.896"
"2019","(CAH19) language and area studies","(CAH19-01-03) literature in English","Quintile 5","6775","5755","0.85"
"2020","(CAH19) language and area studies","(CAH19-01-03) literature in English","Quintile 5","6030","5170","0.857"
"2021","(CAH19) language and area studies","(CAH19-01-03) literature in English","Quintile 5","6510","5340","0.8210000000000001"
"2022","(CAH19) language and area studies","(CAH19-01-03) literature in English","Quintile 5","6355","4840","0.761"
"2023","(CAH19) language and area studies","(CAH19-01-03) literature in English","Quintile 5","6775","5490","0.811"
"2019","(CAH19) language and area studies","(CAH19-01-01) English studies (non-specific)","Quintile 5","7880","6420","0.8140000000000001"
"2020","(CAH19) language and area studies","(CAH19-01-01) English studies (non-specific)","Quintile 5","7100","5785","0.8150000000000001"
"2021","(CAH19) language and area studies","(CAH19-01-01) English studies (non-specific)","Quintile 5","7035","5575","0.792"
"2022","(CAH19) language and area studies","(CAH19-01-01) English studies (non-specific)","Quintile 5","7065","5440","0.77"
"2023","(CAH19) language and area studies","(CAH19-01-01) English studies (non-specific)","Quintile 5","6910","5505","0.797"
"2019","(CAH19) language and area studies","(CAH19-04-01) French studies","Quintile 5","2515","2020","0.804"
"2020","(CAH19) language and area studies","(CAH19-04-01) French studies","Quintile 5","2175","1760","0.809"
"2021","(CAH19) language and area studies","(CAH19-04-01) French studies","Quintile 5","2020","1595","0.791"
"2022","(CAH19) language and area studies","(CAH19-04-01) French studies","Quintile 5","1945","1490","0.767"
"2023","(CAH19) language and area studies","(CAH19-04-01) French studies","Quintile 5","1775","1415","0.797"
"2019","(CAH19) language and area studies","(CAH19-04-02) German and Scandinavian studies","Quintile 5","820","680","0.8300000000000001"
"2020","(CAH19) language and area studies","(CAH19-04-02) German and Scandinavian studies","Quintile 5","745","610","0.8210000000000001"
"2021","(CAH19) language and area studies","(CAH19-04-02) German and Scandinavian studies","Quintile 5","720","590","0.8210000000000001"
"2022","(CAH19) language and area studies","(CAH19-04-02) German and Scandinavian studies","Quintile 5","645","500","0.773"
"2023","(CAH19) language and area studies","(CAH19-04-02) German and Scandinavian studies","Quintile 5","540","440","0.8130000000000001"
"2019","(CAH19) language and area studies","(CAH19-04-04) Iberian studies","Quintile 5","2870","2275","0.793"
"2020","(CAH19) language and area studies","(CAH19-04-04) Iberian studies","Quintile 5","2555","2055","0.805"
"2021","(CAH19) language and area studies","(CAH19-04-04) Iberian studies","Quintile 5","2330","1825","0.784"
"2022","(CAH19) language and area studies","(CAH19-04-04) Iberian studies","Quintile 5","1950","1470","0.754"
"2023","(CAH19) language and area studies","(CAH19-04-04) Iberian studies","Quintile 5","1945","1530","0.788"
"2019","(CAH19) language and area studies","(CAH19-04-03) Italian studies","Quintile 5","380","310","0.811"
"2020","(CAH19) language and area studies","(CAH19-04-03) Italian studies","Quintile 5","330","260","0.789"
"2021","(CAH19) language and area studies","(CAH19-04-03) Italian studies","Quintile 5","330","250","0.764"
"2022","(CAH19) language and area studies","(CAH19-04-03) Italian studies","Quintile 5","270","200","0.741"
"2023","(CAH19) language and area studies","(CAH19-04-03) Italian studies","Quintile 5","345","275","0.791"
"2019","(CAH19) language and area studies","(CAH19-01-07) linguistics","Quintile 5","1225","1035","0.845"
"2020","(CAH19) language and area studies","(CAH19-01-07) linguistics","Quintile 5","1180","1020","0.863"
"2021","(CAH19) language and area studies","(CAH19-01-07) linguistics","Quintile 5","1165","1020","0.874"
"2022","(CAH19) language and area studies","(CAH19-01-07) linguistics","Quintile 5","1175","975","0.8310000000000001"
"2023","(CAH19) language and area studies","(CAH19-01-07) linguistics","Quintile 5","1135","970","0.854"
"2019","(CAH19) language and area studies","(CAH19-04-09) others in language and area studies","Quintile 5","3610","3220","0.892"
"2020","(CAH19) language and area studies","(CAH19-04-09) others in language and area studies","Quintile 5","3935","3550","0.902"
"2021","(CAH19) language and area studies","(CAH19-04-09) others in language and area studies","Quintile 5","3705","3330","0.899"
"2022","(CAH19) language and area studies","(CAH19-04-09) others in language and area studies","Quintile 5","4185","3665","0.876"
"2023","(CAH19) language and area studies","(CAH19-04-09) others in language and area studies","Quintile 5","3640","3255","0.895"
"2019","(CAH19) language and area studies","(CAH19-04-05) Slavic studies","Quintile 5","345","270","0.787"
"2020","(CAH19) language and area studies","(CAH19-04-05) Slavic studies","Quintile 5","310","250","0.806"
"2021","(CAH19) language and area studies","(CAH19-04-05) Slavic studies","Quintile 5","340","250","0.73"
"2022","(CAH19) language and area studies","(CAH19-04-05) Slavic studies","Quintile 5","290","195","0.669"
"2023","(CAH19) language and area studies","(CAH19-04-05) Slavic studies","Quintile 5","270","185","0.687"
"2019","(CAH19) language and area studies","(CAH19-02-03) Welsh studies","Quintile 5","15","15","1.156"
"2020","(CAH19) language and area studies","(CAH19-02-03) Welsh studies","Quintile 5","30","25","0.867"
"2021","(CAH19) language and area studies","(CAH19-02-03) Welsh studies","Quintile 5","50","40","0.847"
"2022","(CAH19) language and area studies","(CAH19-02-03) Welsh studies","Quintile 5","25","25","0.9"
"2023","(CAH19) language and area studies","(CAH19-02-03) Welsh studies","Quintile 5","25","25","0.92"
"2023","(CAH19) language and area studies","(CAH19-01-04) studies of specific authors","Quintile 5","5","5"," "
"2019","(CAH19) language and area studies","(CAH19-02-01) Celtic studies (non-specific)","Quintile 5","45","30","0.706"
"2020","(CAH19) language and area studies","(CAH19-02-01) Celtic studies (non-specific)","Quintile 5","30","25","0.835"
"2021","(CAH19) language and area studies","(CAH19-02-01) Celtic studies (non-specific)","Quintile 5","45","35","0.728"
"2022","(CAH19) language and area studies","(CAH19-02-01) Celtic studies (non-specific)","Quintile 5","25","15","0.5690000000000001"
"2023","(CAH19) language and area studies","(CAH19-02-01) Celtic studies (non-specific)","Quintile 5","45","40","0.836"
"2019","(CAH19) language and area studies","(CAH19-02-02) Gaelic studies","Quintile 5","25","20","0.761"
"2020","(CAH19) language and area studies","(CAH19-02-02) Gaelic studies","Quintile 5","15","15","0.867"
"2021","(CAH19) language and area studies","(CAH19-02-02) Gaelic studies","Quintile 5","25","15","0.668"
"2022","(CAH19) language and area studies","(CAH19-02-02) Gaelic studies","Quintile 5","10","10"," "
"2023","(CAH19) language and area studies","(CAH19-02-02) Gaelic studies","Quintile 5","20","10","0.585"
"2019","(CAH19) language and area studies","(CAH19-02-04) others in Celtic studies","Quintile 5","65","65","0.968"
"2020","(CAH19) language and area studies","(CAH19-02-04) others in Celtic studies","Quintile 5","60","60","1.002"
"2021","(CAH19) language and area studies","(CAH19-02-04) others in Celtic studies","Quintile 5","40","40","0.971"
"2022","(CAH19) language and area studies","(CAH19-02-04) others in Celtic studies","Quintile 5","55","45","0.8290000000000001"
"2023","(CAH19) language and area studies","(CAH19-02-04) others in Celtic studies","Quintile 5","60","50","0.865"
"2019","(CAH19) language and area studies","(CAH19-04-06) Asian studies","Quintile 5","1220","900","0.739"
"2020","(CAH19) language and area studies","(CAH19-04-06) Asian studies","Quintile 5","1110","885","0.799"
"2021","(CAH19) language and area studies","(CAH19-04-06) Asian studies","Quintile 5","1100","870","0.792"
"2022","(CAH19) language and area studies","(CAH19-04-06) Asian studies","Quintile 5","1160","920","0.791"
"2023","(CAH19) language and area studies","(CAH19-04-06) Asian studies","Quintile 5","845","645","0.764"
"2019","(CAH19) language and area studies","(CAH19-04-07) African and modern Middle Eastern studies","Quintile 5","445","310","0.6970000000000001"
"2020","(CAH19) language and area studies","(CAH19-04-07) African and modern Middle Eastern studies","Quintile 5","345","255","0.741"
"2021","(CAH19) language and area studies","(CAH19-04-07) African and modern Middle Eastern studies","Quintile 5","320","235","0.734"
"2022","(CAH19) language and area studies","(CAH19-04-07) African and modern Middle Eastern studies","Quintile 5","300","210","0.6920000000000001"
"2023","(CAH19) language and area studies","(CAH19-04-07) African and modern Middle Eastern studies","Quintile 5","295","215","0.726"
"2019","(CAH24) media, journalism and communications","(CAH24-01-05) media studies","Quintile 5","8150","6850","0.84"
"2020","(CAH24) media, journalism and communications","(CAH24-01-05) media studies","Quintile 5","8655","7255","0.838"
"2021","(CAH24) media, journalism and communications","(CAH24-01-05) media studies","Quintile 5","10055","8620","0.857"
"2022","(CAH24) media, journalism and communications","(CAH24-01-05) media studies","Quintile 5","11155","9060","0.812"
"2023","(CAH24) media, journalism and communications","(CAH24-01-05) media studies","Quintile 5","10530","8765","0.833"
"2019","(CAH24) media, journalism and communications","(CAH24-01-02) publicity studies","Quintile 5","265","235","0.879"
"2020","(CAH24) media, journalism and communications","(CAH24-01-02) publicity studies","Quintile 5","230","195","0.858"
"2021","(CAH24) media, journalism and communications","(CAH24-01-02) publicity studies","Quintile 5","230","190","0.8220000000000001"
"2022","(CAH24) media, journalism and communications","(CAH24-01-02) publicity studies","Quintile 5","230","180","0.791"
"2023","(CAH24) media, journalism and communications","(CAH24-01-02) publicity studies","Quintile 5","215","185","0.851"
"2019","(CAH24) media, journalism and communications","(CAH24-01-01) information services","Quintile 5","155","90","0.583"
"2020","(CAH24) media, journalism and communications","(CAH24-01-01) information services","Quintile 5","110","75","0.6940000000000001"
"2021","(CAH24) media, journalism and communications","(CAH24-01-01) information services","Quintile 5","145","90","0.618"
"2022","(CAH24) media, journalism and communications","(CAH24-01-01) information services","Quintile 5","155","65","0.425"
"2023","(CAH24) media, journalism and communications","(CAH24-01-01) information services","Quintile 5","175","80","0.463"
"2019","(CAH24) media, journalism and communications","(CAH24-01-04) journalism","Quintile 5","3335","2595","0.778"
"2020","(CAH24) media, journalism and communications","(CAH24-01-04) journalism","Quintile 5","3145","2615","0.8320000000000001"
"2021","(CAH24) media, journalism and communications","(CAH24-01-04) journalism","Quintile 5","3580","3115","0.87"
"2022","(CAH24) media, journalism and communications","(CAH24-01-04) journalism","Quintile 5","3945","3360","0.851"
"2023","(CAH24) media, journalism and communications","(CAH24-01-04) journalism","Quintile 5","3755","3265","0.87"
"2019","(CAH24) media, journalism and communications","(CAH24-01-03) publishing","Quintile 5","135","125","0.936"
"2020","(CAH24) media, journalism and communications","(CAH24-01-03) publishing","Quintile 5","105","100","0.962"
"2021","(CAH24) media, journalism and communications","(CAH24-01-03) publishing","Quintile 5","110","100","0.894"
"2022","(CAH24) media, journalism and communications","(CAH24-01-03) publishing","Quintile 5","120","110","0.931"
"2023","(CAH24) media, journalism and communications","(CAH24-01-03) publishing","Quintile 5","105","100","0.9470000000000001"
"2019","(CAH23) combined and general studies","(CAH23-01-04) liberal arts (non-specific)","Quintile 5","1240","1090","0.881"
"2020","(CAH23) combined and general studies","(CAH23-01-04) liberal arts (non-specific)","Quintile 5","1350","1200","0.888"
"2021","(CAH23) combined and general studies","(CAH23-01-04) liberal arts (non-specific)","Quintile 5","1610","1455","0.904"
"2022","(CAH23) combined and general studies","(CAH23-01-04) liberal arts (non-specific)","Quintile 5","1825","1495","0.8210000000000001"
"2023","(CAH23) combined and general studies","(CAH23-01-04) liberal arts (non-specific)","Quintile 5","1760","1540","0.876"
"2019","(CAH23) combined and general studies","(CAH23-01-03) humanities (non-specific)","Quintile 5","345","305","0.878"
"2020","(CAH23) combined and general studies","(CAH23-01-03) humanities (non-specific)","Quintile 5","275","250","0.907"
"2021","(CAH23) combined and general studies","(CAH23-01-03) humanities (non-specific)","Quintile 5","285","260","0.905"
"2022","(CAH23) combined and general studies","(CAH23-01-03) humanities (non-specific)","Quintile 5","330","295","0.89"
"2023","(CAH23) combined and general studies","(CAH23-01-03) humanities (non-specific)","Quintile 5","405","355","0.872"
"2019","(CAH23) combined and general studies","(CAH23-01-02) personal development","Quintile 5","545","370","0.675"
"2020","(CAH23) combined and general studies","(CAH23-01-02) personal development","Quintile 5","565","375","0.66"
"2021","(CAH23) combined and general studies","(CAH23-01-02) personal development","Quintile 5","650","445","0.686"
"2022","(CAH23) combined and general studies","(CAH23-01-02) personal development","Quintile 5","680","475","0.6990000000000001"
"2023","(CAH23) combined and general studies","(CAH23-01-02) personal development","Quintile 5","695","515","0.74"
"2019","(CAH23) combined and general studies","(CAH23-01-01) combined, general or negotiated studies","Quintile 5","1365","1115","0.8170000000000001"
"2020","(CAH23) combined and general studies","(CAH23-01-01) combined, general or negotiated studies","Quintile 5","1410","1215","0.862"
"2021","(CAH23) combined and general studies","(CAH23-01-01) combined, general or negotiated studies","Quintile 5","1410","1025","0.726"
"2022","(CAH23) combined and general studies","(CAH23-01-01) combined, general or negotiated studies","Quintile 5","1435","890","0.62"
"2023","(CAH23) combined and general studies","(CAH23-01-01) combined, general or negotiated studies","Quintile 5","1270","970","0.763"
"2019","(CAH17) business and management","(CAH17-01-03) marketing","Quintile 5","9020","7650","0.848"
"2020","(CAH17) business and management","(CAH17-01-03) marketing","Quintile 5","9010","7720","0.857"
"2021","(CAH17) business and management","(CAH17-01-03) marketing","Quintile 5","10420","8770","0.841"
"2022","(CAH17) business and management","(CAH17-01-03) marketing","Quintile 5","10730","8830","0.8230000000000001"
"2023","(CAH17) business and management","(CAH17-01-03) marketing","Quintile 5","10720","9035","0.843"
"2019","(CAH17) business and management","(CAH17-01-01) business and management (non-specific)","Quintile 5","10685","9150","0.856"
"2020","(CAH17) business and management","(CAH17-01-01) business and management (non-specific)","Quintile 5","12115","10545","0.87"
"2021","(CAH17) business and management","(CAH17-01-01) business and management (non-specific)","Quintile 5","13320","11730","0.881"
"2022","(CAH17) business and management","(CAH17-01-01) business and management (non-specific)","Quintile 5","13935","11870","0.852"
"2023","(CAH17) business and management","(CAH17-01-01) business and management (non-specific)","Quintile 5","14525","12685","0.873"
"2019","(CAH17) business and management","(CAH17-01-02) business studies","Quintile 5","19460","16510","0.848"
"2020","(CAH17) business and management","(CAH17-01-02) business studies","Quintile 5","18975","16120","0.85"
"2021","(CAH17) business and management","(CAH17-01-02) business studies","Quintile 5","19650","16345","0.8320000000000001"
"2022","(CAH17) business and management","(CAH17-01-02) business studies","Quintile 5","19620","15760","0.803"
"2023","(CAH17) business and management","(CAH17-01-02) business studies","Quintile 5","18895","15425","0.8160000000000001"
"2019","(CAH17) business and management","(CAH17-01-06) tourism, transport and travel","Quintile 5","5550","4900","0.883"
"2020","(CAH17) business and management","(CAH17-01-06) tourism, transport and travel","Quintile 5","5415","4845","0.895"
"2021","(CAH17) business and management","(CAH17-01-06) tourism, transport and travel","Quintile 5","5460","4945","0.905"
"2022","(CAH17) business and management","(CAH17-01-06) tourism, transport and travel","Quintile 5","5195","4785","0.921"
"2023","(CAH17) business and management","(CAH17-01-06) tourism, transport and travel","Quintile 5","4805","4395","0.914"
"2019","(CAH17) business and management","(CAH17-01-05) human resource management","Quintile 5","875","735","0.843"
"2020","(CAH17) business and management","(CAH17-01-05) human resource management","Quintile 5","960","815","0.846"
"2021","(CAH17) business and management","(CAH17-01-05) human resource management","Quintile 5","950","810","0.853"
"2022","(CAH17) business and management","(CAH17-01-05) human resource management","Quintile 5","770","640","0.8290000000000001"
"2023","(CAH17) business and management","(CAH17-01-05) human resource management","Quintile 5","795","660","0.8270000000000001"
"2019","(CAH17) business and management","(CAH17-01-04) management studies","Quintile 5","15250","11840","0.776"
"2020","(CAH17) business and management","(CAH17-01-04) management studies","Quintile 5","15110","11410","0.755"
"2021","(CAH17) business and management","(CAH17-01-04) management studies","Quintile 5","16550","12030","0.727"
"2022","(CAH17) business and management","(CAH17-01-04) management studies","Quintile 5","16815","10775","0.641"
"2023","(CAH17) business and management","(CAH17-01-04) management studies","Quintile 5","16515","11470","0.6950000000000001"
"2019","(CAH17) business and management","(CAH17-01-08) accounting","Quintile 5","9760","7895","0.809"
"2020","(CAH17) business and management","(CAH17-01-08) accounting","Quintile 5","9800","8045","0.8210000000000001"
"2021","(CAH17) business and management","(CAH17-01-08) accounting","Quintile 5","11175","9130","0.8170000000000001"
"2022","(CAH17) business and management","(CAH17-01-08) accounting","Quintile 5","10485","8175","0.78"
"2023","(CAH17) business and management","(CAH17-01-08) accounting","Quintile 5","11395","9115","0.8"
"2019","(CAH17) business and management","(CAH17-01-07) finance","Quintile 5","7920","6400","0.808"
"2020","(CAH17) business and management","(CAH17-01-07) finance","Quintile 5","7745","6250","0.807"
"2021","(CAH17) business and management","(CAH17-01-07) finance","Quintile 5","8770","7075","0.807"
"2022","(CAH17) business and management","(CAH17-01-07) finance","Quintile 5","9200","6825","0.742"
"2023","(CAH17) business and management","(CAH17-01-07) finance","Quintile 5","10135","7845","0.774"
"2019","(CAH17) business and management","(CAH17-01-09) others in business and management","Quintile 5","10","10"," "
"2020","(CAH17) business and management","(CAH17-01-09) others in business and management","Quintile 5","5","5"," "
"2021","(CAH17) business and management","(CAH17-01-09) others in business and management","Quintile 5","10","10"," "
"2022","(CAH17) business and management","(CAH17-01-09) others in business and management","Quintile 5","15","10"," "
"2023","(CAH17) business and management","(CAH17-01-09) others in business and management","Quintile 5","10","10"," "
"2019","(CAH15) social sciences","(CAH15-03-01) politics","Quintile 5","18470","15075","0.8160000000000001"
"2020","(CAH15) social sciences","(CAH15-03-01) politics","Quintile 5","18000","14615","0.812"
"2021","(CAH15) social sciences","(CAH15-03-01) politics","Quintile 5","19670","15240","0.775"
"2022","(CAH15) social sciences","(CAH15-03-01) politics","Quintile 5","19445","13855","0.713"
"2023","(CAH15) social sciences","(CAH15-03-01) politics","Quintile 5","21330","15845","0.743"
"2019","(CAH15) social sciences","(CAH15-01-04) anthropology","Quintile 5","2315","1855","0.802"
"2020","(CAH15) social sciences","(CAH15-01-04) anthropology","Quintile 5","2065","1640","0.795"
"2021","(CAH15) social sciences","(CAH15-01-04) anthropology","Quintile 5","2410","1750","0.726"
"2022","(CAH15) social sciences","(CAH15-01-04) anthropology","Quintile 5","2255","1560","0.6920000000000001"
"2023","(CAH15) social sciences","(CAH15-01-04) anthropology","Quintile 5","2150","1575","0.732"
"2019","(CAH15) social sciences","(CAH15-02-01) economics","Quintile 5","25315","19745","0.78"
"2020","(CAH15) social sciences","(CAH15-02-01) economics","Quintile 5","25130","19350","0.77"
"2021","(CAH15) social sciences","(CAH15-02-01) economics","Quintile 5","27090","19780","0.73"
"2022","(CAH15) social sciences","(CAH15-02-01) economics","Quintile 5","26225","16255","0.62"
"2023","(CAH15) social sciences","(CAH15-02-01) economics","Quintile 5","28895","18655","0.646"
"2019","(CAH15) social sciences","(CAH15-04-02) childhood and youth studies","Quintile 5","2300","1895","0.8250000000000001"
"2020","(CAH15) social sciences","(CAH15-04-02) childhood and youth studies","Quintile 5","2040","1725","0.846"
"2021","(CAH15) social sciences","(CAH15-04-02) childhood and youth studies","Quintile 5","2005","1715","0.855"
"2022","(CAH15) social sciences","(CAH15-04-02) childhood and youth studies","Quintile 5","1865","1605","0.859"
"2023","(CAH15) social sciences","(CAH15-04-02) childhood and youth studies","Quintile 5","1620","1410","0.872"
"2019","(CAH15) social sciences","(CAH15-04-01) social work","Quintile 5","5045","1960","0.388"
"2020","(CAH15) social sciences","(CAH15-04-01) social work","Quintile 5","5265","2345","0.446"
"2021","(CAH15) social sciences","(CAH15-04-01) social work","Quintile 5","5710","2505","0.439"
"2022","(CAH15) social sciences","(CAH15-04-01) social work","Quintile 5","4315","1845","0.427"
"2023","(CAH15) social sciences","(CAH15-04-01) social work","Quintile 5","3395","1620","0.47800000000000004"
"2019","(CAH15) social sciences","(CAH15-01-01) social sciences (non-specific)","Quintile 5","1635","1360","0.833"
"2020","(CAH15) social sciences","(CAH15-01-01) social sciences (non-specific)","Quintile 5","1655","1430","0.865"
"2021","(CAH15) social sciences","(CAH15-01-01) social sciences (non-specific)","Quintile 5","1780","1550","0.87"
"2022","(CAH15) social sciences","(CAH15-01-01) social sciences (non-specific)","Quintile 5","1690","1445","0.856"
"2023","(CAH15) social sciences","(CAH15-01-01) social sciences (non-specific)","Quintile 5","1585","1395","0.881"
"2019","(CAH15) social sciences","(CAH15-04-03) health studies","Quintile 5","1560","1390","0.891"
"2020","(CAH15) social sciences","(CAH15-04-03) health studies","Quintile 5","1505","1370","0.91"
"2021","(CAH15) social sciences","(CAH15-04-03) health studies","Quintile 5","1930","1800","0.932"
"2022","(CAH15) social sciences","(CAH15-04-03) health studies","Quintile 5","1690","1575","0.933"
"2023","(CAH15) social sciences","(CAH15-04-03) health studies","Quintile 5","1480","1375","0.93"
"2019","(CAH15) social sciences","(CAH15-01-03) social policy","Quintile 5","2115","1640","0.775"
"2020","(CAH15) social sciences","(CAH15-01-03) social policy","Quintile 5","1980","1530","0.773"
"2021","(CAH15) social sciences","(CAH15-01-03) social policy","Quintile 5","2320","1570","0.676"
"2022","(CAH15) social sciences","(CAH15-01-03) social policy","Quintile 5","1900","1220","0.643"
"2023","(CAH15) social sciences","(CAH15-01-03) social policy","Quintile 5","1710","1260","0.736"
"2019","(CAH15) social sciences","(CAH15-01-02) sociology","Quintile 5","19565","17545","0.897"
"2020","(CAH15) social sciences","(CAH15-01-02) sociology","Quintile 5","19640","17780","0.905"
"2021","(CAH15) social sciences","(CAH15-01-02) sociology","Quintile 5","21505","19005","0.884"
"2022","(CAH15) social sciences","(CAH15-01-02) sociology","Quintile 5","22305","19065","0.855"
"2023","(CAH15) social sciences","(CAH15-01-02) sociology","Quintile 5","20900","18490","0.885"
"2019","(CAH15) social sciences","(CAH15-01-05) development studies","Quintile 5","580","520","0.893"
"2020","(CAH15) social sciences","(CAH15-01-05) development studies","Quintile 5","685","645","0.9390000000000001"
"2021","(CAH15) social sciences","(CAH15-01-05) development studies","Quintile 5","730","685","0.937"
"2022","(CAH15) social sciences","(CAH15-01-05) development studies","Quintile 5","630","550","0.876"
"2023","(CAH15) social sciences","(CAH15-01-05) development studies","Quintile 5","680","595","0.877"
"2019","(CAH15) social sciences","(CAH15-01-06) cultural studies","Quintile 5","270","230","0.853"
"2020","(CAH15) social sciences","(CAH15-01-06) cultural studies","Quintile 5","205","175","0.85"
"2021","(CAH15) social sciences","(CAH15-01-06) cultural studies","Quintile 5","240","200","0.838"
"2022","(CAH15) social sciences","(CAH15-01-06) cultural studies","Quintile 5","225","185","0.8160000000000001"
"2023","(CAH15) social sciences","(CAH15-01-06) cultural studies","Quintile 5","205","175","0.862"
"2019","(CAH03) biological and sport sciences","(CAH03-02-01) sport and exercise sciences","Quintile 5","17215","14295","0.8300000000000001"
"2020","(CAH03) biological and sport sciences","(CAH03-02-01) sport and exercise sciences","Quintile 5","18170","14900","0.8200000000000001"
"2021","(CAH03) biological and sport sciences","(CAH03-02-01) sport and exercise sciences","Quintile 5","20880","17285","0.8280000000000001"
"2022","(CAH03) biological and sport sciences","(CAH03-02-01) sport and exercise sciences","Quintile 5","21960","17165","0.782"
"2023","(CAH03) biological and sport sciences","(CAH03-02-01) sport and exercise sciences","Quintile 5","20330","16500","0.811"
"2019","(CAH03) biological and sport sciences","(CAH03-01-07) genetics","Quintile 5","440","370","0.838"
"2020","(CAH03) biological and sport sciences","(CAH03-01-07) genetics","Quintile 5","415","350","0.84"
"2021","(CAH03) biological and sport sciences","(CAH03-01-07) genetics","Quintile 5","440","385","0.88"
"2022","(CAH03) biological and sport sciences","(CAH03-01-07) genetics","Quintile 5","410","350","0.85"
"2023","(CAH03) biological and sport sciences","(CAH03-01-07) genetics","Quintile 5","385","330","0.863"
"2019","(CAH03) biological and sport sciences","(CAH03-01-10) others in biosciences","Quintile 5","685","605","0.883"
"2020","(CAH03) biological and sport sciences","(CAH03-01-10) others in biosciences","Quintile 5","745","625","0.837"
"2021","(CAH03) biological and sport sciences","(CAH03-01-10) others in biosciences","Quintile 5","770","650","0.843"
"2022","(CAH03) biological and sport sciences","(CAH03-01-10) others in biosciences","Quintile 5","760","635","0.835"
"2023","(CAH03) biological and sport sciences","(CAH03-01-10) others in biosciences","Quintile 5","700","605","0.866"
"2019","(CAH03) biological and sport sciences","(CAH03-01-08) molecular biology, biophysics and biochemistry","Quintile 5","5560","4785","0.861"
"2020","(CAH03) biological and sport sciences","(CAH03-01-08) molecular biology, biophysics and biochemistry","Quintile 5","5685","4870","0.856"
"2021","(CAH03) biological and sport sciences","(CAH03-01-08) molecular biology, biophysics and biochemistry","Quintile 5","6135","5060","0.8250000000000001"
"2022","(CAH03) biological and sport sciences","(CAH03-01-08) molecular biology, biophysics and biochemistry","Quintile 5","5860","4425","0.755"
"2023","(CAH03) biological and sport sciences","(CAH03-01-08) molecular biology, biophysics and biochemistry","Quintile 5","6110","4835","0.791"
"2019","(CAH03) biological and sport sciences","(CAH03-01-01) biosciences (non-specific)","Quintile 5","3845","3330","0.866"
"2020","(CAH03) biological and sport sciences","(CAH03-01-01) biosciences (non-specific)","Quintile 5","4005","3485","0.87"
"2021","(CAH03) biological and sport sciences","(CAH03-01-01) biosciences (non-specific)","Quintile 5","4245","3565","0.84"
"2022","(CAH03) biological and sport sciences","(CAH03-01-01) biosciences (non-specific)","Quintile 5","3925","3115","0.794"
"2023","(CAH03) biological and sport sciences","(CAH03-01-01) biosciences (non-specific)","Quintile 5","4045","3440","0.85"
"2019","(CAH03) biological and sport sciences","(CAH03-01-02) biology (non-specific)","Quintile 5","7220","6245","0.865"
"2020","(CAH03) biological and sport sciences","(CAH03-01-02) biology (non-specific)","Quintile 5","7165","6075","0.848"
"2021","(CAH03) biological and sport sciences","(CAH03-01-02) biology (non-specific)","Quintile 5","6815","5655","0.8300000000000001"
"2022","(CAH03) biological and sport sciences","(CAH03-01-02) biology (non-specific)","Quintile 5","6030","4740","0.786"
"2023","(CAH03) biological and sport sciences","(CAH03-01-02) biology (non-specific)","Quintile 5","6515","5380","0.8260000000000001"
"2019","(CAH03) biological and sport sciences","(CAH03-01-03) ecology and environmental biology","Quintile 5","2080","1840","0.886"
"2020","(CAH03) biological and sport sciences","(CAH03-01-03) ecology and environmental biology","Quintile 5","2390","2105","0.881"
"2021","(CAH03) biological and sport sciences","(CAH03-01-03) ecology and environmental biology","Quintile 5","2805","2430","0.867"
"2022","(CAH03) biological and sport sciences","(CAH03-01-03) ecology and environmental biology","Quintile 5","3025","2615","0.864"
"2023","(CAH03) biological and sport sciences","(CAH03-01-03) ecology and environmental biology","Quintile 5","2905","2540","0.875"
"2019","(CAH03) biological and sport sciences","(CAH03-01-04) microbiology and cell science","Quintile 5","1075","925","0.862"
"2020","(CAH03) biological and sport sciences","(CAH03-01-04) microbiology and cell science","Quintile 5","1005","845","0.839"
"2021","(CAH03) biological and sport sciences","(CAH03-01-04) microbiology and cell science","Quintile 5","1120","930","0.8300000000000001"
"2022","(CAH03) biological and sport sciences","(CAH03-01-04) microbiology and cell science","Quintile 5","1035","840","0.81"
"2023","(CAH03) biological and sport sciences","(CAH03-01-04) microbiology and cell science","Quintile 5","970","825","0.853"
"2019","(CAH03) biological and sport sciences","(CAH03-01-05) plant sciences","Quintile 5","50","40","0.8200000000000001"
"2020","(CAH03) biological and sport sciences","(CAH03-01-05) plant sciences","Quintile 5","50","35","0.747"
"2021","(CAH03) biological and sport sciences","(CAH03-01-05) plant sciences","Quintile 5","80","65","0.8230000000000001"
"2022","(CAH03) biological and sport sciences","(CAH03-01-05) plant sciences","Quintile 5","85","65","0.782"
"2023","(CAH03) biological and sport sciences","(CAH03-01-05) plant sciences","Quintile 5","105","80","0.765"
"2019","(CAH03) biological and sport sciences","(CAH03-01-06) zoology","Quintile 5","2455","2080","0.847"
"2020","(CAH03) biological and sport sciences","(CAH03-01-06) zoology","Quintile 5","2415","1990","0.8250000000000001"
"2021","(CAH03) biological and sport sciences","(CAH03-01-06) zoology","Quintile 5","2825","2340","0.8290000000000001"
"2022","(CAH03) biological and sport sciences","(CAH03-01-06) zoology","Quintile 5","2805","2275","0.811"
"2023","(CAH03) biological and sport sciences","(CAH03-01-06) zoology","Quintile 5","2635","2220","0.843"
"2019","(CAH03) biological and sport sciences","(CAH03-01-09) hair and beauty sciences","Quintile 5","30","15","0.502"
"2020","(CAH03) biological and sport sciences","(CAH03-01-09) hair and beauty sciences","Quintile 5","25","15","0.52"
"2021","(CAH03) biological and sport sciences","(CAH03-01-09) hair and beauty sciences","Quintile 5","30","15","0.467"
"2022","(CAH03) biological and sport sciences","(CAH03-01-09) hair and beauty sciences","Quintile 5","20","15","0.85"
"2023","(CAH03) biological and sport sciences","(CAH03-01-09) hair and beauty sciences","Quintile 5","20","10","0.6"
"2019","(CAH13) architecture, building and planning","(CAH13-01-01) architecture","Quintile 5","6700","4250","0.634"
"2020","(CAH13) architecture, building and planning","(CAH13-01-01) architecture","Quintile 5","7240","4700","0.649"
"2021","(CAH13) architecture, building and planning","(CAH13-01-01) architecture","Quintile 5","7765","4920","0.634"
"2022","(CAH13) architecture, building and planning","(CAH13-01-01) architecture","Quintile 5","8290","5050","0.609"
"2023","(CAH13) architecture, building and planning","(CAH13-01-01) architecture","Quintile 5","7795","4925","0.632"
"2019","(CAH13) architecture, building and planning","(CAH13-01-03) landscape design","Quintile 5","140","100","0.729"
"2020","(CAH13) architecture, building and planning","(CAH13-01-03) landscape design","Quintile 5","140","95","0.681"
"2021","(CAH13) architecture, building and planning","(CAH13-01-03) landscape design","Quintile 5","150","100","0.682"
"2022","(CAH13) architecture, building and planning","(CAH13-01-03) landscape design","Quintile 5","160","115","0.717"
"2023","(CAH13) architecture, building and planning","(CAH13-01-03) landscape design","Quintile 5","170","115","0.677"
"2019","(CAH13) architecture, building and planning","(CAH13-01-02) building","Quintile 5","3905","3440","0.88"
"2020","(CAH13) architecture, building and planning","(CAH13-01-02) building","Quintile 5","3930","3475","0.884"
"2021","(CAH13) architecture, building and planning","(CAH13-01-02) building","Quintile 5","4280","3855","0.9"
"2022","(CAH13) architecture, building and planning","(CAH13-01-02) building","Quintile 5","4220","3905","0.926"
"2023","(CAH13) architecture, building and planning","(CAH13-01-02) building","Quintile 5","3865","3550","0.918"
"2019","(CAH13) architecture, building and planning","(CAH13-01-04) planning (urban, rural and regional)","Quintile 5","1355","1180","0.871"
"2020","(CAH13) architecture, building and planning","(CAH13-01-04) planning (urban, rural and regional)","Quintile 5","1475","1305","0.883"
"2021","(CAH13) architecture, building and planning","(CAH13-01-04) planning (urban, rural and regional)","Quintile 5","1345","1125","0.838"
"2022","(CAH13) architecture, building and planning","(CAH13-01-04) planning (urban, rural and regional)","Quintile 5","1460","1140","0.78"
"2023","(CAH13) architecture, building and planning","(CAH13-01-04) planning (urban, rural and regional)","Quintile 5","1425","1105","0.774"
"2019","(CAH01) medicine and dentistry","(CAH01-01-03) medicine by specialism","Quintile 5","205","105","0.52"
"2020","(CAH01) medicine and dentistry","(CAH01-01-03) medicine by specialism","Quintile 5","245","160","0.643"
"2021","(CAH01) medicine and dentistry","(CAH01-01-03) medicine by specialism","Quintile 5","280","140","0.498"
"2022","(CAH01) medicine and dentistry","(CAH01-01-03) medicine by specialism","Quintile 5","330","175","0.532"
"2023","(CAH01) medicine and dentistry","(CAH01-01-03) medicine by specialism","Quintile 5","250","150","0.59"
"2019","(CAH01) medicine and dentistry","(CAH01-01-04) dentistry","Quintile 5","4885","1310","0.268"
"2020","(CAH01) medicine and dentistry","(CAH01-01-04) dentistry","Quintile 5","5050","1300","0.257"
"2021","(CAH01) medicine and dentistry","(CAH01-01-04) dentistry","Quintile 5","5515","950","0.17200000000000001"
"2022","(CAH01) medicine and dentistry","(CAH01-01-04) dentistry","Quintile 5","5825","715","0.123"
"2023","(CAH01) medicine and dentistry","(CAH01-01-04) dentistry","Quintile 5","6900","895","0.13"
"2019","(CAH01) medicine and dentistry","(CAH01-01-02) medicine (non-specific)","Quintile 5","24955","8850","0.355"
"2020","(CAH01) medicine and dentistry","(CAH01-01-02) medicine (non-specific)","Quintile 5","25925","8755","0.338"
"2021","(CAH01) medicine and dentistry","(CAH01-01-02) medicine (non-specific)","Quintile 5","31435","7670","0.244"
"2022","(CAH01) medicine and dentistry","(CAH01-01-02) medicine (non-specific)","Quintile 5","32690","6320","0.193"
"2023","(CAH01) medicine and dentistry","(CAH01-01-02) medicine (non-specific)","Quintile 5","28845","7450","0.258"
"2019","(CAH01) medicine and dentistry","(CAH01-01-01) medical sciences (non-specific)","Quintile 5","480","415","0.865"
"2020","(CAH01) medicine and dentistry","(CAH01-01-01) medical sciences (non-specific)","Quintile 5","520","450","0.862"
"2021","(CAH01) medicine and dentistry","(CAH01-01-01) medical sciences (non-specific)","Quintile 5","455","380","0.839"
"2022","(CAH01) medicine and dentistry","(CAH01-01-01) medical sciences (non-specific)","Quintile 5","600","380","0.63"
"2023","(CAH01) medicine and dentistry","(CAH01-01-01) medical sciences (non-specific)","Quintile 5","640","435","0.68"
"2019","(CAH20) historical, philosophical and religious studies","(CAH20-01-01) history","Quintile 5","20730","17525","0.846"
"2020","(CAH20) historical, philosophical and religious studies","(CAH20-01-01) history","Quintile 5","18885","16110","0.853"
"2021","(CAH20) historical, philosophical and religious studies","(CAH20-01-01) history","Quintile 5","17895","14840","0.8290000000000001"
"2022","(CAH20) historical, philosophical and religious studies","(CAH20-01-01) history","Quintile 5","18170","14115","0.777"
"2023","(CAH20) historical, philosophical and religious studies","(CAH20-01-01) history","Quintile 5","18640","14940","0.801"
"2019","(CAH20) historical, philosophical and religious studies","(CAH20-01-03) archaeology","Quintile 5","1075","925","0.859"
"2020","(CAH20) historical, philosophical and religious studies","(CAH20-01-03) archaeology","Quintile 5","1015","895","0.884"
"2021","(CAH20) historical, philosophical and religious studies","(CAH20-01-03) archaeology","Quintile 5","1010","880","0.872"
"2022","(CAH20) historical, philosophical and religious studies","(CAH20-01-03) archaeology","Quintile 5","1175","950","0.807"
"2023","(CAH20) historical, philosophical and religious studies","(CAH20-01-03) archaeology","Quintile 5","1395","1190","0.855"
"2019","(CAH20) historical, philosophical and religious studies","(CAH20-01-05) classics","Quintile 5","2765","2490","0.9"
"2020","(CAH20) historical, philosophical and religious studies","(CAH20-01-05) classics","Quintile 5","2850","2500","0.877"
"2021","(CAH20) historical, philosophical and religious studies","(CAH20-01-05) classics","Quintile 5","2675","2260","0.845"
"2022","(CAH20) historical, philosophical and religious studies","(CAH20-01-05) classics","Quintile 5","3105","2235","0.72"
"2023","(CAH20) historical, philosophical and religious studies","(CAH20-01-05) classics","Quintile 5","3375","2590","0.767"
"2019","(CAH20) historical, philosophical and religious studies","(CAH20-01-02) history of art, architecture and design","Quintile 5","2245","1700","0.757"
"2020","(CAH20) historical, philosophical and religious studies","(CAH20-01-02) history of art, architecture and design","Quintile 5","2125","1640","0.773"
"2021","(CAH20) historical, philosophical and religious studies","(CAH20-01-02) history of art, architecture and design","Quintile 5","2075","1630","0.785"
"2022","(CAH20) historical, philosophical and religious studies","(CAH20-01-02) history of art, architecture and design","Quintile 5","2345","1715","0.732"
"2023","(CAH20) historical, philosophical and religious studies","(CAH20-01-02) history of art, architecture and design","Quintile 5","2195","1655","0.755"
"2019","(CAH20) historical, philosophical and religious studies","(CAH20-02-01) philosophy","Quintile 5","6590","5350","0.812"
"2020","(CAH20) historical, philosophical and religious studies","(CAH20-02-01) philosophy","Quintile 5","6775","5525","0.8160000000000001"
"2021","(CAH20) historical, philosophical and religious studies","(CAH20-02-01) philosophy","Quintile 5","7110","5530","0.778"
"2022","(CAH20) historical, philosophical and religious studies","(CAH20-02-01) philosophy","Quintile 5","7915","5585","0.706"
"2023","(CAH20) historical, philosophical and religious studies","(CAH20-02-01) philosophy","Quintile 5","7650","5660","0.74"
"2019","(CAH20) historical, philosophical and religious studies","(CAH20-02-02) theology and religious studies","Quintile 5","1585","1380","0.871"
"2020","(CAH20) historical, philosophical and religious studies","(CAH20-02-02) theology and religious studies","Quintile 5","1590","1370","0.86"
"2021","(CAH20) historical, philosophical and religious studies","(CAH20-02-02) theology and religious studies","Quintile 5","1450","1230","0.847"
"2022","(CAH20) historical, philosophical and religious studies","(CAH20-02-02) theology and religious studies","Quintile 5","1310","1085","0.8280000000000001"
"2023","(CAH20) historical, philosophical and religious studies","(CAH20-02-02) theology and religious studies","Quintile 5","1490","1290","0.866"
"2019","(CAH20) historical, philosophical and religious studies","(CAH20-01-04) heritage studies","Quintile 5","20","10","0.617"
"2020","(CAH20) historical, philosophical and religious studies","(CAH20-01-04) heritage studies","Quintile 5","20","15","0.841"
"2021","(CAH20) historical, philosophical and religious studies","(CAH20-01-04) heritage studies","Quintile 5","30","25","0.868"
"2022","(CAH20) historical, philosophical and religious studies","(CAH20-01-04) heritage studies","Quintile 5","30","25","0.85"
"2023","(CAH20) historical, philosophical and religious studies","(CAH20-01-04) heritage studies","Quintile 5","25","25","0.9520000000000001"
"2019","(CAH11) computing","(CAH11-01-08) others in computing","Quintile 5","1045","935","0.893"
"2020","(CAH11) computing","(CAH11-01-08) others in computing","Quintile 5","985","890","0.906"
"2021","(CAH11) computing","(CAH11-01-08) others in computing","Quintile 5","900","805","0.897"
"2022","(CAH11) computing","(CAH11-01-08) others in computing","Quintile 5","1030","895","0.869"
"2023","(CAH11) computing","(CAH11-01-08) others in computing","Quintile 5","1030","890","0.864"
"2019","(CAH11) computing","(CAH11-01-05) artificial intelligence","Quintile 5","610","410","0.669"
"2020","(CAH11) computing","(CAH11-01-05) artificial intelligence","Quintile 5","730","500","0.684"
"2021","(CAH11) computing","(CAH11-01-05) artificial intelligence","Quintile 5","990","555","0.56"
"2022","(CAH11) computing","(CAH11-01-05) artificial intelligence","Quintile 5","985","490","0.498"
"2023","(CAH11) computing","(CAH11-01-05) artificial intelligence","Quintile 5","1065","590","0.553"
"2019","(CAH11) computing","(CAH11-01-07) business computing","Quintile 5","1265","1140","0.902"
"2020","(CAH11) computing","(CAH11-01-07) business computing","Quintile 5","1085","995","0.916"
"2021","(CAH11) computing","(CAH11-01-07) business computing","Quintile 5","1000","920","0.922"
"2022","(CAH11) computing","(CAH11-01-07) business computing","Quintile 5","965","885","0.917"
"2023","(CAH11) computing","(CAH11-01-07) business computing","Quintile 5","875","805","0.917"
"2019","(CAH11) computing","(CAH11-01-06) computer games and animation","Quintile 5","4005","3110","0.777"
"2020","(CAH11) computing","(CAH11-01-06) computer games and animation","Quintile 5","3870","3025","0.781"
"2021","(CAH11) computing","(CAH11-01-06) computer games and animation","Quintile 5","4125","3275","0.794"
"2022","(CAH11) computing","(CAH11-01-06) computer games and animation","Quintile 5","5140","3995","0.777"
"2023","(CAH11) computing","(CAH11-01-06) computer games and animation","Quintile 5","5090","4015","0.789"
"2019","(CAH11) computing","(CAH11-01-01) computer science","Quintile 5","18320","14080","0.769"
"2020","(CAH11) computing","(CAH11-01-01) computer science","Quintile 5","19045","14570","0.765"
"2021","(CAH11) computing","(CAH11-01-01) computer science","Quintile 5","20150","14450","0.717"
"2022","(CAH11) computing","(CAH11-01-01) computer science","Quintile 5","23510","16020","0.681"
"2023","(CAH11) computing","(CAH11-01-01) computer science","Quintile 5","25540","17185","0.673"
"2019","(CAH11) computing","(CAH11-01-02) information technology","Quintile 5","725","615","0.851"
"2020","(CAH11) computing","(CAH11-01-02) information technology","Quintile 5","700","600","0.86"
"2021","(CAH11) computing","(CAH11-01-02) information technology","Quintile 5","580","510","0.878"
"2022","(CAH11) computing","(CAH11-01-02) information technology","Quintile 5","610","530","0.866"
"2023","(CAH11) computing","(CAH11-01-02) information technology","Quintile 5","610","520","0.85"
"2019","(CAH11) computing","(CAH11-01-03) information systems","Quintile 5","710","660","0.926"
"2020","(CAH11) computing","(CAH11-01-03) information systems","Quintile 5","685","630","0.919"
"2021","(CAH11) computing","(CAH11-01-03) information systems","Quintile 5","690","630","0.91"
"2022","(CAH11) computing","(CAH11-01-03) information systems","Quintile 5","770","685","0.889"
"2023","(CAH11) computing","(CAH11-01-03) information systems","Quintile 5","730","645","0.885"
"2019","(CAH11) computing","(CAH11-01-04) software engineering","Quintile 5","2755","2345","0.85"
"2020","(CAH11) computing","(CAH11-01-04) software engineering","Quintile 5","2900","2505","0.864"
"2021","(CAH11) computing","(CAH11-01-04) software engineering","Quintile 5","3460","2965","0.857"
"2022","(CAH11) computing","(CAH11-01-04) software engineering","Quintile 5","3935","3335","0.848"
"2023","(CAH11) computing","(CAH11-01-04) software engineering","Quintile 5","4240","3480","0.8200000000000001"
"2019","(CAH26) geography, earth and environmental studies","(CAH26-01-05) others in geographical studies","Quintile 5","5","5"," "
"2019","(CAH26) geography, earth and environmental studies","(CAH26-01-06) earth sciences","Quintile 5","2645","2280","0.861"
"2020","(CAH26) geography, earth and environmental studies","(CAH26-01-06) earth sciences","Quintile 5","2430","2010","0.8270000000000001"
"2021","(CAH26) geography, earth and environmental studies","(CAH26-01-06) earth sciences","Quintile 5","2640","2210","0.838"
"2022","(CAH26) geography, earth and environmental studies","(CAH26-01-06) earth sciences","Quintile 5","2805","2355","0.84"
"2023","(CAH26) geography, earth and environmental studies","(CAH26-01-06) earth sciences","Quintile 5","2650","2245","0.848"
"2019","(CAH26) geography, earth and environmental studies","(CAH26-01-04) environmental sciences","Quintile 5","1560","1405","0.902"
"2020","(CAH26) geography, earth and environmental studies","(CAH26-01-04) environmental sciences","Quintile 5","1860","1665","0.896"
"2021","(CAH26) geography, earth and environmental studies","(CAH26-01-04) environmental sciences","Quintile 5","2175","1990","0.914"
"2022","(CAH26) geography, earth and environmental studies","(CAH26-01-04) environmental sciences","Quintile 5","2270","2045","0.901"
"2023","(CAH26) geography, earth and environmental studies","(CAH26-01-04) environmental sciences","Quintile 5","2375","2185","0.921"
"2019","(CAH26) geography, earth and environmental studies","(CAH26-01-02) physical geographical sciences","Quintile 5","4775","4395","0.92"
"2020","(CAH26) geography, earth and environmental studies","(CAH26-01-02) physical geographical sciences","Quintile 5","4670","4315","0.924"
"2021","(CAH26) geography, earth and environmental studies","(CAH26-01-02) physical geographical sciences","Quintile 5","4985","4525","0.908"
"2022","(CAH26) geography, earth and environmental studies","(CAH26-01-02) physical geographical sciences","Quintile 5","4990","4230","0.847"
"2023","(CAH26) geography, earth and environmental studies","(CAH26-01-02) physical geographical sciences","Quintile 5","5195","4625","0.89"
"2019","(CAH26) geography, earth and environmental studies","(CAH26-01-01) geography (non-specific)","Quintile 5","2275","2065","0.908"
"2020","(CAH26) geography, earth and environmental studies","(CAH26-01-01) geography (non-specific)","Quintile 5","2305","2070","0.897"
"2021","(CAH26) geography, earth and environmental studies","(CAH26-01-01) geography (non-specific)","Quintile 5","2515","2150","0.855"
"2022","(CAH26) geography, earth and environmental studies","(CAH26-01-01) geography (non-specific)","Quintile 5","2565","2215","0.863"
"2023","(CAH26) geography, earth and environmental studies","(CAH26-01-01) geography (non-specific)","Quintile 5","2735","2390","0.874"
"2019","(CAH26) geography, earth and environmental studies","(CAH26-01-03) human geography","Quintile 5","6930","6375","0.92"
"2020","(CAH26) geography, earth and environmental studies","(CAH26-01-03) human geography","Quintile 5","6840","6355","0.929"
"2021","(CAH26) geography, earth and environmental studies","(CAH26-01-03) human geography","Quintile 5","6800","5895","0.867"
"2022","(CAH26) geography, earth and environmental studies","(CAH26-01-03) human geography","Quintile 5","6995","5580","0.798"
"2023","(CAH26) geography, earth and environmental studies","(CAH26-01-03) human geography","Quintile 5","7410","6420","0.867"
"2019","(CAH07) physical sciences","(CAH07-04-02) forensic and archaeological sciences","Quintile 5","1820","1670","0.918"
"2020","(CAH07) physical sciences","(CAH07-04-02) forensic and archaeological sciences","Quintile 5","1725","1585","0.919"
"2021","(CAH07) physical sciences","(CAH07-04-02) forensic and archaeological sciences","Quintile 5","1875","1740","0.929"
"2022","(CAH07) physical sciences","(CAH07-04-02) forensic and archaeological sciences","Quintile 5","2180","1980","0.908"
"2023","(CAH07) physical sciences","(CAH07-04-02) forensic and archaeological sciences","Quintile 5","1950","1765","0.905"
"2019","(CAH07) physical sciences","(CAH07-04-03) sciences (non-specific)","Quintile 5","245","205","0.8320000000000001"
"2020","(CAH07) physical sciences","(CAH07-04-03) sciences (non-specific)","Quintile 5","345","285","0.8240000000000001"
"2021","(CAH07) physical sciences","(CAH07-04-03) sciences (non-specific)","Quintile 5","305","220","0.724"
"2022","(CAH07) physical sciences","(CAH07-04-03) sciences (non-specific)","Quintile 5","335","230","0.68"
"2023","(CAH07) physical sciences","(CAH07-04-03) sciences (non-specific)","Quintile 5","410","285","0.6940000000000001"
"2019","(CAH07) physical sciences","(CAH07-04-04) natural sciences (non-specific)","Quintile 5","1605","1455","0.907"
"2020","(CAH07) physical sciences","(CAH07-04-04) natural sciences (non-specific)","Quintile 5","1815","1600","0.882"
"2021","(CAH07) physical sciences","(CAH07-04-04) natural sciences (non-specific)","Quintile 5","1770","1600","0.904"
"2022","(CAH07) physical sciences","(CAH07-04-04) natural sciences (non-specific)","Quintile 5","1720","1525","0.888"
"2023","(CAH07) physical sciences","(CAH07-04-04) natural sciences (non-specific)","Quintile 5","1525","1430","0.936"
"2019","(CAH07) physical sciences","(CAH07-02-01) chemistry","Quintile 5","7755","6895","0.889"
"2020","(CAH07) physical sciences","(CAH07-02-01) chemistry","Quintile 5","7615","6695","0.879"
"2021","(CAH07) physical sciences","(CAH07-02-01) chemistry","Quintile 5","7335","6445","0.879"
"2022","(CAH07) physical sciences","(CAH07-02-01) chemistry","Quintile 5","7180","6070","0.845"
"2023","(CAH07) physical sciences","(CAH07-02-01) chemistry","Quintile 5","7725","6510","0.843"
"2019","(CAH07) physical sciences","(CAH07-01-02) astronomy","Quintile 5","955","770","0.808"
"2020","(CAH07) physical sciences","(CAH07-01-02) astronomy","Quintile 5","1000","770","0.769"
"2021","(CAH07) physical sciences","(CAH07-01-02) astronomy","Quintile 5","1200","920","0.766"
"2022","(CAH07) physical sciences","(CAH07-01-02) astronomy","Quintile 5","1275","860","0.676"
"2023","(CAH07) physical sciences","(CAH07-01-02) astronomy","Quintile 5","1085","820","0.755"
"2019","(CAH07) physical sciences","(CAH07-01-01) physics","Quintile 5","8485","6880","0.811"
"2020","(CAH07) physical sciences","(CAH07-01-01) physics","Quintile 5","8980","7070","0.787"
"2021","(CAH07) physical sciences","(CAH07-01-01) physics","Quintile 5","9005","7035","0.781"
"2022","(CAH07) physical sciences","(CAH07-01-01) physics","Quintile 5","8645","6290","0.727"
"2023","(CAH07) physical sciences","(CAH07-01-01) physics","Quintile 5","8185","6485","0.792"
"2019","(CAH07) physical sciences","(CAH07-04-01) physical sciences (non-specific)","Quintile 5","115","40","0.362"
"2020","(CAH07) physical sciences","(CAH07-04-01) physical sciences (non-specific)","Quintile 5","20","5"," "
"2021","(CAH07) physical sciences","(CAH07-04-01) physical sciences (non-specific)","Quintile 5","30","5"," "
"2022","(CAH07) physical sciences","(CAH07-04-01) physical sciences (non-specific)","Quintile 5","25","5"," "
"2023","(CAH07) physical sciences","(CAH07-04-01) physical sciences (non-specific)","Quintile 5","25","5"," "
"2019","(CAH04) psychology","(CAH04-01-02) applied psychology","Quintile 5","2665","2335","0.876"
"2020","(CAH04) psychology","(CAH04-01-02) applied psychology","Quintile 5","2960","2645","0.894"
"2021","(CAH04) psychology","(CAH04-01-02) applied psychology","Quintile 5","3485","3105","0.891"
"2022","(CAH04) psychology","(CAH04-01-02) applied psychology","Quintile 5","3285","2965","0.902"
"2023","(CAH04) psychology","(CAH04-01-02) applied psychology","Quintile 5","3165","2860","0.903"
"2019","(CAH04) psychology","(CAH04-01-04) psychology and health","Quintile 5","180","165","0.905"
"2020","(CAH04) psychology","(CAH04-01-04) psychology and health","Quintile 5","205","185","0.912"
"2021","(CAH04) psychology","(CAH04-01-04) psychology and health","Quintile 5","235","210","0.903"
"2022","(CAH04) psychology","(CAH04-01-04) psychology and health","Quintile 5","225","210","0.9380000000000001"
"2023","(CAH04) psychology","(CAH04-01-04) psychology and health","Quintile 5","210","185","0.869"
"2019","(CAH04) psychology","(CAH04-01-03) developmental psychology","Quintile 5","375","340","0.91"
"2020","(CAH04) psychology","(CAH04-01-03) developmental psychology","Quintile 5","370","325","0.88"
"2021","(CAH04) psychology","(CAH04-01-03) developmental psychology","Quintile 5","380","355","0.928"
"2022","(CAH04) psychology","(CAH04-01-03) developmental psychology","Quintile 5","480","405","0.849"
"2023","(CAH04) psychology","(CAH04-01-03) developmental psychology","Quintile 5","515","460","0.893"
"2019","(CAH04) psychology","(CAH04-01-01) psychology (non-specific)","Quintile 5","28750","24205","0.842"
"2020","(CAH04) psychology","(CAH04-01-01) psychology (non-specific)","Quintile 5","30120","25375","0.842"
"2021","(CAH04) psychology","(CAH04-01-01) psychology (non-specific)","Quintile 5","31680","25730","0.812"
"2022","(CAH04) psychology","(CAH04-01-01) psychology (non-specific)","Quintile 5","33095","24570","0.742"
"2023","(CAH04) psychology","(CAH04-01-01) psychology (non-specific)","Quintile 5","32900","25780","0.784"
"2019","(CAH04) psychology","(CAH04-01-05) others in psychology","Quintile 5","405","360","0.893"
"2020","(CAH04) psychology","(CAH04-01-05) others in psychology","Quintile 5","385","340","0.877"
"2021","(CAH04) psychology","(CAH04-01-05) others in psychology","Quintile 5","440","405","0.915"
"2022","(CAH04) psychology","(CAH04-01-05) others in psychology","Quintile 5","470","405","0.857"
"2023","(CAH04) psychology","(CAH04-01-05) others in psychology","Quintile 5","365","320","0.873"
"2019","(CAH09) mathematical sciences","(CAH09-01-01) mathematics","Quintile 5","13290","10935","0.8230000000000001"
"2020","(CAH09) mathematical sciences","(CAH09-01-01) mathematics","Quintile 5","13275","10910","0.8220000000000001"
"2021","(CAH09) mathematical sciences","(CAH09-01-01) mathematics","Quintile 5","13510","10945","0.81"
"2022","(CAH09) mathematical sciences","(CAH09-01-01) mathematics","Quintile 5","13215","10115","0.765"
"2023","(CAH09) mathematical sciences","(CAH09-01-01) mathematics","Quintile 5","13765","10385","0.754"
"2019","(CAH09) mathematical sciences","(CAH09-01-02) operational research","Quintile 5","55","55","0.972"
"2020","(CAH09) mathematical sciences","(CAH09-01-02) operational research","Quintile 5","60","50","0.867"
"2021","(CAH09) mathematical sciences","(CAH09-01-02) operational research","Quintile 5","45","45","1.0010000000000001"
"2022","(CAH09) mathematical sciences","(CAH09-01-02) operational research","Quintile 5","55","50","0.903"
"2023","(CAH09) mathematical sciences","(CAH09-01-02) operational research","Quintile 5","60","60","1.0010000000000001"
"2019","(CAH09) mathematical sciences","(CAH09-01-03) statistics","Quintile 5","585","445","0.761"
"2020","(CAH09) mathematical sciences","(CAH09-01-03) statistics","Quintile 5","620","480","0.776"
"2021","(CAH09) mathematical sciences","(CAH09-01-03) statistics","Quintile 5","780","560","0.717"
"2022","(CAH09) mathematical sciences","(CAH09-01-03) statistics","Quintile 5","835","525","0.632"
"2023","(CAH09) mathematical sciences","(CAH09-01-03) statistics","Quintile 5","895","525","0.585"
"2019","(CAH22) education and teaching","(CAH22-01-01) education","Quintile 5","5210","4115","0.789"
"2020","(CAH22) education and teaching","(CAH22-01-01) education","Quintile 5","4715","3615","0.767"
"2021","(CAH22) education and teaching","(CAH22-01-01) education","Quintile 5","5005","3905","0.78"
"2022","(CAH22) education and teaching","(CAH22-01-01) education","Quintile 5","4845","3660","0.755"
"2023","(CAH22) education and teaching","(CAH22-01-01) education","Quintile 5","4460","3580","0.802"
"2019","(CAH22) education and teaching","(CAH22-01-02) teacher training","Quintile 5","13535","5245","0.388"
"2020","(CAH22) education and teaching","(CAH22-01-02) teacher training","Quintile 5","13065","5415","0.41500000000000004"
"2021","(CAH22) education and teaching","(CAH22-01-02) teacher training","Quintile 5","15350","6130","0.399"
"2022","(CAH22) education and teaching","(CAH22-01-02) teacher training","Quintile 5","12980","5640","0.435"
"2023","(CAH22) education and teaching","(CAH22-01-02) teacher training","Quintile 5","10770","4985","0.463"
"2019","(CAH06) agriculture, food and related studies","(CAH06-01-04) rural estate management","Quintile 5","95","85","0.918"
"2020","(CAH06) agriculture, food and related studies","(CAH06-01-04) rural estate management","Quintile 5","105","95","0.911"
"2021","(CAH06) agriculture, food and related studies","(CAH06-01-04) rural estate management","Quintile 5","130","120","0.91"
"2022","(CAH06) agriculture, food and related studies","(CAH06-01-04) rural estate management","Quintile 5","130","125","0.9590000000000001"
"2023","(CAH06) agriculture, food and related studies","(CAH06-01-04) rural estate management","Quintile 5","135","130","0.9560000000000001"
"2019","(CAH06) agriculture, food and related studies","(CAH06-01-02) agricultural sciences","Quintile 5","160","145","0.902"
"2020","(CAH06) agriculture, food and related studies","(CAH06-01-02) agricultural sciences","Quintile 5","160","145","0.916"
"2021","(CAH06) agriculture, food and related studies","(CAH06-01-02) agricultural sciences","Quintile 5","145","140","0.9540000000000001"
"2022","(CAH06) agriculture, food and related studies","(CAH06-01-02) agricultural sciences","Quintile 5","155","150","0.962"
"2023","(CAH06) agriculture, food and related studies","(CAH06-01-02) agricultural sciences","Quintile 5","155","155","0.993"
"2019","(CAH06) agriculture, food and related studies","(CAH06-01-03) agriculture","Quintile 5","1340","1170","0.871"
"2020","(CAH06) agriculture, food and related studies","(CAH06-01-03) agriculture","Quintile 5","1415","1250","0.885"
"2021","(CAH06) agriculture, food and related studies","(CAH06-01-03) agriculture","Quintile 5","1605","1425","0.889"
"2022","(CAH06) agriculture, food and related studies","(CAH06-01-03) agriculture","Quintile 5","1710","1545","0.903"
"2023","(CAH06) agriculture, food and related studies","(CAH06-01-03) agriculture","Quintile 5","1610","1440","0.894"
"2019","(CAH06) agriculture, food and related studies","(CAH06-01-01) animal science","Quintile 5","1750","1605","0.917"
"2020","(CAH06) agriculture, food and related studies","(CAH06-01-01) animal science","Quintile 5","1745","1550","0.89"
"2021","(CAH06) agriculture, food and related studies","(CAH06-01-01) animal science","Quintile 5","2095","1900","0.907"
"2022","(CAH06) agriculture, food and related studies","(CAH06-01-01) animal science","Quintile 5","2025","1840","0.909"
"2023","(CAH06) agriculture, food and related studies","(CAH06-01-01) animal science","Quintile 5","1985","1835","0.924"
"2019","(CAH06) agriculture, food and related studies","(CAH06-01-05) forestry and arboriculture","Quintile 5","50","45","0.901"
"2020","(CAH06) agriculture, food and related studies","(CAH06-01-05) forestry and arboriculture","Quintile 5","70","60","0.887"
"2021","(CAH06) agriculture, food and related studies","(CAH06-01-05) forestry and arboriculture","Quintile 5","50","45","0.853"
"2022","(CAH06) agriculture, food and related studies","(CAH06-01-05) forestry and arboriculture","Quintile 5","55","45","0.855"
"2023","(CAH06) agriculture, food and related studies","(CAH06-01-05) forestry and arboriculture","Quintile 5","60","50","0.835"
"2019","(CAH06) agriculture, food and related studies","(CAH06-01-08) food and beverage production","Quintile 5","100","80","0.8240000000000001"
"2020","(CAH06) agriculture, food and related studies","(CAH06-01-08) food and beverage production","Quintile 5","90","70","0.774"
"2021","(CAH06) agriculture, food and related studies","(CAH06-01-08) food and beverage production","Quintile 5","105","80","0.785"
"2022","(CAH06) agriculture, food and related studies","(CAH06-01-08) food and beverage production","Quintile 5","85","70","0.851"
"2023","(CAH06) agriculture, food and related studies","(CAH06-01-08) food and beverage production","Quintile 5","90","80","0.896"
"2019","(CAH06) agriculture, food and related studies","(CAH06-01-07) food sciences","Quintile 5","230","195","0.856"
"2020","(CAH06) agriculture, food and related studies","(CAH06-01-07) food sciences","Quintile 5","280","245","0.881"
"2021","(CAH06) agriculture, food and related studies","(CAH06-01-07) food sciences","Quintile 5","340","300","0.885"
"2022","(CAH06) agriculture, food and related studies","(CAH06-01-07) food sciences","Quintile 5","280","255","0.902"
"2023","(CAH06) agriculture, food and related studies","(CAH06-01-07) food sciences","Quintile 5","265","230","0.866"
"2019","(CAH06) agriculture, food and related studies","(CAH06-01-06) food and beverage studies (non-specific)","Quintile 5","170","160","0.935"
"2020","(CAH06) agriculture, food and related studies","(CAH06-01-06) food and beverage studies (non-specific)","Quintile 5","105","95","0.919"
"2021","(CAH06) agriculture, food and related studies","(CAH06-01-06) food and beverage studies (non-specific)","Quintile 5","95","85","0.891"
"2022","(CAH06) agriculture, food and related studies","(CAH06-01-06) food and beverage studies (non-specific)","Quintile 5","105","95","0.881"
"2023","(CAH06) agriculture, food and related studies","(CAH06-01-06) food and beverage studies (non-specific)","Quintile 5","85","75","0.879"
"2019","(CAH16) law","(CAH16-01-01) law","Quintile 5","28205","22225","0.788"
"2020","(CAH16) law","(CAH16-01-01) law","Quintile 5","28940","22920","0.792"
"2021","(CAH16) law","(CAH16-01-01) law","Quintile 5","31825","23835","0.749"
"2022","(CAH16) law","(CAH16-01-01) law","Quintile 5","32400","22070","0.681"
"2023","(CAH16) law","(CAH16-01-01) law","Quintile 5","32525","23025","0.708"
"2019","(CAH05) veterinary sciences","(CAH05-01-01) veterinary medicine and dentistry","Quintile 5","3250","1240","0.381"
"2020","(CAH05) veterinary sciences","(CAH05-01-01) veterinary medicine and dentistry","Quintile 5","3010","1325","0.441"
"2021","(CAH05) veterinary sciences","(CAH05-01-01) veterinary medicine and dentistry","Quintile 5","3475","1180","0.339"
"2022","(CAH05) veterinary sciences","(CAH05-01-01) veterinary medicine and dentistry","Quintile 5","3450","1045","0.303"
"2023","(CAH05) veterinary sciences","(CAH05-01-01) veterinary medicine and dentistry","Quintile 5","3520","1165","0.331"
"2019","(CAH05) veterinary sciences","(CAH05-01-02) others in veterinary sciences","Quintile 5","1110","575","0.516"
"2020","(CAH05) veterinary sciences","(CAH05-01-02) others in veterinary sciences","Quintile 5","845","475","0.561"
"2021","(CAH05) veterinary sciences","(CAH05-01-02) others in veterinary sciences","Quintile 5","1135","585","0.517"
"2022","(CAH05) veterinary sciences","(CAH05-01-02) others in veterinary sciences","Quintile 5","1030","525","0.508"
"2023","(CAH05) veterinary sciences","(CAH05-01-02) others in veterinary sciences","Quintile 5","840","550","0.653"
"2019","(CAH25) design, and creative and performing arts","All","Unknown","340","190","0.555"
"2020","(CAH25) design, and creative and performing arts","All","Unknown","400","185","0.461"
"2021","(CAH25) design, and creative and performing arts","All","Unknown","315","185","0.581"
"2022","(CAH25) design, and creative and performing arts","All","Unknown","70","40","0.562"
"2023","(CAH25) design, and creative and performing arts","All","Unknown","100","50","0.517"
"2019","(CAH10) engineering and technology","All","Unknown","155","105","0.665"
"2020","(CAH10) engineering and technology","All","Unknown","135","95","0.7030000000000001"
"2021","(CAH10) engineering and technology","All","Unknown","180","120","0.658"
"2022","(CAH10) engineering and technology","All","Unknown","75","55","0.72"
"2023","(CAH10) engineering and technology","All","Unknown","40","35","0.837"
"2019","(CAH02) subjects allied to medicine","All","Unknown","405","180","0.449"
"2020","(CAH02) subjects allied to medicine","All","Unknown","390","155","0.398"
"2021","(CAH02) subjects allied to medicine","All","Unknown","505","205","0.40900000000000003"
"2022","(CAH02) subjects allied to medicine","All","Unknown","175","65","0.377"
"2023","(CAH02) subjects allied to medicine","All","Unknown","115","55","0.468"
"2019","(CAH19) language and area studies","All","Unknown","130","100","0.775"
"2020","(CAH19) language and area studies","All","Unknown","130","100","0.764"
"2021","(CAH19) language and area studies","All","Unknown","75","55","0.754"
"2022","(CAH19) language and area studies","All","Unknown","40","35","0.879"
"2023","(CAH19) language and area studies","All","Unknown","30","20","0.611"
"2019","(CAH24) media, journalism and communications","All","Unknown","75","55","0.741"
"2020","(CAH24) media, journalism and communications","All","Unknown","85","75","0.868"
"2021","(CAH24) media, journalism and communications","All","Unknown","65","50","0.754"
"2022","(CAH24) media, journalism and communications","All","Unknown","25","20","0.873"
"2023","(CAH24) media, journalism and communications","All","Unknown","10","5"," "
"2019","(CAH23) combined and general studies","All","Unknown","15","10","0.8320000000000001"
"2020","(CAH23) combined and general studies","All","Unknown","10","10"," "
"2021","(CAH23) combined and general studies","All","Unknown","20","15","0.737"
"2022","(CAH23) combined and general studies","All","Unknown","5","5"," "
"2023","(CAH23) combined and general studies","All","Unknown","5","5"," "
"2019","(CAH17) business and management","All","Unknown","395","295","0.751"
"2020","(CAH17) business and management","All","Unknown","380","240","0.632"
"2021","(CAH17) business and management","All","Unknown","405","275","0.684"
"2022","(CAH17) business and management","All","Unknown","90","60","0.6940000000000001"
"2023","(CAH17) business and management","All","Unknown","90","65","0.706"
"2019","(CAH15) social sciences","All","Unknown","395","285","0.727"
"2020","(CAH15) social sciences","All","Unknown","325","235","0.717"
"2021","(CAH15) social sciences","All","Unknown","320","215","0.666"
"2022","(CAH15) social sciences","All","Unknown","145","110","0.756"
"2023","(CAH15) social sciences","All","Unknown","70","55","0.75"
"2019","(CAH03) biological and sport sciences","All","Unknown","200","145","0.733"
"2020","(CAH03) biological and sport sciences","All","Unknown","145","110","0.741"
"2021","(CAH03) biological and sport sciences","All","Unknown","175","125","0.723"
"2022","(CAH03) biological and sport sciences","All","Unknown","55","50","0.874"
"2023","(CAH03) biological and sport sciences","All","Unknown","45","40","0.899"
"2019","(CAH13) architecture, building and planning","All","Unknown","50","30","0.62"
"2020","(CAH13) architecture, building and planning","All","Unknown","80","55","0.6880000000000001"
"2021","(CAH13) architecture, building and planning","All","Unknown","45","25","0.561"
"2022","(CAH13) architecture, building and planning","All","Unknown","5","5"," "
"2023","(CAH13) architecture, building and planning","All","Unknown","5","5"," "
"2019","(CAH01) medicine and dentistry","All","Unknown","105","20","0.171"
"2020","(CAH01) medicine and dentistry","All","Unknown","85","15","0.147"
"2021","(CAH01) medicine and dentistry","All","Unknown","100","15","0.15"
"2022","(CAH01) medicine and dentistry","All","Unknown","20","0"," "
"2023","(CAH01) medicine and dentistry","All","Unknown","40","5"," "
"2019","(CAH20) historical, philosophical and religious studies","All","Unknown","80","55","0.681"
"2020","(CAH20) historical, philosophical and religious studies","All","Unknown","90","65","0.6980000000000001"
"2021","(CAH20) historical, philosophical and religious studies","All","Unknown","50","40","0.773"
"2022","(CAH20) historical, philosophical and religious studies","All","Unknown","55","40","0.755"
"2023","(CAH20) historical, philosophical and religious studies","All","Unknown","35","30","0.843"
"2019","(CAH11) computing","All","Unknown","195","135","0.7010000000000001"
"2020","(CAH11) computing","All","Unknown","130","75","0.5630000000000001"
"2021","(CAH11) computing","All","Unknown","145","85","0.579"
"2022","(CAH11) computing","All","Unknown","45","35","0.728"
"2023","(CAH11) computing","All","Unknown","75","50","0.64"
"2019","(CAH26) geography, earth and environmental studies","All","Unknown","50","40","0.843"
"2020","(CAH26) geography, earth and environmental studies","All","Unknown","45","40","0.891"
"2021","(CAH26) geography, earth and environmental studies","All","Unknown","65","55","0.876"
"2022","(CAH26) geography, earth and environmental studies","All","Unknown","20","15","0.87"
"2023","(CAH26) geography, earth and environmental studies","All","Unknown","10","10"," "
"2019","(CAH07) physical sciences","All","Unknown","55","40","0.706"
"2020","(CAH07) physical sciences","All","Unknown","95","75","0.776"
"2021","(CAH07) physical sciences","All","Unknown","50","40","0.806"
"2022","(CAH07) physical sciences","All","Unknown","20","15","0.8250000000000001"
"2023","(CAH07) physical sciences","All","Unknown","15","10","0.794"
"2019","(CAH04) psychology","All","Unknown","155","115","0.735"
"2020","(CAH04) psychology","All","Unknown","120","75","0.621"
"2021","(CAH04) psychology","All","Unknown","135","110","0.802"
"2022","(CAH04) psychology","All","Unknown","80","65","0.786"
"2023","(CAH04) psychology","All","Unknown","30","25","0.907"
"2019","(CAH09) mathematical sciences","All","Unknown","45","35","0.772"
"2020","(CAH09) mathematical sciences","All","Unknown","40","25","0.623"
"2021","(CAH09) mathematical sciences","All","Unknown","60","40","0.654"
"2022","(CAH09) mathematical sciences","All","Unknown","5","5"," "
"2023","(CAH09) mathematical sciences","All","Unknown","10","5"," "
"2019","(CAH22) education and teaching","All","Unknown","85","50","0.599"
"2020","(CAH22) education and teaching","All","Unknown","70","30","0.447"
"2021","(CAH22) education and teaching","All","Unknown","50","15","0.318"
"2022","(CAH22) education and teaching","All","Unknown","30","15","0.417"
"2023","(CAH22) education and teaching","All","Unknown","15","10"," "
"2019","(CAH06) agriculture, food and related studies","All","Unknown","30","25","0.799"
"2020","(CAH06) agriculture, food and related studies","All","Unknown","30","30","0.9380000000000001"
"2021","(CAH06) agriculture, food and related studies","All","Unknown","10","10"," "
"2022","(CAH06) agriculture, food and related studies","All","Unknown","5","5"," "
"2019","(CAH16) law","All","Unknown","200","135","0.663"
"2020","(CAH16) law","All","Unknown","145","95","0.654"
"2021","(CAH16) law","All","Unknown","135","100","0.726"
"2022","(CAH16) law","All","Unknown","65","50","0.794"
"2023","(CAH16) law","All","Unknown","55","45","0.779"
"2019","(CAH05) veterinary sciences","All","Unknown","15","5"," "
"2020","(CAH05) veterinary sciences","All","Unknown","10","0"," "
"2021","(CAH05) veterinary sciences","All","Unknown","20","10"," "
"2023","(CAH05) veterinary sciences","All","Unknown","10","5"," "
"2019","(CAH25) design, and creative and performing arts","All","Quintile 1","26000","14050","0.54"
"2020","(CAH25) design, and creative and performing arts","All","Quintile 1","26465","15180","0.5740000000000001"
"2021","(CAH25) design, and creative and performing arts","All","Quintile 1","27770","17225","0.62"
"2022","(CAH25) design, and creative and performing arts","All","Quintile 1","29620","17140","0.579"
"2023","(CAH25) design, and creative and performing arts","All","Quintile 1","28305","16630","0.588"
"2019","(CAH10) engineering and technology","All","Quintile 1","11740","9045","0.77"
"2020","(CAH10) engineering and technology","All","Quintile 1","12055","9415","0.781"
"2021","(CAH10) engineering and technology","All","Quintile 1","13455","10395","0.772"
"2022","(CAH10) engineering and technology","All","Quintile 1","14165","10625","0.75"
"2023","(CAH10) engineering and technology","All","Quintile 1","14490","10895","0.752"
"2019","(CAH02) subjects allied to medicine","All","Quintile 1","49590","22195","0.448"
"2020","(CAH02) subjects allied to medicine","All","Quintile 1","53955","25320","0.46900000000000003"
"2021","(CAH02) subjects allied to medicine","All","Quintile 1","65985","29600","0.449"
"2022","(CAH02) subjects allied to medicine","All","Quintile 1","66685","28080","0.421"
"2023","(CAH02) subjects allied to medicine","All","Quintile 1","59120","26580","0.45"
"2019","(CAH19) language and area studies","All","Quintile 1","8475","7140","0.843"
"2020","(CAH19) language and area studies","All","Quintile 1","7760","6570","0.846"
"2021","(CAH19) language and area studies","All","Quintile 1","7890","6760","0.856"
"2022","(CAH19) language and area studies","All","Quintile 1","7650","6335","0.8280000000000001"
"2023","(CAH19) language and area studies","All","Quintile 1","7965","6705","0.842"
"2019","(CAH24) media, journalism and communications","All","Quintile 1","5125","4180","0.8160000000000001"
"2020","(CAH24) media, journalism and communications","All","Quintile 1","5330","4530","0.85"
"2021","(CAH24) media, journalism and communications","All","Quintile 1","5575","4840","0.869"
"2022","(CAH24) media, journalism and communications","All","Quintile 1","6200","5245","0.846"
"2023","(CAH24) media, journalism and communications","All","Quintile 1","6045","5140","0.85"
"2019","(CAH23) combined and general studies","All","Quintile 1","570","470","0.8250000000000001"
"2020","(CAH23) combined and general studies","All","Quintile 1","590","495","0.838"
"2021","(CAH23) combined and general studies","All","Quintile 1","580","490","0.841"
"2022","(CAH23) combined and general studies","All","Quintile 1","665","515","0.778"
"2023","(CAH23) combined and general studies","All","Quintile 1","675","565","0.84"
"2019","(CAH17) business and management","All","Quintile 1","23930","19770","0.8260000000000001"
"2020","(CAH17) business and management","All","Quintile 1","25320","20955","0.8280000000000001"
"2021","(CAH17) business and management","All","Quintile 1","27320","22550","0.8250000000000001"
"2022","(CAH17) business and management","All","Quintile 1","29200","23400","0.801"
"2023","(CAH17) business and management","All","Quintile 1","30525","24235","0.794"
"2019","(CAH15) social sciences","All","Quintile 1","30545","23970","0.785"
"2020","(CAH15) social sciences","All","Quintile 1","31070","24780","0.798"
"2021","(CAH15) social sciences","All","Quintile 1","33470","26435","0.79"
"2022","(CAH15) social sciences","All","Quintile 1","34395","26685","0.776"
"2023","(CAH15) social sciences","All","Quintile 1","31515","25150","0.798"
"2019","(CAH03) biological and sport sciences","All","Quintile 1","17860","14845","0.8310000000000001"
"2020","(CAH03) biological and sport sciences","All","Quintile 1","17530","14690","0.838"
"2021","(CAH03) biological and sport sciences","All","Quintile 1","18580","15645","0.842"
"2022","(CAH03) biological and sport sciences","All","Quintile 1","20305","16590","0.8170000000000001"
"2023","(CAH03) biological and sport sciences","All","Quintile 1","18585","15420","0.8300000000000001"
"2019","(CAH13) architecture, building and planning","All","Quintile 1","3250","2335","0.719"
"2020","(CAH13) architecture, building and planning","All","Quintile 1","3625","2615","0.721"
"2021","(CAH13) architecture, building and planning","All","Quintile 1","3920","2850","0.727"
"2022","(CAH13) architecture, building and planning","All","Quintile 1","4700","3325","0.707"
"2023","(CAH13) architecture, building and planning","All","Quintile 1","4410","3105","0.704"
"2019","(CAH01) medicine and dentistry","All","Quintile 1","6895","1780","0.258"
"2020","(CAH01) medicine and dentistry","All","Quintile 1","7690","1975","0.257"
"2021","(CAH01) medicine and dentistry","All","Quintile 1","9700","2045","0.211"
"2022","(CAH01) medicine and dentistry","All","Quintile 1","10730","1575","0.147"
"2023","(CAH01) medicine and dentistry","All","Quintile 1","10505","1870","0.178"
"2019","(CAH20) historical, philosophical and religious studies","All","Quintile 1","7205","6340","0.88"
"2020","(CAH20) historical, philosophical and religious studies","All","Quintile 1","6445","5635","0.874"
"2021","(CAH20) historical, philosophical and religious studies","All","Quintile 1","6445","5630","0.874"
"2022","(CAH20) historical, philosophical and religious studies","All","Quintile 1","7080","6015","0.85"
"2023","(CAH20) historical, philosophical and religious studies","All","Quintile 1","7160","6170","0.862"
"2019","(CAH11) computing","All","Quintile 1","15015","11945","0.796"
"2020","(CAH11) computing","All","Quintile 1","14845","11955","0.805"
"2021","(CAH11) computing","All","Quintile 1","14910","12080","0.81"
"2022","(CAH11) computing","All","Quintile 1","18340","14070","0.767"
"2023","(CAH11) computing","All","Quintile 1","19325","15005","0.776"
"2019","(CAH26) geography, earth and environmental studies","All","Quintile 1","2750","2460","0.895"
"2020","(CAH26) geography, earth and environmental studies","All","Quintile 1","3140","2755","0.878"
"2021","(CAH26) geography, earth and environmental studies","All","Quintile 1","3075","2760","0.898"
"2022","(CAH26) geography, earth and environmental studies","All","Quintile 1","3540","3110","0.879"
"2023","(CAH26) geography, earth and environmental studies","All","Quintile 1","3310","2955","0.892"
"2019","(CAH07) physical sciences","All","Quintile 1","7155","6050","0.846"
"2020","(CAH07) physical sciences","All","Quintile 1","7010","5925","0.845"
"2021","(CAH07) physical sciences","All","Quintile 1","6855","5910","0.862"
"2022","(CAH07) physical sciences","All","Quintile 1","7115","6030","0.847"
"2023","(CAH07) physical sciences","All","Quintile 1","6795","5705","0.84"
"2019","(CAH04) psychology","All","Quintile 1","15240","13155","0.863"
"2020","(CAH04) psychology","All","Quintile 1","15140","13070","0.863"
"2021","(CAH04) psychology","All","Quintile 1","16250","13825","0.851"
"2022","(CAH04) psychology","All","Quintile 1","17535","14465","0.8250000000000001"
"2023","(CAH04) psychology","All","Quintile 1","17395","14380","0.8270000000000001"
"2019","(CAH09) mathematical sciences","All","Quintile 1","3180","2660","0.836"
"2020","(CAH09) mathematical sciences","All","Quintile 1","3285","2745","0.835"
"2021","(CAH09) mathematical sciences","All","Quintile 1","3350","2745","0.8190000000000001"
"2022","(CAH09) mathematical sciences","All","Quintile 1","3265","2625","0.804"
"2023","(CAH09) mathematical sciences","All","Quintile 1","3070","2460","0.801"
"2019","(CAH22) education and teaching","All","Quintile 1","9045","5605","0.62"
"2020","(CAH22) education and teaching","All","Quintile 1","8750","5355","0.612"
"2021","(CAH22) education and teaching","All","Quintile 1","10005","6435","0.643"
"2022","(CAH22) education and teaching","All","Quintile 1","10730","6575","0.613"
"2023","(CAH22) education and teaching","All","Quintile 1","9005","5475","0.608"
"2019","(CAH06) agriculture, food and related studies","All","Quintile 1","2030","1795","0.885"
"2020","(CAH06) agriculture, food and related studies","All","Quintile 1","2040","1770","0.867"
"2021","(CAH06) agriculture, food and related studies","All","Quintile 1","2120","1880","0.887"
"2022","(CAH06) agriculture, food and related studies","All","Quintile 1","2305","2030","0.88"
"2023","(CAH06) agriculture, food and related studies","All","Quintile 1","1915","1675","0.873"
"2019","(CAH16) law","All","Quintile 1","13170","10970","0.833"
"2020","(CAH16) law","All","Quintile 1","14430","12225","0.847"
"2021","(CAH16) law","All","Quintile 1","15435","12840","0.8320000000000001"
"2022","(CAH16) law","All","Quintile 1","17025","13455","0.79"
"2023","(CAH16) law","All","Quintile 1","17080","13585","0.795"
"2019","(CAH05) veterinary sciences","All","Quintile 1","1410","465","0.329"
"2020","(CAH05) veterinary sciences","All","Quintile 1","1325","515","0.39"
"2021","(CAH05) veterinary sciences","All","Quintile 1","1580","640","0.406"
"2022","(CAH05) veterinary sciences","All","Quintile 1","1750","580","0.331"
"2023","(CAH05) veterinary sciences","All","Quintile 1","1510","580","0.384"
"2019","(CAH25) design, and creative and performing arts","All","Quintile 2","33170","18085","0.545"
"2020","(CAH25) design, and creative and performing arts","All","Quintile 2","33125","19020","0.5740000000000001"
"2021","(CAH25) design, and creative and performing arts","All","Quintile 2","34185","21140","0.618"
"2022","(CAH25) design, and creative and performing arts","All","Quintile 2","36650","21325","0.582"
"2023","(CAH25) design, and creative and performing arts","All","Quintile 2","35325","20805","0.589"
"2019","(CAH10) engineering and technology","All","Quintile 2","15615","12135","0.777"
"2020","(CAH10) engineering and technology","All","Quintile 2","16660","13120","0.788"
"2021","(CAH10) engineering and technology","All","Quintile 2","17845","13935","0.781"
"2022","(CAH10) engineering and technology","All","Quintile 2","18625","14145","0.759"
"2023","(CAH10) engineering and technology","All","Quintile 2","18420","14030","0.762"
"2019","(CAH02) subjects allied to medicine","All","Quintile 2","55585","26180","0.47100000000000003"
"2020","(CAH02) subjects allied to medicine","All","Quintile 2","62225","29910","0.481"
"2021","(CAH02) subjects allied to medicine","All","Quintile 2","75510","35060","0.464"
"2022","(CAH02) subjects allied to medicine","All","Quintile 2","74370","32200","0.433"
"2023","(CAH02) subjects allied to medicine","All","Quintile 2","66325","30985","0.467"
"2019","(CAH19) language and area studies","All","Quintile 2","11780","9875","0.838"
"2020","(CAH19) language and area studies","All","Quintile 2","10795","9240","0.856"
"2021","(CAH19) language and area studies","All","Quintile 2","10530","9010","0.856"
"2022","(CAH19) language and area studies","All","Quintile 2","10915","9130","0.836"
"2023","(CAH19) language and area studies","All","Quintile 2","10290","8785","0.854"
"2019","(CAH24) media, journalism and communications","All","Quintile 2","7080","5805","0.8200000000000001"
"2020","(CAH24) media, journalism and communications","All","Quintile 2","6725","5650","0.84"
"2021","(CAH24) media, journalism and communications","All","Quintile 2","7130","6070","0.851"
"2022","(CAH24) media, journalism and communications","All","Quintile 2","7900","6645","0.841"
"2023","(CAH24) media, journalism and communications","All","Quintile 2","7715","6530","0.846"
"2019","(CAH23) combined and general studies","All","Quintile 2","770","630","0.8210000000000001"
"2020","(CAH23) combined and general studies","All","Quintile 2","775","655","0.844"
"2021","(CAH23) combined and general studies","All","Quintile 2","835","715","0.854"
"2022","(CAH23) combined and general studies","All","Quintile 2","985","790","0.801"
"2023","(CAH23) combined and general studies","All","Quintile 2","845","675","0.8"
"2019","(CAH17) business and management","All","Quintile 2","32840","27235","0.8290000000000001"
"2020","(CAH17) business and management","All","Quintile 2","32970","27370","0.8300000000000001"
"2021","(CAH17) business and management","All","Quintile 2","37025","30750","0.8310000000000001"
"2022","(CAH17) business and management","All","Quintile 2","38205","31075","0.8130000000000001"
"2023","(CAH17) business and management","All","Quintile 2","38660","31005","0.802"
"2019","(CAH15) social sciences","All","Quintile 2","37395","29575","0.791"
"2020","(CAH15) social sciences","All","Quintile 2","37545","30165","0.803"
"2021","(CAH15) social sciences","All","Quintile 2","40620","32290","0.795"
"2022","(CAH15) social sciences","All","Quintile 2","40145","31180","0.777"
"2023","(CAH15) social sciences","All","Quintile 2","38065","30095","0.791"
"2019","(CAH03) biological and sport sciences","All","Quintile 2","22420","18845","0.841"
"2020","(CAH03) biological and sport sciences","All","Quintile 2","22715","19055","0.839"
"2021","(CAH03) biological and sport sciences","All","Quintile 2","24640","20685","0.84"
"2022","(CAH03) biological and sport sciences","All","Quintile 2","25190","20415","0.81"
"2023","(CAH03) biological and sport sciences","All","Quintile 2","23390","19400","0.8290000000000001"
"2019","(CAH13) architecture, building and planning","All","Quintile 2","4585","3370","0.734"
"2020","(CAH13) architecture, building and planning","All","Quintile 2","4855","3575","0.736"
"2021","(CAH13) architecture, building and planning","All","Quintile 2","5475","4110","0.75"
"2022","(CAH13) architecture, building and planning","All","Quintile 2","5900","4235","0.718"
"2023","(CAH13) architecture, building and planning","All","Quintile 2","5560","4045","0.728"
"2019","(CAH01) medicine and dentistry","All","Quintile 2","9935","2725","0.274"
"2020","(CAH01) medicine and dentistry","All","Quintile 2","10430","2860","0.274"
"2021","(CAH01) medicine and dentistry","All","Quintile 2","13665","2950","0.216"
"2022","(CAH01) medicine and dentistry","All","Quintile 2","14780","2230","0.151"
"2023","(CAH01) medicine and dentistry","All","Quintile 2","14790","2710","0.183"
"2019","(CAH20) historical, philosophical and religious studies","All","Quintile 2","10305","8920","0.866"
"2020","(CAH20) historical, philosophical and religious studies","All","Quintile 2","9090","7985","0.879"
"2021","(CAH20) historical, philosophical and religious studies","All","Quintile 2","9540","8210","0.861"
"2022","(CAH20) historical, philosophical and religious studies","All","Quintile 2","9975","8315","0.834"
"2023","(CAH20) historical, philosophical and religious studies","All","Quintile 2","10150","8580","0.845"
"2019","(CAH11) computing","All","Quintile 2","17730","14185","0.8"
"2020","(CAH11) computing","All","Quintile 2","18405","14900","0.809"
"2021","(CAH11) computing","All","Quintile 2","18720","15075","0.805"
"2022","(CAH11) computing","All","Quintile 2","21765","16815","0.773"
"2023","(CAH11) computing","All","Quintile 2","24080","18570","0.771"
"2019","(CAH26) geography, earth and environmental studies","All","Quintile 2","5085","4590","0.903"
"2020","(CAH26) geography, earth and environmental studies","All","Quintile 2","4525","4080","0.902"
"2021","(CAH26) geography, earth and environmental studies","All","Quintile 2","4985","4450","0.893"
"2022","(CAH26) geography, earth and environmental studies","All","Quintile 2","5165","4540","0.879"
"2023","(CAH26) geography, earth and environmental studies","All","Quintile 2","5675","5030","0.886"
"2019","(CAH07) physical sciences","All","Quintile 2","9090","7750","0.853"
"2020","(CAH07) physical sciences","All","Quintile 2","9095","7725","0.85"
"2021","(CAH07) physical sciences","All","Quintile 2","9265","7950","0.858"
"2022","(CAH07) physical sciences","All","Quintile 2","8855","7370","0.8320000000000001"
"2023","(CAH07) physical sciences","All","Quintile 2","9275","7770","0.837"
"2019","(CAH04) psychology","All","Quintile 2","18420","15800","0.858"
"2020","(CAH04) psychology","All","Quintile 2","19540","16685","0.854"
"2021","(CAH04) psychology","All","Quintile 2","19930","16965","0.851"
"2022","(CAH04) psychology","All","Quintile 2","21650","17560","0.811"
"2023","(CAH04) psychology","All","Quintile 2","20560","16900","0.8220000000000001"
"2019","(CAH09) mathematical sciences","All","Quintile 2","4640","3890","0.838"
"2020","(CAH09) mathematical sciences","All","Quintile 2","4645","3840","0.8260000000000001"
"2021","(CAH09) mathematical sciences","All","Quintile 2","4925","4085","0.8290000000000001"
"2022","(CAH09) mathematical sciences","All","Quintile 2","4575","3635","0.795"
"2023","(CAH09) mathematical sciences","All","Quintile 2","4495","3565","0.793"
"2019","(CAH22) education and teaching","All","Quintile 2","12265","7125","0.581"
"2020","(CAH22) education and teaching","All","Quintile 2","12280","7125","0.58"
"2021","(CAH22) education and teaching","All","Quintile 2","13705","8110","0.592"
"2022","(CAH22) education and teaching","All","Quintile 2","13815","8040","0.582"
"2023","(CAH22) education and teaching","All","Quintile 2","12035","7055","0.586"
"2019","(CAH06) agriculture, food and related studies","All","Quintile 2","2340","2050","0.877"
"2020","(CAH06) agriculture, food and related studies","All","Quintile 2","2350","2065","0.878"
"2021","(CAH06) agriculture, food and related studies","All","Quintile 2","2630","2345","0.892"
"2022","(CAH06) agriculture, food and related studies","All","Quintile 2","2750","2435","0.886"
"2023","(CAH06) agriculture, food and related studies","All","Quintile 2","2415","2165","0.897"
"2019","(CAH16) law","All","Quintile 2","16815","13855","0.8240000000000001"
"2020","(CAH16) law","All","Quintile 2","17195","14370","0.836"
"2021","(CAH16) law","All","Quintile 2","18800","15445","0.8220000000000001"
"2022","(CAH16) law","All","Quintile 2","20430","15605","0.764"
"2023","(CAH16) law","All","Quintile 2","21135","16255","0.769"
"2019","(CAH05) veterinary sciences","All","Quintile 2","1830","695","0.379"
"2020","(CAH05) veterinary sciences","All","Quintile 2","1575","655","0.41500000000000004"
"2021","(CAH05) veterinary sciences","All","Quintile 2","1955","705","0.362"
"2022","(CAH05) veterinary sciences","All","Quintile 2","2165","695","0.321"
"2023","(CAH05) veterinary sciences","All","Quintile 2","1920","750","0.391"
"2019","(CAH25) design, and creative and performing arts","All","Quintile 3","38910","21200","0.545"
"2020","(CAH25) design, and creative and performing arts","All","Quintile 3","37930","22180","0.585"
"2021","(CAH25) design, and creative and performing arts","All","Quintile 3","40730","25100","0.616"
"2022","(CAH25) design, and creative and performing arts","All","Quintile 3","42275","24565","0.581"
"2023","(CAH25) design, and creative and performing arts","All","Quintile 3","40560","23975","0.591"
"2019","(CAH10) engineering and technology","All","Quintile 3","21565","17030","0.79"
"2020","(CAH10) engineering and technology","All","Quintile 3","21880","17305","0.791"
"2021","(CAH10) engineering and technology","All","Quintile 3","24070","18990","0.789"
"2022","(CAH10) engineering and technology","All","Quintile 3","24145","18445","0.764"
"2023","(CAH10) engineering and technology","All","Quintile 3","24490","18895","0.772"
"2019","(CAH02) subjects allied to medicine","All","Quintile 3","63895","31065","0.486"
"2020","(CAH02) subjects allied to medicine","All","Quintile 3","69245","34970","0.505"
"2021","(CAH02) subjects allied to medicine","All","Quintile 3","83555","39740","0.47600000000000003"
"2022","(CAH02) subjects allied to medicine","All","Quintile 3","81420","36415","0.447"
"2023","(CAH02) subjects allied to medicine","All","Quintile 3","74520","35610","0.47800000000000004"
"2019","(CAH19) language and area studies","All","Quintile 3","14830","12435","0.839"
"2020","(CAH19) language and area studies","All","Quintile 3","13680","11690","0.855"
"2021","(CAH19) language and area studies","All","Quintile 3","13030","11110","0.852"
"2022","(CAH19) language and area studies","All","Quintile 3","13685","11180","0.8170000000000001"
"2023","(CAH19) language and area studies","All","Quintile 3","12275","10235","0.834"
"2019","(CAH24) media, journalism and communications","All","Quintile 3","7885","6440","0.8160000000000001"
"2020","(CAH24) media, journalism and communications","All","Quintile 3","7950","6705","0.843"
"2021","(CAH24) media, journalism and communications","All","Quintile 3","8740","7530","0.862"
"2022","(CAH24) media, journalism and communications","All","Quintile 3","9595","8040","0.838"
"2023","(CAH24) media, journalism and communications","All","Quintile 3","9095","7715","0.848"
"2019","(CAH23) combined and general studies","All","Quintile 3","1025","840","0.8180000000000001"
"2020","(CAH23) combined and general studies","All","Quintile 3","1110","890","0.8"
"2021","(CAH23) combined and general studies","All","Quintile 3","1135","935","0.8250000000000001"
"2022","(CAH23) combined and general studies","All","Quintile 3","1275","975","0.763"
"2023","(CAH23) combined and general studies","All","Quintile 3","1175","955","0.812"
"2019","(CAH17) business and management","All","Quintile 3","43260","36035","0.833"
"2020","(CAH17) business and management","All","Quintile 3","44180","36890","0.835"
"2021","(CAH17) business and management","All","Quintile 3","47705","39520","0.8280000000000001"
"2022","(CAH17) business and management","All","Quintile 3","50080","40215","0.803"
"2023","(CAH17) business and management","All","Quintile 3","48740","39265","0.806"
"2019","(CAH15) social sciences","All","Quintile 3","45845","36170","0.789"
"2020","(CAH15) social sciences","All","Quintile 3","45790","36925","0.806"
"2021","(CAH15) social sciences","All","Quintile 3","49540","39060","0.788"
"2022","(CAH15) social sciences","All","Quintile 3","47760","36575","0.766"
"2023","(CAH15) social sciences","All","Quintile 3","45375","35675","0.786"
"2019","(CAH03) biological and sport sciences","All","Quintile 3","26940","22665","0.841"
"2020","(CAH03) biological and sport sciences","All","Quintile 3","26080","21735","0.833"
"2021","(CAH03) biological and sport sciences","All","Quintile 3","28700","23925","0.834"
"2022","(CAH03) biological and sport sciences","All","Quintile 3","29850","24000","0.804"
"2023","(CAH03) biological and sport sciences","All","Quintile 3","27625","22835","0.8270000000000001"
"2019","(CAH13) architecture, building and planning","All","Quintile 3","6475","4680","0.723"
"2020","(CAH13) architecture, building and planning","All","Quintile 3","6805","5070","0.745"
"2021","(CAH13) architecture, building and planning","All","Quintile 3","7255","5365","0.74"
"2022","(CAH13) architecture, building and planning","All","Quintile 3","7570","5430","0.717"
"2023","(CAH13) architecture, building and planning","All","Quintile 3","7295","5290","0.725"
"2019","(CAH01) medicine and dentistry","All","Quintile 3","14090","4020","0.28500000000000003"
"2020","(CAH01) medicine and dentistry","All","Quintile 3","14290","3710","0.259"
"2021","(CAH01) medicine and dentistry","All","Quintile 3","17815","3535","0.198"
"2022","(CAH01) medicine and dentistry","All","Quintile 3","19290","2920","0.151"
"2023","(CAH01) medicine and dentistry","All","Quintile 3","18090","3385","0.187"
"2019","(CAH20) historical, philosophical and religious studies","All","Quintile 3","13535","11570","0.855"
"2020","(CAH20) historical, philosophical and religious studies","All","Quintile 3","12245","10610","0.867"
"2021","(CAH20) historical, philosophical and religious studies","All","Quintile 3","12230","10350","0.846"
"2022","(CAH20) historical, philosophical and religious studies","All","Quintile 3","12895","10410","0.807"
"2023","(CAH20) historical, philosophical and religious studies","All","Quintile 3","13125","10725","0.8170000000000001"
"2019","(CAH11) computing","All","Quintile 3","21485","17185","0.8"
"2020","(CAH11) computing","All","Quintile 3","21060","16965","0.805"
"2021","(CAH11) computing","All","Quintile 3","22810","18205","0.798"
"2022","(CAH11) computing","All","Quintile 3","26320","20010","0.76"
"2023","(CAH11) computing","All","Quintile 3","28655","21645","0.755"
"2019","(CAH26) geography, earth and environmental studies","All","Quintile 3","6930","6260","0.904"
"2020","(CAH26) geography, earth and environmental studies","All","Quintile 3","6575","5915","0.9"
"2021","(CAH26) geography, earth and environmental studies","All","Quintile 3","6850","6130","0.895"
"2022","(CAH26) geography, earth and environmental studies","All","Quintile 3","7660","6630","0.866"
"2023","(CAH26) geography, earth and environmental studies","All","Quintile 3","7205","6365","0.884"
"2019","(CAH07) physical sciences","All","Quintile 3","11325","9635","0.851"
"2020","(CAH07) physical sciences","All","Quintile 3","10945","9410","0.86"
"2021","(CAH07) physical sciences","All","Quintile 3","11225","9470","0.844"
"2022","(CAH07) physical sciences","All","Quintile 3","11520","9465","0.8220000000000001"
"2023","(CAH07) physical sciences","All","Quintile 3","10895","9080","0.833"
"2019","(CAH04) psychology","All","Quintile 3","22140","18930","0.855"
"2020","(CAH04) psychology","All","Quintile 3","21855","18660","0.854"
"2021","(CAH04) psychology","All","Quintile 3","23495","19805","0.843"
"2022","(CAH04) psychology","All","Quintile 3","24640","19585","0.795"
"2023","(CAH04) psychology","All","Quintile 3","23610","19095","0.809"
"2019","(CAH09) mathematical sciences","All","Quintile 3","6500","5450","0.839"
"2020","(CAH09) mathematical sciences","All","Quintile 3","6410","5290","0.8250000000000001"
"2021","(CAH09) mathematical sciences","All","Quintile 3","6330","5155","0.8150000000000001"
"2022","(CAH09) mathematical sciences","All","Quintile 3","6375","4970","0.78"
"2023","(CAH09) mathematical sciences","All","Quintile 3","6310","4840","0.767"
"2019","(CAH22) education and teaching","All","Quintile 3","14785","8265","0.559"
"2020","(CAH22) education and teaching","All","Quintile 3","14200","7950","0.56"
"2021","(CAH22) education and teaching","All","Quintile 3","16115","9330","0.579"
"2022","(CAH22) education and teaching","All","Quintile 3","16230","9450","0.582"
"2023","(CAH22) education and teaching","All","Quintile 3","13710","8350","0.609"
"2019","(CAH06) agriculture, food and related studies","All","Quintile 3","2915","2540","0.871"
"2020","(CAH06) agriculture, food and related studies","All","Quintile 3","3090","2715","0.879"
"2021","(CAH06) agriculture, food and related studies","All","Quintile 3","3470","3140","0.905"
"2022","(CAH06) agriculture, food and related studies","All","Quintile 3","3725","3300","0.886"
"2023","(CAH06) agriculture, food and related studies","All","Quintile 3","3205","2890","0.901"
"2019","(CAH16) law","All","Quintile 3","19680","15950","0.811"
"2020","(CAH16) law","All","Quintile 3","20520","16870","0.8220000000000001"
"2021","(CAH16) law","All","Quintile 3","21990","17555","0.798"
"2022","(CAH16) law","All","Quintile 3","23250","17340","0.746"
"2023","(CAH16) law","All","Quintile 3","23680","17885","0.755"
"2019","(CAH05) veterinary sciences","All","Quintile 3","2510","875","0.34900000000000003"
"2020","(CAH05) veterinary sciences","All","Quintile 3","2165","905","0.418"
"2021","(CAH05) veterinary sciences","All","Quintile 3","2755","1000","0.364"
"2022","(CAH05) veterinary sciences","All","Quintile 3","2805","980","0.34900000000000003"
"2023","(CAH05) veterinary sciences","All","Quintile 3","2475","920","0.372"
"2019","(CAH25) design, and creative and performing arts","All","Quintile 4","46400","25405","0.548"
"2020","(CAH25) design, and creative and performing arts","All","Quintile 4","45585","26760","0.587"
"2021","(CAH25) design, and creative and performing arts","All","Quintile 4","48690","30030","0.617"
"2022","(CAH25) design, and creative and performing arts","All","Quintile 4","52210","30480","0.584"
"2023","(CAH25) design, and creative and performing arts","All","Quintile 4","48345","28930","0.598"
"2019","(CAH10) engineering and technology","All","Quintile 4","28545","22740","0.797"
"2020","(CAH10) engineering and technology","All","Quintile 4","28135","22520","0.8"
"2021","(CAH10) engineering and technology","All","Quintile 4","29990","23635","0.788"
"2022","(CAH10) engineering and technology","All","Quintile 4","30175","23115","0.766"
"2023","(CAH10) engineering and technology","All","Quintile 4","29335","22685","0.773"
"2019","(CAH02) subjects allied to medicine","All","Quintile 4","68010","33890","0.498"
"2020","(CAH02) subjects allied to medicine","All","Quintile 4","74565","38470","0.516"
"2021","(CAH02) subjects allied to medicine","All","Quintile 4","88980","42570","0.47800000000000004"
"2022","(CAH02) subjects allied to medicine","All","Quintile 4","86720","39830","0.459"
"2023","(CAH02) subjects allied to medicine","All","Quintile 4","77725","38675","0.498"
"2019","(CAH19) language and area studies","All","Quintile 4","18815","15755","0.837"
"2020","(CAH19) language and area studies","All","Quintile 4","17545","14770","0.842"
"2021","(CAH19) language and area studies","All","Quintile 4","16840","14165","0.841"
"2022","(CAH19) language and area studies","All","Quintile 4","17315","14010","0.809"
"2023","(CAH19) language and area studies","All","Quintile 4","16115","13340","0.8280000000000001"
"2019","(CAH24) media, journalism and communications","All","Quintile 4","9510","7825","0.8230000000000001"
"2020","(CAH24) media, journalism and communications","All","Quintile 4","9605","8030","0.836"
"2021","(CAH24) media, journalism and communications","All","Quintile 4","10455","8910","0.852"
"2022","(CAH24) media, journalism and communications","All","Quintile 4","11090","9215","0.8310000000000001"
"2023","(CAH24) media, journalism and communications","All","Quintile 4","10990","9185","0.836"
"2019","(CAH23) combined and general studies","All","Quintile 4","1605","1325","0.8240000000000001"
"2020","(CAH23) combined and general studies","All","Quintile 4","1590","1295","0.8140000000000001"
"2021","(CAH23) combined and general studies","All","Quintile 4","1750","1435","0.8210000000000001"
"2022","(CAH23) combined and general studies","All","Quintile 4","1955","1475","0.754"
"2023","(CAH23) combined and general studies","All","Quintile 4","1730","1410","0.8140000000000001"
"2019","(CAH17) business and management","All","Quintile 4","55950","46275","0.8270000000000001"
"2020","(CAH17) business and management","All","Quintile 4","55805","46405","0.8320000000000001"
"2021","(CAH17) business and management","All","Quintile 4","61910","51210","0.8270000000000001"
"2022","(CAH17) business and management","All","Quintile 4","64140","51460","0.802"
"2023","(CAH17) business and management","All","Quintile 4","60350","49125","0.8140000000000001"
"2019","(CAH15) social sciences","All","Quintile 4","56460","44805","0.794"
"2020","(CAH15) social sciences","All","Quintile 4","56200","44630","0.794"
"2021","(CAH15) social sciences","All","Quintile 4","60330","47040","0.78"
"2022","(CAH15) social sciences","All","Quintile 4","56855","42505","0.748"
"2023","(CAH15) social sciences","All","Quintile 4","56510","43580","0.771"
"2019","(CAH03) biological and sport sciences","All","Quintile 4","31240","26265","0.841"
"2020","(CAH03) biological and sport sciences","All","Quintile 4","31635","26570","0.84"
"2021","(CAH03) biological and sport sciences","All","Quintile 4","33500","28030","0.837"
"2022","(CAH03) biological and sport sciences","All","Quintile 4","33850","26925","0.795"
"2023","(CAH03) biological and sport sciences","All","Quintile 4","32480","26855","0.8270000000000001"
"2019","(CAH13) architecture, building and planning","All","Quintile 4","8725","6440","0.738"
"2020","(CAH13) architecture, building and planning","All","Quintile 4","8835","6565","0.743"
"2021","(CAH13) architecture, building and planning","All","Quintile 4","9550","7055","0.739"
"2022","(CAH13) architecture, building and planning","All","Quintile 4","10110","7300","0.722"
"2023","(CAH13) architecture, building and planning","All","Quintile 4","9375","6765","0.722"
"2019","(CAH01) medicine and dentistry","All","Quintile 4","18140","5265","0.29"
"2020","(CAH01) medicine and dentistry","All","Quintile 4","18945","5230","0.276"
"2021","(CAH01) medicine and dentistry","All","Quintile 4","23035","4695","0.20400000000000001"
"2022","(CAH01) medicine and dentistry","All","Quintile 4","24935","3855","0.155"
"2023","(CAH01) medicine and dentistry","All","Quintile 4","23135","4575","0.198"
"2019","(CAH20) historical, philosophical and religious studies","All","Quintile 4","18175","15465","0.851"
"2020","(CAH20) historical, philosophical and religious studies","All","Quintile 4","16845","14480","0.86"
"2021","(CAH20) historical, philosophical and religious studies","All","Quintile 4","16955","14115","0.833"
"2022","(CAH20) historical, philosophical and religious studies","All","Quintile 4","17560","13935","0.794"
"2023","(CAH20) historical, philosophical and religious studies","All","Quintile 4","18150","14705","0.81"
"2019","(CAH11) computing","All","Quintile 4","25480","20080","0.788"
"2020","(CAH11) computing","All","Quintile 4","25860","20660","0.799"
"2021","(CAH11) computing","All","Quintile 4","26920","21010","0.781"
"2022","(CAH11) computing","All","Quintile 4","31265","23390","0.748"
"2023","(CAH11) computing","All","Quintile 4","33885","25155","0.742"
"2019","(CAH26) geography, earth and environmental studies","All","Quintile 4","9770","8895","0.91"
"2020","(CAH26) geography, earth and environmental studies","All","Quintile 4","9535","8595","0.901"
"2021","(CAH26) geography, earth and environmental studies","All","Quintile 4","10085","8965","0.889"
"2022","(CAH26) geography, earth and environmental studies","All","Quintile 4","10210","8845","0.866"
"2023","(CAH26) geography, earth and environmental studies","All","Quintile 4","10555","9305","0.881"
"2019","(CAH07) physical sciences","All","Quintile 4","13990","11885","0.849"
"2020","(CAH07) physical sciences","All","Quintile 4","13970","11815","0.846"
"2021","(CAH07) physical sciences","All","Quintile 4","13500","11540","0.855"
"2022","(CAH07) physical sciences","All","Quintile 4","13485","10970","0.8140000000000001"
"2023","(CAH07) physical sciences","All","Quintile 4","13300","10990","0.8260000000000001"
"2019","(CAH04) psychology","All","Quintile 4","26440","22430","0.848"
"2020","(CAH04) psychology","All","Quintile 4","26120","22180","0.849"
"2021","(CAH04) psychology","All","Quintile 4","27200","22625","0.8320000000000001"
"2022","(CAH04) psychology","All","Quintile 4","29545","23155","0.784"
"2023","(CAH04) psychology","All","Quintile 4","27965","22740","0.8130000000000001"
"2019","(CAH09) mathematical sciences","All","Quintile 4","8705","7215","0.8290000000000001"
"2020","(CAH09) mathematical sciences","All","Quintile 4","8350","6775","0.811"
"2021","(CAH09) mathematical sciences","All","Quintile 4","8760","7040","0.804"
"2022","(CAH09) mathematical sciences","All","Quintile 4","8350","6475","0.776"
"2023","(CAH09) mathematical sciences","All","Quintile 4","8335","6280","0.754"
"2019","(CAH22) education and teaching","All","Quintile 4","16365","9005","0.55"
"2020","(CAH22) education and teaching","All","Quintile 4","15730","8705","0.553"
"2021","(CAH22) education and teaching","All","Quintile 4","17775","9780","0.55"
"2022","(CAH22) education and teaching","All","Quintile 4","16740","9375","0.56"
"2023","(CAH22) education and teaching","All","Quintile 4","14355","8290","0.577"
"2019","(CAH06) agriculture, food and related studies","All","Quintile 4","3310","2945","0.889"
"2020","(CAH06) agriculture, food and related studies","All","Quintile 4","3675","3195","0.87"
"2021","(CAH06) agriculture, food and related studies","All","Quintile 4","3935","3490","0.887"
"2022","(CAH06) agriculture, food and related studies","All","Quintile 4","3980","3540","0.889"
"2023","(CAH06) agriculture, food and related studies","All","Quintile 4","3665","3300","0.901"
"2019","(CAH16) law","All","Quintile 4","23745","18870","0.795"
"2020","(CAH16) law","All","Quintile 4","23600","19205","0.8140000000000001"
"2021","(CAH16) law","All","Quintile 4","25245","19730","0.782"
"2022","(CAH16) law","All","Quintile 4","26530","19240","0.725"
"2023","(CAH16) law","All","Quintile 4","27260","20065","0.736"
"2019","(CAH05) veterinary sciences","All","Quintile 4","2960","1140","0.385"
"2020","(CAH05) veterinary sciences","All","Quintile 4","2610","1205","0.462"
"2021","(CAH05) veterinary sciences","All","Quintile 4","3370","1300","0.386"
"2022","(CAH05) veterinary sciences","All","Quintile 4","3160","1035","0.328"
"2023","(CAH05) veterinary sciences","All","Quintile 4","2945","1105","0.374"
"2019","(CAH25) design, and creative and performing arts","All","Quintile 5","62160","34765","0.559"
"2020","(CAH25) design, and creative and performing arts","All","Quintile 5","61440","36480","0.594"
"2021","(CAH25) design, and creative and performing arts","All","Quintile 5","65220","40425","0.62"
"2022","(CAH25) design, and creative and performing arts","All","Quintile 5","66815","39345","0.589"
"2023","(CAH25) design, and creative and performing arts","All","Quintile 5","64710","39125","0.605"
"2019","(CAH10) engineering and technology","All","Quintile 5","41205","33355","0.809"
"2020","(CAH10) engineering and technology","All","Quintile 5","41595","33815","0.8130000000000001"
"2021","(CAH10) engineering and technology","All","Quintile 5","43845","35260","0.804"
"2022","(CAH10) engineering and technology","All","Quintile 5","44040","34225","0.777"
"2023","(CAH10) engineering and technology","All","Quintile 5","44595","35160","0.788"
"2019","(CAH02) subjects allied to medicine","All","Quintile 5","65465","36240","0.554"
"2020","(CAH02) subjects allied to medicine","All","Quintile 5","70905","39875","0.562"
"2021","(CAH02) subjects allied to medicine","All","Quintile 5","85695","45125","0.527"
"2022","(CAH02) subjects allied to medicine","All","Quintile 5","82310","41500","0.504"
"2023","(CAH02) subjects allied to medicine","All","Quintile 5","73775","39965","0.542"
"2019","(CAH19) language and area studies","All","Quintile 5","31570","26285","0.833"
"2020","(CAH19) language and area studies","All","Quintile 5","29015","24440","0.842"
"2021","(CAH19) language and area studies","All","Quintile 5","28730","23720","0.8260000000000001"
"2022","(CAH19) language and area studies","All","Quintile 5","28615","22800","0.797"
"2023","(CAH19) language and area studies","All","Quintile 5","27780","22865","0.8230000000000001"
"2019","(CAH24) media, journalism and communications","All","Quintile 5","12040","9895","0.8220000000000001"
"2020","(CAH24) media, journalism and communications","All","Quintile 5","12245","10245","0.837"
"2021","(CAH24) media, journalism and communications","All","Quintile 5","14120","12110","0.858"
"2022","(CAH24) media, journalism and communications","All","Quintile 5","15605","12775","0.8190000000000001"
"2023","(CAH24) media, journalism and communications","All","Quintile 5","14780","12400","0.839"
"2019","(CAH23) combined and general studies","All","Quintile 5","3495","2880","0.8240000000000001"
"2020","(CAH23) combined and general studies","All","Quintile 5","3600","3035","0.843"
"2021","(CAH23) combined and general studies","All","Quintile 5","3955","3180","0.805"
"2022","(CAH23) combined and general studies","All","Quintile 5","4265","3155","0.74"
"2023","(CAH23) combined and general studies","All","Quintile 5","4135","3380","0.8170000000000001"
"2019","(CAH17) business and management","All","Quintile 5","78530","65090","0.8290000000000001"
"2020","(CAH17) business and management","All","Quintile 5","79135","65750","0.8310000000000001"
"2021","(CAH17) business and management","All","Quintile 5","86305","70835","0.8210000000000001"
"2022","(CAH17) business and management","All","Quintile 5","86760","67660","0.78"
"2023","(CAH17) business and management","All","Quintile 5","87795","70640","0.805"
"2019","(CAH15) social sciences","All","Quintile 5","79165","63210","0.798"
"2020","(CAH15) social sciences","All","Quintile 5","78165","62610","0.801"
"2021","(CAH15) social sciences","All","Quintile 5","85390","65800","0.771"
"2022","(CAH15) social sciences","All","Quintile 5","82545","59160","0.717"
"2023","(CAH15) social sciences","All","Quintile 5","83950","62400","0.743"
"2019","(CAH03) biological and sport sciences","All","Quintile 5","40655","34535","0.849"
"2020","(CAH03) biological and sport sciences","All","Quintile 5","42070","35290","0.839"
"2021","(CAH03) biological and sport sciences","All","Quintile 5","46150","38380","0.8320000000000001"
"2022","(CAH03) biological and sport sciences","All","Quintile 5","45920","36235","0.789"
"2023","(CAH03) biological and sport sciences","All","Quintile 5","44720","36770","0.8220000000000001"
"2019","(CAH13) architecture, building and planning","All","Quintile 5","12100","8970","0.741"
"2020","(CAH13) architecture, building and planning","All","Quintile 5","12780","9570","0.749"
"2021","(CAH13) architecture, building and planning","All","Quintile 5","13545","10005","0.739"
"2022","(CAH13) architecture, building and planning","All","Quintile 5","14130","10210","0.723"
"2023","(CAH13) architecture, building and planning","All","Quintile 5","13250","9690","0.731"
"2019","(CAH01) medicine and dentistry","All","Quintile 5","30525","10685","0.35000000000000003"
"2020","(CAH01) medicine and dentistry","All","Quintile 5","31745","10660","0.336"
"2021","(CAH01) medicine and dentistry","All","Quintile 5","37690","9140","0.242"
"2022","(CAH01) medicine and dentistry","All","Quintile 5","39440","7590","0.192"
"2023","(CAH01) medicine and dentistry","All","Quintile 5","36635","8930","0.244"
"2019","(CAH20) historical, philosophical and religious studies","All","Quintile 5","35005","29385","0.839"
"2020","(CAH20) historical, philosophical and religious studies","All","Quintile 5","33260","28060","0.844"
"2021","(CAH20) historical, philosophical and religious studies","All","Quintile 5","32240","26400","0.8190000000000001"
"2022","(CAH20) historical, philosophical and religious studies","All","Quintile 5","34045","25710","0.755"
"2023","(CAH20) historical, philosophical and religious studies","All","Quintile 5","34775","27350","0.786"
"2019","(CAH11) computing","All","Quintile 5","29435","23290","0.791"
"2020","(CAH11) computing","All","Quintile 5","30005","23715","0.79"
"2021","(CAH11) computing","All","Quintile 5","31900","24110","0.756"
"2022","(CAH11) computing","All","Quintile 5","36940","26835","0.726"
"2023","(CAH11) computing","All","Quintile 5","39175","28125","0.718"
"2019","(CAH26) geography, earth and environmental studies","All","Quintile 5","18195","16525","0.908"
"2020","(CAH26) geography, earth and environmental studies","All","Quintile 5","18110","16415","0.907"
"2021","(CAH26) geography, earth and environmental studies","All","Quintile 5","19115","16770","0.877"
"2022","(CAH26) geography, earth and environmental studies","All","Quintile 5","19625","16425","0.837"
"2023","(CAH26) geography, earth and environmental studies","All","Quintile 5","20365","17870","0.877"
"2019","(CAH07) physical sciences","All","Quintile 5","20980","17920","0.854"
"2020","(CAH07) physical sciences","All","Quintile 5","21500","18010","0.838"
"2021","(CAH07) physical sciences","All","Quintile 5","21520","17970","0.835"
"2022","(CAH07) physical sciences","All","Quintile 5","21360","16960","0.794"
"2023","(CAH07) physical sciences","All","Quintile 5","20910","17300","0.8270000000000001"
"2019","(CAH04) psychology","All","Quintile 5","32375","27405","0.847"
"2020","(CAH04) psychology","All","Quintile 5","34040","28870","0.848"
"2021","(CAH04) psychology","All","Quintile 5","36220","29805","0.8230000000000001"
"2022","(CAH04) psychology","All","Quintile 5","37555","28555","0.76"
"2023","(CAH04) psychology","All","Quintile 5","37160","29600","0.797"
"2019","(CAH09) mathematical sciences","All","Quintile 5","13930","11435","0.8210000000000001"
"2020","(CAH09) mathematical sciences","All","Quintile 5","13955","11445","0.8200000000000001"
"2021","(CAH09) mathematical sciences","All","Quintile 5","14335","11550","0.806"
"2022","(CAH09) mathematical sciences","All","Quintile 5","14110","10690","0.758"
"2023","(CAH09) mathematical sciences","All","Quintile 5","14720","10970","0.745"
"2019","(CAH22) education and teaching","All","Quintile 5","18750","9360","0.499"
"2020","(CAH22) education and teaching","All","Quintile 5","17785","9030","0.508"
"2021","(CAH22) education and teaching","All","Quintile 5","20355","10035","0.493"
"2022","(CAH22) education and teaching","All","Quintile 5","17830","9300","0.522"
"2023","(CAH22) education and teaching","All","Quintile 5","15230","8565","0.562"
"2019","(CAH06) agriculture, food and related studies","All","Quintile 5","3895","3485","0.895"
"2020","(CAH06) agriculture, food and related studies","All","Quintile 5","3960","3520","0.889"
"2021","(CAH06) agriculture, food and related studies","All","Quintile 5","4565","4095","0.897"
"2022","(CAH06) agriculture, food and related studies","All","Quintile 5","4545","4125","0.907"
"2023","(CAH06) agriculture, food and related studies","All","Quintile 5","4390","3990","0.909"
"2019","(CAH16) law","All","Quintile 5","28205","22225","0.788"
"2020","(CAH16) law","All","Quintile 5","28940","22920","0.792"
"2021","(CAH16) law","All","Quintile 5","31825","23835","0.749"
"2022","(CAH16) law","All","Quintile 5","32400","22070","0.681"
"2023","(CAH16) law","All","Quintile 5","32525","23025","0.708"
"2019","(CAH05) veterinary sciences","All","Quintile 5","4360","1810","0.41600000000000004"
"2020","(CAH05) veterinary sciences","All","Quintile 5","3855","1800","0.467"
"2021","(CAH05) veterinary sciences","All","Quintile 5","4610","1765","0.383"
"2022","(CAH05) veterinary sciences","All","Quintile 5","4480","1570","0.35100000000000003"
"2023","(CAH05) veterinary sciences","All","Quintile 5","4355","1715","0.394"
"2019","All","All","Unknown","3180","2055","0.646"
"2020","All","All","Unknown","2945","1770","0.601"
"2021","All","All","Unknown","2925","1785","0.61"
"2022","All","All","Unknown","1030","690","0.67"
"2023","All","All","Unknown","810","520","0.641"
"2019","All","All","Quintile 1","260180","181235","0.6970000000000001"
"2020","All","All","Quintile 1","267795","188470","0.704"
"2021","All","All","Quintile 1","294275","203580","0.6920000000000001"
"2022","All","All","Quintile 1","312995","208485","0.666"
"2023","All","All","Quintile 1","298710","204280","0.684"
"2019","All","All","Quintile 2","329695","233310","0.708"
"2020","All","All","Quintile 2","337505","240040","0.711"
"2021","All","All","Quintile 2","371910","260060","0.6990000000000001"
"2022","All","All","Quintile 2","384805","258385","0.671"
"2023","All","All","Quintile 2","371140","255710","0.6890000000000001"
"2019","All","All","Quintile 3","406520","289240","0.712"
"2020","All","All","Quintile 3","408000","293355","0.719"
"2021","All","All","Quintile 3","449535","314955","0.7010000000000001"
"2022","All","All","Quintile 3","462375","310910","0.672"
"2023","All","All","Quintile 3","442105","305635","0.6910000000000001"
"2019","All","All","Quintile 4","492325","353920","0.719"
"2020","All","All","Quintile 4","494735","358050","0.724"
"2021","All","All","Quintile 4","538775","378380","0.7020000000000001"
"2022","All","All","Quintile 4","550180","370120","0.673"
"2023","All","All","Quintile 4","526510","367055","0.6970000000000001"
"2019","All","All","Quintile 5","662030","488750","0.738"
"2020","All","All","Quintile 5","668110","495565","0.742"
"2021","All","All","Quintile 5","727330","520310","0.715"
"2022","All","All","Quintile 5","733340","496910","0.678"
"2023","All","All","Quintile 5","719720","509820","0.708"
"2019","(CAH25) design, and creative and performing arts","(CAH25-01-03) design studies","All","71305","40460","0.5670000000000001"
"2020","(CAH25) design, and creative and performing arts","(CAH25-01-03) design studies","All","70420","43005","0.611"
"2021","(CAH25) design, and creative and performing arts","(CAH25-01-03) design studies","All","74350","48925","0.658"
"2022","(CAH25) design, and creative and performing arts","(CAH25-01-03) design studies","All","77415","48300","0.624"
"2023","(CAH25) design, and creative and performing arts","(CAH25-01-03) design studies","All","73540","47150","0.641"
"2019","(CAH25) design, and creative and performing arts","(CAH25-02-02) music","All","33015","19875","0.602"
"2020","(CAH25) design, and creative and performing arts","(CAH25-02-02) music","All","33485","20635","0.616"
"2021","(CAH25) design, and creative and performing arts","(CAH25-02-02) music","All","36320","22730","0.626"
"2022","(CAH25) design, and creative and performing arts","(CAH25-02-02) music","All","37805","22625","0.598"
"2023","(CAH25) design, and creative and performing arts","(CAH25-02-02) music","All","37345","21675","0.58"
"2019","(CAH25) design, and creative and performing arts","(CAH25-01-04) cinematics and photography","All","38800","24715","0.637"
"2020","(CAH25) design, and creative and performing arts","(CAH25-01-04) cinematics and photography","All","38875","26340","0.678"
"2021","(CAH25) design, and creative and performing arts","(CAH25-01-04) cinematics and photography","All","41265","29870","0.724"
"2022","(CAH25) design, and creative and performing arts","(CAH25-01-04) cinematics and photography","All","43945","29075","0.662"
"2023","(CAH25) design, and creative and performing arts","(CAH25-01-04) cinematics and photography","All","41050","28860","0.7030000000000001"
"2019","(CAH25) design, and creative and performing arts","(CAH25-01-02) art","All","17555","9265","0.528"
"2020","(CAH25) design, and creative and performing arts","(CAH25-01-02) art","All","17400","9580","0.55"
"2021","(CAH25) design, and creative and performing arts","(CAH25-01-02) art","All","18085","10530","0.582"
"2022","(CAH25) design, and creative and performing arts","(CAH25-01-02) art","All","20565","11195","0.544"
"2023","(CAH25) design, and creative and performing arts","(CAH25-01-02) art","All","19705","11165","0.5670000000000001"
"2019","(CAH25) design, and creative and performing arts","(CAH25-02-03) drama","All","33085","12920","0.391"
"2020","(CAH25) design, and creative and performing arts","(CAH25-02-03) drama","All","32580","13525","0.41500000000000004"
"2021","(CAH25) design, and creative and performing arts","(CAH25-02-03) drama","All","33455","14290","0.427"
"2022","(CAH25) design, and creative and performing arts","(CAH25-02-03) drama","All","33505","14155","0.422"
"2023","(CAH25) design, and creative and performing arts","(CAH25-02-03) drama","All","32325","13690","0.424"
"2019","(CAH25) design, and creative and performing arts","(CAH25-02-04) dance","All","4700","2155","0.458"
"2020","(CAH25) design, and creative and performing arts","(CAH25-02-04) dance","All","4905","2350","0.47900000000000004"
"2021","(CAH25) design, and creative and performing arts","(CAH25-02-04) dance","All","6380","2960","0.464"
"2022","(CAH25) design, and creative and performing arts","(CAH25-02-04) dance","All","6505","2675","0.41100000000000003"
"2023","(CAH25) design, and creative and performing arts","(CAH25-02-04) dance","All","6090","2475","0.40700000000000003"
"2019","(CAH25) design, and creative and performing arts","(CAH25-02-01) performing arts (non-specific)","All","3165","1215","0.385"
"2020","(CAH25) design, and creative and performing arts","(CAH25-02-01) performing arts (non-specific)","All","1925","1030","0.535"
"2021","(CAH25) design, and creative and performing arts","(CAH25-02-01) performing arts (non-specific)","All","1305","930","0.713"
"2022","(CAH25) design, and creative and performing arts","(CAH25-02-01) performing arts (non-specific)","All","1435","1015","0.709"
"2023","(CAH25) design, and creative and performing arts","(CAH25-02-01) performing arts (non-specific)","All","1140","770","0.675"
"2019","(CAH25) design, and creative and performing arts","(CAH25-01-05) others in creative arts and design","All","2435","1665","0.684"
"2020","(CAH25) design, and creative and performing arts","(CAH25-01-05) others in creative arts and design","All","2380","1690","0.71"
"2021","(CAH25) design, and creative and performing arts","(CAH25-01-05) others in creative arts and design","All","2480","1970","0.795"
"2022","(CAH25) design, and creative and performing arts","(CAH25-01-05) others in creative arts and design","All","2645","1820","0.6880000000000001"
"2023","(CAH25) design, and creative and performing arts","(CAH25-01-05) others in creative arts and design","All","2270","1665","0.733"
"2019","(CAH25) design, and creative and performing arts","(CAH25-01-01) creative arts and design (non-specific)","All","2925","1420","0.485"
"2020","(CAH25) design, and creative and performing arts","(CAH25-01-01) creative arts and design (non-specific)","All","2980","1650","0.553"
"2021","(CAH25) design, and creative and performing arts","(CAH25-01-01) creative arts and design (non-specific)","All","3270","1900","0.58"
"2022","(CAH25) design, and creative and performing arts","(CAH25-01-01) creative arts and design (non-specific)","All","3825","2040","0.533"
"2023","(CAH25) design, and creative and performing arts","(CAH25-01-01) creative arts and design (non-specific)","All","3890","2075","0.533"
"2019","(CAH10) engineering and technology","(CAH10-01-06) bioengineering, medical and biomedical engineering","All","3765","3060","0.812"
"2020","(CAH10) engineering and technology","(CAH10-01-06) bioengineering, medical and biomedical engineering","All","4440","3630","0.8170000000000001"
"2021","(CAH10) engineering and technology","(CAH10-01-06) bioengineering, medical and biomedical engineering","All","4420","3640","0.8240000000000001"
"2022","(CAH10) engineering and technology","(CAH10-01-06) bioengineering, medical and biomedical engineering","All","4615","3685","0.798"
"2023","(CAH10) engineering and technology","(CAH10-01-06) bioengineering, medical and biomedical engineering","All","4815","3815","0.792"
"2019","(CAH10) engineering and technology","(CAH10-03-02) materials technology","All","735","595","0.812"
"2020","(CAH10) engineering and technology","(CAH10-03-02) materials technology","All","755","645","0.852"
"2021","(CAH10) engineering and technology","(CAH10-03-02) materials technology","All","600","530","0.883"
"2022","(CAH10) engineering and technology","(CAH10-03-02) materials technology","All","510","430","0.839"
"2023","(CAH10) engineering and technology","(CAH10-03-02) materials technology","All","780","655","0.84"
"2019","(CAH10) engineering and technology","(CAH10-03-06) others in technology","All","2485","2045","0.8220000000000001"
"2020","(CAH10) engineering and technology","(CAH10-03-06) others in technology","All","2705","2185","0.807"
"2021","(CAH10) engineering and technology","(CAH10-03-06) others in technology","All","3240","2800","0.864"
"2022","(CAH10) engineering and technology","(CAH10-03-06) others in technology","All","3235","2690","0.8310000000000001"
"2023","(CAH10) engineering and technology","(CAH10-03-06) others in technology","All","3325","2750","0.8270000000000001"
"2019","(CAH10) engineering and technology","(CAH10-01-03) production and manufacturing engineering","All","6870","5765","0.839"
"2020","(CAH10) engineering and technology","(CAH10-01-03) production and manufacturing engineering","All","6850","5780","0.844"
"2021","(CAH10) engineering and technology","(CAH10-01-03) production and manufacturing engineering","All","7975","6715","0.842"
"2022","(CAH10) engineering and technology","(CAH10-01-03) production and manufacturing engineering","All","8915","7375","0.8270000000000001"
"2023","(CAH10) engineering and technology","(CAH10-01-03) production and manufacturing engineering","All","8530","7125","0.835"
"2019","(CAH10) engineering and technology","(CAH10-01-04) aeronautical and aerospace engineering","All","14830","11755","0.793"
"2020","(CAH10) engineering and technology","(CAH10-01-04) aeronautical and aerospace engineering","All","15140","11950","0.789"
"2021","(CAH10) engineering and technology","(CAH10-01-04) aeronautical and aerospace engineering","All","16735","12925","0.772"
"2022","(CAH10) engineering and technology","(CAH10-01-04) aeronautical and aerospace engineering","All","17485","13185","0.754"
"2023","(CAH10) engineering and technology","(CAH10-01-04) aeronautical and aerospace engineering","All","18105","13930","0.769"
"2019","(CAH10) engineering and technology","(CAH10-01-08) electrical and electronic engineering","All","14095","10890","0.773"
"2020","(CAH10) engineering and technology","(CAH10-01-08) electrical and electronic engineering","All","14470","11025","0.762"
"2021","(CAH10) engineering and technology","(CAH10-01-08) electrical and electronic engineering","All","15885","11920","0.75"
"2022","(CAH10) engineering and technology","(CAH10-01-08) electrical and electronic engineering","All","17155","12390","0.722"
"2023","(CAH10) engineering and technology","(CAH10-01-08) electrical and electronic engineering","All","17220","12580","0.731"
"2019","(CAH10) engineering and technology","(CAH10-01-07) civil engineering","All","17785","14715","0.8270000000000001"
"2020","(CAH10) engineering and technology","(CAH10-01-07) civil engineering","All","17610","14705","0.835"
"2021","(CAH10) engineering and technology","(CAH10-01-07) civil engineering","All","19165","15815","0.8250000000000001"
"2022","(CAH10) engineering and technology","(CAH10-01-07) civil engineering","All","18050","14420","0.799"
"2023","(CAH10) engineering and technology","(CAH10-01-07) civil engineering","All","17325","13845","0.799"
"2019","(CAH10) engineering and technology","(CAH10-03-05) biotechnology","All","445","360","0.806"
"2020","(CAH10) engineering and technology","(CAH10-03-05) biotechnology","All","535","445","0.8310000000000001"
"2021","(CAH10) engineering and technology","(CAH10-03-05) biotechnology","All","495","420","0.845"
"2022","(CAH10) engineering and technology","(CAH10-03-05) biotechnology","All","615","515","0.836"
"2023","(CAH10) engineering and technology","(CAH10-03-05) biotechnology","All","700","600","0.86"
"2019","(CAH10) engineering and technology","(CAH10-01-09) chemical, process and energy engineering","All","10270","8430","0.8210000000000001"
"2020","(CAH10) engineering and technology","(CAH10-01-09) chemical, process and energy engineering","All","9595","7970","0.8310000000000001"
"2021","(CAH10) engineering and technology","(CAH10-01-09) chemical, process and energy engineering","All","9015","7540","0.836"
"2022","(CAH10) engineering and technology","(CAH10-01-09) chemical, process and energy engineering","All","8455","6885","0.8140000000000001"
"2023","(CAH10) engineering and technology","(CAH10-01-09) chemical, process and energy engineering","All","9135","7505","0.8220000000000001"
"2019","(CAH10) engineering and technology","(CAH10-03-03) polymers and textiles","All","130","80","0.631"
"2020","(CAH10) engineering and technology","(CAH10-03-03) polymers and textiles","All","105","70","0.6900000000000001"
"2021","(CAH10) engineering and technology","(CAH10-03-03) polymers and textiles","All","85","60","0.718"
"2022","(CAH10) engineering and technology","(CAH10-03-03) polymers and textiles","All","165","120","0.732"
"2023","(CAH10) engineering and technology","(CAH10-03-03) polymers and textiles","All","230","165","0.725"
"2019","(CAH10) engineering and technology","(CAH10-03-01) minerals technology","All","10","5"," "
"2020","(CAH10) engineering and technology","(CAH10-03-01) minerals technology","All","15","10","0.8200000000000001"
"2021","(CAH10) engineering and technology","(CAH10-03-01) minerals technology","All","10","10"," "
"2022","(CAH10) engineering and technology","(CAH10-03-01) minerals technology","All","15","10","0.733"
"2023","(CAH10) engineering and technology","(CAH10-03-01) minerals technology","All","10","10"," "
"2019","(CAH10) engineering and technology","(CAH10-01-01) engineering (non-specific)","All","14665","10570","0.721"
"2020","(CAH10) engineering and technology","(CAH10-01-01) engineering (non-specific)","All","14690","10745","0.731"
"2021","(CAH10) engineering and technology","(CAH10-01-01) engineering (non-specific)","All","16625","12330","0.742"
"2022","(CAH10) engineering and technology","(CAH10-01-01) engineering (non-specific)","All","16185","11495","0.71"
"2023","(CAH10) engineering and technology","(CAH10-01-01) engineering (non-specific)","All","15500","11180","0.721"
"2019","(CAH10) engineering and technology","(CAH10-01-10) others in engineering","All","125","95","0.778"
"2020","(CAH10) engineering and technology","(CAH10-01-10) others in engineering","All","80","70","0.889"
"2021","(CAH10) engineering and technology","(CAH10-01-10) others in engineering","All","35","30","0.8290000000000001"
"2022","(CAH10) engineering and technology","(CAH10-01-10) others in engineering","All","50","30","0.64"
"2023","(CAH10) engineering and technology","(CAH10-01-10) others in engineering","All","45","35","0.767"
"2019","(CAH10) engineering and technology","(CAH10-01-02) mechanical engineering","All","31425","25240","0.803"
"2020","(CAH10) engineering and technology","(CAH10-01-02) mechanical engineering","All","32045","26060","0.8130000000000001"
"2021","(CAH10) engineering and technology","(CAH10-01-02) mechanical engineering","All","33920","26800","0.79"
"2022","(CAH10) engineering and technology","(CAH10-01-02) mechanical engineering","All","34725","26655","0.768"
"2023","(CAH10) engineering and technology","(CAH10-01-02) mechanical engineering","All","34610","26770","0.774"
"2019","(CAH10) engineering and technology","(CAH10-03-04) maritime technology","All","210","180","0.848"
"2020","(CAH10) engineering and technology","(CAH10-03-04) maritime technology","All","255","225","0.879"
"2021","(CAH10) engineering and technology","(CAH10-03-04) maritime technology","All","255","230","0.897"
"2022","(CAH10) engineering and technology","(CAH10-03-04) maritime technology","All","245","210","0.862"
"2023","(CAH10) engineering and technology","(CAH10-03-04) maritime technology","All","200","175","0.875"
"2019","(CAH10) engineering and technology","(CAH10-01-05) naval architecture","All","180","165","0.927"
"2020","(CAH10) engineering and technology","(CAH10-01-05) naval architecture","All","240","210","0.877"
"2021","(CAH10) engineering and technology","(CAH10-01-05) naval architecture","All","190","170","0.886"
"2022","(CAH10) engineering and technology","(CAH10-01-05) naval architecture","All","155","135","0.874"
"2023","(CAH10) engineering and technology","(CAH10-01-05) naval architecture","All","170","145","0.864"
"2019","(CAH10) engineering and technology","(CAH10-03-07) materials science","All","795","450","0.5640000000000001"
"2020","(CAH10) engineering and technology","(CAH10-03-07) materials science","All","920","550","0.598"
"2021","(CAH10) engineering and technology","(CAH10-03-07) materials science","All","745","400","0.538"
"2022","(CAH10) engineering and technology","(CAH10-03-07) materials science","All","660","375","0.5700000000000001"
"2023","(CAH10) engineering and technology","(CAH10-03-07) materials science","All","675","410","0.604"
"2019","(CAH02) subjects allied to medicine","(CAH02-06-03) ophthalmics","All","7215","4215","0.584"
"2020","(CAH02) subjects allied to medicine","(CAH02-06-03) ophthalmics","All","7265","4400","0.606"
"2021","(CAH02) subjects allied to medicine","(CAH02-06-03) ophthalmics","All","6695","4380","0.654"
"2022","(CAH02) subjects allied to medicine","(CAH02-06-03) ophthalmics","All","7050","4015","0.5700000000000001"
"2023","(CAH02) subjects allied to medicine","(CAH02-06-03) ophthalmics","All","7735","4870","0.629"
"2019","(CAH02) subjects allied to medicine","(CAH02-05-04) anatomy, physiology and pathology","All","4550","3510","0.771"
"2020","(CAH02) subjects allied to medicine","(CAH02-05-04) anatomy, physiology and pathology","All","5355","4245","0.793"
"2021","(CAH02) subjects allied to medicine","(CAH02-05-04) anatomy, physiology and pathology","All","5300","4120","0.778"
"2022","(CAH02) subjects allied to medicine","(CAH02-05-04) anatomy, physiology and pathology","All","5505","3585","0.651"
"2023","(CAH02) subjects allied to medicine","(CAH02-05-04) anatomy, physiology and pathology","All","5080","3475","0.684"
"2019","(CAH02) subjects allied to medicine","(CAH02-05-01) medical technology","All","9650","3725","0.386"
"2020","(CAH02) subjects allied to medicine","(CAH02-05-01) medical technology","All","10395","4140","0.398"
"2021","(CAH02) subjects allied to medicine","(CAH02-05-01) medical technology","All","12560","4515","0.359"
"2022","(CAH02) subjects allied to medicine","(CAH02-05-01) medical technology","All","12380","4095","0.331"
"2023","(CAH02) subjects allied to medicine","(CAH02-05-01) medical technology","All","12645","4490","0.355"
"2019","(CAH02) subjects allied to medicine","(CAH02-06-06) complementary and alternative medicine","All","2175","1510","0.6940000000000001"
"2020","(CAH02) subjects allied to medicine","(CAH02-06-06) complementary and alternative medicine","All","2390","1670","0.6990000000000001"
"2021","(CAH02) subjects allied to medicine","(CAH02-06-06) complementary and alternative medicine","All","3015","2215","0.735"
"2022","(CAH02) subjects allied to medicine","(CAH02-06-06) complementary and alternative medicine","All","2910","2050","0.704"
"2023","(CAH02) subjects allied to medicine","(CAH02-06-06) complementary and alternative medicine","All","2085","1500","0.719"
"2019","(CAH02) subjects allied to medicine","(CAH02-06-01) health sciences (non-specific)","All","25475","9945","0.39"
"2020","(CAH02) subjects allied to medicine","(CAH02-06-01) health sciences (non-specific)","All","29585","11505","0.389"
"2021","(CAH02) subjects allied to medicine","(CAH02-06-01) health sciences (non-specific)","All","43470","13990","0.322"
"2022","(CAH02) subjects allied to medicine","(CAH02-06-01) health sciences (non-specific)","All","44840","13905","0.31"
"2023","(CAH02) subjects allied to medicine","(CAH02-06-01) health sciences (non-specific)","All","38895","12505","0.322"
"2019","(CAH02) subjects allied to medicine","(CAH02-06-02) nutrition and dietetics","All","5680","4190","0.738"
"2020","(CAH02) subjects allied to medicine","(CAH02-06-02) nutrition and dietetics","All","5965","4370","0.733"
"2021","(CAH02) subjects allied to medicine","(CAH02-06-02) nutrition and dietetics","All","6515","4785","0.735"
"2022","(CAH02) subjects allied to medicine","(CAH02-06-02) nutrition and dietetics","All","6245","4540","0.727"
"2023","(CAH02) subjects allied to medicine","(CAH02-06-02) nutrition and dietetics","All","5260","3775","0.718"
"2019","(CAH02) subjects allied to medicine","(CAH02-06-04) environmental and public health","All","2855","2650","0.927"
"2020","(CAH02) subjects allied to medicine","(CAH02-06-04) environmental and public health","All","3115","2935","0.9420000000000001"
"2021","(CAH02) subjects allied to medicine","(CAH02-06-04) environmental and public health","All","4410","4275","0.97"
"2022","(CAH02) subjects allied to medicine","(CAH02-06-04) environmental and public health","All","3670","3530","0.962"
"2023","(CAH02) subjects allied to medicine","(CAH02-06-04) environmental and public health","All","2725","2620","0.961"
"2019","(CAH02) subjects allied to medicine","(CAH02-06-07) counselling, psychotherapy and occupational therapy","All","10255","6030","0.588"
"2020","(CAH02) subjects allied to medicine","(CAH02-06-07) counselling, psychotherapy and occupational therapy","All","11035","6590","0.597"
"2021","(CAH02) subjects allied to medicine","(CAH02-06-07) counselling, psychotherapy and occupational therapy","All","12345","7525","0.61"
"2022","(CAH02) subjects allied to medicine","(CAH02-06-07) counselling, psychotherapy and occupational therapy","All","12540","7160","0.5710000000000001"
"2023","(CAH02) subjects allied to medicine","(CAH02-06-07) counselling, psychotherapy and occupational therapy","All","11580","6725","0.581"
"2019","(CAH02) subjects allied to medicine","(CAH02-02-01) pharmacology","All","5280","4370","0.8280000000000001"
"2020","(CAH02) subjects allied to medicine","(CAH02-02-01) pharmacology","All","5545","4595","0.8290000000000001"
"2021","(CAH02) subjects allied to medicine","(CAH02-02-01) pharmacology","All","6610","5340","0.808"
"2022","(CAH02) subjects allied to medicine","(CAH02-02-01) pharmacology","All","7495","5700","0.76"
"2023","(CAH02) subjects allied to medicine","(CAH02-02-01) pharmacology","All","7905","6275","0.794"
"2019","(CAH02) subjects allied to medicine","(CAH02-02-03) pharmacy","All","14750","10160","0.6890000000000001"
"2020","(CAH02) subjects allied to medicine","(CAH02-02-03) pharmacy","All","15010","10165","0.677"
"2021","(CAH02) subjects allied to medicine","(CAH02-02-03) pharmacy","All","18135","13095","0.722"
"2022","(CAH02) subjects allied to medicine","(CAH02-02-03) pharmacy","All","20615","12875","0.625"
"2023","(CAH02) subjects allied to medicine","(CAH02-02-03) pharmacy","All","26525","15070","0.5680000000000001"
"2019","(CAH02) subjects allied to medicine","(CAH02-06-05) physiotherapy","All","16010","5685","0.355"
"2020","(CAH02) subjects allied to medicine","(CAH02-06-05) physiotherapy","All","17295","6485","0.375"
"2021","(CAH02) subjects allied to medicine","(CAH02-06-05) physiotherapy","All","19725","6555","0.332"
"2022","(CAH02) subjects allied to medicine","(CAH02-06-05) physiotherapy","All","21850","6050","0.277"
"2023","(CAH02) subjects allied to medicine","(CAH02-06-05) physiotherapy","All","21510","6605","0.307"
"2019","(CAH02) subjects allied to medicine","(CAH02-05-02) healthcare science (non-specific)","All","4770","3240","0.68"
"2020","(CAH02) subjects allied to medicine","(CAH02-05-02) healthcare science (non-specific)","All","5550","3890","0.7010000000000001"
"2021","(CAH02) subjects allied to medicine","(CAH02-05-02) healthcare science (non-specific)","All","5545","3905","0.705"
"2022","(CAH02) subjects allied to medicine","(CAH02-05-02) healthcare science (non-specific)","All","6375","4790","0.751"
"2023","(CAH02) subjects allied to medicine","(CAH02-05-02) healthcare science (non-specific)","All","6575","5215","0.793"
"2019","(CAH02) subjects allied to medicine","(CAH02-05-03) biomedical sciences (non-specific)","All","37935","32990","0.87"
"2020","(CAH02) subjects allied to medicine","(CAH02-05-03) biomedical sciences (non-specific)","All","38765","33705","0.869"
"2021","(CAH02) subjects allied to medicine","(CAH02-05-03) biomedical sciences (non-specific)","All","41850","36525","0.873"
"2022","(CAH02) subjects allied to medicine","(CAH02-05-03) biomedical sciences (non-specific)","All","40955","35085","0.857"
"2023","(CAH02) subjects allied to medicine","(CAH02-05-03) biomedical sciences (non-specific)","All","40785","35345","0.867"
"2019","(CAH02) subjects allied to medicine","(CAH02-02-02) toxicology","All","60","60","1.0010000000000001"
"2020","(CAH02) subjects allied to medicine","(CAH02-02-02) toxicology","All","80","80","0.974"
"2021","(CAH02) subjects allied to medicine","(CAH02-02-02) toxicology","All","65","60","0.929"
"2022","(CAH02) subjects allied to medicine","(CAH02-02-02) toxicology","All","90","90","0.986"
"2023","(CAH02) subjects allied to medicine","(CAH02-02-02) toxicology","All","155","150","0.969"
"2019","(CAH02) subjects allied to medicine","(CAH02-04-02) adult nursing","All","64470","29475","0.457"
"2020","(CAH02) subjects allied to medicine","(CAH02-04-02) adult nursing","All","71945","35265","0.49"
"2021","(CAH02) subjects allied to medicine","(CAH02-04-02) adult nursing","All","87345","43090","0.493"
"2022","(CAH02) subjects allied to medicine","(CAH02-04-02) adult nursing","All","79480","37610","0.47300000000000003"
"2023","(CAH02) subjects allied to medicine","(CAH02-04-02) adult nursing","All","64595","31380","0.486"
"2019","(CAH02) subjects allied to medicine","(CAH02-04-05) children's nursing","All","22945","6895","0.3"
"2020","(CAH02) subjects allied to medicine","(CAH02-04-05) children's nursing","All","25625","8795","0.343"
"2021","(CAH02) subjects allied to medicine","(CAH02-04-05) children's nursing","All","32945","9570","0.29"
"2022","(CAH02) subjects allied to medicine","(CAH02-04-05) children's nursing","All","32075","8595","0.268"
"2023","(CAH02) subjects allied to medicine","(CAH02-04-05) children's nursing","All","24805","8325","0.336"
"2019","(CAH02) subjects allied to medicine","(CAH02-04-03) community nursing","All","20","15","0.75"
"2020","(CAH02) subjects allied to medicine","(CAH02-04-03) community nursing","All","30","25","0.767"
"2021","(CAH02) subjects allied to medicine","(CAH02-04-03) community nursing","All","100","65","0.65"
"2022","(CAH02) subjects allied to medicine","(CAH02-04-03) community nursing","All","80","60","0.762"
"2023","(CAH02) subjects allied to medicine","(CAH02-04-03) community nursing","All","45","20","0.467"
"2019","(CAH02) subjects allied to medicine","(CAH02-04-09) others in nursing","All","1625","455","0.28"
"2020","(CAH02) subjects allied to medicine","(CAH02-04-09) others in nursing","All","1450","535","0.369"
"2021","(CAH02) subjects allied to medicine","(CAH02-04-09) others in nursing","All","1725","595","0.34400000000000003"
"2022","(CAH02) subjects allied to medicine","(CAH02-04-09) others in nursing","All","1645","560","0.339"
"2023","(CAH02) subjects allied to medicine","(CAH02-04-09) others in nursing","All","1325","575","0.434"
"2019","(CAH02) subjects allied to medicine","(CAH02-04-06) dental nursing","All","1455","275","0.188"
"2020","(CAH02) subjects allied to medicine","(CAH02-04-06) dental nursing","All","1665","210","0.126"
"2021","(CAH02) subjects allied to medicine","(CAH02-04-06) dental nursing","All","2565","255","0.1"
"2022","(CAH02) subjects allied to medicine","(CAH02-04-06) dental nursing","All","3410","275","0.081"
"2023","(CAH02) subjects allied to medicine","(CAH02-04-06) dental nursing","All","3795","275","0.07200000000000001"
"2019","(CAH02) subjects allied to medicine","(CAH02-04-08) learning disabilities nursing","All","2475","1130","0.457"
"2020","(CAH02) subjects allied to medicine","(CAH02-04-08) learning disabilities nursing","All","2570","1270","0.495"
"2021","(CAH02) subjects allied to medicine","(CAH02-04-08) learning disabilities nursing","All","3355","1545","0.46"
"2022","(CAH02) subjects allied to medicine","(CAH02-04-08) learning disabilities nursing","All","3000","1285","0.428"
"2023","(CAH02) subjects allied to medicine","(CAH02-04-08) learning disabilities nursing","All","2360","1015","0.431"
"2019","(CAH02) subjects allied to medicine","(CAH02-04-07) mental health nursing","All","23495","8615","0.367"
"2020","(CAH02) subjects allied to medicine","(CAH02-04-07) mental health nursing","All","30335","11755","0.388"
"2021","(CAH02) subjects allied to medicine","(CAH02-04-07) mental health nursing","All","36585","13460","0.368"
"2022","(CAH02) subjects allied to medicine","(CAH02-04-07) mental health nursing","All","35185","11540","0.328"
"2023","(CAH02) subjects allied to medicine","(CAH02-04-07) mental health nursing","All","30285","10960","0.362"
"2019","(CAH02) subjects allied to medicine","(CAH02-04-04) midwifery","All","28230","6495","0.23"
"2020","(CAH02) subjects allied to medicine","(CAH02-04-04) midwifery","All","28930","7640","0.264"
"2021","(CAH02) subjects allied to medicine","(CAH02-04-04) midwifery","All","37780","8135","0.215"
"2022","(CAH02) subjects allied to medicine","(CAH02-04-04) midwifery","All","34370","7185","0.209"
"2023","(CAH02) subjects allied to medicine","(CAH02-04-04) midwifery","All","26905","7515","0.279"
"2019","(CAH02) subjects allied to medicine","(CAH02-04-01) nursing (non-specific)","All","11580","4125","0.356"
"2020","(CAH02) subjects allied to medicine","(CAH02-04-01) nursing (non-specific)","All","11390","4430","0.389"
"2021","(CAH02) subjects allied to medicine","(CAH02-04-01) nursing (non-specific)","All","11600","4305","0.371"
"2022","(CAH02) subjects allied to medicine","(CAH02-04-01) nursing (non-specific)","All","9920","3520","0.355"
"2023","(CAH02) subjects allied to medicine","(CAH02-04-01) nursing (non-specific)","All","8010","3180","0.397"
"2019","(CAH19) language and area studies","(CAH19-01-05) creative writing","All","6050","5085","0.841"
"2020","(CAH19) language and area studies","(CAH19-01-05) creative writing","All","6160","5275","0.856"
"2021","(CAH19) language and area studies","(CAH19-01-05) creative writing","All","6115","5410","0.885"
"2022","(CAH19) language and area studies","(CAH19-01-05) creative writing","All","6990","6040","0.864"
"2023","(CAH19) language and area studies","(CAH19-01-05) creative writing","All","7150","6135","0.858"
"2019","(CAH19) language and area studies","(CAH19-04-08) American and Australasian studies","All","1720","1610","0.935"
"2020","(CAH19) language and area studies","(CAH19-04-08) American and Australasian studies","All","1180","1105","0.937"
"2021","(CAH19) language and area studies","(CAH19-04-08) American and Australasian studies","All","1065","1035","0.971"
"2022","(CAH19) language and area studies","(CAH19-04-08) American and Australasian studies","All","980","930","0.9480000000000001"
"2023","(CAH19) language and area studies","(CAH19-04-08) American and Australasian studies","All","770","740","0.96"
"2019","(CAH19) language and area studies","(CAH19-01-06) others in English studies","All","190","155","0.8180000000000001"
"2020","(CAH19) language and area studies","(CAH19-01-06) others in English studies","All","145","120","0.8180000000000001"
"2021","(CAH19) language and area studies","(CAH19-01-06) others in English studies","All","165","150","0.909"
"2022","(CAH19) language and area studies","(CAH19-01-06) others in English studies","All","100","95","0.9420000000000001"
"2023","(CAH19) language and area studies","(CAH19-01-06) others in English studies","All","170","145","0.854"
"2019","(CAH19) language and area studies","(CAH19-01-02) English language","All","4505","4035","0.896"
"2020","(CAH19) language and area studies","(CAH19-01-02) English language","All","4030","3620","0.898"
"2021","(CAH19) language and area studies","(CAH19-01-02) English language","All","3800","3405","0.897"
"2022","(CAH19) language and area studies","(CAH19-01-02) English language","All","3735","3260","0.873"
"2023","(CAH19) language and area studies","(CAH19-01-02) English language","All","3505","3130","0.892"
"2019","(CAH19) language and area studies","(CAH19-01-03) literature in English","All","19775","17180","0.869"
"2020","(CAH19) language and area studies","(CAH19-01-03) literature in English","All","18095","15835","0.875"
"2021","(CAH19) language and area studies","(CAH19-01-03) literature in English","All","18355","15825","0.862"
"2022","(CAH19) language and area studies","(CAH19-01-03) literature in English","All","18475","15000","0.812"
"2023","(CAH19) language and area studies","(CAH19-01-03) literature in English","All","19120","16185","0.846"
"2019","(CAH19) language and area studies","(CAH19-01-01) English studies (non-specific)","All","20745","16980","0.8180000000000001"
"2020","(CAH19) language and area studies","(CAH19-01-01) English studies (non-specific)","All","18470","15245","0.8250000000000001"
"2021","(CAH19) language and area studies","(CAH19-01-01) English studies (non-specific)","All","18160","14685","0.809"
"2022","(CAH19) language and area studies","(CAH19-01-01) English studies (non-specific)","All","18585","14680","0.79"
"2023","(CAH19) language and area studies","(CAH19-01-01) English studies (non-specific)","All","18040","14590","0.809"
"2019","(CAH19) language and area studies","(CAH19-04-01) French studies","All","5615","4530","0.807"
"2020","(CAH19) language and area studies","(CAH19-04-01) French studies","All","4865","3950","0.811"
"2021","(CAH19) language and area studies","(CAH19-04-01) French studies","All","4640","3715","0.8"
"2022","(CAH19) language and area studies","(CAH19-04-01) French studies","All","4185","3215","0.769"
"2023","(CAH19) language and area studies","(CAH19-04-01) French studies","All","3730","2975","0.797"
"2019","(CAH19) language and area studies","(CAH19-04-02) German and Scandinavian studies","All","1940","1590","0.8200000000000001"
"2020","(CAH19) language and area studies","(CAH19-04-02) German and Scandinavian studies","All","1750","1435","0.8200000000000001"
"2021","(CAH19) language and area studies","(CAH19-04-02) German and Scandinavian studies","All","1650","1340","0.8130000000000001"
"2022","(CAH19) language and area studies","(CAH19-04-02) German and Scandinavian studies","All","1450","1120","0.772"
"2023","(CAH19) language and area studies","(CAH19-04-02) German and Scandinavian studies","All","1225","980","0.801"
"2019","(CAH19) language and area studies","(CAH19-04-04) Iberian studies","All","6185","4940","0.798"
"2020","(CAH19) language and area studies","(CAH19-04-04) Iberian studies","All","5635","4525","0.803"
"2021","(CAH19) language and area studies","(CAH19-04-04) Iberian studies","All","5190","4115","0.793"
"2022","(CAH19) language and area studies","(CAH19-04-04) Iberian studies","All","4345","3280","0.754"
"2023","(CAH19) language and area studies","(CAH19-04-04) Iberian studies","All","4160","3280","0.788"
"2019","(CAH19) language and area studies","(CAH19-04-03) Italian studies","All","845","680","0.804"
"2020","(CAH19) language and area studies","(CAH19-04-03) Italian studies","All","720","565","0.782"
"2021","(CAH19) language and area studies","(CAH19-04-03) Italian studies","All","680","515","0.756"
"2022","(CAH19) language and area studies","(CAH19-04-03) Italian studies","All","555","415","0.747"
"2023","(CAH19) language and area studies","(CAH19-04-03) Italian studies","All","615","480","0.78"
"2019","(CAH19) language and area studies","(CAH19-01-07) linguistics","All","3725","3210","0.861"
"2020","(CAH19) language and area studies","(CAH19-01-07) linguistics","All","3605","3155","0.875"
"2021","(CAH19) language and area studies","(CAH19-01-07) linguistics","All","3385","2975","0.88"
"2022","(CAH19) language and area studies","(CAH19-01-07) linguistics","All","3590","3030","0.844"
"2023","(CAH19) language and area studies","(CAH19-01-07) linguistics","All","3400","2890","0.85"
"2019","(CAH19) language and area studies","(CAH19-04-09) others in language and area studies","All","7995","7050","0.882"
"2020","(CAH19) language and area studies","(CAH19-04-09) others in language and area studies","All","8730","7720","0.884"
"2021","(CAH19) language and area studies","(CAH19-04-09) others in language and area studies","All","8385","7415","0.884"
"2022","(CAH19) language and area studies","(CAH19-04-09) others in language and area studies","All","9655","8355","0.865"
"2023","(CAH19) language and area studies","(CAH19-04-09) others in language and area studies","All","7940","6980","0.879"
"2019","(CAH19) language and area studies","(CAH19-04-05) Slavic studies","All","670","500","0.75"
"2020","(CAH19) language and area studies","(CAH19-04-05) Slavic studies","All","640","475","0.74"
"2021","(CAH19) language and area studies","(CAH19-04-05) Slavic studies","All","675","480","0.712"
"2022","(CAH19) language and area studies","(CAH19-04-05) Slavic studies","All","605","380","0.629"
"2023","(CAH19) language and area studies","(CAH19-04-05) Slavic studies","All","570","370","0.652"
"2019","(CAH19) language and area studies","(CAH19-02-03) Welsh studies","All","240","235","0.971"
"2020","(CAH19) language and area studies","(CAH19-02-03) Welsh studies","All","230","220","0.9470000000000001"
"2021","(CAH19) language and area studies","(CAH19-02-03) Welsh studies","All","220","210","0.962"
"2022","(CAH19) language and area studies","(CAH19-02-03) Welsh studies","All","180","165","0.931"
"2023","(CAH19) language and area studies","(CAH19-02-03) Welsh studies","All","175","170","0.963"
"2020","(CAH19) language and area studies","(CAH19-01-04) studies of specific authors","All","5","5"," "
"2021","(CAH19) language and area studies","(CAH19-01-04) studies of specific authors","All","5","5"," "
"2022","(CAH19) language and area studies","(CAH19-01-04) studies of specific authors","All","5","5"," "
"2023","(CAH19) language and area studies","(CAH19-01-04) studies of specific authors","All","5","5"," "
"2019","(CAH19) language and area studies","(CAH19-02-01) Celtic studies (non-specific)","All","115","85","0.731"
"2020","(CAH19) language and area studies","(CAH19-02-01) Celtic studies (non-specific)","All","85","65","0.765"
"2021","(CAH19) language and area studies","(CAH19-02-01) Celtic studies (non-specific)","All","140","105","0.766"
"2022","(CAH19) language and area studies","(CAH19-02-01) Celtic studies (non-specific)","All","115","85","0.754"
"2023","(CAH19) language and area studies","(CAH19-02-01) Celtic studies (non-specific)","All","140","110","0.774"
"2019","(CAH19) language and area studies","(CAH19-02-02) Gaelic studies","All","70","55","0.805"
"2020","(CAH19) language and area studies","(CAH19-02-02) Gaelic studies","All","70","50","0.729"
"2021","(CAH19) language and area studies","(CAH19-02-02) Gaelic studies","All","85","60","0.708"
"2022","(CAH19) language and area studies","(CAH19-02-02) Gaelic studies","All","50","40","0.8220000000000001"
"2023","(CAH19) language and area studies","(CAH19-02-02) Gaelic studies","All","60","50","0.795"
"2019","(CAH19) language and area studies","(CAH19-02-04) others in Celtic studies","All","240","235","0.971"
"2020","(CAH19) language and area studies","(CAH19-02-04) others in Celtic studies","All","230","225","0.984"
"2021","(CAH19) language and area studies","(CAH19-02-04) others in Celtic studies","All","185","175","0.9550000000000001"
"2022","(CAH19) language and area studies","(CAH19-02-04) others in Celtic studies","All","170","150","0.888"
"2023","(CAH19) language and area studies","(CAH19-02-04) others in Celtic studies","All","205","195","0.9580000000000001"
"2019","(CAH19) language and area studies","(CAH19-04-06) Asian studies","All","4000","2755","0.6880000000000001"
"2020","(CAH19) language and area studies","(CAH19-04-06) Asian studies","All","3525","2670","0.758"
"2021","(CAH19) language and area studies","(CAH19-04-06) Asian studies","All","3535","2725","0.771"
"2022","(CAH19) language and area studies","(CAH19-04-06) Asian studies","All","3740","2745","0.734"
"2023","(CAH19) language and area studies","(CAH19-04-06) Asian studies","All","2825","2070","0.732"
"2019","(CAH19) language and area studies","(CAH19-04-07) African and modern Middle Eastern studies","All","970","690","0.712"
"2020","(CAH19) language and area studies","(CAH19-04-07) African and modern Middle Eastern studies","All","760","555","0.73"
"2021","(CAH19) language and area studies","(CAH19-04-07) African and modern Middle Eastern studies","All","655","465","0.709"
"2022","(CAH19) language and area studies","(CAH19-04-07) African and modern Middle Eastern studies","All","705","490","0.6980000000000001"
"2023","(CAH19) language and area studies","(CAH19-04-07) African and modern Middle Eastern studies","All","655","475","0.727"
"2019","(CAH24) media, journalism and communications","(CAH24-01-05) media studies","All","27710","23280","0.84"
"2020","(CAH24) media, journalism and communications","(CAH24-01-05) media studies","All","28750","24270","0.844"
"2021","(CAH24) media, journalism and communications","(CAH24-01-05) media studies","All","31765","27190","0.856"
"2022","(CAH24) media, journalism and communications","(CAH24-01-05) media studies","All","34885","28905","0.8290000000000001"
"2023","(CAH24) media, journalism and communications","(CAH24-01-05) media studies","All","33505","27895","0.833"
"2019","(CAH24) media, journalism and communications","(CAH24-01-02) publicity studies","All","885","780","0.88"
"2020","(CAH24) media, journalism and communications","(CAH24-01-02) publicity studies","All","780","680","0.875"
"2021","(CAH24) media, journalism and communications","(CAH24-01-02) publicity studies","All","685","565","0.8210000000000001"
"2022","(CAH24) media, journalism and communications","(CAH24-01-02) publicity studies","All","735","610","0.8320000000000001"
"2023","(CAH24) media, journalism and communications","(CAH24-01-02) publicity studies","All","660","565","0.859"
"2019","(CAH24) media, journalism and communications","(CAH24-01-01) information services","All","370","195","0.534"
"2020","(CAH24) media, journalism and communications","(CAH24-01-01) information services","All","305","200","0.654"
"2021","(CAH24) media, journalism and communications","(CAH24-01-01) information services","All","355","210","0.587"
"2022","(CAH24) media, journalism and communications","(CAH24-01-01) information services","All","440","205","0.46900000000000003"
"2023","(CAH24) media, journalism and communications","(CAH24-01-01) information services","All","440","210","0.47600000000000003"
"2019","(CAH24) media, journalism and communications","(CAH24-01-04) journalism","All","12275","9505","0.774"
"2020","(CAH24) media, journalism and communications","(CAH24-01-04) journalism","All","11710","9705","0.8290000000000001"
"2021","(CAH24) media, journalism and communications","(CAH24-01-04) journalism","All","12855","11185","0.87"
"2022","(CAH24) media, journalism and communications","(CAH24-01-04) journalism","All","13910","11820","0.85"
"2023","(CAH24) media, journalism and communications","(CAH24-01-04) journalism","All","13635","11925","0.875"
"2019","(CAH24) media, journalism and communications","(CAH24-01-03) publishing","All","470","440","0.934"
"2020","(CAH24) media, journalism and communications","(CAH24-01-03) publishing","All","400","370","0.927"
"2021","(CAH24) media, journalism and communications","(CAH24-01-03) publishing","All","420","370","0.879"
"2022","(CAH24) media, journalism and communications","(CAH24-01-03) publishing","All","445","400","0.901"
"2023","(CAH24) media, journalism and communications","(CAH24-01-03) publishing","All","400","375","0.934"
"2019","(CAH23) combined and general studies","(CAH23-01-04) liberal arts (non-specific)","All","2330","2045","0.877"
"2020","(CAH23) combined and general studies","(CAH23-01-04) liberal arts (non-specific)","All","2575","2295","0.891"
"2021","(CAH23) combined and general studies","(CAH23-01-04) liberal arts (non-specific)","All","2980","2685","0.901"
"2022","(CAH23) combined and general studies","(CAH23-01-04) liberal arts (non-specific)","All","3480","2820","0.811"
"2023","(CAH23) combined and general studies","(CAH23-01-04) liberal arts (non-specific)","All","3305","2880","0.871"
"2019","(CAH23) combined and general studies","(CAH23-01-03) humanities (non-specific)","All","1040","905","0.869"
"2020","(CAH23) combined and general studies","(CAH23-01-03) humanities (non-specific)","All","865","750","0.864"
"2021","(CAH23) combined and general studies","(CAH23-01-03) humanities (non-specific)","All","815","725","0.891"
"2022","(CAH23) combined and general studies","(CAH23-01-03) humanities (non-specific)","All","1005","860","0.854"
"2023","(CAH23) combined and general studies","(CAH23-01-03) humanities (non-specific)","All","1110","935","0.841"
"2019","(CAH23) combined and general studies","(CAH23-01-02) personal development","All","1420","1030","0.726"
"2020","(CAH23) combined and general studies","(CAH23-01-02) personal development","All","1500","1055","0.7030000000000001"
"2021","(CAH23) combined and general studies","(CAH23-01-02) personal development","All","1735","1240","0.716"
"2022","(CAH23) combined and general studies","(CAH23-01-02) personal development","All","1825","1310","0.717"
"2023","(CAH23) combined and general studies","(CAH23-01-02) personal development","All","1805","1340","0.742"
"2019","(CAH23) combined and general studies","(CAH23-01-01) combined, general or negotiated studies","All","2690","2175","0.809"
"2020","(CAH23) combined and general studies","(CAH23-01-01) combined, general or negotiated studies","All","2730","2280","0.835"
"2021","(CAH23) combined and general studies","(CAH23-01-01) combined, general or negotiated studies","All","2745","2115","0.771"
"2022","(CAH23) combined and general studies","(CAH23-01-01) combined, general or negotiated studies","All","2840","1925","0.678"
"2023","(CAH23) combined and general studies","(CAH23-01-01) combined, general or negotiated studies","All","2350","1835","0.781"
"2019","(CAH17) business and management","(CAH17-01-03) marketing","All","26525","22505","0.848"
"2020","(CAH17) business and management","(CAH17-01-03) marketing","All","27160","23195","0.854"
"2021","(CAH17) business and management","(CAH17-01-03) marketing","All","31740","26950","0.849"
"2022","(CAH17) business and management","(CAH17-01-03) marketing","All","33375","27860","0.835"
"2023","(CAH17) business and management","(CAH17-01-03) marketing","All","32520","27530","0.847"
"2019","(CAH17) business and management","(CAH17-01-01) business and management (non-specific)","All","31465","26885","0.854"
"2020","(CAH17) business and management","(CAH17-01-01) business and management (non-specific)","All","35830","31035","0.866"
"2021","(CAH17) business and management","(CAH17-01-01) business and management (non-specific)","All","39765","34740","0.874"
"2022","(CAH17) business and management","(CAH17-01-01) business and management (non-specific)","All","42280","36115","0.854"
"2023","(CAH17) business and management","(CAH17-01-01) business and management (non-specific)","All","43470","37655","0.866"
"2019","(CAH17) business and management","(CAH17-01-02) business studies","All","55570","47245","0.85"
"2020","(CAH17) business and management","(CAH17-01-02) business studies","All","54510","46515","0.853"
"2021","(CAH17) business and management","(CAH17-01-02) business studies","All","56115","47215","0.841"
"2022","(CAH17) business and management","(CAH17-01-02) business studies","All","58265","47920","0.8220000000000001"
"2023","(CAH17) business and management","(CAH17-01-02) business studies","All","57390","45915","0.8"
"2019","(CAH17) business and management","(CAH17-01-06) tourism, transport and travel","All","20255","17805","0.879"
"2020","(CAH17) business and management","(CAH17-01-06) tourism, transport and travel","All","18780","16615","0.885"
"2021","(CAH17) business and management","(CAH17-01-06) tourism, transport and travel","All","19485","17285","0.887"
"2022","(CAH17) business and management","(CAH17-01-06) tourism, transport and travel","All","18890","16870","0.893"
"2023","(CAH17) business and management","(CAH17-01-06) tourism, transport and travel","All","16335","14535","0.89"
"2019","(CAH17) business and management","(CAH17-01-05) human resource management","All","3565","3075","0.863"
"2020","(CAH17) business and management","(CAH17-01-05) human resource management","All","3655","3095","0.847"
"2021","(CAH17) business and management","(CAH17-01-05) human resource management","All","3630","3090","0.852"
"2022","(CAH17) business and management","(CAH17-01-05) human resource management","All","3300","2775","0.84"
"2023","(CAH17) business and management","(CAH17-01-05) human resource management","All","3035","2555","0.841"
"2019","(CAH17) business and management","(CAH17-01-04) management studies","All","38295","29100","0.76"
"2020","(CAH17) business and management","(CAH17-01-04) management studies","All","37725","28015","0.743"
"2021","(CAH17) business and management","(CAH17-01-04) management studies","All","41025","29620","0.722"
"2022","(CAH17) business and management","(CAH17-01-04) management studies","All","42620","27860","0.654"
"2023","(CAH17) business and management","(CAH17-01-04) management studies","All","40670","28280","0.6950000000000001"
"2019","(CAH17) business and management","(CAH17-01-08) accounting","All","33950","27465","0.809"
"2020","(CAH17) business and management","(CAH17-01-08) accounting","All","34725","28460","0.8200000000000001"
"2021","(CAH17) business and management","(CAH17-01-08) accounting","All","40255","32890","0.8170000000000001"
"2022","(CAH17) business and management","(CAH17-01-08) accounting","All","39295","31155","0.793"
"2023","(CAH17) business and management","(CAH17-01-08) accounting","All","40355","32285","0.8"
"2019","(CAH17) business and management","(CAH17-01-07) finance","All","25255","20600","0.8160000000000001"
"2020","(CAH17) business and management","(CAH17-01-07) finance","All","25375","20655","0.8140000000000001"
"2021","(CAH17) business and management","(CAH17-01-07) finance","All","28620","23325","0.8150000000000001"
"2022","(CAH17) business and management","(CAH17-01-07) finance","All","30420","23300","0.766"
"2023","(CAH17) business and management","(CAH17-01-07) finance","All","32355","25560","0.79"
"2019","(CAH17) business and management","(CAH17-01-09) others in business and management","All","25","20","0.8320000000000001"
"2020","(CAH17) business and management","(CAH17-01-09) others in business and management","All","30","25","0.781"
"2021","(CAH17) business and management","(CAH17-01-09) others in business and management","All","35","25","0.726"
"2022","(CAH17) business and management","(CAH17-01-09) others in business and management","All","30","25","0.803"
"2023","(CAH17) business and management","(CAH17-01-09) others in business and management","All","30","25","0.803"
"2019","(CAH15) social sciences","(CAH15-03-01) politics","All","44400","36660","0.8260000000000001"
"2020","(CAH15) social sciences","(CAH15-03-01) politics","All","42990","35715","0.8310000000000001"
"2021","(CAH15) social sciences","(CAH15-03-01) politics","All","46255","36800","0.796"
"2022","(CAH15) social sciences","(CAH15-03-01) politics","All","45790","34245","0.748"
"2023","(CAH15) social sciences","(CAH15-03-01) politics","All","49370","37915","0.768"
"2019","(CAH15) social sciences","(CAH15-01-04) anthropology","All","4985","3955","0.794"
"2020","(CAH15) social sciences","(CAH15-01-04) anthropology","All","4690","3735","0.796"
"2021","(CAH15) social sciences","(CAH15-01-04) anthropology","All","5090","3795","0.745"
"2022","(CAH15) social sciences","(CAH15-01-04) anthropology","All","5125","3635","0.709"
"2023","(CAH15) social sciences","(CAH15-01-04) anthropology","All","4810","3545","0.737"
"2019","(CAH15) social sciences","(CAH15-02-01) economics","All","54925","43175","0.786"
"2020","(CAH15) social sciences","(CAH15-02-01) economics","All","55690","43485","0.781"
"2021","(CAH15) social sciences","(CAH15-02-01) economics","All","59280","44410","0.749"
"2022","(CAH15) social sciences","(CAH15-02-01) economics","All","57735","37895","0.656"
"2023","(CAH15) social sciences","(CAH15-02-01) economics","All","63845","43440","0.68"
"2019","(CAH15) social sciences","(CAH15-04-02) childhood and youth studies","All","12420","10560","0.85"
"2020","(CAH15) social sciences","(CAH15-04-02) childhood and youth studies","All","11395","9800","0.86"
"2021","(CAH15) social sciences","(CAH15-04-02) childhood and youth studies","All","11335","9975","0.88"
"2022","(CAH15) social sciences","(CAH15-04-02) childhood and youth studies","All","11095","9715","0.876"
"2023","(CAH15) social sciences","(CAH15-04-02) childhood and youth studies","All","9815","8725","0.889"
"2019","(CAH15) social sciences","(CAH15-04-01) social work","All","29600","11730","0.396"
"2020","(CAH15) social sciences","(CAH15-04-01) social work","All","30315","13410","0.442"
"2021","(CAH15) social sciences","(CAH15-04-01) social work","All","32575","14070","0.432"
"2022","(CAH15) social sciences","(CAH15-04-01) social work","All","27460","11840","0.431"
"2023","(CAH15) social sciences","(CAH15-04-01) social work","All","22150","10240","0.462"
"2019","(CAH15) social sciences","(CAH15-01-01) social sciences (non-specific)","All","5790","4710","0.8130000000000001"
"2020","(CAH15) social sciences","(CAH15-01-01) social sciences (non-specific)","All","6370","5460","0.857"
"2021","(CAH15) social sciences","(CAH15-01-01) social sciences (non-specific)","All","7000","6005","0.858"
"2022","(CAH15) social sciences","(CAH15-01-01) social sciences (non-specific)","All","6185","5165","0.835"
"2023","(CAH15) social sciences","(CAH15-01-01) social sciences (non-specific)","All","5665","4920","0.868"
"2019","(CAH15) social sciences","(CAH15-04-03) health studies","All","11750","10440","0.889"
"2020","(CAH15) social sciences","(CAH15-04-03) health studies","All","11440","10360","0.906"
"2021","(CAH15) social sciences","(CAH15-04-03) health studies","All","14465","13360","0.924"
"2022","(CAH15) social sciences","(CAH15-04-03) health studies","All","13205","12195","0.924"
"2023","(CAH15) social sciences","(CAH15-04-03) health studies","All","11735","10785","0.919"
"2019","(CAH15) social sciences","(CAH15-01-03) social policy","All","7685","6245","0.812"
"2020","(CAH15) social sciences","(CAH15-01-03) social policy","All","7170","5775","0.805"
"2021","(CAH15) social sciences","(CAH15-01-03) social policy","All","7945","5805","0.73"
"2022","(CAH15) social sciences","(CAH15-01-03) social policy","All","6620","4580","0.6920000000000001"
"2023","(CAH15) social sciences","(CAH15-01-03) social policy","All","6120","4695","0.767"
"2019","(CAH15) social sciences","(CAH15-01-02) sociology","All","75925","68480","0.902"
"2020","(CAH15) social sciences","(CAH15-01-02) sociology","All","76935","69710","0.906"
"2021","(CAH15) social sciences","(CAH15-01-02) sociology","All","83335","74480","0.894"
"2022","(CAH15) social sciences","(CAH15-01-02) sociology","All","86555","75175","0.869"
"2023","(CAH15) social sciences","(CAH15-01-02) sociology","All","80025","70995","0.887"
"2019","(CAH15) social sciences","(CAH15-01-05) development studies","All","1480","1330","0.898"
"2020","(CAH15) social sciences","(CAH15-01-05) development studies","All","1520","1390","0.915"
"2021","(CAH15) social sciences","(CAH15-01-05) development studies","All","1685","1550","0.921"
"2022","(CAH15) social sciences","(CAH15-01-05) development studies","All","1475","1275","0.866"
"2023","(CAH15) social sciences","(CAH15-01-05) development studies","All","1410","1245","0.883"
"2019","(CAH15) social sciences","(CAH15-01-06) cultural studies","All","835","735","0.878"
"2020","(CAH15) social sciences","(CAH15-01-06) cultural studies","All","580","490","0.846"
"2021","(CAH15) social sciences","(CAH15-01-06) cultural studies","All","705","595","0.845"
"2022","(CAH15) social sciences","(CAH15-01-06) cultural studies","All","600","500","0.835"
"2023","(CAH15) social sciences","(CAH15-01-06) cultural studies","All","535","455","0.855"
"2019","(CAH03) biological and sport sciences","(CAH03-02-01) sport and exercise sciences","All","68405","56610","0.8280000000000001"
"2020","(CAH03) biological and sport sciences","(CAH03-02-01) sport and exercise sciences","All","70325","58160","0.8270000000000001"
"2021","(CAH03) biological and sport sciences","(CAH03-02-01) sport and exercise sciences","All","77420","64185","0.8290000000000001"
"2022","(CAH03) biological and sport sciences","(CAH03-02-01) sport and exercise sciences","All","83090","65730","0.791"
"2023","(CAH03) biological and sport sciences","(CAH03-02-01) sport and exercise sciences","All","74810","61065","0.8160000000000001"
"2019","(CAH03) biological and sport sciences","(CAH03-01-07) genetics","All","1270","1060","0.833"
"2020","(CAH03) biological and sport sciences","(CAH03-01-07) genetics","All","1190","1000","0.84"
"2021","(CAH03) biological and sport sciences","(CAH03-01-07) genetics","All","1335","1160","0.868"
"2022","(CAH03) biological and sport sciences","(CAH03-01-07) genetics","All","1260","1090","0.865"
"2023","(CAH03) biological and sport sciences","(CAH03-01-07) genetics","All","1095","950","0.866"
"2019","(CAH03) biological and sport sciences","(CAH03-01-10) others in biosciences","All","2315","1990","0.86"
"2020","(CAH03) biological and sport sciences","(CAH03-01-10) others in biosciences","All","2410","1995","0.8280000000000001"
"2021","(CAH03) biological and sport sciences","(CAH03-01-10) others in biosciences","All","2610","2160","0.8270000000000001"
"2022","(CAH03) biological and sport sciences","(CAH03-01-10) others in biosciences","All","2595","2205","0.849"
"2023","(CAH03) biological and sport sciences","(CAH03-01-10) others in biosciences","All","2315","1985","0.857"
"2019","(CAH03) biological and sport sciences","(CAH03-01-08) molecular biology, biophysics and biochemistry","All","16455","14140","0.859"
"2020","(CAH03) biological and sport sciences","(CAH03-01-08) molecular biology, biophysics and biochemistry","All","15510","13235","0.853"
"2021","(CAH03) biological and sport sciences","(CAH03-01-08) molecular biology, biophysics and biochemistry","All","16550","13965","0.844"
"2022","(CAH03) biological and sport sciences","(CAH03-01-08) molecular biology, biophysics and biochemistry","All","15725","12270","0.78"
"2023","(CAH03) biological and sport sciences","(CAH03-01-08) molecular biology, biophysics and biochemistry","All","16925","13685","0.809"
"2019","(CAH03) biological and sport sciences","(CAH03-01-01) biosciences (non-specific)","All","11395","9740","0.855"
"2020","(CAH03) biological and sport sciences","(CAH03-01-01) biosciences (non-specific)","All","11675","10015","0.858"
"2021","(CAH03) biological and sport sciences","(CAH03-01-01) biosciences (non-specific)","All","12845","10865","0.846"
"2022","(CAH03) biological and sport sciences","(CAH03-01-01) biosciences (non-specific)","All","12025","9705","0.807"
"2023","(CAH03) biological and sport sciences","(CAH03-01-01) biosciences (non-specific)","All","12140","10370","0.854"
"2019","(CAH03) biological and sport sciences","(CAH03-01-02) biology (non-specific)","All","20465","17560","0.858"
"2020","(CAH03) biological and sport sciences","(CAH03-01-02) biology (non-specific)","All","19785","16830","0.851"
"2021","(CAH03) biological and sport sciences","(CAH03-01-02) biology (non-specific)","All","18550","15680","0.845"
"2022","(CAH03) biological and sport sciences","(CAH03-01-02) biology (non-specific)","All","17330","13985","0.807"
"2023","(CAH03) biological and sport sciences","(CAH03-01-02) biology (non-specific)","All","18195","15145","0.8320000000000001"
"2019","(CAH03) biological and sport sciences","(CAH03-01-03) ecology and environmental biology","All","7070","6285","0.889"
"2020","(CAH03) biological and sport sciences","(CAH03-01-03) ecology and environmental biology","All","7650","6715","0.878"
"2021","(CAH03) biological and sport sciences","(CAH03-01-03) ecology and environmental biology","All","9005","7815","0.868"
"2022","(CAH03) biological and sport sciences","(CAH03-01-03) ecology and environmental biology","All","9885","8525","0.862"
"2023","(CAH03) biological and sport sciences","(CAH03-01-03) ecology and environmental biology","All","9135","8020","0.878"
"2019","(CAH03) biological and sport sciences","(CAH03-01-04) microbiology and cell science","All","3405","2915","0.856"
"2020","(CAH03) biological and sport sciences","(CAH03-01-04) microbiology and cell science","All","3300","2770","0.839"
"2021","(CAH03) biological and sport sciences","(CAH03-01-04) microbiology and cell science","All","3610","3020","0.837"
"2022","(CAH03) biological and sport sciences","(CAH03-01-04) microbiology and cell science","All","3245","2655","0.8190000000000001"
"2023","(CAH03) biological and sport sciences","(CAH03-01-04) microbiology and cell science","All","2970","2500","0.841"
"2019","(CAH03) biological and sport sciences","(CAH03-01-05) plant sciences","All","170","130","0.766"
"2020","(CAH03) biological and sport sciences","(CAH03-01-05) plant sciences","All","190","145","0.768"
"2021","(CAH03) biological and sport sciences","(CAH03-01-05) plant sciences","All","240","185","0.776"
"2022","(CAH03) biological and sport sciences","(CAH03-01-05) plant sciences","All","250","190","0.762"
"2023","(CAH03) biological and sport sciences","(CAH03-01-05) plant sciences","All","330","265","0.799"
"2019","(CAH03) biological and sport sciences","(CAH03-01-06) zoology","All","8210","6770","0.8240000000000001"
"2020","(CAH03) biological and sport sciences","(CAH03-01-06) zoology","All","7980","6485","0.8130000000000001"
"2021","(CAH03) biological and sport sciences","(CAH03-01-06) zoology","All","9425","7680","0.8150000000000001"
"2022","(CAH03) biological and sport sciences","(CAH03-01-06) zoology","All","9725","7820","0.804"
"2023","(CAH03) biological and sport sciences","(CAH03-01-06) zoology","All","8880","7295","0.8220000000000001"
"2019","(CAH03) biological and sport sciences","(CAH03-01-09) hair and beauty sciences","All","160","100","0.627"
"2020","(CAH03) biological and sport sciences","(CAH03-01-09) hair and beauty sciences","All","155","100","0.641"
"2021","(CAH03) biological and sport sciences","(CAH03-01-09) hair and beauty sciences","All","155","80","0.523"
"2022","(CAH03) biological and sport sciences","(CAH03-01-09) hair and beauty sciences","All","55","45","0.836"
"2023","(CAH03) biological and sport sciences","(CAH03-01-09) hair and beauty sciences","All","55","40","0.745"
"2019","(CAH13) architecture, building and planning","(CAH13-01-01) architecture","All","19975","12590","0.63"
"2020","(CAH13) architecture, building and planning","(CAH13-01-01) architecture","All","21320","13680","0.642"
"2021","(CAH13) architecture, building and planning","(CAH13-01-01) architecture","All","23130","14780","0.639"
"2022","(CAH13) architecture, building and planning","(CAH13-01-01) architecture","All","25235","15360","0.609"
"2023","(CAH13) architecture, building and planning","(CAH13-01-01) architecture","All","24290","15320","0.631"
"2019","(CAH13) architecture, building and planning","(CAH13-01-03) landscape design","All","380","280","0.733"
"2020","(CAH13) architecture, building and planning","(CAH13-01-03) landscape design","All","410","275","0.665"
"2021","(CAH13) architecture, building and planning","(CAH13-01-03) landscape design","All","415","280","0.678"
"2022","(CAH13) architecture, building and planning","(CAH13-01-03) landscape design","All","480","335","0.6930000000000001"
"2023","(CAH13) architecture, building and planning","(CAH13-01-03) landscape design","All","490","340","0.6950000000000001"
"2019","(CAH13) architecture, building and planning","(CAH13-01-02) building","All","11340","9885","0.872"
"2020","(CAH13) architecture, building and planning","(CAH13-01-02) building","All","11495","10180","0.886"
"2021","(CAH13) architecture, building and planning","(CAH13-01-02) building","All","12830","11480","0.895"
"2022","(CAH13) architecture, building and planning","(CAH13-01-02) building","All","12980","11890","0.916"
"2023","(CAH13) architecture, building and planning","(CAH13-01-02) building","All","11660","10520","0.902"
"2019","(CAH13) architecture, building and planning","(CAH13-01-04) planning (urban, rural and regional)","All","3490","3070","0.88"
"2020","(CAH13) architecture, building and planning","(CAH13-01-04) planning (urban, rural and regional)","All","3755","3315","0.882"
"2021","(CAH13) architecture, building and planning","(CAH13-01-04) planning (urban, rural and regional)","All","3420","2870","0.839"
"2022","(CAH13) architecture, building and planning","(CAH13-01-04) planning (urban, rural and regional)","All","3725","2925","0.785"
"2023","(CAH13) architecture, building and planning","(CAH13-01-04) planning (urban, rural and regional)","All","3455","2720","0.787"
"2019","(CAH01) medicine and dentistry","(CAH01-01-03) medicine by specialism","All","825","410","0.497"
"2020","(CAH01) medicine and dentistry","(CAH01-01-03) medicine by specialism","All","910","530","0.581"
"2021","(CAH01) medicine and dentistry","(CAH01-01-03) medicine by specialism","All","1130","495","0.438"
"2022","(CAH01) medicine and dentistry","(CAH01-01-03) medicine by specialism","All","1400","700","0.5"
"2023","(CAH01) medicine and dentistry","(CAH01-01-03) medicine by specialism","All","990","525","0.532"
"2019","(CAH01) medicine and dentistry","(CAH01-01-04) dentistry","All","13325","2930","0.22"
"2020","(CAH01) medicine and dentistry","(CAH01-01-04) dentistry","All","14365","3025","0.21"
"2021","(CAH01) medicine and dentistry","(CAH01-01-04) dentistry","All","15690","2540","0.162"
"2022","(CAH01) medicine and dentistry","(CAH01-01-04) dentistry","All","17835","1880","0.106"
"2023","(CAH01) medicine and dentistry","(CAH01-01-04) dentistry","All","21245","2250","0.106"
"2019","(CAH01) medicine and dentistry","(CAH01-01-02) medicine (non-specific)","All","63970","19850","0.31"
"2020","(CAH01) medicine and dentistry","(CAH01-01-02) medicine (non-specific)","All","66270","19525","0.295"
"2021","(CAH01) medicine and dentistry","(CAH01-01-02) medicine (non-specific)","All","83625","18090","0.216"
"2022","(CAH01) medicine and dentistry","(CAH01-01-02) medicine (non-specific)","All","87960","14370","0.163"
"2023","(CAH01) medicine and dentistry","(CAH01-01-02) medicine (non-specific)","All","78845","17190","0.218"
"2019","(CAH01) medicine and dentistry","(CAH01-01-01) medical sciences (non-specific)","All","1575","1305","0.8300000000000001"
"2020","(CAH01) medicine and dentistry","(CAH01-01-01) medical sciences (non-specific)","All","1640","1370","0.837"
"2021","(CAH01) medicine and dentistry","(CAH01-01-01) medical sciences (non-specific)","All","1560","1250","0.802"
"2022","(CAH01) medicine and dentistry","(CAH01-01-01) medical sciences (non-specific)","All","2005","1225","0.61"
"2023","(CAH01) medicine and dentistry","(CAH01-01-01) medical sciences (non-specific)","All","2120","1505","0.711"
"2019","(CAH20) historical, philosophical and religious studies","(CAH20-01-01) history","All","51860","44755","0.863"
"2020","(CAH20) historical, philosophical and religious studies","(CAH20-01-01) history","All","46570","40710","0.874"
"2021","(CAH20) historical, philosophical and religious studies","(CAH20-01-01) history","All","45495","38810","0.853"
"2022","(CAH20) historical, philosophical and religious studies","(CAH20-01-01) history","All","45840","37390","0.8160000000000001"
"2023","(CAH20) historical, philosophical and religious studies","(CAH20-01-01) history","All","46615","38760","0.8320000000000001"
"2019","(CAH20) historical, philosophical and religious studies","(CAH20-01-03) archaeology","All","3355","2915","0.869"
"2020","(CAH20) historical, philosophical and religious studies","(CAH20-01-03) archaeology","All","3095","2730","0.882"
"2021","(CAH20) historical, philosophical and religious studies","(CAH20-01-03) archaeology","All","3080","2655","0.862"
"2022","(CAH20) historical, philosophical and religious studies","(CAH20-01-03) archaeology","All","3775","3125","0.8280000000000001"
"2023","(CAH20) historical, philosophical and religious studies","(CAH20-01-03) archaeology","All","4360","3705","0.85"
"2019","(CAH20) historical, philosophical and religious studies","(CAH20-01-05) classics","All","5665","5010","0.884"
"2020","(CAH20) historical, philosophical and religious studies","(CAH20-01-05) classics","All","5395","4720","0.875"
"2021","(CAH20) historical, philosophical and religious studies","(CAH20-01-05) classics","All","5595","4785","0.856"
"2022","(CAH20) historical, philosophical and religious studies","(CAH20-01-05) classics","All","6755","5030","0.745"
"2023","(CAH20) historical, philosophical and religious studies","(CAH20-01-05) classics","All","7290","5700","0.782"
"2019","(CAH20) historical, philosophical and religious studies","(CAH20-01-02) history of art, architecture and design","All","4295","3195","0.744"
"2020","(CAH20) historical, philosophical and religious studies","(CAH20-01-02) history of art, architecture and design","All","4230","3135","0.741"
"2021","(CAH20) historical, philosophical and religious studies","(CAH20-01-02) history of art, architecture and design","All","4220","3215","0.762"
"2022","(CAH20) historical, philosophical and religious studies","(CAH20-01-02) history of art, architecture and design","All","4750","3415","0.719"
"2023","(CAH20) historical, philosophical and religious studies","(CAH20-01-02) history of art, architecture and design","All","4655","3470","0.745"
"2019","(CAH20) historical, philosophical and religious studies","(CAH20-02-01) philosophy","All","14950","12245","0.8190000000000001"
"2020","(CAH20) historical, philosophical and religious studies","(CAH20-02-01) philosophy","All","14630","12025","0.8220000000000001"
"2021","(CAH20) historical, philosophical and religious studies","(CAH20-02-01) philosophy","All","15360","12130","0.79"
"2022","(CAH20) historical, philosophical and religious studies","(CAH20-02-01) philosophy","All","16870","12430","0.737"
"2023","(CAH20) historical, philosophical and religious studies","(CAH20-02-01) philosophy","All","16760","12730","0.76"
"2019","(CAH20) historical, philosophical and religious studies","(CAH20-02-02) theology and religious studies","All","4100","3545","0.864"
"2020","(CAH20) historical, philosophical and religious studies","(CAH20-02-02) theology and religious studies","All","3945","3440","0.872"
"2021","(CAH20) historical, philosophical and religious studies","(CAH20-02-02) theology and religious studies","All","3625","3065","0.846"
"2022","(CAH20) historical, philosophical and religious studies","(CAH20-02-02) theology and religious studies","All","3510","2935","0.837"
"2023","(CAH20) historical, philosophical and religious studies","(CAH20-02-02) theology and religious studies","All","3585","3090","0.862"
"2019","(CAH20) historical, philosophical and religious studies","(CAH20-01-04) heritage studies","All","85","70","0.805"
"2020","(CAH20) historical, philosophical and religious studies","(CAH20-01-04) heritage studies","All","105","75","0.736"
"2021","(CAH20) historical, philosophical and religious studies","(CAH20-01-04) heritage studies","All","90","80","0.864"
"2022","(CAH20) historical, philosophical and religious studies","(CAH20-01-04) heritage studies","All","110","100","0.898"
"2023","(CAH20) historical, philosophical and religious studies","(CAH20-01-04) heritage studies","All","125","105","0.833"
"2019","(CAH11) computing","(CAH11-01-08) others in computing","All","4365","3880","0.889"
"2020","(CAH11) computing","(CAH11-01-08) others in computing","All","4210","3745","0.889"
"2021","(CAH11) computing","(CAH11-01-08) others in computing","All","3920","3490","0.89"
"2022","(CAH11) computing","(CAH11-01-08) others in computing","All","4330","3665","0.846"
"2023","(CAH11) computing","(CAH11-01-08) others in computing","All","4645","3850","0.8290000000000001"
"2019","(CAH11) computing","(CAH11-01-05) artificial intelligence","All","1590","1070","0.673"
"2020","(CAH11) computing","(CAH11-01-05) artificial intelligence","All","2015","1425","0.707"
"2021","(CAH11) computing","(CAH11-01-05) artificial intelligence","All","2620","1585","0.604"
"2022","(CAH11) computing","(CAH11-01-05) artificial intelligence","All","2900","1660","0.5730000000000001"
"2023","(CAH11) computing","(CAH11-01-05) artificial intelligence","All","3285","2010","0.612"
"2019","(CAH11) computing","(CAH11-01-07) business computing","All","4350","3785","0.87"
"2020","(CAH11) computing","(CAH11-01-07) business computing","All","3845","3460","0.9"
"2021","(CAH11) computing","(CAH11-01-07) business computing","All","3505","3200","0.913"
"2022","(CAH11) computing","(CAH11-01-07) business computing","All","3605","3190","0.884"
"2023","(CAH11) computing","(CAH11-01-07) business computing","All","3150","2760","0.876"
"2019","(CAH11) computing","(CAH11-01-06) computer games and animation","All","18410","14275","0.775"
"2020","(CAH11) computing","(CAH11-01-06) computer games and animation","All","18065","14105","0.781"
"2021","(CAH11) computing","(CAH11-01-06) computer games and animation","All","19010","15405","0.81"
"2022","(CAH11) computing","(CAH11-01-06) computer games and animation","All","23375","18245","0.78"
"2023","(CAH11) computing","(CAH11-01-06) computer games and animation","All","23485","18750","0.798"
"2019","(CAH11) computing","(CAH11-01-01) computer science","All","62490","48245","0.772"
"2020","(CAH11) computing","(CAH11-01-01) computer science","All","64020","49630","0.775"
"2021","(CAH11) computing","(CAH11-01-01) computer science","All","66655","49695","0.746"
"2022","(CAH11) computing","(CAH11-01-01) computer science","All","77950","55060","0.706"
"2023","(CAH11) computing","(CAH11-01-01) computer science","All","85835","60150","0.7010000000000001"
"2019","(CAH11) computing","(CAH11-01-02) information technology","All","3240","2780","0.858"
"2020","(CAH11) computing","(CAH11-01-02) information technology","All","2970","2550","0.858"
"2021","(CAH11) computing","(CAH11-01-02) information technology","All","2550","2215","0.869"
"2022","(CAH11) computing","(CAH11-01-02) information technology","All","2660","2330","0.875"
"2023","(CAH11) computing","(CAH11-01-02) information technology","All","2640","2245","0.85"
"2019","(CAH11) computing","(CAH11-01-03) information systems","All","2775","2520","0.908"
"2020","(CAH11) computing","(CAH11-01-03) information systems","All","2910","2660","0.914"
"2021","(CAH11) computing","(CAH11-01-03) information systems","All","2690","2445","0.909"
"2022","(CAH11) computing","(CAH11-01-03) information systems","All","2830","2525","0.893"
"2023","(CAH11) computing","(CAH11-01-03) information systems","All","2915","2570","0.882"
"2019","(CAH11) computing","(CAH11-01-04) software engineering","All","12120","10270","0.847"
"2020","(CAH11) computing","(CAH11-01-04) software engineering","All","12270","10690","0.871"
"2021","(CAH11) computing","(CAH11-01-04) software engineering","All","14450","12525","0.867"
"2022","(CAH11) computing","(CAH11-01-04) software engineering","All","17020","14485","0.851"
"2023","(CAH11) computing","(CAH11-01-04) software engineering","All","19245","16215","0.843"
"2019","(CAH26) geography, earth and environmental studies","(CAH26-01-05) others in geographical studies","All","10","10"," "
"2021","(CAH26) geography, earth and environmental studies","(CAH26-01-05) others in geographical studies","All","5","5"," "
"2022","(CAH26) geography, earth and environmental studies","(CAH26-01-05) others in geographical studies","All","5","5"," "
"2019","(CAH26) geography, earth and environmental studies","(CAH26-01-06) earth sciences","All","7360","6270","0.852"
"2020","(CAH26) geography, earth and environmental studies","(CAH26-01-06) earth sciences","All","6490","5315","0.8190000000000001"
"2021","(CAH26) geography, earth and environmental studies","(CAH26-01-06) earth sciences","All","6905","5795","0.839"
"2022","(CAH26) geography, earth and environmental studies","(CAH26-01-06) earth sciences","All","7685","6420","0.836"
"2023","(CAH26) geography, earth and environmental studies","(CAH26-01-06) earth sciences","All","7390","6205","0.84"
"2019","(CAH26) geography, earth and environmental studies","(CAH26-01-04) environmental sciences","All","4550","4100","0.901"
"2020","(CAH26) geography, earth and environmental studies","(CAH26-01-04) environmental sciences","All","5505","4915","0.893"
"2021","(CAH26) geography, earth and environmental studies","(CAH26-01-04) environmental sciences","All","5795","5250","0.906"
"2022","(CAH26) geography, earth and environmental studies","(CAH26-01-04) environmental sciences","All","6360","5730","0.901"
"2023","(CAH26) geography, earth and environmental studies","(CAH26-01-04) environmental sciences","All","6355","5840","0.919"
"2019","(CAH26) geography, earth and environmental studies","(CAH26-01-02) physical geographical sciences","All","11100","10220","0.921"
"2020","(CAH26) geography, earth and environmental studies","(CAH26-01-02) physical geographical sciences","All","10920","10085","0.924"
"2021","(CAH26) geography, earth and environmental studies","(CAH26-01-02) physical geographical sciences","All","11820","10795","0.913"
"2022","(CAH26) geography, earth and environmental studies","(CAH26-01-02) physical geographical sciences","All","11890","10305","0.867"
"2023","(CAH26) geography, earth and environmental studies","(CAH26-01-02) physical geographical sciences","All","12170","10920","0.897"
"2019","(CAH26) geography, earth and environmental studies","(CAH26-01-01) geography (non-specific)","All","5585","5135","0.92"
"2020","(CAH26) geography, earth and environmental studies","(CAH26-01-01) geography (non-specific)","All","5485","4970","0.906"
"2021","(CAH26) geography, earth and environmental studies","(CAH26-01-01) geography (non-specific)","All","5565","4895","0.879"
"2022","(CAH26) geography, earth and environmental studies","(CAH26-01-01) geography (non-specific)","All","5870","5140","0.876"
"2023","(CAH26) geography, earth and environmental studies","(CAH26-01-01) geography (non-specific)","All","6040","5315","0.88"
"2019","(CAH26) geography, earth and environmental studies","(CAH26-01-03) human geography","All","14175","13040","0.92"
"2020","(CAH26) geography, earth and environmental studies","(CAH26-01-03) human geography","All","13530","12515","0.925"
"2021","(CAH26) geography, earth and environmental studies","(CAH26-01-03) human geography","All","14090","12400","0.88"
"2022","(CAH26) geography, earth and environmental studies","(CAH26-01-03) human geography","All","14415","11965","0.8300000000000001"
"2023","(CAH26) geography, earth and environmental studies","(CAH26-01-03) human geography","All","15165","13245","0.873"
"2019","(CAH07) physical sciences","(CAH07-04-02) forensic and archaeological sciences","All","9370","8580","0.916"
"2020","(CAH07) physical sciences","(CAH07-04-02) forensic and archaeological sciences","All","9075","8335","0.919"
"2021","(CAH07) physical sciences","(CAH07-04-02) forensic and archaeological sciences","All","10175","9435","0.927"
"2022","(CAH07) physical sciences","(CAH07-04-02) forensic and archaeological sciences","All","10655","9725","0.913"
"2023","(CAH07) physical sciences","(CAH07-04-02) forensic and archaeological sciences","All","9925","8940","0.901"
"2019","(CAH07) physical sciences","(CAH07-04-03) sciences (non-specific)","All","1070","865","0.808"
"2020","(CAH07) physical sciences","(CAH07-04-03) sciences (non-specific)","All","1420","1175","0.8270000000000001"
"2021","(CAH07) physical sciences","(CAH07-04-03) sciences (non-specific)","All","1420","1070","0.753"
"2022","(CAH07) physical sciences","(CAH07-04-03) sciences (non-specific)","All","1915","1305","0.681"
"2023","(CAH07) physical sciences","(CAH07-04-03) sciences (non-specific)","All","2300","1540","0.669"
"2019","(CAH07) physical sciences","(CAH07-04-04) natural sciences (non-specific)","All","3070","2745","0.894"
"2020","(CAH07) physical sciences","(CAH07-04-04) natural sciences (non-specific)","All","3625","3195","0.882"
"2021","(CAH07) physical sciences","(CAH07-04-04) natural sciences (non-specific)","All","3490","3180","0.911"
"2022","(CAH07) physical sciences","(CAH07-04-04) natural sciences (non-specific)","All","3385","2935","0.867"
"2023","(CAH07) physical sciences","(CAH07-04-04) natural sciences (non-specific)","All","2940","2725","0.927"
"2019","(CAH07) physical sciences","(CAH07-02-01) chemistry","All","23075","20350","0.882"
"2020","(CAH07) physical sciences","(CAH07-02-01) chemistry","All","22470","19645","0.874"
"2021","(CAH07) physical sciences","(CAH07-02-01) chemistry","All","20675","18100","0.875"
"2022","(CAH07) physical sciences","(CAH07-02-01) chemistry","All","20250","17330","0.856"
"2023","(CAH07) physical sciences","(CAH07-02-01) chemistry","All","21735","18530","0.853"
"2019","(CAH07) physical sciences","(CAH07-01-02) astronomy","All","2915","2325","0.797"
"2020","(CAH07) physical sciences","(CAH07-01-02) astronomy","All","3035","2405","0.793"
"2021","(CAH07) physical sciences","(CAH07-01-02) astronomy","All","3515","2760","0.786"
"2022","(CAH07) physical sciences","(CAH07-01-02) astronomy","All","3850","2765","0.718"
"2023","(CAH07) physical sciences","(CAH07-01-02) astronomy","All","3465","2685","0.775"
"2019","(CAH07) physical sciences","(CAH07-01-01) physics","All","22660","18270","0.806"
"2020","(CAH07) physical sciences","(CAH07-01-01) physics","All","22870","18170","0.794"
"2021","(CAH07) physical sciences","(CAH07-01-01) physics","All","22975","18285","0.796"
"2022","(CAH07) physical sciences","(CAH07-01-01) physics","All","22140","16700","0.754"
"2023","(CAH07) physical sciences","(CAH07-01-01) physics","All","20660","16375","0.793"
"2019","(CAH07) physical sciences","(CAH07-04-01) physical sciences (non-specific)","All","435","135","0.313"
"2020","(CAH07) physical sciences","(CAH07-04-01) physical sciences (non-specific)","All","115","35","0.297"
"2021","(CAH07) physical sciences","(CAH07-04-01) physical sciences (non-specific)","All","170","55","0.314"
"2022","(CAH07) physical sciences","(CAH07-04-01) physical sciences (non-specific)","All","160","55","0.35000000000000003"
"2023","(CAH07) physical sciences","(CAH07-04-01) physical sciences (non-specific)","All","165","60","0.371"
"2019","(CAH04) psychology","(CAH04-01-02) applied psychology","All","10700","9435","0.882"
"2020","(CAH04) psychology","(CAH04-01-02) applied psychology","All","11745","10385","0.884"
"2021","(CAH04) psychology","(CAH04-01-02) applied psychology","All","13260","11730","0.885"
"2022","(CAH04) psychology","(CAH04-01-02) applied psychology","All","13605","12105","0.89"
"2023","(CAH04) psychology","(CAH04-01-02) applied psychology","All","13050","11650","0.893"
"2019","(CAH04) psychology","(CAH04-01-04) psychology and health","All","895","810","0.903"
"2020","(CAH04) psychology","(CAH04-01-04) psychology and health","All","945","855","0.906"
"2021","(CAH04) psychology","(CAH04-01-04) psychology and health","All","1095","1015","0.928"
"2022","(CAH04) psychology","(CAH04-01-04) psychology and health","All","1150","1050","0.915"
"2023","(CAH04) psychology","(CAH04-01-04) psychology and health","All","1020","930","0.91"
"2019","(CAH04) psychology","(CAH04-01-03) developmental psychology","All","1545","1375","0.889"
"2020","(CAH04) psychology","(CAH04-01-03) developmental psychology","All","1585","1405","0.888"
"2021","(CAH04) psychology","(CAH04-01-03) developmental psychology","All","1825","1650","0.904"
"2022","(CAH04) psychology","(CAH04-01-03) developmental psychology","All","2090","1765","0.845"
"2023","(CAH04) psychology","(CAH04-01-03) developmental psychology","All","2085","1790","0.859"
"2019","(CAH04) psychology","(CAH04-01-01) psychology (non-specific)","All","99985","84775","0.848"
"2020","(CAH04) psychology","(CAH04-01-01) psychology (non-specific)","All","101075","85630","0.847"
"2021","(CAH04) psychology","(CAH04-01-01) psychology (non-specific)","All","105430","87305","0.8280000000000001"
"2022","(CAH04) psychology","(CAH04-01-01) psychology (non-specific)","All","112495","87065","0.774"
"2023","(CAH04) psychology","(CAH04-01-01) psychology (non-specific)","All","109220","87230","0.799"
"2019","(CAH04) psychology","(CAH04-01-05) others in psychology","All","1650","1450","0.879"
"2020","(CAH04) psychology","(CAH04-01-05) others in psychology","All","1470","1265","0.859"
"2021","(CAH04) psychology","(CAH04-01-05) others in psychology","All","1615","1430","0.884"
"2022","(CAH04) psychology","(CAH04-01-05) others in psychology","All","1670","1400","0.839"
"2023","(CAH04) psychology","(CAH04-01-05) others in psychology","All","1340","1140","0.852"
"2019","(CAH09) mathematical sciences","(CAH09-01-01) mathematics","All","35590","29600","0.8320000000000001"
"2020","(CAH09) mathematical sciences","(CAH09-01-01) mathematics","All","35135","28900","0.8220000000000001"
"2021","(CAH09) mathematical sciences","(CAH09-01-01) mathematics","All","35880","29225","0.8150000000000001"
"2022","(CAH09) mathematical sciences","(CAH09-01-01) mathematics","All","34650","27060","0.781"
"2023","(CAH09) mathematical sciences","(CAH09-01-01) mathematics","All","34705","26725","0.77"
"2019","(CAH09) mathematical sciences","(CAH09-01-02) operational research","All","130","120","0.928"
"2020","(CAH09) mathematical sciences","(CAH09-01-02) operational research","All","135","120","0.905"
"2021","(CAH09) mathematical sciences","(CAH09-01-02) operational research","All","125","110","0.895"
"2022","(CAH09) mathematical sciences","(CAH09-01-02) operational research","All","125","105","0.858"
"2023","(CAH09) mathematical sciences","(CAH09-01-02) operational research","All","150","140","0.918"
"2019","(CAH09) mathematical sciences","(CAH09-01-03) statistics","All","1275","965","0.756"
"2020","(CAH09) mathematical sciences","(CAH09-01-03) statistics","All","1415","1095","0.775"
"2021","(CAH09) mathematical sciences","(CAH09-01-03) statistics","All","1755","1280","0.729"
"2022","(CAH09) mathematical sciences","(CAH09-01-03) statistics","All","1905","1235","0.648"
"2023","(CAH09) mathematical sciences","(CAH09-01-03) statistics","All","2085","1260","0.605"
"2019","(CAH22) education and teaching","(CAH22-01-01) education","All","24190","19965","0.8250000000000001"
"2020","(CAH22) education and teaching","(CAH22-01-01) education","All","22120","17905","0.81"
"2021","(CAH22) education and teaching","(CAH22-01-01) education","All","23545","19280","0.8190000000000001"
"2022","(CAH22) education and teaching","(CAH22-01-01) education","All","24345","19600","0.805"
"2023","(CAH22) education and teaching","(CAH22-01-01) education","All","21830","17905","0.8200000000000001"
"2019","(CAH22) education and teaching","(CAH22-01-02) teacher training","All","47100","19445","0.41300000000000003"
"2020","(CAH22) education and teaching","(CAH22-01-02) teacher training","All","46695","20295","0.435"
"2021","(CAH22) education and teaching","(CAH22-01-02) teacher training","All","54455","24425","0.448"
"2022","(CAH22) education and teaching","(CAH22-01-02) teacher training","All","51030","23160","0.454"
"2023","(CAH22) education and teaching","(CAH22-01-02) teacher training","All","42525","19835","0.466"
"2019","(CAH06) agriculture, food and related studies","(CAH06-01-04) rural estate management","All","285","265","0.925"
"2020","(CAH06) agriculture, food and related studies","(CAH06-01-04) rural estate management","All","335","315","0.937"
"2021","(CAH06) agriculture, food and related studies","(CAH06-01-04) rural estate management","All","375","350","0.935"
"2022","(CAH06) agriculture, food and related studies","(CAH06-01-04) rural estate management","All","390","360","0.92"
"2023","(CAH06) agriculture, food and related studies","(CAH06-01-04) rural estate management","All","380","355","0.9390000000000001"
"2019","(CAH06) agriculture, food and related studies","(CAH06-01-02) agricultural sciences","All","445","390","0.882"
"2020","(CAH06) agriculture, food and related studies","(CAH06-01-02) agricultural sciences","All","420","370","0.876"
"2021","(CAH06) agriculture, food and related studies","(CAH06-01-02) agricultural sciences","All","425","390","0.919"
"2022","(CAH06) agriculture, food and related studies","(CAH06-01-02) agricultural sciences","All","435","405","0.927"
"2023","(CAH06) agriculture, food and related studies","(CAH06-01-02) agricultural sciences","All","465","425","0.919"
"2019","(CAH06) agriculture, food and related studies","(CAH06-01-03) agriculture","All","4680","4025","0.86"
"2020","(CAH06) agriculture, food and related studies","(CAH06-01-03) agriculture","All","5105","4430","0.868"
"2021","(CAH06) agriculture, food and related studies","(CAH06-01-03) agriculture","All","5615","4960","0.884"
"2022","(CAH06) agriculture, food and related studies","(CAH06-01-03) agriculture","All","6050","5355","0.885"
"2023","(CAH06) agriculture, food and related studies","(CAH06-01-03) agriculture","All","5495","4870","0.886"
"2019","(CAH06) agriculture, food and related studies","(CAH06-01-01) animal science","All","7530","6820","0.906"
"2020","(CAH06) agriculture, food and related studies","(CAH06-01-01) animal science","All","7680","6795","0.885"
"2021","(CAH06) agriculture, food and related studies","(CAH06-01-01) animal science","All","8555","7755","0.907"
"2022","(CAH06) agriculture, food and related studies","(CAH06-01-01) animal science","All","8685","7850","0.904"
"2023","(CAH06) agriculture, food and related studies","(CAH06-01-01) animal science","All","7730","7070","0.915"
"2019","(CAH06) agriculture, food and related studies","(CAH06-01-05) forestry and arboriculture","All","150","135","0.892"
"2020","(CAH06) agriculture, food and related studies","(CAH06-01-05) forestry and arboriculture","All","185","165","0.884"
"2021","(CAH06) agriculture, food and related studies","(CAH06-01-05) forestry and arboriculture","All","210","180","0.853"
"2022","(CAH06) agriculture, food and related studies","(CAH06-01-05) forestry and arboriculture","All","215","185","0.86"
"2023","(CAH06) agriculture, food and related studies","(CAH06-01-05) forestry and arboriculture","All","185","160","0.87"
"2019","(CAH06) agriculture, food and related studies","(CAH06-01-08) food and beverage production","All","290","235","0.811"
"2020","(CAH06) agriculture, food and related studies","(CAH06-01-08) food and beverage production","All","260","210","0.812"
"2021","(CAH06) agriculture, food and related studies","(CAH06-01-08) food and beverage production","All","300","240","0.793"
"2022","(CAH06) agriculture, food and related studies","(CAH06-01-08) food and beverage production","All","290","240","0.8300000000000001"
"2023","(CAH06) agriculture, food and related studies","(CAH06-01-08) food and beverage production","All","270","225","0.836"
"2019","(CAH06) agriculture, food and related studies","(CAH06-01-07) food sciences","All","685","560","0.8170000000000001"
"2020","(CAH06) agriculture, food and related studies","(CAH06-01-07) food sciences","All","865","750","0.867"
"2021","(CAH06) agriculture, food and related studies","(CAH06-01-07) food sciences","All","940","815","0.868"
"2022","(CAH06) agriculture, food and related studies","(CAH06-01-07) food sciences","All","905","765","0.845"
"2023","(CAH06) agriculture, food and related studies","(CAH06-01-07) food sciences","All","790","665","0.843"
"2019","(CAH06) agriculture, food and related studies","(CAH06-01-06) food and beverage studies (non-specific)","All","450","415","0.92"
"2020","(CAH06) agriculture, food and related studies","(CAH06-01-06) food and beverage studies (non-specific)","All","300","260","0.87"
"2021","(CAH06) agriculture, food and related studies","(CAH06-01-06) food and beverage studies (non-specific)","All","310","270","0.872"
"2022","(CAH06) agriculture, food and related studies","(CAH06-01-06) food and beverage studies (non-specific)","All","340","280","0.8200000000000001"
"2023","(CAH06) agriculture, food and related studies","(CAH06-01-06) food and beverage studies (non-specific)","All","280","245","0.867"
"2019","(CAH16) law","(CAH16-01-01) law","All","101810","82000","0.805"
"2020","(CAH16) law","(CAH16-01-01) law","All","104830","85685","0.8170000000000001"
"2021","(CAH16) law","(CAH16-01-01) law","All","113425","89505","0.789"
"2022","(CAH16) law","(CAH16-01-01) law","All","119700","87765","0.733"
"2023","(CAH16) law","(CAH16-01-01) law","All","121730","90855","0.746"
"2019","(CAH05) veterinary sciences","(CAH05-01-01) veterinary medicine and dentistry","All","8465","2795","0.33"
"2020","(CAH05) veterinary sciences","(CAH05-01-01) veterinary medicine and dentistry","All","7745","3105","0.401"
"2021","(CAH05) veterinary sciences","(CAH05-01-01) veterinary medicine and dentistry","All","9345","2835","0.304"
"2022","(CAH05) veterinary sciences","(CAH05-01-01) veterinary medicine and dentistry","All","9605","2555","0.266"
"2023","(CAH05) veterinary sciences","(CAH05-01-01) veterinary medicine and dentistry","All","9560","2880","0.301"
"2019","(CAH05) veterinary sciences","(CAH05-01-02) others in veterinary sciences","All","4625","2195","0.47400000000000003"
"2020","(CAH05) veterinary sciences","(CAH05-01-02) others in veterinary sciences","All","3795","1980","0.521"
"2021","(CAH05) veterinary sciences","(CAH05-01-02) others in veterinary sciences","All","4940","2585","0.524"
"2022","(CAH05) veterinary sciences","(CAH05-01-02) others in veterinary sciences","All","4755","2310","0.486"
"2023","(CAH05) veterinary sciences","(CAH05-01-02) others in veterinary sciences","All","3650","2195","0.601"
"2019","(CAH25) design, and creative and performing arts","All","All","206980","113695","0.549"
"2020","(CAH25) design, and creative and performing arts","All","All","204945","119800","0.585"
"2021","(CAH25) design, and creative and performing arts","All","All","216910","134105","0.618"
"2022","(CAH25) design, and creative and performing arts","All","All","227640","132895","0.584"
"2023","(CAH25) design, and creative and performing arts","All","All","217350","129520","0.596"
"2019","(CAH10) engineering and technology","All","All","118820","94410","0.795"
"2020","(CAH10) engineering and technology","All","All","120455","96275","0.799"
"2021","(CAH10) engineering and technology","All","All","129390","102330","0.791"
"2022","(CAH10) engineering and technology","All","All","131225","100610","0.767"
"2023","(CAH10) engineering and technology","All","All","131375","101700","0.774"
"2019","(CAH02) subjects allied to medicine","All","All","302945","149755","0.494"
"2020","(CAH02) subjects allied to medicine","All","All","331290","168695","0.509"
"2021","(CAH02) subjects allied to medicine","All","All","400230","192305","0.48"
"2022","(CAH02) subjects allied to medicine","All","All","391675","178095","0.455"
"2023","(CAH02) subjects allied to medicine","All","All","351580","171865","0.489"
"2019","(CAH19) language and area studies","All","All","85605","71590","0.836"
"2020","(CAH19) language and area studies","All","All","78930","66800","0.846"
"2021","(CAH19) language and area studies","All","All","77090","64820","0.841"
"2022","(CAH19) language and area studies","All","All","78215","63485","0.812"
"2023","(CAH19) language and area studies","All","All","74455","61945","0.8320000000000001"
"2019","(CAH24) media, journalism and communications","All","All","41715","34195","0.8200000000000001"
"2020","(CAH24) media, journalism and communications","All","All","41945","35230","0.84"
"2021","(CAH24) media, journalism and communications","All","All","46085","39515","0.857"
"2022","(CAH24) media, journalism and communications","All","All","50415","41945","0.8320000000000001"
"2023","(CAH24) media, journalism and communications","All","All","48640","40970","0.842"
"2019","(CAH23) combined and general studies","All","All","7480","6155","0.8230000000000001"
"2020","(CAH23) combined and general studies","All","All","7670","6375","0.8310000000000001"
"2021","(CAH23) combined and general studies","All","All","8280","6770","0.8180000000000001"
"2022","(CAH23) combined and general studies","All","All","9145","6915","0.756"
"2023","(CAH23) combined and general studies","All","All","8560","6985","0.8160000000000001"
"2019","(CAH17) business and management","All","All","234905","194700","0.8290000000000001"
"2020","(CAH17) business and management","All","All","237790","197610","0.8310000000000001"
"2021","(CAH17) business and management","All","All","260665","215140","0.8250000000000001"
"2022","(CAH17) business and management","All","All","268475","213870","0.797"
"2023","(CAH17) business and management","All","All","266165","214330","0.805"
"2019","(CAH15) social sciences","All","All","249800","198015","0.793"
"2020","(CAH15) social sciences","All","All","249090","199340","0.8"
"2021","(CAH15) social sciences","All","All","269670","210845","0.782"
"2022","(CAH15) social sciences","All","All","261845","196215","0.749"
"2023","(CAH15) social sciences","All","All","255485","196960","0.771"
"2019","(CAH03) biological and sport sciences","All","All","139320","117300","0.842"
"2020","(CAH03) biological and sport sciences","All","All","140170","117445","0.838"
"2021","(CAH03) biological and sport sciences","All","All","151745","126790","0.836"
"2022","(CAH03) biological and sport sciences","All","All","155180","124215","0.8"
"2023","(CAH03) biological and sport sciences","All","All","146845","121320","0.8260000000000001"
"2019","(CAH13) architecture, building and planning","All","All","35185","25825","0.734"
"2020","(CAH13) architecture, building and planning","All","All","36980","27450","0.742"
"2021","(CAH13) architecture, building and planning","All","All","39790","29410","0.739"
"2022","(CAH13) architecture, building and planning","All","All","42420","30510","0.719"
"2023","(CAH13) architecture, building and planning","All","All","39895","28900","0.724"
"2019","(CAH01) medicine and dentistry","All","All","79690","24495","0.307"
"2020","(CAH01) medicine and dentistry","All","All","83185","24445","0.294"
"2021","(CAH01) medicine and dentistry","All","All","102000","22375","0.219"
"2022","(CAH01) medicine and dentistry","All","All","109205","18175","0.166"
"2023","(CAH01) medicine and dentistry","All","All","103200","21475","0.20800000000000002"
"2019","(CAH20) historical, philosophical and religious studies","All","All","84310","71730","0.851"
"2020","(CAH20) historical, philosophical and religious studies","All","All","77970","66835","0.857"
"2021","(CAH20) historical, philosophical and religious studies","All","All","77465","64745","0.836"
"2022","(CAH20) historical, philosophical and religious studies","All","All","81605","64430","0.79"
"2023","(CAH20) historical, philosophical and religious studies","All","All","83390","67560","0.81"
"2019","(CAH11) computing","All","All","109335","86825","0.794"
"2020","(CAH11) computing","All","All","110300","88265","0.8"
"2021","(CAH11) computing","All","All","115400","90560","0.785"
"2022","(CAH11) computing","All","All","134675","101155","0.751"
"2023","(CAH11) computing","All","All","145190","108550","0.748"
"2019","(CAH26) geography, earth and environmental studies","All","All","42780","38775","0.906"
"2020","(CAH26) geography, earth and environmental studies","All","All","41935","37805","0.902"
"2021","(CAH26) geography, earth and environmental studies","All","All","44175","39135","0.886"
"2022","(CAH26) geography, earth and environmental studies","All","All","46220","39565","0.856"
"2023","(CAH26) geography, earth and environmental studies","All","All","47120","41535","0.881"
"2019","(CAH07) physical sciences","All","All","62590","53275","0.851"
"2020","(CAH07) physical sciences","All","All","62610","52960","0.846"
"2021","(CAH07) physical sciences","All","All","62415","52880","0.847"
"2022","(CAH07) physical sciences","All","All","62360","50815","0.8150000000000001"
"2023","(CAH07) physical sciences","All","All","61190","50855","0.8310000000000001"
"2019","(CAH04) psychology","All","All","114775","97840","0.852"
"2020","(CAH04) psychology","All","All","116820","99540","0.852"
"2021","(CAH04) psychology","All","All","123225","103130","0.837"
"2022","(CAH04) psychology","All","All","131010","103390","0.789"
"2023","(CAH04) psychology","All","All","126715","102740","0.811"
"2019","(CAH09) mathematical sciences","All","All","36995","30685","0.8290000000000001"
"2020","(CAH09) mathematical sciences","All","All","36685","30115","0.8210000000000001"
"2021","(CAH09) mathematical sciences","All","All","37755","30615","0.811"
"2022","(CAH09) mathematical sciences","All","All","36675","28405","0.774"
"2023","(CAH09) mathematical sciences","All","All","36940","28125","0.761"
"2019","(CAH22) education and teaching","All","All","71295","39410","0.553"
"2020","(CAH22) education and teaching","All","All","68815","38200","0.555"
"2021","(CAH22) education and teaching","All","All","78000","43705","0.56"
"2022","(CAH22) education and teaching","All","All","75370","42755","0.5670000000000001"
"2023","(CAH22) education and teaching","All","All","64355","37740","0.586"
"2019","(CAH06) agriculture, food and related studies","All","All","14515","12840","0.885"
"2020","(CAH06) agriculture, food and related studies","All","All","15145","13295","0.878"
"2021","(CAH06) agriculture, food and related studies","All","All","16730","14960","0.894"
"2022","(CAH06) agriculture, food and related studies","All","All","17310","15435","0.892"
"2023","(CAH06) agriculture, food and related studies","All","All","15595","14020","0.899"
"2019","(CAH16) law","All","All","101810","82000","0.805"
"2020","(CAH16) law","All","All","104830","85685","0.8170000000000001"
"2021","(CAH16) law","All","All","113425","89505","0.789"
"2022","(CAH16) law","All","All","119700","87765","0.733"
"2023","(CAH16) law","All","All","121730","90855","0.746"
"2019","(CAH05) veterinary sciences","All","All","13090","4990","0.381"
"2020","(CAH05) veterinary sciences","All","All","11540","5085","0.441"
"2021","(CAH05) veterinary sciences","All","All","14290","5425","0.38"
"2022","(CAH05) veterinary sciences","All","All","14360","4860","0.339"
"2023","(CAH05) veterinary sciences","All","All","13215","5075","0.384"
"2019","All","All","All","2153930","1548510","0.719"
"2020","All","All","All","2179090","1577250","0.724"
"2021","All","All","All","2384745","1679065","0.704"
"2022","All","All","All","2444725","1645495","0.673"
"2023","All","All","All","2358990","1643025","0.6960000000000001"