"Year","Ethnic group","Age group","Domicile","Gender","Main scheme applicant","Main scheme application","Applicants","Accepted applicants","Acceptance rate"
"2020","White","21 - 24","England","Female","Not main scheme applicant","Not main scheme application","5","5"," "
"2021","White","21 - 24","England","Female","Not main scheme applicant","Not main scheme application","5","0"," "
"2022","White","21 - 24","England","Female","Not main scheme applicant","Not main scheme application","5","5"," "
"2023","White","21 - 24","England","Female","Not main scheme applicant","Not main scheme application","5","5"," "
"2019","White","21 - 24","Scotland","Female","Not main scheme applicant","Not main scheme application","15","10","0.769"
"2020","White","21 - 24","Scotland","Female","Not main scheme applicant","Not main scheme application","20","15","0.7000000000000001"
"2021","White","21 - 24","Scotland","Female","Not main scheme applicant","Not main scheme application","15","10","0.786"
"2022","White","21 - 24","Scotland","Female","Not main scheme applicant","Not main scheme application","10","5"," "
"2023","White","21 - 24","Scotland","Female","Not main scheme applicant","Not main scheme application","15","10","0.625"
"2022","White","21 - 24","Wales","Female","Not main scheme applicant","Not main scheme application","25","20","0.8150000000000001"
"2023","White","21 - 24","Wales","Female","Not main scheme applicant","Not main scheme application","35","30","0.861"
"2023","Asian","21 - 24","Scotland","Female","Not main scheme applicant","Not main scheme application","5","5"," "
"2023","Asian","21 - 24","Wales","Female","Not main scheme applicant","Not main scheme application","5","0"," "
"2019","White","25 - 29","England","Female","Not main scheme applicant","Not main scheme application","5","5"," "
"2020","White","25 - 29","England","Female","Not main scheme applicant","Not main scheme application","5","5"," "
"2023","White","25 - 29","England","Female","Not main scheme applicant","Not main scheme application","5","5"," "
"2019","White","25 - 29","Scotland","Female","Not main scheme applicant","Not main scheme application","20","15","0.778"
"2020","White","25 - 29","Scotland","Female","Not main scheme applicant","Not main scheme application","25","20","0.833"
"2021","White","25 - 29","Scotland","Female","Not main scheme applicant","Not main scheme application","10","5"," "
"2022","White","25 - 29","Scotland","Female","Not main scheme applicant","Not main scheme application","15","10","0.714"
"2023","White","25 - 29","Scotland","Female","Not main scheme applicant","Not main scheme application","15","15","0.867"
"2022","White","25 - 29","Wales","Female","Not main scheme applicant","Not main scheme application","20","15","0.7000000000000001"
"2023","White","25 - 29","Wales","Female","Not main scheme applicant","Not main scheme application","10","5"," "
"2020","White","30 - 34","England","Female","Not main scheme applicant","Not main scheme application","5","5"," "
"2021","White","30 - 34","England","Female","Not main scheme applicant","Not main scheme application","5","5"," "
"2019","White","30 - 34","Scotland","Female","Not main scheme applicant","Not main scheme application","5","0"," "
"2020","White","30 - 34","Scotland","Female","Not main scheme applicant","Not main scheme application","5","5"," "
"2021","White","30 - 34","Scotland","Female","Not main scheme applicant","Not main scheme application","5","0"," "
"2022","White","30 - 34","Scotland","Female","Not main scheme applicant","Not main scheme application","10","5"," "
"2023","White","30 - 34","Scotland","Female","Not main scheme applicant","Not main scheme application","10","10"," "
"2022","White","30 - 34","Wales","Female","Not main scheme applicant","Not main scheme application","5","5"," "
"2023","White","30 - 34","Wales","Female","Not main scheme applicant","Not main scheme application","5","5"," "
"2019","White","35 and over","England","Female","Not main scheme applicant","Not main scheme application","5","5"," "
"2020","White","35 and over","England","Female","Not main scheme applicant","Not main scheme application","10","10"," "
"2021","White","35 and over","England","Female","Not main scheme applicant","Not main scheme application","5","5"," "
"2022","White","35 and over","England","Female","Not main scheme applicant","Not main scheme application","5","5"," "
"2023","White","35 and over","England","Female","Not main scheme applicant","Not main scheme application","5","5"," "
"2019","White","35 and over","Scotland","Female","Not main scheme applicant","Not main scheme application","10","5"," "
"2020","White","35 and over","Scotland","Female","Not main scheme applicant","Not main scheme application","15","10"," "
"2021","White","35 and over","Scotland","Female","Not main scheme applicant","Not main scheme application","15","10","0.733"
"2022","White","35 and over","Scotland","Female","Not main scheme applicant","Not main scheme application","10","10"," "
"2023","White","35 and over","Scotland","Female","Not main scheme applicant","Not main scheme application","20","15","0.7000000000000001"
"2022","White","35 and over","Wales","Female","Not main scheme applicant","Not main scheme application","15","10","0.769"
"2023","White","35 and over","Wales","Female","Not main scheme applicant","Not main scheme application","5","5"," "
"2019","Asian","35 and over","Scotland","Female","Not main scheme applicant","Not main scheme application","5","0"," "
"2020","Asian","35 and over","Scotland","Female","Not main scheme applicant","Not main scheme application","5","5"," "
"2022","Asian","35 and over","Scotland","Female","Not main scheme applicant","Not main scheme application","5","0"," "
"2020","White","21 - 24","England","Male","Not main scheme applicant","Not main scheme application","5","5"," "
"2022","White","21 - 24","England","Male","Not main scheme applicant","Not main scheme application","5","5"," "
"2023","White","21 - 24","England","Male","Not main scheme applicant","Not main scheme application","5","5"," "
"2019","White","21 - 24","Scotland","Male","Not main scheme applicant","Not main scheme application","10","10"," "
"2020","White","21 - 24","Scotland","Male","Not main scheme applicant","Not main scheme application","15","10","0.8"
"2021","White","21 - 24","Scotland","Male","Not main scheme applicant","Not main scheme application","5","5"," "
"2022","White","21 - 24","Scotland","Male","Not main scheme applicant","Not main scheme application","10","10"," "
"2023","White","21 - 24","Scotland","Male","Not main scheme applicant","Not main scheme application","5","5"," "
"2022","White","21 - 24","Wales","Male","Not main scheme applicant","Not main scheme application","20","20","0.8180000000000001"
"2023","White","21 - 24","Wales","Male","Not main scheme applicant","Not main scheme application","25","20","0.8260000000000001"
"2020","White","25 - 29","England","Male","Not main scheme applicant","Not main scheme application","5","5"," "
"2022","White","25 - 29","England","Male","Not main scheme applicant","Not main scheme application","5","5"," "
"2023","White","25 - 29","England","Male","Not main scheme applicant","Not main scheme application","5","5"," "
"2019","White","25 - 29","Scotland","Male","Not main scheme applicant","Not main scheme application","10","10","0.909"
"2020","White","25 - 29","Scotland","Male","Not main scheme applicant","Not main scheme application","25","20","0.8"
"2021","White","25 - 29","Scotland","Male","Not main scheme applicant","Not main scheme application","5","5"," "
"2022","White","25 - 29","Scotland","Male","Not main scheme applicant","Not main scheme application","5","0"," "
"2023","White","25 - 29","Scotland","Male","Not main scheme applicant","Not main scheme application","5","5"," "
"2022","White","25 - 29","Wales","Male","Not main scheme applicant","Not main scheme application","10","10"," "
"2023","White","25 - 29","Wales","Male","Not main scheme applicant","Not main scheme application","10","5"," "
"2019","White","30 - 34","Scotland","Male","Not main scheme applicant","Not main scheme application","5","5"," "
"2020","White","30 - 34","Scotland","Male","Not main scheme applicant","Not main scheme application","5","5"," "
"2022","White","30 - 34","Scotland","Male","Not main scheme applicant","Not main scheme application","5","0"," "
"2023","White","30 - 34","Scotland","Male","Not main scheme applicant","Not main scheme application","5","0"," "
"2023","White","30 - 34","Wales","Male","Not main scheme applicant","Not main scheme application","5","5"," "
"2019","White","35 and over","Scotland","Male","Not main scheme applicant","Not main scheme application","5","0"," "
"2020","White","35 and over","Scotland","Male","Not main scheme applicant","Not main scheme application","15","10","0.75"
"2021","White","35 and over","Scotland","Male","Not main scheme applicant","Not main scheme application","5","5"," "
"2022","White","35 and over","Scotland","Male","Not main scheme applicant","Not main scheme application","10","10"," "
"2023","White","35 and over","Scotland","Male","Not main scheme applicant","Not main scheme application","15","15","1"
"2022","White","35 and over","Wales","Male","Not main scheme applicant","Not main scheme application","5","5"," "
"2023","White","35 and over","Wales","Male","Not main scheme applicant","Not main scheme application","10","10"," "
"2021","White","18","Scotland","Female","Main scheme applicant","Not main scheme application","5","0"," "
"2019","White","21 - 24","Scotland","Female","Main scheme applicant","Not main scheme application","60","30","0.483"
"2020","White","21 - 24","Scotland","Female","Main scheme applicant","Not main scheme application","55","10"," "
"2021","White","21 - 24","Scotland","Female","Main scheme applicant","Not main scheme application","80","25","0.317"
"2022","White","21 - 24","Scotland","Female","Main scheme applicant","Not main scheme application","50","30","0.583"
"2023","White","21 - 24","Scotland","Female","Main scheme applicant","Not main scheme application","35","20","0.606"
"2022","White","21 - 24","Wales","Female","Main scheme applicant","Not main scheme application","10","10","0.833"
"2023","White","21 - 24","Wales","Female","Main scheme applicant","Not main scheme application","15","10","0.8"
"2019","Asian","21 - 24","Scotland","Female","Main scheme applicant","Not main scheme application","5","0"," "
"2022","Asian","21 - 24","Scotland","Female","Main scheme applicant","Not main scheme application","5","0"," "
"2019","White","25 - 29","Scotland","Female","Main scheme applicant","Not main scheme application","40","20","0.5"
"2020","White","25 - 29","Scotland","Female","Main scheme applicant","Not main scheme application","40","15","0.405"
"2021","White","25 - 29","Scotland","Female","Main scheme applicant","Not main scheme application","50","15","0.3"
"2022","White","25 - 29","Scotland","Female","Main scheme applicant","Not main scheme application","25","15","0.5650000000000001"
"2023","White","25 - 29","Scotland","Female","Main scheme applicant","Not main scheme application","20","15","0.75"
"2023","White","25 - 29","Wales","Female","Main scheme applicant","Not main scheme application","5","5"," "
"2020","Asian","25 - 29","Scotland","Female","Main scheme applicant","Not main scheme application","5","5"," "
"2022","Asian","25 - 29","Scotland","Female","Main scheme applicant","Not main scheme application","5","0"," "
"2019","White","30 - 34","Scotland","Female","Main scheme applicant","Not main scheme application","10","5"," "
"2020","White","30 - 34","Scotland","Female","Main scheme applicant","Not main scheme application","15","5"," "
"2021","White","30 - 34","Scotland","Female","Main scheme applicant","Not main scheme application","15","5"," "
"2022","White","30 - 34","Scotland","Female","Main scheme applicant","Not main scheme application","10","5"," "
"2023","White","30 - 34","Scotland","Female","Main scheme applicant","Not main scheme application","10","5"," "
"2019","Asian","30 - 34","Scotland","Female","Main scheme applicant","Not main scheme application","5","0"," "
"2021","Asian","30 - 34","Scotland","Female","Main scheme applicant","Not main scheme application","5","0"," "
"2019","White","35 and over","Scotland","Female","Main scheme applicant","Not main scheme application","30","20","0.621"
"2020","White","35 and over","Scotland","Female","Main scheme applicant","Not main scheme application","25","15","0.5"
"2021","White","35 and over","Scotland","Female","Main scheme applicant","Not main scheme application","10","10"," "
"2022","White","35 and over","Scotland","Female","Main scheme applicant","Not main scheme application","25","15","0.5650000000000001"
"2023","White","35 and over","Scotland","Female","Main scheme applicant","Not main scheme application","10","5"," "
"2019","Asian","35 and over","Scotland","Female","Main scheme applicant","Not main scheme application","5","0"," "
"2021","Asian","35 and over","Scotland","Female","Main scheme applicant","Not main scheme application","5","0"," "
"2023","Asian","35 and over","Scotland","Female","Main scheme applicant","Not main scheme application","5","5"," "
"2023","Asian","35 and over","Wales","Female","Main scheme applicant","Not main scheme application","5","5"," "
"2019","White","21 - 24","Scotland","Male","Main scheme applicant","Not main scheme application","10","0"," "
"2020","White","21 - 24","Scotland","Male","Main scheme applicant","Not main scheme application","25","10","0.435"
"2021","White","21 - 24","Scotland","Male","Main scheme applicant","Not main scheme application","20","5"," "
"2022","White","21 - 24","Scotland","Male","Main scheme applicant","Not main scheme application","15","10"," "
"2023","White","21 - 24","Scotland","Male","Main scheme applicant","Not main scheme application","15","5"," "
"2022","White","21 - 24","Wales","Male","Main scheme applicant","Not main scheme application","5","5"," "
"2019","White","25 - 29","Scotland","Male","Main scheme applicant","Not main scheme application","10","5"," "
"2020","White","25 - 29","Scotland","Male","Main scheme applicant","Not main scheme application","15","5"," "
"2021","White","25 - 29","Scotland","Male","Main scheme applicant","Not main scheme application","20","5"," "
"2022","White","25 - 29","Scotland","Male","Main scheme applicant","Not main scheme application","10","5"," "
"2023","White","25 - 29","Scotland","Male","Main scheme applicant","Not main scheme application","5","5"," "
"2023","White","25 - 29","Wales","Male","Main scheme applicant","Not main scheme application","5","5"," "
"2020","White","30 - 34","Scotland","Male","Main scheme applicant","Not main scheme application","5","0"," "
"2021","White","30 - 34","Scotland","Male","Main scheme applicant","Not main scheme application","10","0"," "
"2022","White","30 - 34","Scotland","Male","Main scheme applicant","Not main scheme application","10","0"," "
"2023","White","30 - 34","Scotland","Male","Main scheme applicant","Not main scheme application","5","0"," "
"2019","White","35 and over","Scotland","Male","Main scheme applicant","Not main scheme application","5","5"," "
"2020","White","35 and over","Scotland","Male","Main scheme applicant","Not main scheme application","10","5"," "
"2021","White","35 and over","Scotland","Male","Main scheme applicant","Not main scheme application","10","5"," "
"2022","White","35 and over","Scotland","Male","Main scheme applicant","Not main scheme application","5","0"," "
"2023","White","35 and over","Scotland","Male","Main scheme applicant","Not main scheme application","5","5"," "
"2019","Asian","35 and over","Scotland","Male","Main scheme applicant","Not main scheme application","5","0"," "
"2020","White","18","England","Female","Main scheme applicant","Main scheme application","5","0"," "
"2022","White","18","England","Female","Main scheme applicant","Main scheme application","5","0"," "
"2019","White","18","Scotland","Female","Main scheme applicant","Main scheme application","10","0"," "
"2020","White","18","Scotland","Female","Main scheme applicant","Main scheme application","20","0"," "
"2021","White","18","Scotland","Female","Main scheme applicant","Main scheme application","15","0"," "
"2022","White","18","Scotland","Female","Main scheme applicant","Main scheme application","15","0"," "
"2023","White","18","Scotland","Female","Main scheme applicant","Main scheme application","15","0"," "
"2020","White","18","Wales","Female","Main scheme applicant","Main scheme application","5","0"," "
"2022","White","18","Wales","Female","Main scheme applicant","Main scheme application","10","0"," "
"2019","White","19","Scotland","Female","Main scheme applicant","Main scheme application","5","0"," "
"2021","White","19","Scotland","Female","Main scheme applicant","Main scheme application","5","0"," "
"2022","White","19","Scotland","Female","Main scheme applicant","Main scheme application","10","0"," "
"2023","White","19","Scotland","Female","Main scheme applicant","Main scheme application","5","0"," "
"2019","White","20","Scotland","Female","Main scheme applicant","Main scheme application","5","0"," "
"2020","White","20","Scotland","Female","Main scheme applicant","Main scheme application","5","0"," "
"2021","White","20","Scotland","Female","Main scheme applicant","Main scheme application","15","0"," "
"2022","White","20","Scotland","Female","Main scheme applicant","Main scheme application","5","0"," "
"2023","White","20","Scotland","Female","Main scheme applicant","Main scheme application","5","0"," "
"2019","White","21 - 24","Northern Ireland","Female","Main scheme applicant","Main scheme application","45","10"," "
"2020","White","21 - 24","Northern Ireland","Female","Main scheme applicant","Main scheme application","35","10"," "
"2021","White","21 - 24","Northern Ireland","Female","Main scheme applicant","Main scheme application","45","15","0.311"
"2022","White","21 - 24","Northern Ireland","Female","Main scheme applicant","Main scheme application","30","10"," "
"2023","White","21 - 24","Northern Ireland","Female","Main scheme applicant","Main scheme application","20","5"," "
"2019","White","21 - 24","England","Female","Main scheme applicant","Main scheme application","45","20","0.444"
"2020","White","21 - 24","England","Female","Main scheme applicant","Main scheme application","30","15","0.419"
"2021","White","21 - 24","England","Female","Main scheme applicant","Main scheme application","55","15","0.309"
"2022","White","21 - 24","England","Female","Main scheme applicant","Main scheme application","95","50","0.495"
"2023","White","21 - 24","England","Female","Main scheme applicant","Main scheme application","90","35","0.375"
"2019","White","21 - 24","Scotland","Female","Main scheme applicant","Main scheme application","1085","595","0.547"
"2020","White","21 - 24","Scotland","Female","Main scheme applicant","Main scheme application","1215","665","0.548"
"2021","White","21 - 24","Scotland","Female","Main scheme applicant","Main scheme application","1510","650","0.431"
"2022","White","21 - 24","Scotland","Female","Main scheme applicant","Main scheme application","1065","575","0.538"
"2023","White","21 - 24","Scotland","Female","Main scheme applicant","Main scheme application","905","530","0.583"
"2020","White","21 - 24","Wales","Female","Main scheme applicant","Main scheme application","5","0"," "
"2022","White","21 - 24","Wales","Female","Main scheme applicant","Main scheme application","460","345","0.749"
"2023","White","21 - 24","Wales","Female","Main scheme applicant","Main scheme application","425","290","0.6900000000000001"
"2019","Black","21 - 24","Scotland","Female","Main scheme applicant","Main scheme application","5","0"," "
"2021","Black","21 - 24","Scotland","Female","Main scheme applicant","Main scheme application","5","0"," "
"2023","Black","21 - 24","Scotland","Female","Main scheme applicant","Main scheme application","10","0"," "
"2023","Black","21 - 24","Wales","Female","Main scheme applicant","Main scheme application","5","0"," "
"2019","Asian","21 - 24","England","Female","Main scheme applicant","Main scheme application","5","0"," "
"2021","Asian","21 - 24","England","Female","Main scheme applicant","Main scheme application","10","0"," "
"2019","Asian","21 - 24","Scotland","Female","Main scheme applicant","Main scheme application","40","15","0.395"
"2020","Asian","21 - 24","Scotland","Female","Main scheme applicant","Main scheme application","35","20","0.583"
"2021","Asian","21 - 24","Scotland","Female","Main scheme applicant","Main scheme application","45","15","0.34900000000000003"
"2022","Asian","21 - 24","Scotland","Female","Main scheme applicant","Main scheme application","30","15","0.586"
"2023","Asian","21 - 24","Scotland","Female","Main scheme applicant","Main scheme application","30","20","0.633"
"2022","Asian","21 - 24","Wales","Female","Main scheme applicant","Main scheme application","15","5"," "
"2023","Asian","21 - 24","Wales","Female","Main scheme applicant","Main scheme application","5","5"," "
"2019","Mixed","21 - 24","England","Female","Main scheme applicant","Main scheme application","5","0"," "
"2020","Mixed","21 - 24","England","Female","Main scheme applicant","Main scheme application","5","0"," "
"2023","Mixed","21 - 24","England","Female","Main scheme applicant","Main scheme application","5","5"," "
"2019","Mixed","21 - 24","Scotland","Female","Main scheme applicant","Main scheme application","10","5"," "
"2020","Mixed","21 - 24","Scotland","Female","Main scheme applicant","Main scheme application","10","5"," "
"2021","Mixed","21 - 24","Scotland","Female","Main scheme applicant","Main scheme application","15","10"," "
"2022","Mixed","21 - 24","Scotland","Female","Main scheme applicant","Main scheme application","20","15","0.619"
"2023","Mixed","21 - 24","Scotland","Female","Main scheme applicant","Main scheme application","15","10"," "
"2022","Mixed","21 - 24","Wales","Female","Main scheme applicant","Main scheme application","5","5"," "
"2023","Mixed","21 - 24","Wales","Female","Main scheme applicant","Main scheme application","5","5"," "
"2020","Other","21 - 24","Scotland","Female","Main scheme applicant","Main scheme application","5","0"," "
"2023","Other","21 - 24","Scotland","Female","Main scheme applicant","Main scheme application","5","5"," "
"2019","Unknown or Prefer Not To Say","21 - 24","Scotland","Female","Main scheme applicant","Main scheme application","5","0"," "
"2021","Unknown or Prefer Not To Say","21 - 24","Scotland","Female","Main scheme applicant","Main scheme application","10","0"," "
"2022","Unknown or Prefer Not To Say","21 - 24","Scotland","Female","Main scheme applicant","Main scheme application","5","5"," "
"2019","White","25 - 29","Northern Ireland","Female","Main scheme applicant","Main scheme application","15","10"," "
"2020","White","25 - 29","Northern Ireland","Female","Main scheme applicant","Main scheme application","15","5"," "
"2021","White","25 - 29","Northern Ireland","Female","Main scheme applicant","Main scheme application","15","5"," "
"2022","White","25 - 29","Northern Ireland","Female","Main scheme applicant","Main scheme application","10","5"," "
"2023","White","25 - 29","Northern Ireland","Female","Main scheme applicant","Main scheme application","10","5"," "
"2019","White","25 - 29","England","Female","Main scheme applicant","Main scheme application","15","5"," "
"2020","White","25 - 29","England","Female","Main scheme applicant","Main scheme application","20","10","0.545"
"2021","White","25 - 29","England","Female","Main scheme applicant","Main scheme application","35","15","0.389"
"2022","White","25 - 29","England","Female","Main scheme applicant","Main scheme application","20","5"," "
"2023","White","25 - 29","England","Female","Main scheme applicant","Main scheme application","15","10","0.588"
"2019","White","25 - 29","Scotland","Female","Main scheme applicant","Main scheme application","905","495","0.549"
"2020","White","25 - 29","Scotland","Female","Main scheme applicant","Main scheme application","835","455","0.543"
"2021","White","25 - 29","Scotland","Female","Main scheme applicant","Main scheme application","1085","510","0.47200000000000003"
"2022","White","25 - 29","Scotland","Female","Main scheme applicant","Main scheme application","725","405","0.559"
"2023","White","25 - 29","Scotland","Female","Main scheme applicant","Main scheme application","510","280","0.547"
"2022","White","25 - 29","Wales","Female","Main scheme applicant","Main scheme application","155","100","0.641"
"2023","White","25 - 29","Wales","Female","Main scheme applicant","Main scheme application","130","90","0.705"
"2019","Black","25 - 29","Scotland","Female","Main scheme applicant","Main scheme application","5","0"," "
"2020","Black","25 - 29","Scotland","Female","Main scheme applicant","Main scheme application","5","0"," "
"2021","Black","25 - 29","Scotland","Female","Main scheme applicant","Main scheme application","5","5"," "
"2019","Asian","25 - 29","Scotland","Female","Main scheme applicant","Main scheme application","20","10"," "
"2020","Asian","25 - 29","Scotland","Female","Main scheme applicant","Main scheme application","25","5"," "
"2021","Asian","25 - 29","Scotland","Female","Main scheme applicant","Main scheme application","30","10"," "
"2022","Asian","25 - 29","Scotland","Female","Main scheme applicant","Main scheme application","20","10"," "
"2023","Asian","25 - 29","Scotland","Female","Main scheme applicant","Main scheme application","20","10","0.5"
"2023","Asian","25 - 29","Wales","Female","Main scheme applicant","Main scheme application","5","0"," "
"2019","Mixed","25 - 29","Scotland","Female","Main scheme applicant","Main scheme application","15","5"," "
"2020","Mixed","25 - 29","Scotland","Female","Main scheme applicant","Main scheme application","15","10"," "
"2021","Mixed","25 - 29","Scotland","Female","Main scheme applicant","Main scheme application","15","5"," "
"2022","Mixed","25 - 29","Scotland","Female","Main scheme applicant","Main scheme application","15","10"," "
"2023","Mixed","25 - 29","Scotland","Female","Main scheme applicant","Main scheme application","10","5"," "
"2022","Mixed","25 - 29","Wales","Female","Main scheme applicant","Main scheme application","5","0"," "
"2023","Mixed","25 - 29","Wales","Female","Main scheme applicant","Main scheme application","5","5"," "
"2019","Other","25 - 29","Scotland","Female","Main scheme applicant","Main scheme application","5","0"," "
"2020","Other","25 - 29","Scotland","Female","Main scheme applicant","Main scheme application","5","0"," "
"2021","Other","25 - 29","Scotland","Female","Main scheme applicant","Main scheme application","5","0"," "
"2019","Unknown or Prefer Not To Say","25 - 29","Scotland","Female","Main scheme applicant","Main scheme application","5","5"," "
"2020","Unknown or Prefer Not To Say","25 - 29","Scotland","Female","Main scheme applicant","Main scheme application","5","5"," "
"2021","Unknown or Prefer Not To Say","25 - 29","Scotland","Female","Main scheme applicant","Main scheme application","10","0"," "
"2022","Unknown or Prefer Not To Say","25 - 29","Scotland","Female","Main scheme applicant","Main scheme application","5","0"," "
"2021","White","30 - 34","Northern Ireland","Female","Main scheme applicant","Main scheme application","5","0"," "
"2022","White","30 - 34","Northern Ireland","Female","Main scheme applicant","Main scheme application","5","0"," "
"2019","White","30 - 34","England","Female","Main scheme applicant","Main scheme application","10","5"," "
"2020","White","30 - 34","England","Female","Main scheme applicant","Main scheme application","10","5"," "
"2021","White","30 - 34","England","Female","Main scheme applicant","Main scheme application","10","0"," "
"2022","White","30 - 34","England","Female","Main scheme applicant","Main scheme application","10","5"," "
"2023","White","30 - 34","England","Female","Main scheme applicant","Main scheme application","5","5"," "
"2019","White","30 - 34","Scotland","Female","Main scheme applicant","Main scheme application","375","175","0.462"
"2020","White","30 - 34","Scotland","Female","Main scheme applicant","Main scheme application","405","225","0.548"
"2021","White","30 - 34","Scotland","Female","Main scheme applicant","Main scheme application","445","170","0.387"
"2022","White","30 - 34","Scotland","Female","Main scheme applicant","Main scheme application","290","160","0.557"
"2023","White","30 - 34","Scotland","Female","Main scheme applicant","Main scheme application","225","135","0.612"
"2022","White","30 - 34","Wales","Female","Main scheme applicant","Main scheme application","55","45","0.768"
"2023","White","30 - 34","Wales","Female","Main scheme applicant","Main scheme application","55","35","0.618"
"2019","Black","30 - 34","Scotland","Female","Main scheme applicant","Main scheme application","5","0"," "
"2023","Black","30 - 34","Scotland","Female","Main scheme applicant","Main scheme application","5","0"," "
"2019","Asian","30 - 34","Scotland","Female","Main scheme applicant","Main scheme application","15","5"," "
"2020","Asian","30 - 34","Scotland","Female","Main scheme applicant","Main scheme application","10","5"," "
"2021","Asian","30 - 34","Scotland","Female","Main scheme applicant","Main scheme application","20","5"," "
"2022","Asian","30 - 34","Scotland","Female","Main scheme applicant","Main scheme application","10","5"," "
"2023","Asian","30 - 34","Scotland","Female","Main scheme applicant","Main scheme application","15","5"," "
"2019","Mixed","30 - 34","Scotland","Female","Main scheme applicant","Main scheme application","5","0"," "
"2020","Mixed","30 - 34","Scotland","Female","Main scheme applicant","Main scheme application","5","5"," "
"2021","Mixed","30 - 34","Scotland","Female","Main scheme applicant","Main scheme application","10","5"," "
"2022","Mixed","30 - 34","Scotland","Female","Main scheme applicant","Main scheme application","5","5"," "
"2023","Mixed","30 - 34","Scotland","Female","Main scheme applicant","Main scheme application","5","0"," "
"2020","Other","30 - 34","Scotland","Female","Main scheme applicant","Main scheme application","5","0"," "
"2021","Other","30 - 34","Scotland","Female","Main scheme applicant","Main scheme application","5","5"," "
"2023","Other","30 - 34","Scotland","Female","Main scheme applicant","Main scheme application","5","0"," "
"2019","Unknown or Prefer Not To Say","30 - 34","Scotland","Female","Main scheme applicant","Main scheme application","5","0"," "
"2020","Unknown or Prefer Not To Say","30 - 34","Scotland","Female","Main scheme applicant","Main scheme application","5","0"," "
"2021","Unknown or Prefer Not To Say","30 - 34","Scotland","Female","Main scheme applicant","Main scheme application","5","5"," "
"2023","Unknown or Prefer Not To Say","30 - 34","Scotland","Female","Main scheme applicant","Main scheme application","5","0"," "
"2019","White","35 and over","Northern Ireland","Female","Main scheme applicant","Main scheme application","5","0"," "
"2019","White","35 and over","England","Female","Main scheme applicant","Main scheme application","15","5"," "
"2020","White","35 and over","England","Female","Main scheme applicant","Main scheme application","15","5"," "
"2021","White","35 and over","England","Female","Main scheme applicant","Main scheme application","15","10"," "
"2022","White","35 and over","England","Female","Main scheme applicant","Main scheme application","10","5"," "
"2023","White","35 and over","England","Female","Main scheme applicant","Main scheme application","5","5"," "
"2019","White","35 and over","Scotland","Female","Main scheme applicant","Main scheme application","665","295","0.442"
"2020","White","35 and over","Scotland","Female","Main scheme applicant","Main scheme application","735","355","0.482"
"2021","White","35 and over","Scotland","Female","Main scheme applicant","Main scheme application","780","300","0.385"
"2022","White","35 and over","Scotland","Female","Main scheme applicant","Main scheme application","530","275","0.522"
"2023","White","35 and over","Scotland","Female","Main scheme applicant","Main scheme application","435","250","0.5710000000000001"
"2022","White","35 and over","Wales","Female","Main scheme applicant","Main scheme application","80","45","0.582"
"2023","White","35 and over","Wales","Female","Main scheme applicant","Main scheme application","50","35","0.72"
"2019","Black","35 and over","Scotland","Female","Main scheme applicant","Main scheme application","10","0"," "
"2020","Black","35 and over","Scotland","Female","Main scheme applicant","Main scheme application","20","5"," "
"2021","Black","35 and over","Scotland","Female","Main scheme applicant","Main scheme application","10","0"," "
"2022","Black","35 and over","Scotland","Female","Main scheme applicant","Main scheme application","5","0"," "
"2023","Black","35 and over","Scotland","Female","Main scheme applicant","Main scheme application","15","5"," "
"2022","Black","35 and over","Wales","Female","Main scheme applicant","Main scheme application","5","0"," "
"2019","Asian","35 and over","Scotland","Female","Main scheme applicant","Main scheme application","50","15","0.306"
"2020","Asian","35 and over","Scotland","Female","Main scheme applicant","Main scheme application","45","15","0.277"
"2021","Asian","35 and over","Scotland","Female","Main scheme applicant","Main scheme application","45","20","0.457"
"2022","Asian","35 and over","Scotland","Female","Main scheme applicant","Main scheme application","30","10","0.375"
"2023","Asian","35 and over","Scotland","Female","Main scheme applicant","Main scheme application","30","5"," "
"2022","Asian","35 and over","Wales","Female","Main scheme applicant","Main scheme application","5","0"," "
"2023","Asian","35 and over","Wales","Female","Main scheme applicant","Main scheme application","10","5"," "
"2019","Mixed","35 and over","Scotland","Female","Main scheme applicant","Main scheme application","15","5"," "
"2020","Mixed","35 and over","Scotland","Female","Main scheme applicant","Main scheme application","15","5"," "
"2021","Mixed","35 and over","Scotland","Female","Main scheme applicant","Main scheme application","15","5"," "
"2022","Mixed","35 and over","Scotland","Female","Main scheme applicant","Main scheme application","10","5"," "
"2023","Mixed","35 and over","Scotland","Female","Main scheme applicant","Main scheme application","10","10"," "
"2019","Other","35 and over","Scotland","Female","Main scheme applicant","Main scheme application","10","0"," "
"2020","Other","35 and over","Scotland","Female","Main scheme applicant","Main scheme application","10","5"," "
"2021","Other","35 and over","Scotland","Female","Main scheme applicant","Main scheme application","10","0"," "
"2022","Other","35 and over","Scotland","Female","Main scheme applicant","Main scheme application","10","5"," "
"2023","Other","35 and over","Scotland","Female","Main scheme applicant","Main scheme application","10","5"," "
"2022","Other","35 and over","Wales","Female","Main scheme applicant","Main scheme application","5","0"," "
"2019","Unknown or Prefer Not To Say","35 and over","Scotland","Female","Main scheme applicant","Main scheme application","10","5"," "
"2020","Unknown or Prefer Not To Say","35 and over","Scotland","Female","Main scheme applicant","Main scheme application","5","0"," "
"2021","Unknown or Prefer Not To Say","35 and over","Scotland","Female","Main scheme applicant","Main scheme application","15","5"," "
"2022","Unknown or Prefer Not To Say","35 and over","Scotland","Female","Main scheme applicant","Main scheme application","10","0"," "
"2023","Unknown or Prefer Not To Say","35 and over","Scotland","Female","Main scheme applicant","Main scheme application","10","5"," "
"2023","White","18","England","Male","Main scheme applicant","Main scheme application","5","0"," "
"2019","White","18","Scotland","Male","Main scheme applicant","Main scheme application","5","0"," "
"2020","White","18","Scotland","Male","Main scheme applicant","Main scheme application","5","0"," "
"2021","White","18","Scotland","Male","Main scheme applicant","Main scheme application","5","0"," "
"2022","White","18","Scotland","Male","Main scheme applicant","Main scheme application","5","0"," "
"2023","White","18","Scotland","Male","Main scheme applicant","Main scheme application","5","0"," "
"2022","White","18","Wales","Male","Main scheme applicant","Main scheme application","5","0"," "
"2023","White","18","Wales","Male","Main scheme applicant","Main scheme application","5","0"," "
"2021","White","20","Scotland","Male","Main scheme applicant","Main scheme application","5","0"," "
"2022","White","20","Scotland","Male","Main scheme applicant","Main scheme application","5","0"," "
"2023","White","20","Scotland","Male","Main scheme applicant","Main scheme application","5","0"," "
"2019","White","21 - 24","Northern Ireland","Male","Main scheme applicant","Main scheme application","15","0"," "
"2020","White","21 - 24","Northern Ireland","Male","Main scheme applicant","Main scheme application","5","0"," "
"2021","White","21 - 24","Northern Ireland","Male","Main scheme applicant","Main scheme application","20","0"," "
"2022","White","21 - 24","Northern Ireland","Male","Main scheme applicant","Main scheme application","15","5"," "
"2023","White","21 - 24","Northern Ireland","Male","Main scheme applicant","Main scheme application","5","0"," "
"2019","White","21 - 24","England","Male","Main scheme applicant","Main scheme application","20","5"," "
"2020","White","21 - 24","England","Male","Main scheme applicant","Main scheme application","10","5"," "
"2021","White","21 - 24","England","Male","Main scheme applicant","Main scheme application","20","5"," "
"2022","White","21 - 24","England","Male","Main scheme applicant","Main scheme application","40","15","0.317"
"2023","White","21 - 24","England","Male","Main scheme applicant","Main scheme application","30","15","0.484"
"2019","White","21 - 24","Scotland","Male","Main scheme applicant","Main scheme application","410","180","0.432"
"2020","White","21 - 24","Scotland","Male","Main scheme applicant","Main scheme application","390","170","0.434"
"2021","White","21 - 24","Scotland","Male","Main scheme applicant","Main scheme application","510","190","0.374"
"2022","White","21 - 24","Scotland","Male","Main scheme applicant","Main scheme application","390","150","0.389"
"2023","White","21 - 24","Scotland","Male","Main scheme applicant","Main scheme application","310","150","0.47900000000000004"
"2022","White","21 - 24","Wales","Male","Main scheme applicant","Main scheme application","150","95","0.633"
"2023","White","21 - 24","Wales","Male","Main scheme applicant","Main scheme application","150","110","0.74"
"2022","Black","21 - 24","Scotland","Male","Main scheme applicant","Main scheme application","5","0"," "
"2023","Asian","21 - 24","England","Male","Main scheme applicant","Main scheme application","5","0"," "
"2019","Asian","21 - 24","Scotland","Male","Main scheme applicant","Main scheme application","10","5"," "
"2020","Asian","21 - 24","Scotland","Male","Main scheme applicant","Main scheme application","10","5"," "
"2021","Asian","21 - 24","Scotland","Male","Main scheme applicant","Main scheme application","10","5"," "
"2023","Asian","21 - 24","Scotland","Male","Main scheme applicant","Main scheme application","5","5"," "
"2023","Asian","21 - 24","Wales","Male","Main scheme applicant","Main scheme application","5","5"," "
"2019","Mixed","21 - 24","Scotland","Male","Main scheme applicant","Main scheme application","5","0"," "
"2020","Mixed","21 - 24","Scotland","Male","Main scheme applicant","Main scheme application","5","0"," "
"2021","Mixed","21 - 24","Scotland","Male","Main scheme applicant","Main scheme application","10","5"," "
"2022","Mixed","21 - 24","Scotland","Male","Main scheme applicant","Main scheme application","5","0"," "
"2023","Mixed","21 - 24","Scotland","Male","Main scheme applicant","Main scheme application","5","5"," "
"2022","Mixed","21 - 24","Wales","Male","Main scheme applicant","Main scheme application","5","5"," "
"2021","Unknown or Prefer Not To Say","21 - 24","Scotland","Male","Main scheme applicant","Main scheme application","5","0"," "
"2022","Unknown or Prefer Not To Say","21 - 24","Scotland","Male","Main scheme applicant","Main scheme application","5","0"," "
"2019","White","25 - 29","Northern Ireland","Male","Main scheme applicant","Main scheme application","10","5"," "
"2020","White","25 - 29","Northern Ireland","Male","Main scheme applicant","Main scheme application","5","0"," "
"2021","White","25 - 29","Northern Ireland","Male","Main scheme applicant","Main scheme application","10","5"," "
"2022","White","25 - 29","Northern Ireland","Male","Main scheme applicant","Main scheme application","5","0"," "
"2019","White","25 - 29","England","Male","Main scheme applicant","Main scheme application","10","5"," "
"2020","White","25 - 29","England","Male","Main scheme applicant","Main scheme application","10","5"," "
"2021","White","25 - 29","England","Male","Main scheme applicant","Main scheme application","15","5"," "
"2022","White","25 - 29","England","Male","Main scheme applicant","Main scheme application","10","5"," "
"2023","White","25 - 29","England","Male","Main scheme applicant","Main scheme application","10","0"," "
"2019","White","25 - 29","Scotland","Male","Main scheme applicant","Main scheme application","360","160","0.45"
"2020","White","25 - 29","Scotland","Male","Main scheme applicant","Main scheme application","415","195","0.47500000000000003"
"2021","White","25 - 29","Scotland","Male","Main scheme applicant","Main scheme application","480","180","0.378"
"2022","White","25 - 29","Scotland","Male","Main scheme applicant","Main scheme application","345","160","0.47000000000000003"
"2023","White","25 - 29","Scotland","Male","Main scheme applicant","Main scheme application","265","140","0.532"
"2020","White","25 - 29","Wales","Male","Main scheme applicant","Main scheme application","5","0"," "
"2022","White","25 - 29","Wales","Male","Main scheme applicant","Main scheme application","70","50","0.725"
"2023","White","25 - 29","Wales","Male","Main scheme applicant","Main scheme application","65","45","0.667"
"2019","Asian","25 - 29","Scotland","Male","Main scheme applicant","Main scheme application","5","0"," "
"2020","Asian","25 - 29","Scotland","Male","Main scheme applicant","Main scheme application","5","5"," "
"2021","Asian","25 - 29","Scotland","Male","Main scheme applicant","Main scheme application","10","5"," "
"2022","Asian","25 - 29","Scotland","Male","Main scheme applicant","Main scheme application","5","0"," "
"2023","Asian","25 - 29","Scotland","Male","Main scheme applicant","Main scheme application","5","5"," "
"2019","Mixed","25 - 29","Scotland","Male","Main scheme applicant","Main scheme application","5","0"," "
"2020","Mixed","25 - 29","Scotland","Male","Main scheme applicant","Main scheme application","5","0"," "
"2021","Mixed","25 - 29","Scotland","Male","Main scheme applicant","Main scheme application","5","0"," "
"2022","Mixed","25 - 29","Scotland","Male","Main scheme applicant","Main scheme application","10","0"," "
"2023","Mixed","25 - 29","Scotland","Male","Main scheme applicant","Main scheme application","10","5"," "
"2023","Mixed","25 - 29","Wales","Male","Main scheme applicant","Main scheme application","5","0"," "
"2020","Other","25 - 29","Scotland","Male","Main scheme applicant","Main scheme application","5","0"," "
"2019","Unknown or Prefer Not To Say","25 - 29","Scotland","Male","Main scheme applicant","Main scheme application","5","0"," "
"2020","Unknown or Prefer Not To Say","25 - 29","Scotland","Male","Main scheme applicant","Main scheme application","5","0"," "
"2021","Unknown or Prefer Not To Say","25 - 29","Scotland","Male","Main scheme applicant","Main scheme application","10","5"," "
"2022","Unknown or Prefer Not To Say","25 - 29","Scotland","Male","Main scheme applicant","Main scheme application","5","5"," "
"2023","Unknown or Prefer Not To Say","25 - 29","Scotland","Male","Main scheme applicant","Main scheme application","5","0"," "
"2020","White","30 - 34","Northern Ireland","Male","Main scheme applicant","Main scheme application","5","0"," "
"2019","White","30 - 34","England","Male","Main scheme applicant","Main scheme application","5","0"," "
"2020","White","30 - 34","England","Male","Main scheme applicant","Main scheme application","10","5"," "
"2021","White","30 - 34","England","Male","Main scheme applicant","Main scheme application","5","0"," "
"2022","White","30 - 34","England","Male","Main scheme applicant","Main scheme application","5","5"," "
"2023","White","30 - 34","England","Male","Main scheme applicant","Main scheme application","5","5"," "
"2019","White","30 - 34","Scotland","Male","Main scheme applicant","Main scheme application","185","90","0.489"
"2020","White","30 - 34","Scotland","Male","Main scheme applicant","Main scheme application","190","85","0.455"
"2021","White","30 - 34","Scotland","Male","Main scheme applicant","Main scheme application","220","90","0.41300000000000003"
"2022","White","30 - 34","Scotland","Male","Main scheme applicant","Main scheme application","180","90","0.494"
"2023","White","30 - 34","Scotland","Male","Main scheme applicant","Main scheme application","115","50","0.435"
"2022","White","30 - 34","Wales","Male","Main scheme applicant","Main scheme application","30","20","0.667"
"2023","White","30 - 34","Wales","Male","Main scheme applicant","Main scheme application","20","15","0.7000000000000001"
"2021","Asian","30 - 34","Scotland","Male","Main scheme applicant","Main scheme application","5","0"," "
"2022","Asian","30 - 34","Scotland","Male","Main scheme applicant","Main scheme application","5","0"," "
"2020","Mixed","30 - 34","Scotland","Male","Main scheme applicant","Main scheme application","5","0"," "
"2021","Mixed","30 - 34","Scotland","Male","Main scheme applicant","Main scheme application","5","0"," "
"2022","Mixed","30 - 34","Scotland","Male","Main scheme applicant","Main scheme application","5","0"," "
"2023","Mixed","30 - 34","Scotland","Male","Main scheme applicant","Main scheme application","5","0"," "
"2020","Unknown or Prefer Not To Say","30 - 34","Scotland","Male","Main scheme applicant","Main scheme application","5","0"," "
"2021","Unknown or Prefer Not To Say","30 - 34","Scotland","Male","Main scheme applicant","Main scheme application","10","5"," "
"2022","Unknown or Prefer Not To Say","30 - 34","Scotland","Male","Main scheme applicant","Main scheme application","5","5"," "
"2023","Unknown or Prefer Not To Say","30 - 34","Scotland","Male","Main scheme applicant","Main scheme application","5","5"," "
"2020","White","35 and over","England","Male","Main scheme applicant","Main scheme application","5","0"," "
"2021","White","35 and over","England","Male","Main scheme applicant","Main scheme application","5","5"," "
"2022","White","35 and over","England","Male","Main scheme applicant","Main scheme application","5","0"," "
"2023","White","35 and over","England","Male","Main scheme applicant","Main scheme application","5","0"," "
"2019","White","35 and over","Scotland","Male","Main scheme applicant","Main scheme application","275","130","0.47500000000000003"
"2020","White","35 and over","Scotland","Male","Main scheme applicant","Main scheme application","265","115","0.438"
"2021","White","35 and over","Scotland","Male","Main scheme applicant","Main scheme application","310","105","0.343"
"2022","White","35 and over","Scotland","Male","Main scheme applicant","Main scheme application","205","95","0.454"
"2023","White","35 and over","Scotland","Male","Main scheme applicant","Main scheme application","150","75","0.493"
"2022","White","35 and over","Wales","Male","Main scheme applicant","Main scheme application","35","25","0.706"
"2023","White","35 and over","Wales","Male","Main scheme applicant","Main scheme application","20","10","0.632"
"2019","Black","35 and over","Scotland","Male","Main scheme applicant","Main scheme application","10","0"," "
"2020","Black","35 and over","Scotland","Male","Main scheme applicant","Main scheme application","10","5"," "
"2021","Black","35 and over","Scotland","Male","Main scheme applicant","Main scheme application","10","5"," "
"2022","Black","35 and over","Scotland","Male","Main scheme applicant","Main scheme application","10","5"," "
"2019","Asian","35 and over","Scotland","Male","Main scheme applicant","Main scheme application","20","5"," "
"2020","Asian","35 and over","Scotland","Male","Main scheme applicant","Main scheme application","10","5"," "
"2021","Asian","35 and over","Scotland","Male","Main scheme applicant","Main scheme application","5","0"," "
"2022","Asian","35 and over","Scotland","Male","Main scheme applicant","Main scheme application","10","5"," "
"2023","Asian","35 and over","Scotland","Male","Main scheme applicant","Main scheme application","5","0"," "
"2019","Mixed","35 and over","Scotland","Male","Main scheme applicant","Main scheme application","5","0"," "
"2020","Mixed","35 and over","Scotland","Male","Main scheme applicant","Main scheme application","5","5"," "
"2021","Mixed","35 and over","Scotland","Male","Main scheme applicant","Main scheme application","5","0"," "
"2023","Mixed","35 and over","Scotland","Male","Main scheme applicant","Main scheme application","5","0"," "
"2020","Other","35 and over","Scotland","Male","Main scheme applicant","Main scheme application","5","5"," "
"2021","Other","35 and over","Scotland","Male","Main scheme applicant","Main scheme application","5","0"," "
"2022","Other","35 and over","Scotland","Male","Main scheme applicant","Main scheme application","5","0"," "
"2019","Unknown or Prefer Not To Say","35 and over","Scotland","Male","Main scheme applicant","Main scheme application","10","5"," "
"2020","Unknown or Prefer Not To Say","35 and over","Scotland","Male","Main scheme applicant","Main scheme application","15","5"," "
"2021","Unknown or Prefer Not To Say","35 and over","Scotland","Male","Main scheme applicant","Main scheme application","10","5"," "
"2022","Unknown or Prefer Not To Say","35 and over","Scotland","Male","Main scheme applicant","Main scheme application","10","0"," "
"2023","Unknown or Prefer Not To Say","35 and over","Scotland","Male","Main scheme applicant","Main scheme application","15","5"," "
"2020","All","21 - 24","England","Female","Not main scheme applicant","Not main scheme application","5","5"," "
"2021","All","21 - 24","England","Female","Not main scheme applicant","Not main scheme application","5","0"," "
"2022","All","21 - 24","England","Female","Not main scheme applicant","Not main scheme application","10","5"," "
"2023","All","21 - 24","England","Female","Not main scheme applicant","Not main scheme application","5","5"," "
"2019","All","21 - 24","Scotland","Female","Not main scheme applicant","Not main scheme application","15","10","0.769"
"2020","All","21 - 24","Scotland","Female","Not main scheme applicant","Not main scheme application","20","15","0.714"
"2021","All","21 - 24","Scotland","Female","Not main scheme applicant","Not main scheme application","15","15","0.8130000000000001"
"2022","All","21 - 24","Scotland","Female","Not main scheme applicant","Not main scheme application","10","10","0.833"
"2023","All","21 - 24","Scotland","Female","Not main scheme applicant","Not main scheme application","20","15","0.684"
"2022","All","21 - 24","Wales","Female","Not main scheme applicant","Not main scheme application","30","25","0.793"
"2023","All","21 - 24","Wales","Female","Not main scheme applicant","Not main scheme application","40","35","0.833"
"2019","All","25 - 29","England","Female","Not main scheme applicant","Not main scheme application","5","5"," "
"2020","All","25 - 29","England","Female","Not main scheme applicant","Not main scheme application","10","5"," "
"2021","All","25 - 29","England","Female","Not main scheme applicant","Not main scheme application","5","5"," "
"2023","All","25 - 29","England","Female","Not main scheme applicant","Not main scheme application","5","5"," "
"2019","All","25 - 29","Scotland","Female","Not main scheme applicant","Not main scheme application","20","15","0.737"
"2020","All","25 - 29","Scotland","Female","Not main scheme applicant","Not main scheme application","25","20","0.846"
"2021","All","25 - 29","Scotland","Female","Not main scheme applicant","Not main scheme application","10","5"," "
"2022","All","25 - 29","Scotland","Female","Not main scheme applicant","Not main scheme application","15","15","0.765"
"2023","All","25 - 29","Scotland","Female","Not main scheme applicant","Not main scheme application","20","15","0.889"
"2022","All","25 - 29","Wales","Female","Not main scheme applicant","Not main scheme application","25","15","0.739"
"2023","All","25 - 29","Wales","Female","Not main scheme applicant","Not main scheme application","10","5"," "
"2020","All","30 - 34","England","Female","Not main scheme applicant","Not main scheme application","5","5"," "
"2021","All","30 - 34","England","Female","Not main scheme applicant","Not main scheme application","5","5"," "
"2019","All","30 - 34","Scotland","Female","Not main scheme applicant","Not main scheme application","5","5"," "
"2020","All","30 - 34","Scotland","Female","Not main scheme applicant","Not main scheme application","10","5"," "
"2021","All","30 - 34","Scotland","Female","Not main scheme applicant","Not main scheme application","5","0"," "
"2022","All","30 - 34","Scotland","Female","Not main scheme applicant","Not main scheme application","10","5"," "
"2023","All","30 - 34","Scotland","Female","Not main scheme applicant","Not main scheme application","10","10","0.909"
"2022","All","30 - 34","Wales","Female","Not main scheme applicant","Not main scheme application","5","5"," "
"2023","All","30 - 34","Wales","Female","Not main scheme applicant","Not main scheme application","5","5"," "
"2019","All","35 and over","England","Female","Not main scheme applicant","Not main scheme application","5","5"," "
"2020","All","35 and over","England","Female","Not main scheme applicant","Not main scheme application","10","10"," "
"2021","All","35 and over","England","Female","Not main scheme applicant","Not main scheme application","5","5"," "
"2022","All","35 and over","England","Female","Not main scheme applicant","Not main scheme application","5","5"," "
"2023","All","35 and over","England","Female","Not main scheme applicant","Not main scheme application","10","10"," "
"2019","All","35 and over","Scotland","Female","Not main scheme applicant","Not main scheme application","15","10"," "
"2020","All","35 and over","Scotland","Female","Not main scheme applicant","Not main scheme application","20","10","0.5710000000000001"
"2021","All","35 and over","Scotland","Female","Not main scheme applicant","Not main scheme application","15","10","0.733"
"2022","All","35 and over","Scotland","Female","Not main scheme applicant","Not main scheme application","15","10","0.706"
"2023","All","35 and over","Scotland","Female","Not main scheme applicant","Not main scheme application","20","15","0.7000000000000001"
"2022","All","35 and over","Wales","Female","Not main scheme applicant","Not main scheme application","15","10","0.786"
"2023","All","35 and over","Wales","Female","Not main scheme applicant","Not main scheme application","5","5"," "
"2020","All","21 - 24","England","Male","Not main scheme applicant","Not main scheme application","5","5"," "
"2022","All","21 - 24","England","Male","Not main scheme applicant","Not main scheme application","5","5"," "
"2023","All","21 - 24","England","Male","Not main scheme applicant","Not main scheme application","10","10"," "
"2019","All","21 - 24","Scotland","Male","Not main scheme applicant","Not main scheme application","10","10"," "
"2020","All","21 - 24","Scotland","Male","Not main scheme applicant","Not main scheme application","15","10","0.8"
"2021","All","21 - 24","Scotland","Male","Not main scheme applicant","Not main scheme application","5","5"," "
"2022","All","21 - 24","Scotland","Male","Not main scheme applicant","Not main scheme application","10","10","0.909"
"2023","All","21 - 24","Scotland","Male","Not main scheme applicant","Not main scheme application","10","5"," "
"2022","All","21 - 24","Wales","Male","Not main scheme applicant","Not main scheme application","25","20","0.8260000000000001"
"2023","All","21 - 24","Wales","Male","Not main scheme applicant","Not main scheme application","25","20","0.846"
"2020","All","25 - 29","England","Male","Not main scheme applicant","Not main scheme application","5","5"," "
"2022","All","25 - 29","England","Male","Not main scheme applicant","Not main scheme application","5","5"," "
"2023","All","25 - 29","England","Male","Not main scheme applicant","Not main scheme application","5","5"," "
"2019","All","25 - 29","Scotland","Male","Not main scheme applicant","Not main scheme application","10","10","0.909"
"2020","All","25 - 29","Scotland","Male","Not main scheme applicant","Not main scheme application","25","20","0.8150000000000001"
"2021","All","25 - 29","Scotland","Male","Not main scheme applicant","Not main scheme application","5","5"," "
"2022","All","25 - 29","Scotland","Male","Not main scheme applicant","Not main scheme application","10","5"," "
"2023","All","25 - 29","Scotland","Male","Not main scheme applicant","Not main scheme application","10","5"," "
"2022","All","25 - 29","Wales","Male","Not main scheme applicant","Not main scheme application","10","10","0.909"
"2023","All","25 - 29","Wales","Male","Not main scheme applicant","Not main scheme application","10","5"," "
"2019","All","30 - 34","Scotland","Male","Not main scheme applicant","Not main scheme application","5","5"," "
"2020","All","30 - 34","Scotland","Male","Not main scheme applicant","Not main scheme application","5","5"," "
"2022","All","30 - 34","Scotland","Male","Not main scheme applicant","Not main scheme application","5","0"," "
"2023","All","30 - 34","Scotland","Male","Not main scheme applicant","Not main scheme application","5","0"," "
"2023","All","30 - 34","Wales","Male","Not main scheme applicant","Not main scheme application","5","5"," "
"2021","All","35 and over","England","Male","Not main scheme applicant","Not main scheme application","5","0"," "
"2019","All","35 and over","Scotland","Male","Not main scheme applicant","Not main scheme application","10","5"," "
"2020","All","35 and over","Scotland","Male","Not main scheme applicant","Not main scheme application","20","15","0.789"
"2021","All","35 and over","Scotland","Male","Not main scheme applicant","Not main scheme application","5","5"," "
"2022","All","35 and over","Scotland","Male","Not main scheme applicant","Not main scheme application","15","10"," "
"2023","All","35 and over","Scotland","Male","Not main scheme applicant","Not main scheme application","20","15","0.9440000000000001"
"2022","All","35 and over","Wales","Male","Not main scheme applicant","Not main scheme application","5","5"," "
"2023","All","35 and over","Wales","Male","Not main scheme applicant","Not main scheme application","10","10"," "
"2021","All","18","Scotland","Female","Main scheme applicant","Not main scheme application","5","0"," "
"2019","All","21 - 24","Scotland","Female","Main scheme applicant","Not main scheme application","60","30","0.484"
"2020","All","21 - 24","Scotland","Female","Main scheme applicant","Not main scheme application","60","10"," "
"2021","All","21 - 24","Scotland","Female","Main scheme applicant","Not main scheme application","85","25","0.321"
"2022","All","21 - 24","Scotland","Female","Main scheme applicant","Not main scheme application","55","30","0.5660000000000001"
"2023","All","21 - 24","Scotland","Female","Main scheme applicant","Not main scheme application","35","25","0.622"
"2022","All","21 - 24","Wales","Female","Main scheme applicant","Not main scheme application","10","10","0.833"
"2023","All","21 - 24","Wales","Female","Main scheme applicant","Not main scheme application","15","10","0.8"
"2019","All","25 - 29","Scotland","Female","Main scheme applicant","Not main scheme application","40","20","0.5"
"2020","All","25 - 29","Scotland","Female","Main scheme applicant","Not main scheme application","45","20","0.426"
"2021","All","25 - 29","Scotland","Female","Main scheme applicant","Not main scheme application","55","20","0.333"
"2022","All","25 - 29","Scotland","Female","Main scheme applicant","Not main scheme application","30","15","0.5670000000000001"
"2023","All","25 - 29","Scotland","Female","Main scheme applicant","Not main scheme application","25","15","0.708"
"2023","All","25 - 29","Wales","Female","Main scheme applicant","Not main scheme application","5","5"," "
"2019","All","30 - 34","Scotland","Female","Main scheme applicant","Not main scheme application","15","5"," "
"2020","All","30 - 34","Scotland","Female","Main scheme applicant","Not main scheme application","15","10"," "
"2021","All","30 - 34","Scotland","Female","Main scheme applicant","Not main scheme application","20","10"," "
"2022","All","30 - 34","Scotland","Female","Main scheme applicant","Not main scheme application","10","5"," "
"2023","All","30 - 34","Scotland","Female","Main scheme applicant","Not main scheme application","10","5"," "
"2019","All","35 and over","Scotland","Female","Main scheme applicant","Not main scheme application","35","20","0.647"
"2020","All","35 and over","Scotland","Female","Main scheme applicant","Not main scheme application","30","15","0.5"
"2021","All","35 and over","Scotland","Female","Main scheme applicant","Not main scheme application","15","10","0.667"
"2022","All","35 and over","Scotland","Female","Main scheme applicant","Not main scheme application","25","15","0.577"
"2023","All","35 and over","Scotland","Female","Main scheme applicant","Not main scheme application","15","10","0.667"
"2023","All","35 and over","Wales","Female","Main scheme applicant","Not main scheme application","5","5"," "
"2019","All","21 - 24","Scotland","Male","Main scheme applicant","Not main scheme application","10","0"," "
"2020","All","21 - 24","Scotland","Male","Main scheme applicant","Not main scheme application","25","10","0.417"
"2021","All","21 - 24","Scotland","Male","Main scheme applicant","Not main scheme application","25","5"," "
"2022","All","21 - 24","Scotland","Male","Main scheme applicant","Not main scheme application","15","10"," "
"2023","All","21 - 24","Scotland","Male","Main scheme applicant","Not main scheme application","15","5"," "
"2022","All","21 - 24","Wales","Male","Main scheme applicant","Not main scheme application","5","5"," "
"2019","All","25 - 29","Scotland","Male","Main scheme applicant","Not main scheme application","10","5"," "
"2020","All","25 - 29","Scotland","Male","Main scheme applicant","Not main scheme application","15","5"," "
"2021","All","25 - 29","Scotland","Male","Main scheme applicant","Not main scheme application","20","5"," "
"2022","All","25 - 29","Scotland","Male","Main scheme applicant","Not main scheme application","10","5"," "
"2023","All","25 - 29","Scotland","Male","Main scheme applicant","Not main scheme application","5","5"," "
"2023","All","25 - 29","Wales","Male","Main scheme applicant","Not main scheme application","5","5"," "
"2020","All","30 - 34","Scotland","Male","Main scheme applicant","Not main scheme application","5","0"," "
"2021","All","30 - 34","Scotland","Male","Main scheme applicant","Not main scheme application","10","0"," "
"2022","All","30 - 34","Scotland","Male","Main scheme applicant","Not main scheme application","10","0"," "
"2023","All","30 - 34","Scotland","Male","Main scheme applicant","Not main scheme application","5","0"," "
"2019","All","35 and over","Scotland","Male","Main scheme applicant","Not main scheme application","10","5"," "
"2020","All","35 and over","Scotland","Male","Main scheme applicant","Not main scheme application","15","5"," "
"2021","All","35 and over","Scotland","Male","Main scheme applicant","Not main scheme application","10","5"," "
"2022","All","35 and over","Scotland","Male","Main scheme applicant","Not main scheme application","5","5"," "
"2023","All","35 and over","Scotland","Male","Main scheme applicant","Not main scheme application","10","5"," "
"2020","All","18","England","Female","Main scheme applicant","Main scheme application","5","0"," "
"2022","All","18","England","Female","Main scheme applicant","Main scheme application","5","0"," "
"2019","All","18","Scotland","Female","Main scheme applicant","Main scheme application","10","0"," "
"2020","All","18","Scotland","Female","Main scheme applicant","Main scheme application","20","0"," "
"2021","All","18","Scotland","Female","Main scheme applicant","Main scheme application","15","0"," "
"2022","All","18","Scotland","Female","Main scheme applicant","Main scheme application","20","0"," "
"2023","All","18","Scotland","Female","Main scheme applicant","Main scheme application","20","0"," "
"2020","All","18","Wales","Female","Main scheme applicant","Main scheme application","5","0"," "
"2022","All","18","Wales","Female","Main scheme applicant","Main scheme application","15","0"," "
"2019","All","19","Scotland","Female","Main scheme applicant","Main scheme application","5","0"," "
"2021","All","19","Scotland","Female","Main scheme applicant","Main scheme application","5","0"," "
"2022","All","19","Scotland","Female","Main scheme applicant","Main scheme application","10","0"," "
"2023","All","19","Scotland","Female","Main scheme applicant","Main scheme application","5","0"," "
"2019","All","20","Scotland","Female","Main scheme applicant","Main scheme application","5","0"," "
"2020","All","20","Scotland","Female","Main scheme applicant","Main scheme application","5","0"," "
"2021","All","20","Scotland","Female","Main scheme applicant","Main scheme application","15","0"," "
"2022","All","20","Scotland","Female","Main scheme applicant","Main scheme application","5","0"," "
"2023","All","20","Scotland","Female","Main scheme applicant","Main scheme application","5","0"," "
"2019","All","21 - 24","Northern Ireland","Female","Main scheme applicant","Main scheme application","45","10"," "
"2020","All","21 - 24","Northern Ireland","Female","Main scheme applicant","Main scheme application","35","10"," "
"2021","All","21 - 24","Northern Ireland","Female","Main scheme applicant","Main scheme application","45","15","0.311"
"2022","All","21 - 24","Northern Ireland","Female","Main scheme applicant","Main scheme application","30","10"," "
"2023","All","21 - 24","Northern Ireland","Female","Main scheme applicant","Main scheme application","20","5"," "
"2019","All","21 - 24","England","Female","Main scheme applicant","Main scheme application","50","25","0.451"
"2020","All","21 - 24","England","Female","Main scheme applicant","Main scheme application","35","15","0.389"
"2021","All","21 - 24","England","Female","Main scheme applicant","Main scheme application","65","20","0.303"
"2022","All","21 - 24","England","Female","Main scheme applicant","Main scheme application","100","50","0.505"
"2023","All","21 - 24","England","Female","Main scheme applicant","Main scheme application","95","35","0.389"
"2019","All","21 - 24","Scotland","Female","Main scheme applicant","Main scheme application","1145","615","0.54"
"2020","All","21 - 24","Scotland","Female","Main scheme applicant","Main scheme application","1270","700","0.549"
"2021","All","21 - 24","Scotland","Female","Main scheme applicant","Main scheme application","1580","675","0.429"
"2022","All","21 - 24","Scotland","Female","Main scheme applicant","Main scheme application","1125","610","0.543"
"2023","All","21 - 24","Scotland","Female","Main scheme applicant","Main scheme application","965","560","0.584"
"2020","All","21 - 24","Wales","Female","Main scheme applicant","Main scheme application","5","0"," "
"2022","All","21 - 24","Wales","Female","Main scheme applicant","Main scheme application","485","355","0.731"
"2023","All","21 - 24","Wales","Female","Main scheme applicant","Main scheme application","445","305","0.686"
"2019","All","25 - 29","Northern Ireland","Female","Main scheme applicant","Main scheme application","15","10"," "
"2020","All","25 - 29","Northern Ireland","Female","Main scheme applicant","Main scheme application","15","5"," "
"2021","All","25 - 29","Northern Ireland","Female","Main scheme applicant","Main scheme application","15","5"," "
"2022","All","25 - 29","Northern Ireland","Female","Main scheme applicant","Main scheme application","10","5"," "
"2023","All","25 - 29","Northern Ireland","Female","Main scheme applicant","Main scheme application","10","5"," "
"2019","All","25 - 29","England","Female","Main scheme applicant","Main scheme application","20","5"," "
"2020","All","25 - 29","England","Female","Main scheme applicant","Main scheme application","25","15","0.56"
"2021","All","25 - 29","England","Female","Main scheme applicant","Main scheme application","40","15","0.385"
"2022","All","25 - 29","England","Female","Main scheme applicant","Main scheme application","25","5"," "
"2023","All","25 - 29","England","Female","Main scheme applicant","Main scheme application","15","10","0.588"
"2019","All","25 - 29","Scotland","Female","Main scheme applicant","Main scheme application","950","515","0.545"
"2020","All","25 - 29","Scotland","Female","Main scheme applicant","Main scheme application","895","475","0.533"
"2021","All","25 - 29","Scotland","Female","Main scheme applicant","Main scheme application","1145","530","0.464"
"2022","All","25 - 29","Scotland","Female","Main scheme applicant","Main scheme application","765","425","0.555"
"2023","All","25 - 29","Scotland","Female","Main scheme applicant","Main scheme application","550","300","0.542"
"2022","All","25 - 29","Wales","Female","Main scheme applicant","Main scheme application","160","105","0.648"
"2023","All","25 - 29","Wales","Female","Main scheme applicant","Main scheme application","145","100","0.6990000000000001"
"2021","All","30 - 34","Northern Ireland","Female","Main scheme applicant","Main scheme application","5","0"," "
"2022","All","30 - 34","Northern Ireland","Female","Main scheme applicant","Main scheme application","5","0"," "
"2019","All","30 - 34","England","Female","Main scheme applicant","Main scheme application","10","5"," "
"2020","All","30 - 34","England","Female","Main scheme applicant","Main scheme application","10","5"," "
"2021","All","30 - 34","England","Female","Main scheme applicant","Main scheme application","15","0"," "
"2022","All","30 - 34","England","Female","Main scheme applicant","Main scheme application","10","5"," "
"2023","All","30 - 34","England","Female","Main scheme applicant","Main scheme application","5","5"," "
"2019","All","30 - 34","Scotland","Female","Main scheme applicant","Main scheme application","410","185","0.448"
"2020","All","30 - 34","Scotland","Female","Main scheme applicant","Main scheme application","435","235","0.543"
"2021","All","30 - 34","Scotland","Female","Main scheme applicant","Main scheme application","485","185","0.386"
"2022","All","30 - 34","Scotland","Female","Main scheme applicant","Main scheme application","310","170","0.549"
"2023","All","30 - 34","Scotland","Female","Main scheme applicant","Main scheme application","255","145","0.5710000000000001"
"2022","All","30 - 34","Wales","Female","Main scheme applicant","Main scheme application","60","45","0.767"
"2023","All","30 - 34","Wales","Female","Main scheme applicant","Main scheme application","55","35","0.632"
"2019","All","35 and over","Northern Ireland","Female","Main scheme applicant","Main scheme application","5","0"," "
"2019","All","35 and over","England","Female","Main scheme applicant","Main scheme application","20","5"," "
"2020","All","35 and over","England","Female","Main scheme applicant","Main scheme application","15","5"," "
"2021","All","35 and over","England","Female","Main scheme applicant","Main scheme application","15","10","0.706"
"2022","All","35 and over","England","Female","Main scheme applicant","Main scheme application","10","5"," "
"2023","All","35 and over","England","Female","Main scheme applicant","Main scheme application","5","5"," "
"2019","All","35 and over","Scotland","Female","Main scheme applicant","Main scheme application","760","325","0.426"
"2020","All","35 and over","Scotland","Female","Main scheme applicant","Main scheme application","835","385","0.461"
"2021","All","35 and over","Scotland","Female","Main scheme applicant","Main scheme application","875","335","0.382"
"2022","All","35 and over","Scotland","Female","Main scheme applicant","Main scheme application","595","300","0.5"
"2023","All","35 and over","Scotland","Female","Main scheme applicant","Main scheme application","515","275","0.538"
"2022","All","35 and over","Wales","Female","Main scheme applicant","Main scheme application","90","50","0.533"
"2023","All","35 and over","Wales","Female","Main scheme applicant","Main scheme application","65","40","0.621"
"2023","All","18","England","Male","Main scheme applicant","Main scheme application","5","0"," "
"2019","All","18","Scotland","Male","Main scheme applicant","Main scheme application","5","0"," "
"2020","All","18","Scotland","Male","Main scheme applicant","Main scheme application","5","0"," "
"2021","All","18","Scotland","Male","Main scheme applicant","Main scheme application","5","0"," "
"2022","All","18","Scotland","Male","Main scheme applicant","Main scheme application","5","0"," "
"2023","All","18","Scotland","Male","Main scheme applicant","Main scheme application","5","0"," "
"2022","All","18","Wales","Male","Main scheme applicant","Main scheme application","5","0"," "
"2023","All","18","Wales","Male","Main scheme applicant","Main scheme application","5","0"," "
"2021","All","20","Scotland","Male","Main scheme applicant","Main scheme application","5","0"," "
"2022","All","20","Scotland","Male","Main scheme applicant","Main scheme application","5","0"," "
"2023","All","20","Scotland","Male","Main scheme applicant","Main scheme application","5","0"," "
"2023","All","20","Wales","Male","Main scheme applicant","Main scheme application","5","0"," "
"2019","All","21 - 24","Northern Ireland","Male","Main scheme applicant","Main scheme application","15","0"," "
"2020","All","21 - 24","Northern Ireland","Male","Main scheme applicant","Main scheme application","10","0"," "
"2021","All","21 - 24","Northern Ireland","Male","Main scheme applicant","Main scheme application","20","0"," "
"2022","All","21 - 24","Northern Ireland","Male","Main scheme applicant","Main scheme application","15","5"," "
"2023","All","21 - 24","Northern Ireland","Male","Main scheme applicant","Main scheme application","5","0"," "
"2019","All","21 - 24","England","Male","Main scheme applicant","Main scheme application","20","5"," "
"2020","All","21 - 24","England","Male","Main scheme applicant","Main scheme application","15","5"," "
"2021","All","21 - 24","England","Male","Main scheme applicant","Main scheme application","20","5"," "
"2022","All","21 - 24","England","Male","Main scheme applicant","Main scheme application","45","15","0.318"
"2023","All","21 - 24","England","Male","Main scheme applicant","Main scheme application","35","20","0.486"
"2019","All","21 - 24","Scotland","Male","Main scheme applicant","Main scheme application","430","185","0.427"
"2020","All","21 - 24","Scotland","Male","Main scheme applicant","Main scheme application","410","175","0.427"
"2021","All","21 - 24","Scotland","Male","Main scheme applicant","Main scheme application","535","200","0.371"
"2022","All","21 - 24","Scotland","Male","Main scheme applicant","Main scheme application","405","155","0.381"
"2023","All","21 - 24","Scotland","Male","Main scheme applicant","Main scheme application","325","160","0.488"
"2022","All","21 - 24","Wales","Male","Main scheme applicant","Main scheme application","160","105","0.65"
"2023","All","21 - 24","Wales","Male","Main scheme applicant","Main scheme application","160","115","0.734"
"2019","All","25 - 29","Northern Ireland","Male","Main scheme applicant","Main scheme application","10","5"," "
"2020","All","25 - 29","Northern Ireland","Male","Main scheme applicant","Main scheme application","5","0"," "
"2021","All","25 - 29","Northern Ireland","Male","Main scheme applicant","Main scheme application","10","5"," "
"2022","All","25 - 29","Northern Ireland","Male","Main scheme applicant","Main scheme application","5","0"," "
"2023","All","25 - 29","Northern Ireland","Male","Main scheme applicant","Main scheme application","5","0"," "
"2019","All","25 - 29","England","Male","Main scheme applicant","Main scheme application","10","5"," "
"2020","All","25 - 29","England","Male","Main scheme applicant","Main scheme application","10","5"," "
"2021","All","25 - 29","England","Male","Main scheme applicant","Main scheme application","15","5"," "
"2022","All","25 - 29","England","Male","Main scheme applicant","Main scheme application","10","5"," "
"2023","All","25 - 29","England","Male","Main scheme applicant","Main scheme application","10","0"," "
"2019","All","25 - 29","Scotland","Male","Main scheme applicant","Main scheme application","375","170","0.446"
"2020","All","25 - 29","Scotland","Male","Main scheme applicant","Main scheme application","430","205","0.47400000000000003"
"2021","All","25 - 29","Scotland","Male","Main scheme applicant","Main scheme application","505","190","0.38"
"2022","All","25 - 29","Scotland","Male","Main scheme applicant","Main scheme application","360","170","0.467"
"2023","All","25 - 29","Scotland","Male","Main scheme applicant","Main scheme application","290","155","0.528"
"2020","All","25 - 29","Wales","Male","Main scheme applicant","Main scheme application","5","0"," "
"2022","All","25 - 29","Wales","Male","Main scheme applicant","Main scheme application","70","50","0.722"
"2023","All","25 - 29","Wales","Male","Main scheme applicant","Main scheme application","75","50","0.653"
"2020","All","30 - 34","Northern Ireland","Male","Main scheme applicant","Main scheme application","5","0"," "
"2019","All","30 - 34","England","Male","Main scheme applicant","Main scheme application","5","5"," "
"2020","All","30 - 34","England","Male","Main scheme applicant","Main scheme application","10","10"," "
"2021","All","30 - 34","England","Male","Main scheme applicant","Main scheme application","5","0"," "
"2022","All","30 - 34","England","Male","Main scheme applicant","Main scheme application","5","5"," "
"2023","All","30 - 34","England","Male","Main scheme applicant","Main scheme application","5","5"," "
"2019","All","30 - 34","Scotland","Male","Main scheme applicant","Main scheme application","195","95","0.482"
"2020","All","30 - 34","Scotland","Male","Main scheme applicant","Main scheme application","195","90","0.447"
"2021","All","30 - 34","Scotland","Male","Main scheme applicant","Main scheme application","235","95","0.40700000000000003"
"2022","All","30 - 34","Scotland","Male","Main scheme applicant","Main scheme application","200","100","0.495"
"2023","All","30 - 34","Scotland","Male","Main scheme applicant","Main scheme application","130","60","0.446"
"2022","All","30 - 34","Wales","Male","Main scheme applicant","Main scheme application","35","25","0.6970000000000001"
"2023","All","30 - 34","Wales","Male","Main scheme applicant","Main scheme application","20","15","0.714"
"2019","All","35 and over","England","Male","Main scheme applicant","Main scheme application","5","0"," "
"2020","All","35 and over","England","Male","Main scheme applicant","Main scheme application","5","0"," "
"2021","All","35 and over","England","Male","Main scheme applicant","Main scheme application","5","5"," "
"2022","All","35 and over","England","Male","Main scheme applicant","Main scheme application","5","0"," "
"2023","All","35 and over","England","Male","Main scheme applicant","Main scheme application","5","0"," "
"2019","All","35 and over","Scotland","Male","Main scheme applicant","Main scheme application","320","145","0.449"
"2020","All","35 and over","Scotland","Male","Main scheme applicant","Main scheme application","310","135","0.437"
"2021","All","35 and over","Scotland","Male","Main scheme applicant","Main scheme application","350","120","0.34"
"2022","All","35 and over","Scotland","Male","Main scheme applicant","Main scheme application","245","105","0.426"
"2023","All","35 and over","Scotland","Male","Main scheme applicant","Main scheme application","180","80","0.461"
"2022","All","35 and over","Wales","Male","Main scheme applicant","Main scheme application","35","25","0.676"
"2023","All","35 and over","Wales","Male","Main scheme applicant","Main scheme application","25","15","0.52"
"2019","White","All","England","Female","Not main scheme applicant","Not main scheme application","10","10"," "
"2020","White","All","England","Female","Not main scheme applicant","Not main scheme application","25","20","0.917"
"2021","White","All","England","Female","Not main scheme applicant","Not main scheme application","15","10","0.786"
"2022","White","All","England","Female","Not main scheme applicant","Not main scheme application","15","10"," "
"2023","White","All","England","Female","Not main scheme applicant","Not main scheme application","20","20","1"
"2019","White","All","Scotland","Female","Not main scheme applicant","Not main scheme application","45","35","0.7020000000000001"
"2020","White","All","Scotland","Female","Not main scheme applicant","Not main scheme application","65","45","0.7010000000000001"
"2021","White","All","Scotland","Female","Not main scheme applicant","Not main scheme application","40","25","0.675"
"2022","White","All","Scotland","Female","Not main scheme applicant","Not main scheme application","40","30","0.714"
"2023","White","All","Scotland","Female","Not main scheme applicant","Not main scheme application","60","45","0.75"
"2022","White","All","Wales","Female","Not main scheme applicant","Not main scheme application","65","50","0.781"
"2023","White","All","Wales","Female","Not main scheme applicant","Not main scheme application","55","45","0.833"
"2019","Asian","All","Scotland","Female","Not main scheme applicant","Not main scheme application","5","0"," "
"2020","Asian","All","Scotland","Female","Not main scheme applicant","Not main scheme application","10","5"," "
"2022","Asian","All","Scotland","Female","Not main scheme applicant","Not main scheme application","5","5"," "
"2023","Asian","All","Scotland","Female","Not main scheme applicant","Not main scheme application","5","5"," "
"2022","Asian","All","Wales","Female","Not main scheme applicant","Not main scheme application","5","0"," "
"2023","Asian","All","Wales","Female","Not main scheme applicant","Not main scheme application","5","0"," "
"2022","Unknown or Prefer Not To Say","All","Scotland","Female","Not main scheme applicant","Not main scheme application","5","5"," "
"2023","Unknown or Prefer Not To Say","All","Scotland","Female","Not main scheme applicant","Not main scheme application","5","5"," "
"2019","White","All","England","Male","Not main scheme applicant","Not main scheme application","5","5"," "
"2020","White","All","England","Male","Not main scheme applicant","Not main scheme application","10","10"," "
"2021","White","All","England","Male","Not main scheme applicant","Not main scheme application","5","5"," "
"2022","White","All","England","Male","Not main scheme applicant","Not main scheme application","10","10","1"
"2023","White","All","England","Male","Not main scheme applicant","Not main scheme application","15","15","1"
"2019","White","All","Scotland","Male","Not main scheme applicant","Not main scheme application","30","25","0.8210000000000001"
"2020","White","All","Scotland","Male","Not main scheme applicant","Not main scheme application","60","50","0.803"
"2021","White","All","Scotland","Male","Not main scheme applicant","Not main scheme application","20","15","0.889"
"2022","White","All","Scotland","Male","Not main scheme applicant","Not main scheme application","30","20","0.679"
"2023","White","All","Scotland","Male","Not main scheme applicant","Not main scheme application","30","30","0.875"
"2022","White","All","Wales","Male","Not main scheme applicant","Not main scheme application","35","30","0.861"
"2023","White","All","Wales","Male","Not main scheme applicant","Not main scheme application","45","40","0.87"
"2021","Black","All","Scotland","Male","Not main scheme applicant","Not main scheme application","5","0"," "
"2022","Asian","All","Scotland","Male","Not main scheme applicant","Not main scheme application","5","0"," "
"2022","Unknown or Prefer Not To Say","All","Scotland","Male","Not main scheme applicant","Not main scheme application","5","0"," "
"2019","White","All","England","Female","Main scheme applicant","Not main scheme application","5","5"," "
"2022","White","All","England","Female","Main scheme applicant","Not main scheme application","5","0"," "
"2019","White","All","Scotland","Female","Main scheme applicant","Not main scheme application","135","70","0.526"
"2020","White","All","Scotland","Female","Main scheme applicant","Not main scheme application","135","45","0.328"
"2021","White","All","Scotland","Female","Main scheme applicant","Not main scheme application","160","55","0.342"
"2022","White","All","Scotland","Female","Main scheme applicant","Not main scheme application","105","60","0.557"
"2023","White","All","Scotland","Female","Main scheme applicant","Not main scheme application","70","45","0.648"
"2022","White","All","Wales","Female","Main scheme applicant","Not main scheme application","15","15","0.875"
"2023","White","All","Wales","Female","Main scheme applicant","Not main scheme application","25","20","0.833"
"2023","Black","All","Scotland","Female","Main scheme applicant","Not main scheme application","5","5"," "
"2019","Asian","All","Scotland","Female","Main scheme applicant","Not main scheme application","10","5"," "
"2020","Asian","All","Scotland","Female","Main scheme applicant","Not main scheme application","10","5"," "
"2021","Asian","All","Scotland","Female","Main scheme applicant","Not main scheme application","10","5"," "
"2022","Asian","All","Scotland","Female","Main scheme applicant","Not main scheme application","10","5"," "
"2023","Asian","All","Scotland","Female","Main scheme applicant","Not main scheme application","10","5"," "
"2023","Asian","All","Wales","Female","Main scheme applicant","Not main scheme application","5","5"," "
"2021","Unknown or Prefer Not To Say","All","Scotland","Female","Main scheme applicant","Not main scheme application","5","0"," "
"2019","White","All","Scotland","Male","Main scheme applicant","Not main scheme application","25","10"," "
"2020","White","All","Scotland","Male","Main scheme applicant","Not main scheme application","55","20","0.352"
"2021","White","All","Scotland","Male","Main scheme applicant","Not main scheme application","60","15","0.23700000000000002"
"2022","White","All","Scotland","Male","Main scheme applicant","Not main scheme application","40","20","0.513"
"2023","White","All","Scotland","Male","Main scheme applicant","Not main scheme application","30","15","0.484"
"2022","White","All","Wales","Male","Main scheme applicant","Not main scheme application","5","5"," "
"2023","White","All","Wales","Male","Main scheme applicant","Not main scheme application","5","5"," "
"2019","Asian","All","Scotland","Male","Main scheme applicant","Not main scheme application","5","0"," "
"2020","Other","All","Scotland","Male","Main scheme applicant","Not main scheme application","5","0"," "
"2020","Unknown or Prefer Not To Say","All","Scotland","Male","Main scheme applicant","Not main scheme application","5","0"," "
"2019","White","All","Northern Ireland","Female","Main scheme applicant","Main scheme application","65","20","0.273"
"2020","White","All","Northern Ireland","Female","Main scheme applicant","Main scheme application","50","15","0.255"
"2021","White","All","Northern Ireland","Female","Main scheme applicant","Main scheme application","65","20","0.323"
"2022","White","All","Northern Ireland","Female","Main scheme applicant","Main scheme application","45","15","0.372"
"2023","White","All","Northern Ireland","Female","Main scheme applicant","Main scheme application","35","5"," "
"2019","White","All","England","Female","Main scheme applicant","Main scheme application","80","30","0.383"
"2020","White","All","England","Female","Main scheme applicant","Main scheme application","80","35","0.439"
"2021","White","All","England","Female","Main scheme applicant","Main scheme application","115","40","0.35000000000000003"
"2022","White","All","England","Female","Main scheme applicant","Main scheme application","145","60","0.404"
"2023","White","All","England","Female","Main scheme applicant","Main scheme application","115","50","0.419"
"2019","White","All","Scotland","Female","Main scheme applicant","Main scheme application","3050","1560","0.511"
"2020","White","All","Scotland","Female","Main scheme applicant","Main scheme application","3225","1700","0.528"
"2021","White","All","Scotland","Female","Main scheme applicant","Main scheme application","3850","1635","0.424"
"2022","White","All","Scotland","Female","Main scheme applicant","Main scheme application","2640","1415","0.537"
"2023","White","All","Scotland","Female","Main scheme applicant","Main scheme application","2105","1195","0.5680000000000001"
"2020","White","All","Wales","Female","Main scheme applicant","Main scheme application","10","0"," "
"2021","White","All","Wales","Female","Main scheme applicant","Main scheme application","5","0"," "
"2022","White","All","Wales","Female","Main scheme applicant","Main scheme application","760","530","0.6970000000000001"
"2023","White","All","Wales","Female","Main scheme applicant","Main scheme application","660","455","0.684"
"2019","Black","All","England","Female","Main scheme applicant","Main scheme application","5","0"," "
"2019","Black","All","Scotland","Female","Main scheme applicant","Main scheme application","20","5"," "
"2020","Black","All","Scotland","Female","Main scheme applicant","Main scheme application","30","5"," "
"2021","Black","All","Scotland","Female","Main scheme applicant","Main scheme application","20","5"," "
"2022","Black","All","Scotland","Female","Main scheme applicant","Main scheme application","10","5"," "
"2023","Black","All","Scotland","Female","Main scheme applicant","Main scheme application","30","5"," "
"2022","Black","All","Wales","Female","Main scheme applicant","Main scheme application","5","0"," "
"2023","Black","All","Wales","Female","Main scheme applicant","Main scheme application","10","5"," "
"2019","Asian","All","England","Female","Main scheme applicant","Main scheme application","10","0"," "
"2021","Asian","All","England","Female","Main scheme applicant","Main scheme application","15","5"," "
"2022","Asian","All","England","Female","Main scheme applicant","Main scheme application","5","0"," "
"2019","Asian","All","Scotland","Female","Main scheme applicant","Main scheme application","125","45","0.34900000000000003"
"2020","Asian","All","Scotland","Female","Main scheme applicant","Main scheme application","120","50","0.397"
"2021","Asian","All","Scotland","Female","Main scheme applicant","Main scheme application","135","50","0.36"
"2022","Asian","All","Scotland","Female","Main scheme applicant","Main scheme application","95","40","0.436"
"2023","Asian","All","Scotland","Female","Main scheme applicant","Main scheme application","95","40","0.406"
"2022","Asian","All","Wales","Female","Main scheme applicant","Main scheme application","20","5"," "
"2023","Asian","All","Wales","Female","Main scheme applicant","Main scheme application","20","10"," "
"2019","Mixed","All","England","Female","Main scheme applicant","Main scheme application","5","0"," "
"2020","Mixed","All","England","Female","Main scheme applicant","Main scheme application","5","0"," "
"2021","Mixed","All","England","Female","Main scheme applicant","Main scheme application","5","5"," "
"2022","Mixed","All","England","Female","Main scheme applicant","Main scheme application","5","0"," "
"2023","Mixed","All","England","Female","Main scheme applicant","Main scheme application","5","5"," "
"2019","Mixed","All","Scotland","Female","Main scheme applicant","Main scheme application","50","20","0.396"
"2020","Mixed","All","Scotland","Female","Main scheme applicant","Main scheme application","45","25","0.522"
"2021","Mixed","All","Scotland","Female","Main scheme applicant","Main scheme application","50","25","0.442"
"2022","Mixed","All","Scotland","Female","Main scheme applicant","Main scheme application","55","30","0.547"
"2023","Mixed","All","Scotland","Female","Main scheme applicant","Main scheme application","40","25","0.595"
"2022","Mixed","All","Wales","Female","Main scheme applicant","Main scheme application","10","10"," "
"2023","Mixed","All","Wales","Female","Main scheme applicant","Main scheme application","10","10"," "
"2019","Other","All","Scotland","Female","Main scheme applicant","Main scheme application","15","5"," "
"2020","Other","All","Scotland","Female","Main scheme applicant","Main scheme application","25","10"," "
"2021","Other","All","Scotland","Female","Main scheme applicant","Main scheme application","25","5"," "
"2022","Other","All","Scotland","Female","Main scheme applicant","Main scheme application","15","5"," "
"2023","Other","All","Scotland","Female","Main scheme applicant","Main scheme application","25","10","0.435"
"2022","Other","All","Wales","Female","Main scheme applicant","Main scheme application","10","5"," "
"2023","Other","All","Wales","Female","Main scheme applicant","Main scheme application","5","5"," "
"2019","Unknown or Prefer Not To Say","All","Scotland","Female","Main scheme applicant","Main scheme application","25","10","0.48"
"2020","Unknown or Prefer Not To Say","All","Scotland","Female","Main scheme applicant","Main scheme application","20","5"," "
"2021","Unknown or Prefer Not To Say","All","Scotland","Female","Main scheme applicant","Main scheme application","35","10","0.333"
"2022","Unknown or Prefer Not To Say","All","Scotland","Female","Main scheme applicant","Main scheme application","15","5"," "
"2023","Unknown or Prefer Not To Say","All","Scotland","Female","Main scheme applicant","Main scheme application","15","5"," "
"2023","Unknown or Prefer Not To Say","All","Wales","Female","Main scheme applicant","Main scheme application","5","5"," "
"2019","White","All","Northern Ireland","Male","Main scheme applicant","Main scheme application","25","5"," "
"2020","White","All","Northern Ireland","Male","Main scheme applicant","Main scheme application","15","0"," "
"2021","White","All","Northern Ireland","Male","Main scheme applicant","Main scheme application","30","10"," "
"2022","White","All","Northern Ireland","Male","Main scheme applicant","Main scheme application","25","10"," "
"2023","White","All","Northern Ireland","Male","Main scheme applicant","Main scheme application","10","0"," "
"2019","White","All","England","Male","Main scheme applicant","Main scheme application","35","10","0.324"
"2020","White","All","England","Male","Main scheme applicant","Main scheme application","35","20","0.514"
"2021","White","All","England","Male","Main scheme applicant","Main scheme application","45","15","0.295"
"2022","White","All","England","Male","Main scheme applicant","Main scheme application","60","25","0.387"
"2023","White","All","England","Male","Main scheme applicant","Main scheme application","55","20","0.357"
"2019","White","All","Scotland","Male","Main scheme applicant","Main scheme application","1240","560","0.453"
"2020","White","All","Scotland","Male","Main scheme applicant","Main scheme application","1265","570","0.449"
"2021","White","All","Scotland","Male","Main scheme applicant","Main scheme application","1525","570","0.372"
"2022","White","All","Scotland","Male","Main scheme applicant","Main scheme application","1130","495","0.441"
"2023","White","All","Scotland","Male","Main scheme applicant","Main scheme application","855","415","0.487"
"2019","White","All","Wales","Male","Main scheme applicant","Main scheme application","5","0"," "
"2020","White","All","Wales","Male","Main scheme applicant","Main scheme application","5","0"," "
"2022","White","All","Wales","Male","Main scheme applicant","Main scheme application","290","190","0.652"
"2023","White","All","Wales","Male","Main scheme applicant","Main scheme application","260","180","0.6970000000000001"
"2019","Black","All","Scotland","Male","Main scheme applicant","Main scheme application","10","0"," "
"2020","Black","All","Scotland","Male","Main scheme applicant","Main scheme application","15","5"," "
"2021","Black","All","Scotland","Male","Main scheme applicant","Main scheme application","15","5"," "
"2022","Black","All","Scotland","Male","Main scheme applicant","Main scheme application","15","5"," "
"2023","Black","All","Scotland","Male","Main scheme applicant","Main scheme application","5","0"," "
"2019","Asian","All","England","Male","Main scheme applicant","Main scheme application","5","5"," "
"2020","Asian","All","England","Male","Main scheme applicant","Main scheme application","5","0"," "
"2023","Asian","All","England","Male","Main scheme applicant","Main scheme application","5","0"," "
"2019","Asian","All","Scotland","Male","Main scheme applicant","Main scheme application","40","15","0.368"
"2020","Asian","All","Scotland","Male","Main scheme applicant","Main scheme application","20","15","0.591"
"2021","Asian","All","Scotland","Male","Main scheme applicant","Main scheme application","25","10"," "
"2022","Asian","All","Scotland","Male","Main scheme applicant","Main scheme application","20","5"," "
"2023","Asian","All","Scotland","Male","Main scheme applicant","Main scheme application","20","10"," "
"2022","Asian","All","Wales","Male","Main scheme applicant","Main scheme application","5","5"," "
"2023","Asian","All","Wales","Male","Main scheme applicant","Main scheme application","10","5"," "
"2022","Mixed","All","England","Male","Main scheme applicant","Main scheme application","5","0"," "
"2023","Mixed","All","England","Male","Main scheme applicant","Main scheme application","5","0"," "
"2019","Mixed","All","Scotland","Male","Main scheme applicant","Main scheme application","15","5"," "
"2020","Mixed","All","Scotland","Male","Main scheme applicant","Main scheme application","20","5"," "
"2021","Mixed","All","Scotland","Male","Main scheme applicant","Main scheme application","20","5"," "
"2022","Mixed","All","Scotland","Male","Main scheme applicant","Main scheme application","20","5"," "
"2023","Mixed","All","Scotland","Male","Main scheme applicant","Main scheme application","30","15","0.483"
"2022","Mixed","All","Wales","Male","Main scheme applicant","Main scheme application","10","5"," "
"2023","Mixed","All","Wales","Male","Main scheme applicant","Main scheme application","5","0"," "
"2019","Other","All","Scotland","Male","Main scheme applicant","Main scheme application","5","0"," "
"2020","Other","All","Scotland","Male","Main scheme applicant","Main scheme application","10","5"," "
"2021","Other","All","Scotland","Male","Main scheme applicant","Main scheme application","10","0"," "
"2022","Other","All","Scotland","Male","Main scheme applicant","Main scheme application","10","0"," "
"2023","Other","All","Scotland","Male","Main scheme applicant","Main scheme application","5","0"," "
"2023","Other","All","Wales","Male","Main scheme applicant","Main scheme application","5","5"," "
"2019","Unknown or Prefer Not To Say","All","Scotland","Male","Main scheme applicant","Main scheme application","20","10"," "
"2020","Unknown or Prefer Not To Say","All","Scotland","Male","Main scheme applicant","Main scheme application","25","10"," "
"2021","Unknown or Prefer Not To Say","All","Scotland","Male","Main scheme applicant","Main scheme application","35","15","0.429"
"2022","Unknown or Prefer Not To Say","All","Scotland","Male","Main scheme applicant","Main scheme application","25","15","0.5"
"2023","Unknown or Prefer Not To Say","All","Scotland","Male","Main scheme applicant","Main scheme application","25","10","0.48"
"2022","Unknown or Prefer Not To Say","All","Wales","Male","Main scheme applicant","Main scheme application","5","5"," "
"2023","Unknown or Prefer Not To Say","All","Wales","Male","Main scheme applicant","Main scheme application","5","0"," "
"2019","All","All","England","Female","Not main scheme applicant","Not main scheme application","10","10","1"
"2020","All","All","England","Female","Not main scheme applicant","Not main scheme application","25","25","0.926"
"2021","All","All","England","Female","Not main scheme applicant","Not main scheme application","15","15","0.8130000000000001"
"2022","All","All","England","Female","Not main scheme applicant","Not main scheme application","15","10","0.733"
"2023","All","All","England","Female","Not main scheme applicant","Not main scheme application","20","20","1"
"2019","All","All","Scotland","Female","Not main scheme applicant","Not main scheme application","55","35","0.667"
"2020","All","All","Scotland","Female","Not main scheme applicant","Not main scheme application","80","55","0.705"
"2021","All","All","Scotland","Female","Not main scheme applicant","Not main scheme application","45","30","0.6980000000000001"
"2022","All","All","Scotland","Female","Not main scheme applicant","Not main scheme application","55","40","0.732"
"2023","All","All","Scotland","Female","Not main scheme applicant","Not main scheme application","70","55","0.779"
"2022","All","All","Wales","Female","Not main scheme applicant","Not main scheme application","70","55","0.786"
"2023","All","All","Wales","Female","Not main scheme applicant","Not main scheme application","65","50","0.794"
"2019","All","All","England","Male","Not main scheme applicant","Not main scheme application","5","5"," "
"2020","All","All","England","Male","Not main scheme applicant","Not main scheme application","15","10","0.846"
"2021","All","All","England","Male","Not main scheme applicant","Not main scheme application","5","5"," "
"2022","All","All","England","Male","Not main scheme applicant","Not main scheme application","10","10","0.909"
"2023","All","All","England","Male","Not main scheme applicant","Not main scheme application","15","15","0.9410000000000001"
"2019","All","All","Scotland","Male","Not main scheme applicant","Not main scheme application","30","25","0.839"
"2020","All","All","Scotland","Male","Not main scheme applicant","Not main scheme application","65","55","0.8180000000000001"
"2021","All","All","Scotland","Male","Not main scheme applicant","Not main scheme application","20","20","0.8180000000000001"
"2022","All","All","Scotland","Male","Not main scheme applicant","Not main scheme application","40","25","0.658"
"2023","All","All","Scotland","Male","Not main scheme applicant","Not main scheme application","40","30","0.842"
"2022","All","All","Wales","Male","Not main scheme applicant","Not main scheme application","40","35","0.85"
"2023","All","All","Wales","Male","Not main scheme applicant","Not main scheme application","50","45","0.843"
"2019","All","All","England","Female","Main scheme applicant","Not main scheme application","5","5"," "
"2022","All","All","England","Female","Main scheme applicant","Not main scheme application","5","0"," "
"2019","All","All","Scotland","Female","Main scheme applicant","Not main scheme application","150","80","0.53"
"2020","All","All","Scotland","Female","Main scheme applicant","Not main scheme application","150","50","0.34700000000000003"
"2021","All","All","Scotland","Female","Main scheme applicant","Not main scheme application","175","65","0.364"
"2022","All","All","Scotland","Female","Main scheme applicant","Not main scheme application","120","65","0.554"
"2023","All","All","Scotland","Female","Main scheme applicant","Not main scheme application","85","55","0.655"
"2022","All","All","Wales","Female","Main scheme applicant","Not main scheme application","15","15","0.882"
"2023","All","All","Wales","Female","Main scheme applicant","Not main scheme application","25","25","0.852"
"2019","All","All","Scotland","Male","Main scheme applicant","Not main scheme application","30","10","0.34400000000000003"
"2020","All","All","Scotland","Male","Main scheme applicant","Not main scheme application","60","20","0.323"
"2021","All","All","Scotland","Male","Main scheme applicant","Not main scheme application","70","20","0.279"
"2022","All","All","Scotland","Male","Main scheme applicant","Not main scheme application","40","20","0.512"
"2023","All","All","Scotland","Male","Main scheme applicant","Not main scheme application","35","15","0.455"
"2022","All","All","Wales","Male","Main scheme applicant","Not main scheme application","5","5"," "
"2023","All","All","Wales","Male","Main scheme applicant","Not main scheme application","10","10"," "
"2019","All","All","Northern Ireland","Female","Main scheme applicant","Main scheme application","65","20","0.273"
"2020","All","All","Northern Ireland","Female","Main scheme applicant","Main scheme application","50","15","0.255"
"2021","All","All","Northern Ireland","Female","Main scheme applicant","Main scheme application","65","20","0.323"
"2022","All","All","Northern Ireland","Female","Main scheme applicant","Main scheme application","45","15","0.386"
"2023","All","All","Northern Ireland","Female","Main scheme applicant","Main scheme application","35","5"," "
"2019","All","All","England","Female","Main scheme applicant","Main scheme application","100","35","0.364"
"2020","All","All","England","Female","Main scheme applicant","Main scheme application","95","40","0.426"
"2021","All","All","England","Female","Main scheme applicant","Main scheme application","135","50","0.353"
"2022","All","All","England","Female","Main scheme applicant","Main scheme application","155","60","0.397"
"2023","All","All","England","Female","Main scheme applicant","Main scheme application","125","55","0.421"
"2019","All","All","Scotland","Female","Main scheme applicant","Main scheme application","3285","1645","0.5"
"2020","All","All","Scotland","Female","Main scheme applicant","Main scheme application","3460","1795","0.519"
"2021","All","All","Scotland","Female","Main scheme applicant","Main scheme application","4120","1730","0.42"
"2022","All","All","Scotland","Female","Main scheme applicant","Main scheme application","2830","1505","0.532"
"2023","All","All","Scotland","Female","Main scheme applicant","Main scheme application","2310","1280","0.555"
"2019","All","All","Wales","Female","Main scheme applicant","Main scheme application","5","0"," "
"2020","All","All","Wales","Female","Main scheme applicant","Main scheme application","10","0"," "
"2021","All","All","Wales","Female","Main scheme applicant","Main scheme application","5","0"," "
"2022","All","All","Wales","Female","Main scheme applicant","Main scheme application","810","550","0.682"
"2023","All","All","Wales","Female","Main scheme applicant","Main scheme application","715","480","0.674"
"2019","All","All","Northern Ireland","Male","Main scheme applicant","Main scheme application","25","5"," "
"2020","All","All","Northern Ireland","Male","Main scheme applicant","Main scheme application","20","0"," "
"2021","All","All","Northern Ireland","Male","Main scheme applicant","Main scheme application","30","10"," "
"2022","All","All","Northern Ireland","Male","Main scheme applicant","Main scheme application","25","10"," "
"2023","All","All","Northern Ireland","Male","Main scheme applicant","Main scheme application","10","0"," "
"2019","All","All","England","Male","Main scheme applicant","Main scheme application","40","15","0.333"
"2020","All","All","England","Male","Main scheme applicant","Main scheme application","45","20","0.488"
"2021","All","All","England","Male","Main scheme applicant","Main scheme application","50","15","0.28"
"2022","All","All","England","Male","Main scheme applicant","Main scheme application","70","25","0.362"
"2023","All","All","England","Male","Main scheme applicant","Main scheme application","65","25","0.385"
"2019","All","All","Scotland","Male","Main scheme applicant","Main scheme application","1330","590","0.443"
"2020","All","All","Scotland","Male","Main scheme applicant","Main scheme application","1355","600","0.445"
"2021","All","All","Scotland","Male","Main scheme applicant","Main scheme application","1635","605","0.37"
"2022","All","All","Scotland","Male","Main scheme applicant","Main scheme application","1215","525","0.433"
"2023","All","All","Scotland","Male","Main scheme applicant","Main scheme application","935","450","0.483"
"2019","All","All","Wales","Male","Main scheme applicant","Main scheme application","5","0"," "
"2020","All","All","Wales","Male","Main scheme applicant","Main scheme application","5","0"," "
"2022","All","All","Wales","Male","Main scheme applicant","Main scheme application","310","205","0.66"
"2023","All","All","Wales","Male","Main scheme applicant","Main scheme application","285","195","0.678"
"2019","White","21 - 24","All","Female","Not main scheme applicant","Not main scheme application","15","15","0.8130000000000001"
"2020","White","21 - 24","All","Female","Not main scheme applicant","Not main scheme application","25","15","0.739"
"2021","White","21 - 24","All","Female","Not main scheme applicant","Not main scheme application","15","10","0.647"
"2022","White","21 - 24","All","Female","Not main scheme applicant","Not main scheme application","45","30","0.727"
"2023","White","21 - 24","All","Female","Not main scheme applicant","Not main scheme application","55","45","0.807"
"2022","Asian","21 - 24","All","Female","Not main scheme applicant","Not main scheme application","5","0"," "
"2023","Asian","21 - 24","All","Female","Not main scheme applicant","Not main scheme application","5","5"," "
"2019","White","25 - 29","All","Female","Not main scheme applicant","Not main scheme application","20","15","0.81"
"2020","White","25 - 29","All","Female","Not main scheme applicant","Not main scheme application","30","25","0.833"
"2021","White","25 - 29","All","Female","Not main scheme applicant","Not main scheme application","10","5"," "
"2022","White","25 - 29","All","Female","Not main scheme applicant","Not main scheme application","35","25","0.722"
"2023","White","25 - 29","All","Female","Not main scheme applicant","Not main scheme application","30","25","0.867"
"2019","White","30 - 34","All","Female","Not main scheme applicant","Not main scheme application","5","5"," "
"2020","White","30 - 34","All","Female","Not main scheme applicant","Not main scheme application","10","10"," "
"2021","White","30 - 34","All","Female","Not main scheme applicant","Not main scheme application","5","5"," "
"2022","White","30 - 34","All","Female","Not main scheme applicant","Not main scheme application","15","10","0.769"
"2023","White","30 - 34","All","Female","Not main scheme applicant","Not main scheme application","10","10","0.917"
"2019","White","35 and over","All","Female","Not main scheme applicant","Not main scheme application","15","10","0.714"
"2020","White","35 and over","All","Female","Not main scheme applicant","Not main scheme application","25","20","0.6920000000000001"
"2021","White","35 and over","All","Female","Not main scheme applicant","Not main scheme application","20","15","0.8"
"2022","White","35 and over","All","Female","Not main scheme applicant","Not main scheme application","30","20","0.75"
"2023","White","35 and over","All","Female","Not main scheme applicant","Not main scheme application","35","25","0.758"
"2019","Asian","35 and over","All","Female","Not main scheme applicant","Not main scheme application","5","0"," "
"2020","Asian","35 and over","All","Female","Not main scheme applicant","Not main scheme application","5","5"," "
"2022","Asian","35 and over","All","Female","Not main scheme applicant","Not main scheme application","5","0"," "
"2019","Other","35 and over","All","Female","Not main scheme applicant","Not main scheme application","5","0"," "
"2019","White","21 - 24","All","Male","Not main scheme applicant","Not main scheme application","10","10"," "
"2020","White","21 - 24","All","Male","Not main scheme applicant","Not main scheme application","20","15","0.833"
"2021","White","21 - 24","All","Male","Not main scheme applicant","Not main scheme application","10","5"," "
"2022","White","21 - 24","All","Male","Not main scheme applicant","Not main scheme application","35","30","0.865"
"2023","White","21 - 24","All","Male","Not main scheme applicant","Not main scheme application","35","30","0.861"
"2019","White","25 - 29","All","Male","Not main scheme applicant","Not main scheme application","10","10","0.917"
"2020","White","25 - 29","All","Male","Not main scheme applicant","Not main scheme application","30","25","0.8210000000000001"
"2021","White","25 - 29","All","Male","Not main scheme applicant","Not main scheme application","5","5"," "
"2022","White","25 - 29","All","Male","Not main scheme applicant","Not main scheme application","20","15","0.789"
"2023","White","25 - 29","All","Male","Not main scheme applicant","Not main scheme application","20","15","0.842"
"2023","Other","25 - 29","All","Male","Not main scheme applicant","Not main scheme application","5","0"," "
"2019","White","30 - 34","All","Male","Not main scheme applicant","Not main scheme application","5","5"," "
"2020","White","30 - 34","All","Male","Not main scheme applicant","Not main scheme application","5","5"," "
"2022","White","30 - 34","All","Male","Not main scheme applicant","Not main scheme application","5","0"," "
"2023","White","30 - 34","All","Male","Not main scheme applicant","Not main scheme application","10","10","0.833"
"2019","White","35 and over","All","Male","Not main scheme applicant","Not main scheme application","10","5"," "
"2020","White","35 and over","All","Male","Not main scheme applicant","Not main scheme application","20","15","0.778"
"2021","White","35 and over","All","Male","Not main scheme applicant","Not main scheme application","5","5"," "
"2022","White","35 and over","All","Male","Not main scheme applicant","Not main scheme application","15","10","0.857"
"2023","White","35 and over","All","Male","Not main scheme applicant","Not main scheme application","25","25","1"
"2021","Black","35 and over","All","Male","Not main scheme applicant","Not main scheme application","5","0"," "
"2021","White","18","All","Female","Main scheme applicant","Not main scheme application","5","0"," "
"2019","White","21 - 24","All","Female","Main scheme applicant","Not main scheme application","60","30","0.492"
"2020","White","21 - 24","All","Female","Main scheme applicant","Not main scheme application","55","10"," "
"2021","White","21 - 24","All","Female","Main scheme applicant","Not main scheme application","85","25","0.325"
"2022","White","21 - 24","All","Female","Main scheme applicant","Not main scheme application","60","40","0.629"
"2023","White","21 - 24","All","Female","Main scheme applicant","Not main scheme application","50","35","0.6920000000000001"
"2019","Asian","21 - 24","All","Female","Main scheme applicant","Not main scheme application","5","0"," "
"2021","Asian","21 - 24","All","Female","Main scheme applicant","Not main scheme application","5","0"," "
"2022","Asian","21 - 24","All","Female","Main scheme applicant","Not main scheme application","5","0"," "
"2019","White","25 - 29","All","Female","Main scheme applicant","Not main scheme application","40","20","0.5"
"2020","White","25 - 29","All","Female","Main scheme applicant","Not main scheme application","45","20","0.419"
"2021","White","25 - 29","All","Female","Main scheme applicant","Not main scheme application","50","15","0.3"
"2022","White","25 - 29","All","Female","Main scheme applicant","Not main scheme application","25","15","0.6"
"2023","White","25 - 29","All","Female","Main scheme applicant","Not main scheme application","25","20","0.778"
"2020","Asian","25 - 29","All","Female","Main scheme applicant","Not main scheme application","5","5"," "
"2022","Asian","25 - 29","All","Female","Main scheme applicant","Not main scheme application","5","0"," "
"2019","White","30 - 34","All","Female","Main scheme applicant","Not main scheme application","10","5"," "
"2020","White","30 - 34","All","Female","Main scheme applicant","Not main scheme application","15","5"," "
"2021","White","30 - 34","All","Female","Main scheme applicant","Not main scheme application","15","5"," "
"2022","White","30 - 34","All","Female","Main scheme applicant","Not main scheme application","10","5"," "
"2023","White","30 - 34","All","Female","Main scheme applicant","Not main scheme application","10","5"," "
"2019","Asian","30 - 34","All","Female","Main scheme applicant","Not main scheme application","5","0"," "
"2021","Asian","30 - 34","All","Female","Main scheme applicant","Not main scheme application","5","0"," "
"2019","White","35 and over","All","Female","Main scheme applicant","Not main scheme application","30","20","0.633"
"2020","White","35 and over","All","Female","Main scheme applicant","Not main scheme application","25","15","0.5"
"2021","White","35 and over","All","Female","Main scheme applicant","Not main scheme application","10","10"," "
"2022","White","35 and over","All","Female","Main scheme applicant","Not main scheme application","25","15","0.577"
"2023","White","35 and over","All","Female","Main scheme applicant","Not main scheme application","10","5"," "
"2019","Asian","35 and over","All","Female","Main scheme applicant","Not main scheme application","5","0"," "
"2021","Asian","35 and over","All","Female","Main scheme applicant","Not main scheme application","5","0"," "
"2023","Asian","35 and over","All","Female","Main scheme applicant","Not main scheme application","5","5"," "
"2019","White","21 - 24","All","Male","Main scheme applicant","Not main scheme application","10","0"," "
"2020","White","21 - 24","All","Male","Main scheme applicant","Not main scheme application","25","10","0.458"
"2021","White","21 - 24","All","Male","Main scheme applicant","Not main scheme application","25","5"," "
"2022","White","21 - 24","All","Male","Main scheme applicant","Not main scheme application","20","15","0.636"
"2023","White","21 - 24","All","Male","Main scheme applicant","Not main scheme application","20","10","0.6"
"2019","White","25 - 29","All","Male","Main scheme applicant","Not main scheme application","10","5"," "
"2020","White","25 - 29","All","Male","Main scheme applicant","Not main scheme application","15","5"," "
"2021","White","25 - 29","All","Male","Main scheme applicant","Not main scheme application","20","5"," "
"2022","White","25 - 29","All","Male","Main scheme applicant","Not main scheme application","10","5"," "
"2023","White","25 - 29","All","Male","Main scheme applicant","Not main scheme application","10","5"," "
"2021","Mixed","25 - 29","All","Male","Main scheme applicant","Not main scheme application","5","0"," "
"2020","White","30 - 34","All","Male","Main scheme applicant","Not main scheme application","5","0"," "
"2021","White","30 - 34","All","Male","Main scheme applicant","Not main scheme application","10","0"," "
"2022","White","30 - 34","All","Male","Main scheme applicant","Not main scheme application","10","5"," "
"2023","White","30 - 34","All","Male","Main scheme applicant","Not main scheme application","5","5"," "
"2019","White","35 and over","All","Male","Main scheme applicant","Not main scheme application","5","5"," "
"2020","White","35 and over","All","Male","Main scheme applicant","Not main scheme application","10","5"," "
"2021","White","35 and over","All","Male","Main scheme applicant","Not main scheme application","10","5"," "
"2022","White","35 and over","All","Male","Main scheme applicant","Not main scheme application","5","0"," "
"2023","White","35 and over","All","Male","Main scheme applicant","Not main scheme application","5","5"," "
"2019","Asian","35 and over","All","Male","Main scheme applicant","Not main scheme application","5","0"," "
"2019","White","18","All","Female","Main scheme applicant","Main scheme application","10","0"," "
"2020","White","18","All","Female","Main scheme applicant","Main scheme application","30","0"," "
"2021","White","18","All","Female","Main scheme applicant","Main scheme application","15","0"," "
"2022","White","18","All","Female","Main scheme applicant","Main scheme application","35","0"," "
"2023","White","18","All","Female","Main scheme applicant","Main scheme application","25","0"," "
"2019","White","19","All","Female","Main scheme applicant","Main scheme application","5","0"," "
"2021","White","19","All","Female","Main scheme applicant","Main scheme application","5","0"," "
"2022","White","19","All","Female","Main scheme applicant","Main scheme application","10","0"," "
"2023","White","19","All","Female","Main scheme applicant","Main scheme application","5","0"," "
"2019","White","20","All","Female","Main scheme applicant","Main scheme application","5","0"," "
"2020","White","20","All","Female","Main scheme applicant","Main scheme application","5","0"," "
"2021","White","20","All","Female","Main scheme applicant","Main scheme application","15","0"," "
"2022","White","20","All","Female","Main scheme applicant","Main scheme application","10","0"," "
"2023","White","20","All","Female","Main scheme applicant","Main scheme application","5","0"," "
"2019","White","21 - 24","All","Female","Main scheme applicant","Main scheme application","1175","625","0.531"
"2020","White","21 - 24","All","Female","Main scheme applicant","Main scheme application","1285","690","0.536"
"2021","White","21 - 24","All","Female","Main scheme applicant","Main scheme application","1610","680","0.424"
"2022","White","21 - 24","All","Female","Main scheme applicant","Main scheme application","1650","975","0.59"
"2023","White","21 - 24","All","Female","Main scheme applicant","Main scheme application","1435","855","0.596"
"2019","Black","21 - 24","All","Female","Main scheme applicant","Main scheme application","5","0"," "
"2021","Black","21 - 24","All","Female","Main scheme applicant","Main scheme application","5","0"," "
"2022","Black","21 - 24","All","Female","Main scheme applicant","Main scheme application","5","5"," "
"2023","Black","21 - 24","All","Female","Main scheme applicant","Main scheme application","15","5"," "
"2019","Asian","21 - 24","All","Female","Main scheme applicant","Main scheme application","40","15","0.39"
"2020","Asian","21 - 24","All","Female","Main scheme applicant","Main scheme application","35","20","0.5680000000000001"
"2021","Asian","21 - 24","All","Female","Main scheme applicant","Main scheme application","50","15","0.333"
"2022","Asian","21 - 24","All","Female","Main scheme applicant","Main scheme application","45","25","0.5"
"2023","Asian","21 - 24","All","Female","Main scheme applicant","Main scheme application","35","25","0.649"
"2019","Mixed","21 - 24","All","Female","Main scheme applicant","Main scheme application","15","5"," "
"2020","Mixed","21 - 24","All","Female","Main scheme applicant","Main scheme application","15","5"," "
"2021","Mixed","21 - 24","All","Female","Main scheme applicant","Main scheme application","15","10"," "
"2022","Mixed","21 - 24","All","Female","Main scheme applicant","Main scheme application","30","20","0.621"
"2023","Mixed","21 - 24","All","Female","Main scheme applicant","Main scheme application","25","15","0.68"
"2020","Other","21 - 24","All","Female","Main scheme applicant","Main scheme application","5","0"," "
"2022","Other","21 - 24","All","Female","Main scheme applicant","Main scheme application","5","5"," "
"2023","Other","21 - 24","All","Female","Main scheme applicant","Main scheme application","5","5"," "
"2019","Unknown or Prefer Not To Say","21 - 24","All","Female","Main scheme applicant","Main scheme application","5","0"," "
"2021","Unknown or Prefer Not To Say","21 - 24","All","Female","Main scheme applicant","Main scheme application","10","0"," "
"2022","Unknown or Prefer Not To Say","21 - 24","All","Female","Main scheme applicant","Main scheme application","5","5"," "
"2019","White","25 - 29","All","Female","Main scheme applicant","Main scheme application","935","510","0.542"
"2020","White","25 - 29","All","Female","Main scheme applicant","Main scheme application","870","470","0.54"
"2021","White","25 - 29","All","Female","Main scheme applicant","Main scheme application","1135","530","0.467"
"2022","White","25 - 29","All","Female","Main scheme applicant","Main scheme application","910","510","0.5630000000000001"
"2023","White","25 - 29","All","Female","Main scheme applicant","Main scheme application","670","385","0.5750000000000001"
"2019","Black","25 - 29","All","Female","Main scheme applicant","Main scheme application","5","0"," "
"2020","Black","25 - 29","All","Female","Main scheme applicant","Main scheme application","5","0"," "
"2021","Black","25 - 29","All","Female","Main scheme applicant","Main scheme application","5","5"," "
"2022","Black","25 - 29","All","Female","Main scheme applicant","Main scheme application","5","0"," "
"2023","Black","25 - 29","All","Female","Main scheme applicant","Main scheme application","5","0"," "
"2019","Asian","25 - 29","All","Female","Main scheme applicant","Main scheme application","20","10"," "
"2020","Asian","25 - 29","All","Female","Main scheme applicant","Main scheme application","25","10"," "
"2021","Asian","25 - 29","All","Female","Main scheme applicant","Main scheme application","30","10"," "
"2022","Asian","25 - 29","All","Female","Main scheme applicant","Main scheme application","25","10","0.417"
"2023","Asian","25 - 29","All","Female","Main scheme applicant","Main scheme application","25","10","0.5"
"2019","Mixed","25 - 29","All","Female","Main scheme applicant","Main scheme application","20","10"," "
"2020","Mixed","25 - 29","All","Female","Main scheme applicant","Main scheme application","15","10","0.588"
"2021","Mixed","25 - 29","All","Female","Main scheme applicant","Main scheme application","15","5"," "
"2022","Mixed","25 - 29","All","Female","Main scheme applicant","Main scheme application","20","10","0.611"
"2023","Mixed","25 - 29","All","Female","Main scheme applicant","Main scheme application","20","10"," "
"2019","Other","25 - 29","All","Female","Main scheme applicant","Main scheme application","5","0"," "
"2020","Other","25 - 29","All","Female","Main scheme applicant","Main scheme application","5","0"," "
"2021","Other","25 - 29","All","Female","Main scheme applicant","Main scheme application","5","0"," "
"2022","Other","25 - 29","All","Female","Main scheme applicant","Main scheme application","5","0"," "
"2023","Other","25 - 29","All","Female","Main scheme applicant","Main scheme application","5","5"," "
"2019","Unknown or Prefer Not To Say","25 - 29","All","Female","Main scheme applicant","Main scheme application","5","5"," "
"2020","Unknown or Prefer Not To Say","25 - 29","All","Female","Main scheme applicant","Main scheme application","10","5"," "
"2021","Unknown or Prefer Not To Say","25 - 29","All","Female","Main scheme applicant","Main scheme application","10","0"," "
"2022","Unknown or Prefer Not To Say","25 - 29","All","Female","Main scheme applicant","Main scheme application","5","5"," "
"2019","White","30 - 34","All","Female","Main scheme applicant","Main scheme application","385","180","0.463"
"2020","White","30 - 34","All","Female","Main scheme applicant","Main scheme application","420","230","0.548"
"2021","White","30 - 34","All","Female","Main scheme applicant","Main scheme application","460","175","0.376"
"2022","White","30 - 34","All","Female","Main scheme applicant","Main scheme application","360","210","0.581"
"2023","White","30 - 34","All","Female","Main scheme applicant","Main scheme application","285","175","0.611"
"2019","Black","30 - 34","All","Female","Main scheme applicant","Main scheme application","5","0"," "
"2022","Black","30 - 34","All","Female","Main scheme applicant","Main scheme application","5","0"," "
"2023","Black","30 - 34","All","Female","Main scheme applicant","Main scheme application","5","0"," "
"2019","Asian","30 - 34","All","Female","Main scheme applicant","Main scheme application","20","5"," "
"2020","Asian","30 - 34","All","Female","Main scheme applicant","Main scheme application","10","5"," "
"2021","Asian","30 - 34","All","Female","Main scheme applicant","Main scheme application","20","5"," "
"2022","Asian","30 - 34","All","Female","Main scheme applicant","Main scheme application","10","5"," "
"2023","Asian","30 - 34","All","Female","Main scheme applicant","Main scheme application","15","5"," "
"2019","Mixed","30 - 34","All","Female","Main scheme applicant","Main scheme application","5","0"," "
"2020","Mixed","30 - 34","All","Female","Main scheme applicant","Main scheme application","5","5"," "
"2021","Mixed","30 - 34","All","Female","Main scheme applicant","Main scheme application","10","5"," "
"2022","Mixed","30 - 34","All","Female","Main scheme applicant","Main scheme application","5","5"," "
"2023","Mixed","30 - 34","All","Female","Main scheme applicant","Main scheme application","5","0"," "
"2020","Other","30 - 34","All","Female","Main scheme applicant","Main scheme application","5","0"," "
"2021","Other","30 - 34","All","Female","Main scheme applicant","Main scheme application","5","5"," "
"2022","Other","30 - 34","All","Female","Main scheme applicant","Main scheme application","5","0"," "
"2023","Other","30 - 34","All","Female","Main scheme applicant","Main scheme application","5","0"," "
"2019","Unknown or Prefer Not To Say","30 - 34","All","Female","Main scheme applicant","Main scheme application","10","0"," "
"2020","Unknown or Prefer Not To Say","30 - 34","All","Female","Main scheme applicant","Main scheme application","5","0"," "
"2021","Unknown or Prefer Not To Say","30 - 34","All","Female","Main scheme applicant","Main scheme application","5","5"," "
"2023","Unknown or Prefer Not To Say","30 - 34","All","Female","Main scheme applicant","Main scheme application","5","0"," "
"2019","White","35 and over","All","Female","Main scheme applicant","Main scheme application","680","300","0.437"
"2020","White","35 and over","All","Female","Main scheme applicant","Main scheme application","755","360","0.47900000000000004"
"2021","White","35 and over","All","Female","Main scheme applicant","Main scheme application","795","310","0.392"
"2022","White","35 and over","All","Female","Main scheme applicant","Main scheme application","620","330","0.53"
"2023","White","35 and over","All","Female","Main scheme applicant","Main scheme application","495","290","0.584"
"2019","Black","35 and over","All","Female","Main scheme applicant","Main scheme application","10","5"," "
"2020","Black","35 and over","All","Female","Main scheme applicant","Main scheme application","20","5"," "
"2021","Black","35 and over","All","Female","Main scheme applicant","Main scheme application","10","0"," "
"2022","Black","35 and over","All","Female","Main scheme applicant","Main scheme application","10","0"," "
"2023","Black","35 and over","All","Female","Main scheme applicant","Main scheme application","20","5"," "
"2019","Asian","35 and over","All","Female","Main scheme applicant","Main scheme application","50","15","0.314"
"2020","Asian","35 and over","All","Female","Main scheme applicant","Main scheme application","45","15","0.277"
"2021","Asian","35 and over","All","Female","Main scheme applicant","Main scheme application","50","20","0.458"
"2022","Asian","35 and over","All","Female","Main scheme applicant","Main scheme application","35","10","0.343"
"2023","Asian","35 and over","All","Female","Main scheme applicant","Main scheme application","40","10","0.244"
"2019","Mixed","35 and over","All","Female","Main scheme applicant","Main scheme application","15","5"," "
"2020","Mixed","35 and over","All","Female","Main scheme applicant","Main scheme application","15","5"," "
"2021","Mixed","35 and over","All","Female","Main scheme applicant","Main scheme application","15","5"," "
"2022","Mixed","35 and over","All","Female","Main scheme applicant","Main scheme application","15","5"," "
"2023","Mixed","35 and over","All","Female","Main scheme applicant","Main scheme application","10","10"," "
"2019","Other","35 and over","All","Female","Main scheme applicant","Main scheme application","15","0"," "
"2020","Other","35 and over","All","Female","Main scheme applicant","Main scheme application","10","5"," "
"2021","Other","35 and over","All","Female","Main scheme applicant","Main scheme application","10","0"," "
"2022","Other","35 and over","All","Female","Main scheme applicant","Main scheme application","10","5"," "
"2023","Other","35 and over","All","Female","Main scheme applicant","Main scheme application","15","5"," "
"2019","Unknown or Prefer Not To Say","35 and over","All","Female","Main scheme applicant","Main scheme application","10","5"," "
"2020","Unknown or Prefer Not To Say","35 and over","All","Female","Main scheme applicant","Main scheme application","5","0"," "
"2021","Unknown or Prefer Not To Say","35 and over","All","Female","Main scheme applicant","Main scheme application","15","5"," "
"2022","Unknown or Prefer Not To Say","35 and over","All","Female","Main scheme applicant","Main scheme application","10","0"," "
"2023","Unknown or Prefer Not To Say","35 and over","All","Female","Main scheme applicant","Main scheme application","10","5"," "
"2019","White","18","All","Male","Main scheme applicant","Main scheme application","5","0"," "
"2020","White","18","All","Male","Main scheme applicant","Main scheme application","5","0"," "
"2021","White","18","All","Male","Main scheme applicant","Main scheme application","5","0"," "
"2022","White","18","All","Male","Main scheme applicant","Main scheme application","10","0"," "
"2023","White","18","All","Male","Main scheme applicant","Main scheme application","10","0"," "
"2023","White","19","All","Male","Main scheme applicant","Main scheme application","5","0"," "
"2021","White","20","All","Male","Main scheme applicant","Main scheme application","5","0"," "
"2022","White","20","All","Male","Main scheme applicant","Main scheme application","5","0"," "
"2023","White","20","All","Male","Main scheme applicant","Main scheme application","10","0"," "
"2019","White","21 - 24","All","Male","Main scheme applicant","Main scheme application","445","185","0.417"
"2020","White","21 - 24","All","Male","Main scheme applicant","Main scheme application","410","175","0.426"
"2021","White","21 - 24","All","Male","Main scheme applicant","Main scheme application","545","195","0.36"
"2022","White","21 - 24","All","Male","Main scheme applicant","Main scheme application","595","265","0.441"
"2023","White","21 - 24","All","Male","Main scheme applicant","Main scheme application","500","275","0.554"
"2022","Black","21 - 24","All","Male","Main scheme applicant","Main scheme application","5","0"," "
"2019","Asian","21 - 24","All","Male","Main scheme applicant","Main scheme application","10","5"," "
"2020","Asian","21 - 24","All","Male","Main scheme applicant","Main scheme application","10","5"," "
"2021","Asian","21 - 24","All","Male","Main scheme applicant","Main scheme application","10","5"," "
"2022","Asian","21 - 24","All","Male","Main scheme applicant","Main scheme application","5","0"," "
"2023","Asian","21 - 24","All","Male","Main scheme applicant","Main scheme application","10","10"," "
"2019","Mixed","21 - 24","All","Male","Main scheme applicant","Main scheme application","5","0"," "
"2020","Mixed","21 - 24","All","Male","Main scheme applicant","Main scheme application","5","0"," "
"2021","Mixed","21 - 24","All","Male","Main scheme applicant","Main scheme application","10","5"," "
"2022","Mixed","21 - 24","All","Male","Main scheme applicant","Main scheme application","10","5"," "
"2023","Mixed","21 - 24","All","Male","Main scheme applicant","Main scheme application","10","5"," "
"2020","Unknown or Prefer Not To Say","21 - 24","All","Male","Main scheme applicant","Main scheme application","5","0"," "
"2021","Unknown or Prefer Not To Say","21 - 24","All","Male","Main scheme applicant","Main scheme application","5","0"," "
"2022","Unknown or Prefer Not To Say","21 - 24","All","Male","Main scheme applicant","Main scheme application","5","5"," "
"2023","Unknown or Prefer Not To Say","21 - 24","All","Male","Main scheme applicant","Main scheme application","5","5"," "
"2019","White","25 - 29","All","Male","Main scheme applicant","Main scheme application","380","170","0.444"
"2020","White","25 - 29","All","Male","Main scheme applicant","Main scheme application","435","205","0.467"
"2021","White","25 - 29","All","Male","Main scheme applicant","Main scheme application","500","190","0.377"
"2022","White","25 - 29","All","Male","Main scheme applicant","Main scheme application","430","220","0.514"
"2023","White","25 - 29","All","Male","Main scheme applicant","Main scheme application","345","185","0.542"
"2019","Asian","25 - 29","All","Male","Main scheme applicant","Main scheme application","5","5"," "
"2020","Asian","25 - 29","All","Male","Main scheme applicant","Main scheme application","5","5"," "
"2021","Asian","25 - 29","All","Male","Main scheme applicant","Main scheme application","10","5"," "
"2022","Asian","25 - 29","All","Male","Main scheme applicant","Main scheme application","5","5"," "
"2023","Asian","25 - 29","All","Male","Main scheme applicant","Main scheme application","10","5"," "
"2019","Mixed","25 - 29","All","Male","Main scheme applicant","Main scheme application","5","0"," "
"2020","Mixed","25 - 29","All","Male","Main scheme applicant","Main scheme application","5","0"," "
"2021","Mixed","25 - 29","All","Male","Main scheme applicant","Main scheme application","5","0"," "
"2022","Mixed","25 - 29","All","Male","Main scheme applicant","Main scheme application","10","0"," "
"2023","Mixed","25 - 29","All","Male","Main scheme applicant","Main scheme application","10","10"," "
"2020","Other","25 - 29","All","Male","Main scheme applicant","Main scheme application","5","0"," "
"2023","Other","25 - 29","All","Male","Main scheme applicant","Main scheme application","5","0"," "
"2019","Unknown or Prefer Not To Say","25 - 29","All","Male","Main scheme applicant","Main scheme application","5","0"," "
"2020","Unknown or Prefer Not To Say","25 - 29","All","Male","Main scheme applicant","Main scheme application","5","0"," "
"2021","Unknown or Prefer Not To Say","25 - 29","All","Male","Main scheme applicant","Main scheme application","10","5"," "
"2022","Unknown or Prefer Not To Say","25 - 29","All","Male","Main scheme applicant","Main scheme application","5","5"," "
"2023","Unknown or Prefer Not To Say","25 - 29","All","Male","Main scheme applicant","Main scheme application","5","0"," "
"2019","White","30 - 34","All","Male","Main scheme applicant","Main scheme application","190","90","0.482"
"2020","White","30 - 34","All","Male","Main scheme applicant","Main scheme application","200","95","0.465"
"2021","White","30 - 34","All","Male","Main scheme applicant","Main scheme application","225","90","0.40700000000000003"
"2022","White","30 - 34","All","Male","Main scheme applicant","Main scheme application","215","115","0.523"
"2023","White","30 - 34","All","Male","Main scheme applicant","Main scheme application","140","65","0.47500000000000003"
"2022","Black","30 - 34","All","Male","Main scheme applicant","Main scheme application","5","0"," "
"2019","Asian","30 - 34","All","Male","Main scheme applicant","Main scheme application","5","5"," "
"2021","Asian","30 - 34","All","Male","Main scheme applicant","Main scheme application","5","0"," "
"2022","Asian","30 - 34","All","Male","Main scheme applicant","Main scheme application","5","0"," "
"2023","Asian","30 - 34","All","Male","Main scheme applicant","Main scheme application","5","0"," "
"2020","Mixed","30 - 34","All","Male","Main scheme applicant","Main scheme application","5","0"," "
"2021","Mixed","30 - 34","All","Male","Main scheme applicant","Main scheme application","5","0"," "
"2022","Mixed","30 - 34","All","Male","Main scheme applicant","Main scheme application","5","5"," "
"2023","Mixed","30 - 34","All","Male","Main scheme applicant","Main scheme application","5","0"," "
"2019","Unknown or Prefer Not To Say","30 - 34","All","Male","Main scheme applicant","Main scheme application","5","0"," "
"2020","Unknown or Prefer Not To Say","30 - 34","All","Male","Main scheme applicant","Main scheme application","5","0"," "
"2021","Unknown or Prefer Not To Say","30 - 34","All","Male","Main scheme applicant","Main scheme application","10","5"," "
"2022","Unknown or Prefer Not To Say","30 - 34","All","Male","Main scheme applicant","Main scheme application","10","10"," "
"2023","Unknown or Prefer Not To Say","30 - 34","All","Male","Main scheme applicant","Main scheme application","5","5"," "
"2019","White","35 and over","All","Male","Main scheme applicant","Main scheme application","280","130","0.47000000000000003"
"2020","White","35 and over","All","Male","Main scheme applicant","Main scheme application","270","115","0.433"
"2021","White","35 and over","All","Male","Main scheme applicant","Main scheme application","320","110","0.352"
"2022","White","35 and over","All","Male","Main scheme applicant","Main scheme application","245","120","0.492"
"2023","White","35 and over","All","Male","Main scheme applicant","Main scheme application","175","85","0.497"
"2019","Black","35 and over","All","Male","Main scheme applicant","Main scheme application","10","0"," "
"2020","Black","35 and over","All","Male","Main scheme applicant","Main scheme application","10","5"," "
"2021","Black","35 and over","All","Male","Main scheme applicant","Main scheme application","10","5"," "
"2022","Black","35 and over","All","Male","Main scheme applicant","Main scheme application","10","5"," "
"2019","Asian","35 and over","All","Male","Main scheme applicant","Main scheme application","25","5"," "
"2020","Asian","35 and over","All","Male","Main scheme applicant","Main scheme application","10","5"," "
"2021","Asian","35 and over","All","Male","Main scheme applicant","Main scheme application","5","0"," "
"2022","Asian","35 and over","All","Male","Main scheme applicant","Main scheme application","10","5"," "
"2023","Asian","35 and over","All","Male","Main scheme applicant","Main scheme application","10","5"," "
"2019","Mixed","35 and over","All","Male","Main scheme applicant","Main scheme application","5","0"," "
"2020","Mixed","35 and over","All","Male","Main scheme applicant","Main scheme application","5","5"," "
"2021","Mixed","35 and over","All","Male","Main scheme applicant","Main scheme application","5","0"," "
"2023","Mixed","35 and over","All","Male","Main scheme applicant","Main scheme application","5","5"," "
"2020","Other","35 and over","All","Male","Main scheme applicant","Main scheme application","5","5"," "
"2021","Other","35 and over","All","Male","Main scheme applicant","Main scheme application","5","0"," "
"2022","Other","35 and over","All","Male","Main scheme applicant","Main scheme application","5","0"," "
"2023","Other","35 and over","All","Male","Main scheme applicant","Main scheme application","5","0"," "
"2019","Unknown or Prefer Not To Say","35 and over","All","Male","Main scheme applicant","Main scheme application","10","5"," "
"2020","Unknown or Prefer Not To Say","35 and over","All","Male","Main scheme applicant","Main scheme application","15","5"," "
"2021","Unknown or Prefer Not To Say","35 and over","All","Male","Main scheme applicant","Main scheme application","10","5"," "
"2022","Unknown or Prefer Not To Say","35 and over","All","Male","Main scheme applicant","Main scheme application","10","0"," "
"2023","Unknown or Prefer Not To Say","35 and over","All","Male","Main scheme applicant","Main scheme application","15","5"," "
"2019","All","21 - 24","All","Female","Not main scheme applicant","Not main scheme application","15","15","0.8130000000000001"
"2020","All","21 - 24","All","Female","Not main scheme applicant","Not main scheme application","25","20","0.76"
"2021","All","21 - 24","All","Female","Not main scheme applicant","Not main scheme application","20","15","0.684"
"2022","All","21 - 24","All","Female","Not main scheme applicant","Not main scheme application","50","35","0.725"
"2023","All","21 - 24","All","Female","Not main scheme applicant","Not main scheme application","65","55","0.803"
"2019","All","25 - 29","All","Female","Not main scheme applicant","Not main scheme application","20","15","0.773"
"2020","All","25 - 29","All","Female","Not main scheme applicant","Not main scheme application","35","30","0.853"
"2021","All","25 - 29","All","Female","Not main scheme applicant","Not main scheme application","10","5"," "
"2022","All","25 - 29","All","Female","Not main scheme applicant","Not main scheme application","40","30","0.762"
"2023","All","25 - 29","All","Female","Not main scheme applicant","Not main scheme application","35","30","0.853"
"2019","All","30 - 34","All","Female","Not main scheme applicant","Not main scheme application","5","5"," "
"2020","All","30 - 34","All","Female","Not main scheme applicant","Not main scheme application","15","10","0.733"
"2021","All","30 - 34","All","Female","Not main scheme applicant","Not main scheme application","5","5"," "
"2022","All","30 - 34","All","Female","Not main scheme applicant","Not main scheme application","15","10","0.733"
"2023","All","30 - 34","All","Female","Not main scheme applicant","Not main scheme application","15","15","0.882"
"2019","All","35 and over","All","Female","Not main scheme applicant","Not main scheme application","20","15","0.682"
"2020","All","35 and over","All","Female","Not main scheme applicant","Not main scheme application","30","20","0.677"
"2021","All","35 and over","All","Female","Not main scheme applicant","Not main scheme application","20","15","0.81"
"2022","All","35 and over","All","Female","Not main scheme applicant","Not main scheme application","35","25","0.771"
"2023","All","35 and over","All","Female","Not main scheme applicant","Not main scheme application","35","25","0.771"
"2019","All","21 - 24","All","Male","Not main scheme applicant","Not main scheme application","10","10"," "
"2020","All","21 - 24","All","Male","Not main scheme applicant","Not main scheme application","20","15","0.8"
"2021","All","21 - 24","All","Male","Not main scheme applicant","Not main scheme application","10","5"," "
"2022","All","21 - 24","All","Male","Not main scheme applicant","Not main scheme application","40","35","0.872"
"2023","All","21 - 24","All","Male","Not main scheme applicant","Not main scheme application","40","35","0.857"
"2019","All","25 - 29","All","Male","Not main scheme applicant","Not main scheme application","10","10","0.917"
"2020","All","25 - 29","All","Male","Not main scheme applicant","Not main scheme application","30","25","0.8130000000000001"
"2021","All","25 - 29","All","Male","Not main scheme applicant","Not main scheme application","5","5"," "
"2022","All","25 - 29","All","Male","Not main scheme applicant","Not main scheme application","25","20","0.792"
"2023","All","25 - 29","All","Male","Not main scheme applicant","Not main scheme application","25","20","0.833"
"2019","All","30 - 34","All","Male","Not main scheme applicant","Not main scheme application","5","5"," "
"2020","All","30 - 34","All","Male","Not main scheme applicant","Not main scheme application","5","5"," "
"2021","All","30 - 34","All","Male","Not main scheme applicant","Not main scheme application","5","5"," "
"2022","All","30 - 34","All","Male","Not main scheme applicant","Not main scheme application","5","5"," "
"2023","All","30 - 34","All","Male","Not main scheme applicant","Not main scheme application","10","10","0.833"
"2019","All","35 and over","All","Male","Not main scheme applicant","Not main scheme application","10","5"," "
"2020","All","35 and over","All","Male","Not main scheme applicant","Not main scheme application","20","15","0.81"
"2021","All","35 and over","All","Male","Not main scheme applicant","Not main scheme application","10","5"," "
"2022","All","35 and over","All","Male","Not main scheme applicant","Not main scheme application","20","15","0.684"
"2023","All","35 and over","All","Male","Not main scheme applicant","Not main scheme application","30","25","0.893"
"2021","All","18","All","Female","Main scheme applicant","Not main scheme application","5","0"," "
"2019","All","21 - 24","All","Female","Main scheme applicant","Not main scheme application","65","30","0.492"
"2020","All","21 - 24","All","Female","Main scheme applicant","Not main scheme application","60","10"," "
"2021","All","21 - 24","All","Female","Main scheme applicant","Not main scheme application","85","30","0.326"
"2022","All","21 - 24","All","Female","Main scheme applicant","Not main scheme application","65","40","0.612"
"2023","All","21 - 24","All","Female","Main scheme applicant","Not main scheme application","55","40","0.6960000000000001"
"2019","All","25 - 29","All","Female","Main scheme applicant","Not main scheme application","40","20","0.5"
"2020","All","25 - 29","All","Female","Main scheme applicant","Not main scheme application","50","20","0.438"
"2021","All","25 - 29","All","Female","Main scheme applicant","Not main scheme application","55","20","0.333"
"2022","All","25 - 29","All","Female","Main scheme applicant","Not main scheme application","30","20","0.594"
"2023","All","25 - 29","All","Female","Main scheme applicant","Not main scheme application","30","25","0.742"
"2019","All","30 - 34","All","Female","Main scheme applicant","Not main scheme application","15","5"," "
"2020","All","30 - 34","All","Female","Main scheme applicant","Not main scheme application","15","10"," "
"2021","All","30 - 34","All","Female","Main scheme applicant","Not main scheme application","20","10"," "
"2022","All","30 - 34","All","Female","Main scheme applicant","Not main scheme application","15","5"," "
"2023","All","30 - 34","All","Female","Main scheme applicant","Not main scheme application","10","5"," "
"2019","All","35 and over","All","Female","Main scheme applicant","Not main scheme application","35","25","0.639"
"2020","All","35 and over","All","Female","Main scheme applicant","Not main scheme application","30","15","0.5"
"2021","All","35 and over","All","Female","Main scheme applicant","Not main scheme application","15","10","0.667"
"2022","All","35 and over","All","Female","Main scheme applicant","Not main scheme application","30","15","0.586"
"2023","All","35 and over","All","Female","Main scheme applicant","Not main scheme application","20","15","0.737"
"2019","All","21 - 24","All","Male","Main scheme applicant","Not main scheme application","10","0"," "
"2020","All","21 - 24","All","Male","Main scheme applicant","Not main scheme application","25","10","0.44"
"2021","All","21 - 24","All","Male","Main scheme applicant","Not main scheme application","25","5"," "
"2022","All","21 - 24","All","Male","Main scheme applicant","Not main scheme application","25","15","0.609"
"2023","All","21 - 24","All","Male","Main scheme applicant","Not main scheme application","20","10","0.6"
"2019","All","25 - 29","All","Male","Main scheme applicant","Not main scheme application","10","5"," "
"2020","All","25 - 29","All","Male","Main scheme applicant","Not main scheme application","15","5"," "
"2021","All","25 - 29","All","Male","Main scheme applicant","Not main scheme application","25","5"," "
"2022","All","25 - 29","All","Male","Main scheme applicant","Not main scheme application","10","5"," "
"2023","All","25 - 29","All","Male","Main scheme applicant","Not main scheme application","10","10"," "
"2020","All","30 - 34","All","Male","Main scheme applicant","Not main scheme application","5","0"," "
"2021","All","30 - 34","All","Male","Main scheme applicant","Not main scheme application","10","0"," "
"2022","All","30 - 34","All","Male","Main scheme applicant","Not main scheme application","10","5"," "
"2023","All","30 - 34","All","Male","Main scheme applicant","Not main scheme application","5","5"," "
"2019","All","35 and over","All","Male","Main scheme applicant","Not main scheme application","10","5"," "
"2020","All","35 and over","All","Male","Main scheme applicant","Not main scheme application","15","5"," "
"2021","All","35 and over","All","Male","Main scheme applicant","Not main scheme application","10","5"," "
"2022","All","35 and over","All","Male","Main scheme applicant","Not main scheme application","5","5"," "
"2023","All","35 and over","All","Male","Main scheme applicant","Not main scheme application","10","5"," "
"2019","All","18","All","Female","Main scheme applicant","Main scheme application","10","0"," "
"2020","All","18","All","Female","Main scheme applicant","Main scheme application","30","0"," "
"2021","All","18","All","Female","Main scheme applicant","Main scheme application","15","0"," "
"2022","All","18","All","Female","Main scheme applicant","Main scheme application","35","0"," "
"2023","All","18","All","Female","Main scheme applicant","Main scheme application","25","0"," "
"2019","All","19","All","Female","Main scheme applicant","Main scheme application","5","0"," "
"2020","All","19","All","Female","Main scheme applicant","Main scheme application","5","0"," "
"2021","All","19","All","Female","Main scheme applicant","Main scheme application","5","0"," "
"2022","All","19","All","Female","Main scheme applicant","Main scheme application","10","0"," "
"2023","All","19","All","Female","Main scheme applicant","Main scheme application","10","0"," "
"2019","All","20","All","Female","Main scheme applicant","Main scheme application","5","0"," "
"2020","All","20","All","Female","Main scheme applicant","Main scheme application","10","0"," "
"2021","All","20","All","Female","Main scheme applicant","Main scheme application","15","0"," "
"2022","All","20","All","Female","Main scheme applicant","Main scheme application","10","0"," "
"2023","All","20","All","Female","Main scheme applicant","Main scheme application","5","0"," "
"2019","All","21 - 24","All","Female","Main scheme applicant","Main scheme application","1240","650","0.525"
"2020","All","21 - 24","All","Female","Main scheme applicant","Main scheme application","1345","720","0.536"
"2021","All","21 - 24","All","Female","Main scheme applicant","Main scheme application","1690","710","0.421"
"2022","All","21 - 24","All","Female","Main scheme applicant","Main scheme application","1735","1025","0.59"
"2023","All","21 - 24","All","Female","Main scheme applicant","Main scheme application","1520","905","0.596"
"2019","All","25 - 29","All","Female","Main scheme applicant","Main scheme application","985","530","0.537"
"2020","All","25 - 29","All","Female","Main scheme applicant","Main scheme application","935","495","0.531"
"2021","All","25 - 29","All","Female","Main scheme applicant","Main scheme application","1200","550","0.459"
"2022","All","25 - 29","All","Female","Main scheme applicant","Main scheme application","960","540","0.56"
"2023","All","25 - 29","All","Female","Main scheme applicant","Main scheme application","720","410","0.5710000000000001"
"2019","All","30 - 34","All","Female","Main scheme applicant","Main scheme application","425","190","0.447"
"2020","All","30 - 34","All","Female","Main scheme applicant","Main scheme application","445","240","0.543"
"2021","All","30 - 34","All","Female","Main scheme applicant","Main scheme application","500","190","0.376"
"2022","All","30 - 34","All","Female","Main scheme applicant","Main scheme application","385","220","0.5720000000000001"
"2023","All","30 - 34","All","Female","Main scheme applicant","Main scheme application","320","185","0.579"
"2019","All","35 and over","All","Female","Main scheme applicant","Main scheme application","780","330","0.422"
"2020","All","35 and over","All","Female","Main scheme applicant","Main scheme application","850","390","0.458"
"2021","All","35 and over","All","Female","Main scheme applicant","Main scheme application","895","350","0.39"
"2022","All","35 and over","All","Female","Main scheme applicant","Main scheme application","700","350","0.504"
"2023","All","35 and over","All","Female","Main scheme applicant","Main scheme application","585","320","0.545"
"2019","All","18","All","Male","Main scheme applicant","Main scheme application","5","0"," "
"2020","All","18","All","Male","Main scheme applicant","Main scheme application","5","0"," "
"2021","All","18","All","Male","Main scheme applicant","Main scheme application","10","0"," "
"2022","All","18","All","Male","Main scheme applicant","Main scheme application","10","0"," "
"2023","All","18","All","Male","Main scheme applicant","Main scheme application","15","0"," "
"2022","All","19","All","Male","Main scheme applicant","Main scheme application","5","0"," "
"2023","All","19","All","Male","Main scheme applicant","Main scheme application","5","0"," "
"2021","All","20","All","Male","Main scheme applicant","Main scheme application","5","0"," "
"2022","All","20","All","Male","Main scheme applicant","Main scheme application","5","0"," "
"2023","All","20","All","Male","Main scheme applicant","Main scheme application","10","0"," "
"2019","All","21 - 24","All","Male","Main scheme applicant","Main scheme application","465","190","0.41000000000000003"
"2020","All","21 - 24","All","Male","Main scheme applicant","Main scheme application","435","180","0.417"
"2021","All","21 - 24","All","Male","Main scheme applicant","Main scheme application","575","205","0.358"
"2022","All","21 - 24","All","Male","Main scheme applicant","Main scheme application","625","275","0.442"
"2023","All","21 - 24","All","Male","Main scheme applicant","Main scheme application","525","295","0.558"
"2019","All","25 - 29","All","Male","Main scheme applicant","Main scheme application","400","175","0.441"
"2020","All","25 - 29","All","Male","Main scheme applicant","Main scheme application","450","210","0.467"
"2021","All","25 - 29","All","Male","Main scheme applicant","Main scheme application","530","200","0.378"
"2022","All","25 - 29","All","Male","Main scheme applicant","Main scheme application","450","230","0.511"
"2023","All","25 - 29","All","Male","Main scheme applicant","Main scheme application","375","205","0.538"
"2019","All","30 - 34","All","Male","Main scheme applicant","Main scheme application","205","95","0.47800000000000004"
"2020","All","30 - 34","All","Male","Main scheme applicant","Main scheme application","210","95","0.459"
"2021","All","30 - 34","All","Male","Main scheme applicant","Main scheme application","245","100","0.4"
"2022","All","30 - 34","All","Male","Main scheme applicant","Main scheme application","240","125","0.523"
"2023","All","30 - 34","All","Male","Main scheme applicant","Main scheme application","160","75","0.481"
"2019","All","35 and over","All","Male","Main scheme applicant","Main scheme application","325","145","0.442"
"2020","All","35 and over","All","Male","Main scheme applicant","Main scheme application","315","135","0.434"
"2021","All","35 and over","All","Male","Main scheme applicant","Main scheme application","355","125","0.34700000000000003"
"2022","All","35 and over","All","Male","Main scheme applicant","Main scheme application","285","130","0.462"
"2023","All","35 and over","All","Male","Main scheme applicant","Main scheme application","210","95","0.462"
"2019","White","All","All","Female","Not main scheme applicant","Not main scheme application","55","45","0.754"
"2020","White","All","All","Female","Not main scheme applicant","Not main scheme application","90","70","0.758"
"2021","White","All","All","Female","Not main scheme applicant","Not main scheme application","55","40","0.704"
"2022","White","All","All","Female","Not main scheme applicant","Not main scheme application","120","90","0.736"
"2023","White","All","All","Female","Not main scheme applicant","Not main scheme application","130","110","0.8180000000000001"
"2019","Asian","All","All","Female","Not main scheme applicant","Not main scheme application","5","0"," "
"2020","Asian","All","All","Female","Not main scheme applicant","Not main scheme application","10","5"," "
"2021","Asian","All","All","Female","Not main scheme applicant","Not main scheme application","5","5"," "
"2022","Asian","All","All","Female","Not main scheme applicant","Not main scheme application","10","5"," "
"2023","Asian","All","All","Female","Not main scheme applicant","Not main scheme application","10","5"," "
"2019","Mixed","All","All","Female","Not main scheme applicant","Not main scheme application","5","0"," "
"2022","Mixed","All","All","Female","Not main scheme applicant","Not main scheme application","5","5"," "
"2023","Mixed","All","All","Female","Not main scheme applicant","Not main scheme application","5","5"," "
"2019","Other","All","All","Female","Not main scheme applicant","Not main scheme application","5","0"," "
"2020","Unknown or Prefer Not To Say","All","All","Female","Not main scheme applicant","Not main scheme application","5","5"," "
"2022","Unknown or Prefer Not To Say","All","All","Female","Not main scheme applicant","Not main scheme application","5","5"," "
"2023","Unknown or Prefer Not To Say","All","All","Female","Not main scheme applicant","Not main scheme application","5","5"," "
"2019","White","All","All","Male","Not main scheme applicant","Not main scheme application","30","25","0.844"
"2020","White","All","All","Male","Not main scheme applicant","Not main scheme application","70","60","0.8290000000000001"
"2021","White","All","All","Male","Not main scheme applicant","Not main scheme application","25","20","0.8260000000000001"
"2022","White","All","All","Male","Not main scheme applicant","Not main scheme application","75","60","0.811"
"2023","White","All","All","Male","Not main scheme applicant","Not main scheme application","90","80","0.89"
"2021","Black","All","All","Male","Not main scheme applicant","Not main scheme application","5","5"," "
"2020","Asian","All","All","Male","Not main scheme applicant","Not main scheme application","5","0"," "
"2022","Asian","All","All","Male","Not main scheme applicant","Not main scheme application","5","5"," "
"2023","Asian","All","All","Male","Not main scheme applicant","Not main scheme application","5","0"," "
"2022","Mixed","All","All","Male","Not main scheme applicant","Not main scheme application","5","0"," "
"2023","Mixed","All","All","Male","Not main scheme applicant","Not main scheme application","5","0"," "
"2023","Other","All","All","Male","Not main scheme applicant","Not main scheme application","5","5"," "
"2020","Unknown or Prefer Not To Say","All","All","Male","Not main scheme applicant","Not main scheme application","5","5"," "
"2022","Unknown or Prefer Not To Say","All","All","Male","Not main scheme applicant","Not main scheme application","5","0"," "
"2023","Unknown or Prefer Not To Say","All","All","Male","Not main scheme applicant","Not main scheme application","5","5"," "
"2019","White","All","All","Female","Main scheme applicant","Not main scheme application","140","75","0.529"
"2020","White","All","All","Female","Main scheme applicant","Not main scheme application","140","45","0.333"
"2021","White","All","All","Female","Main scheme applicant","Not main scheme application","160","55","0.34600000000000003"
"2022","White","All","All","Female","Main scheme applicant","Not main scheme application","125","75","0.595"
"2023","White","All","All","Female","Main scheme applicant","Not main scheme application","100","70","0.707"
"2023","Black","All","All","Female","Main scheme applicant","Not main scheme application","5","5"," "
"2019","Asian","All","All","Female","Main scheme applicant","Not main scheme application","10","5"," "
"2020","Asian","All","All","Female","Main scheme applicant","Not main scheme application","10","5"," "
"2021","Asian","All","All","Female","Main scheme applicant","Not main scheme application","10","5"," "
"2022","Asian","All","All","Female","Main scheme applicant","Not main scheme application","10","5"," "
"2023","Asian","All","All","Female","Main scheme applicant","Not main scheme application","10","5"," "
"2021","Unknown or Prefer Not To Say","All","All","Female","Main scheme applicant","Not main scheme application","5","0"," "
"2019","White","All","All","Male","Main scheme applicant","Not main scheme application","30","10","0.357"
"2020","White","All","All","Male","Main scheme applicant","Not main scheme application","55","20","0.364"
"2021","White","All","All","Male","Main scheme applicant","Not main scheme application","60","15","0.233"
"2022","White","All","All","Male","Main scheme applicant","Not main scheme application","45","25","0.5650000000000001"
"2023","White","All","All","Male","Main scheme applicant","Not main scheme application","40","25","0.61"
"2019","Asian","All","All","Male","Main scheme applicant","Not main scheme application","5","0"," "
"2021","Mixed","All","All","Male","Main scheme applicant","Not main scheme application","5","0"," "
"2020","Other","All","All","Male","Main scheme applicant","Not main scheme application","5","0"," "
"2020","Unknown or Prefer Not To Say","All","All","Male","Main scheme applicant","Not main scheme application","5","0"," "
"2019","White","All","All","Female","Main scheme applicant","Main scheme application","3200","1610","0.503"
"2020","White","All","All","Female","Main scheme applicant","Main scheme application","3365","1750","0.52"
"2021","White","All","All","Female","Main scheme applicant","Main scheme application","4035","1695","0.42"
"2022","White","All","All","Female","Main scheme applicant","Main scheme application","3590","2020","0.5630000000000001"
"2023","White","All","All","Female","Main scheme applicant","Main scheme application","2920","1705","0.584"
"2019","Black","All","All","Female","Main scheme applicant","Main scheme application","25","5"," "
"2020","Black","All","All","Female","Main scheme applicant","Main scheme application","30","5"," "
"2021","Black","All","All","Female","Main scheme applicant","Main scheme application","25","5"," "
"2022","Black","All","All","Female","Main scheme applicant","Main scheme application","20","5"," "
"2023","Black","All","All","Female","Main scheme applicant","Main scheme application","40","10","0.25"
"2019","Asian","All","All","Female","Main scheme applicant","Main scheme application","135","45","0.343"
"2020","Asian","All","All","Female","Main scheme applicant","Main scheme application","125","50","0.398"
"2021","Asian","All","All","Female","Main scheme applicant","Main scheme application","150","50","0.34900000000000003"
"2022","Asian","All","All","Female","Main scheme applicant","Main scheme application","120","50","0.41500000000000004"
"2023","Asian","All","All","Female","Main scheme applicant","Main scheme application","120","50","0.41500000000000004"
"2019","Mixed","All","All","Female","Main scheme applicant","Main scheme application","55","20","0.40700000000000003"
"2020","Mixed","All","All","Female","Main scheme applicant","Main scheme application","50","25","0.5"
"2021","Mixed","All","All","Female","Main scheme applicant","Main scheme application","55","25","0.464"
"2022","Mixed","All","All","Female","Main scheme applicant","Main scheme application","70","40","0.559"
"2023","Mixed","All","All","Female","Main scheme applicant","Main scheme application","60","35","0.617"
"2019","Other","All","All","Female","Main scheme applicant","Main scheme application","20","5"," "
"2020","Other","All","All","Female","Main scheme applicant","Main scheme application","25","10"," "
"2021","Other","All","All","Female","Main scheme applicant","Main scheme application","25","5"," "
"2022","Other","All","All","Female","Main scheme applicant","Main scheme application","25","10","0.4"
"2023","Other","All","All","Female","Main scheme applicant","Main scheme application","30","15","0.448"
"2019","Unknown or Prefer Not To Say","All","All","Female","Main scheme applicant","Main scheme application","25","10","0.462"
"2020","Unknown or Prefer Not To Say","All","All","Female","Main scheme applicant","Main scheme application","20","10"," "
"2021","Unknown or Prefer Not To Say","All","All","Female","Main scheme applicant","Main scheme application","35","15","0.35100000000000003"
"2022","Unknown or Prefer Not To Say","All","All","Female","Main scheme applicant","Main scheme application","15","10"," "
"2023","Unknown or Prefer Not To Say","All","All","Female","Main scheme applicant","Main scheme application","20","10","0.526"
"2019","White","All","All","Male","Main scheme applicant","Main scheme application","1300","575","0.443"
"2020","White","All","All","Male","Main scheme applicant","Main scheme application","1320","585","0.444"
"2021","White","All","All","Male","Main scheme applicant","Main scheme application","1600","590","0.368"
"2022","White","All","All","Male","Main scheme applicant","Main scheme application","1505","720","0.47800000000000004"
"2023","White","All","All","Male","Main scheme applicant","Main scheme application","1185","620","0.523"
"2019","Black","All","All","Male","Main scheme applicant","Main scheme application","10","0"," "
"2020","Black","All","All","Male","Main scheme applicant","Main scheme application","15","5"," "
"2021","Black","All","All","Male","Main scheme applicant","Main scheme application","15","5"," "
"2022","Black","All","All","Male","Main scheme applicant","Main scheme application","15","5"," "
"2023","Black","All","All","Male","Main scheme applicant","Main scheme application","5","0"," "
"2019","Asian","All","All","Male","Main scheme applicant","Main scheme application","45","15","0.395"
"2020","Asian","All","All","Male","Main scheme applicant","Main scheme application","25","15","0.556"
"2021","Asian","All","All","Male","Main scheme applicant","Main scheme application","30","10","0.34500000000000003"
"2022","Asian","All","All","Male","Main scheme applicant","Main scheme application","25","10"," "
"2023","Asian","All","All","Male","Main scheme applicant","Main scheme application","35","20","0.5"
"2019","Mixed","All","All","Male","Main scheme applicant","Main scheme application","15","5"," "
"2020","Mixed","All","All","Male","Main scheme applicant","Main scheme application","20","5"," "
"2021","Mixed","All","All","Male","Main scheme applicant","Main scheme application","25","5"," "
"2022","Mixed","All","All","Male","Main scheme applicant","Main scheme application","30","10","0.4"
"2023","Mixed","All","All","Male","Main scheme applicant","Main scheme application","35","20","0.5"
"2019","Other","All","All","Male","Main scheme applicant","Main scheme application","5","0"," "
"2020","Other","All","All","Male","Main scheme applicant","Main scheme application","10","5"," "
"2021","Other","All","All","Male","Main scheme applicant","Main scheme application","10","0"," "
"2022","Other","All","All","Male","Main scheme applicant","Main scheme application","10","0"," "
"2023","Other","All","All","Male","Main scheme applicant","Main scheme application","10","5"," "
"2019","Unknown or Prefer Not To Say","All","All","Male","Main scheme applicant","Main scheme application","20","10"," "
"2020","Unknown or Prefer Not To Say","All","All","Male","Main scheme applicant","Main scheme application","25","10"," "
"2021","Unknown or Prefer Not To Say","All","All","Male","Main scheme applicant","Main scheme application","35","15","0.405"
"2022","Unknown or Prefer Not To Say","All","All","Male","Main scheme applicant","Main scheme application","30","15","0.5670000000000001"
"2023","Unknown or Prefer Not To Say","All","All","Male","Main scheme applicant","Main scheme application","30","15","0.448"
"2019","All","All","All","Female","Not main scheme applicant","Not main scheme application","65","50","0.731"
"2020","All","All","All","Female","Not main scheme applicant","Not main scheme application","105","80","0.762"
"2021","All","All","All","Female","Not main scheme applicant","Not main scheme application","60","45","0.729"
"2022","All","All","All","Female","Not main scheme applicant","Not main scheme application","145","105","0.748"
"2023","All","All","All","Female","Not main scheme applicant","Not main scheme application","150","125","0.8160000000000001"
"2019","All","All","All","Male","Not main scheme applicant","Not main scheme application","35","30","0.857"
"2020","All","All","All","Male","Not main scheme applicant","Not main scheme application","80","65","0.8230000000000001"
"2021","All","All","All","Male","Not main scheme applicant","Not main scheme application","30","20","0.786"
"2022","All","All","All","Male","Not main scheme applicant","Not main scheme application","90","70","0.775"
"2023","All","All","All","Male","Not main scheme applicant","Not main scheme application","105","90","0.858"
"2019","All","All","All","Female","Main scheme applicant","Not main scheme application","155","80","0.529"
"2020","All","All","All","Female","Main scheme applicant","Not main scheme application","150","55","0.35100000000000003"
"2021","All","All","All","Female","Main scheme applicant","Not main scheme application","180","65","0.365"
"2022","All","All","All","Female","Main scheme applicant","Not main scheme application","140","85","0.592"
"2023","All","All","All","Female","Main scheme applicant","Not main scheme application","115","80","0.713"
"2019","All","All","All","Male","Main scheme applicant","Not main scheme application","35","10","0.353"
"2020","All","All","All","Male","Main scheme applicant","Not main scheme application","65","20","0.333"
"2021","All","All","All","Male","Main scheme applicant","Not main scheme application","70","20","0.271"
"2022","All","All","All","Male","Main scheme applicant","Not main scheme application","50","25","0.551"
"2023","All","All","All","Male","Main scheme applicant","Not main scheme application","45","25","0.591"
"2019","All","All","All","Female","Main scheme applicant","Main scheme application","3455","1700","0.492"
"2020","All","All","All","Female","Main scheme applicant","Main scheme application","3615","1850","0.512"
"2021","All","All","All","Female","Main scheme applicant","Main scheme application","4320","1800","0.41600000000000004"
"2022","All","All","All","Female","Main scheme applicant","Main scheme application","3835","2135","0.556"
"2023","All","All","All","Female","Main scheme applicant","Main scheme application","3185","1820","0.5720000000000001"
"2019","All","All","All","Male","Main scheme applicant","Main scheme application","1400","605","0.434"
"2020","All","All","All","Male","Main scheme applicant","Main scheme application","1415","625","0.44"
"2021","All","All","All","Male","Main scheme applicant","Main scheme application","1715","630","0.366"
"2022","All","All","All","Male","Main scheme applicant","Main scheme application","1620","765","0.47200000000000003"
"2023","All","All","All","Male","Main scheme applicant","Main scheme application","1300","670","0.517"
"2019","White","21 - 24","England","All","Not main scheme applicant","Not main scheme application","5","5"," "
"2020","White","21 - 24","England","All","Not main scheme applicant","Not main scheme application","5","5"," "
"2021","White","21 - 24","England","All","Not main scheme applicant","Not main scheme application","5","0"," "
"2022","White","21 - 24","England","All","Not main scheme applicant","Not main scheme application","10","10"," "
"2023","White","21 - 24","England","All","Not main scheme applicant","Not main scheme application","10","10","1"
"2019","White","21 - 24","Scotland","All","Not main scheme applicant","Not main scheme application","20","20","0.857"
"2020","White","21 - 24","Scotland","All","Not main scheme applicant","Not main scheme application","35","25","0.743"
"2021","White","21 - 24","Scotland","All","Not main scheme applicant","Not main scheme application","20","15","0.85"
"2022","White","21 - 24","Scotland","All","Not main scheme applicant","Not main scheme application","20","15","0.889"
"2023","White","21 - 24","Scotland","All","Not main scheme applicant","Not main scheme application","25","15","0.6960000000000001"
"2022","White","21 - 24","Wales","All","Not main scheme applicant","Not main scheme application","50","40","0.8160000000000001"
"2023","White","21 - 24","Wales","All","Not main scheme applicant","Not main scheme application","60","50","0.847"
"2023","Asian","21 - 24","Scotland","All","Not main scheme applicant","Not main scheme application","5","5"," "
"2022","Asian","21 - 24","Wales","All","Not main scheme applicant","Not main scheme application","5","0"," "
"2023","Asian","21 - 24","Wales","All","Not main scheme applicant","Not main scheme application","5","0"," "
"2023","Unknown or Prefer Not To Say","21 - 24","Wales","All","Not main scheme applicant","Not main scheme application","5","5"," "
"2019","White","25 - 29","England","All","Not main scheme applicant","Not main scheme application","5","5"," "
"2020","White","25 - 29","England","All","Not main scheme applicant","Not main scheme application","10","10"," "
"2022","White","25 - 29","England","All","Not main scheme applicant","Not main scheme application","5","5"," "
"2023","White","25 - 29","England","All","Not main scheme applicant","Not main scheme application","10","10","1"
"2019","White","25 - 29","Scotland","All","Not main scheme applicant","Not main scheme application","30","25","0.8280000000000001"
"2020","White","25 - 29","Scotland","All","Not main scheme applicant","Not main scheme application","50","40","0.8160000000000001"
"2021","White","25 - 29","Scotland","All","Not main scheme applicant","Not main scheme application","15","10"," "
"2022","White","25 - 29","Scotland","All","Not main scheme applicant","Not main scheme application","20","10","0.632"
"2023","White","25 - 29","Scotland","All","Not main scheme applicant","Not main scheme application","20","15","0.85"
"2022","White","25 - 29","Wales","All","Not main scheme applicant","Not main scheme application","30","25","0.767"
"2023","White","25 - 29","Wales","All","Not main scheme applicant","Not main scheme application","15","15","0.765"
"2022","Asian","25 - 29","Scotland","All","Not main scheme applicant","Not main scheme application","5","0"," "
"2023","Other","25 - 29","Scotland","All","Not main scheme applicant","Not main scheme application","5","5"," "
"2022","Unknown or Prefer Not To Say","25 - 29","Scotland","All","Not main scheme applicant","Not main scheme application","5","5"," "
"2020","White","30 - 34","England","All","Not main scheme applicant","Not main scheme application","5","5"," "
"2021","White","30 - 34","England","All","Not main scheme applicant","Not main scheme application","5","5"," "
"2019","White","30 - 34","Scotland","All","Not main scheme applicant","Not main scheme application","10","5"," "
"2020","White","30 - 34","Scotland","All","Not main scheme applicant","Not main scheme application","10","10"," "
"2021","White","30 - 34","Scotland","All","Not main scheme applicant","Not main scheme application","5","5"," "
"2022","White","30 - 34","Scotland","All","Not main scheme applicant","Not main scheme application","10","5"," "
"2023","White","30 - 34","Scotland","All","Not main scheme applicant","Not main scheme application","15","10","0.769"
"2022","White","30 - 34","Wales","All","Not main scheme applicant","Not main scheme application","5","5"," "
"2023","White","30 - 34","Wales","All","Not main scheme applicant","Not main scheme application","10","10"," "
"2019","White","35 and over","England","All","Not main scheme applicant","Not main scheme application","5","5"," "
"2020","White","35 and over","England","All","Not main scheme applicant","Not main scheme application","10","10","0.917"
"2021","White","35 and over","England","All","Not main scheme applicant","Not main scheme application","5","5"," "
"2022","White","35 and over","England","All","Not main scheme applicant","Not main scheme application","5","5"," "
"2023","White","35 and over","England","All","Not main scheme applicant","Not main scheme application","5","5"," "
"2019","White","35 and over","Scotland","All","Not main scheme applicant","Not main scheme application","15","10"," "
"2020","White","35 and over","Scotland","All","Not main scheme applicant","Not main scheme application","30","20","0.656"
"2021","White","35 and over","Scotland","All","Not main scheme applicant","Not main scheme application","20","15","0.737"
"2022","White","35 and over","Scotland","All","Not main scheme applicant","Not main scheme application","20","15","0.727"
"2023","White","35 and over","Scotland","All","Not main scheme applicant","Not main scheme application","35","30","0.833"
"2022","White","35 and over","Wales","All","Not main scheme applicant","Not main scheme application","15","15","0.8130000000000001"
"2023","White","35 and over","Wales","All","Not main scheme applicant","Not main scheme application","15","15","0.867"
"2019","Asian","35 and over","Scotland","All","Not main scheme applicant","Not main scheme application","5","5"," "
"2020","Asian","35 and over","Scotland","All","Not main scheme applicant","Not main scheme application","5","5"," "
"2022","Asian","35 and over","Scotland","All","Not main scheme applicant","Not main scheme application","5","0"," "
"2021","White","18","Scotland","All","Main scheme applicant","Not main scheme application","5","0"," "
"2023","White","21 - 24","Northern Ireland","All","Main scheme applicant","Not main scheme application","5","5"," "
"2023","White","21 - 24","England","All","Main scheme applicant","Not main scheme application","5","5"," "
"2019","White","21 - 24","Scotland","All","Main scheme applicant","Not main scheme application","70","30","0.426"
"2020","White","21 - 24","Scotland","All","Main scheme applicant","Not main scheme application","80","20","0.241"
"2021","White","21 - 24","Scotland","All","Main scheme applicant","Not main scheme application","105","30","0.28800000000000003"
"2022","White","21 - 24","Scotland","All","Main scheme applicant","Not main scheme application","65","35","0.578"
"2023","White","21 - 24","Scotland","All","Main scheme applicant","Not main scheme application","50","25","0.5630000000000001"
"2022","White","21 - 24","Wales","All","Main scheme applicant","Not main scheme application","20","15","0.833"
"2023","White","21 - 24","Wales","All","Main scheme applicant","Not main scheme application","15","15","0.8240000000000001"
"2019","Asian","21 - 24","Scotland","All","Main scheme applicant","Not main scheme application","5","0"," "
"2022","Asian","21 - 24","Scotland","All","Main scheme applicant","Not main scheme application","5","0"," "
"2019","White","25 - 29","England","All","Main scheme applicant","Not main scheme application","5","0"," "
"2019","White","25 - 29","Scotland","All","Main scheme applicant","Not main scheme application","45","25","0.5"
"2020","White","25 - 29","Scotland","All","Main scheme applicant","Not main scheme application","55","20","0.364"
"2021","White","25 - 29","Scotland","All","Main scheme applicant","Not main scheme application","70","20","0.294"
"2022","White","25 - 29","Scotland","All","Main scheme applicant","Not main scheme application","35","20","0.606"
"2023","White","25 - 29","Scotland","All","Main scheme applicant","Not main scheme application","25","20","0.731"
"2023","White","25 - 29","Wales","All","Main scheme applicant","Not main scheme application","10","10"," "
"2020","Asian","25 - 29","Scotland","All","Main scheme applicant","Not main scheme application","5","5"," "
"2022","Asian","25 - 29","Scotland","All","Main scheme applicant","Not main scheme application","5","0"," "
"2021","Unknown or Prefer Not To Say","25 - 29","Scotland","All","Main scheme applicant","Not main scheme application","5","0"," "
"2019","White","30 - 34","Scotland","All","Main scheme applicant","Not main scheme application","10","5"," "
"2020","White","30 - 34","Scotland","All","Main scheme applicant","Not main scheme application","20","5"," "
"2021","White","30 - 34","Scotland","All","Main scheme applicant","Not main scheme application","25","10"," "
"2022","White","30 - 34","Scotland","All","Main scheme applicant","Not main scheme application","20","5"," "
"2023","White","30 - 34","Scotland","All","Main scheme applicant","Not main scheme application","10","5"," "
"2023","White","30 - 34","Wales","All","Main scheme applicant","Not main scheme application","5","5"," "
"2019","Asian","30 - 34","Scotland","All","Main scheme applicant","Not main scheme application","5","0"," "
"2021","Asian","30 - 34","Scotland","All","Main scheme applicant","Not main scheme application","5","0"," "
"2019","White","35 and over","Scotland","All","Main scheme applicant","Not main scheme application","35","20","0.6"
"2020","White","35 and over","Scotland","All","Main scheme applicant","Not main scheme application","35","20","0.514"
"2021","White","35 and over","Scotland","All","Main scheme applicant","Not main scheme application","20","10","0.55"
"2022","White","35 and over","Scotland","All","Main scheme applicant","Not main scheme application","30","15","0.536"
"2023","White","35 and over","Scotland","All","Main scheme applicant","Not main scheme application","15","10"," "
"2019","Asian","35 and over","Scotland","All","Main scheme applicant","Not main scheme application","5","0"," "
"2021","Asian","35 and over","Scotland","All","Main scheme applicant","Not main scheme application","5","0"," "
"2023","Asian","35 and over","Scotland","All","Main scheme applicant","Not main scheme application","5","5"," "
"2023","Asian","35 and over","Wales","All","Main scheme applicant","Not main scheme application","5","5"," "
"2020","Other","35 and over","Scotland","All","Main scheme applicant","Not main scheme application","5","0"," "
"2020","Unknown or Prefer Not To Say","35 and over","Scotland","All","Main scheme applicant","Not main scheme application","5","0"," "
"2020","White","18","England","All","Main scheme applicant","Main scheme application","5","0"," "
"2022","White","18","England","All","Main scheme applicant","Main scheme application","5","0"," "
"2023","White","18","England","All","Main scheme applicant","Main scheme application","5","0"," "
"2019","White","18","Scotland","All","Main scheme applicant","Main scheme application","15","0"," "
"2020","White","18","Scotland","All","Main scheme applicant","Main scheme application","25","0"," "
"2021","White","18","Scotland","All","Main scheme applicant","Main scheme application","20","0"," "
"2022","White","18","Scotland","All","Main scheme applicant","Main scheme application","20","0"," "
"2023","White","18","Scotland","All","Main scheme applicant","Main scheme application","20","0"," "
"2020","White","18","Wales","All","Main scheme applicant","Main scheme application","5","0"," "
"2022","White","18","Wales","All","Main scheme applicant","Main scheme application","20","0"," "
"2023","White","18","Wales","All","Main scheme applicant","Main scheme application","5","0"," "
"2019","White","19","Scotland","All","Main scheme applicant","Main scheme application","5","0"," "
"2021","White","19","Scotland","All","Main scheme applicant","Main scheme application","5","0"," "
"2022","White","19","Scotland","All","Main scheme applicant","Main scheme application","10","0"," "
"2023","White","19","Scotland","All","Main scheme applicant","Main scheme application","10","0"," "
"2019","White","20","Scotland","All","Main scheme applicant","Main scheme application","5","0"," "
"2020","White","20","Scotland","All","Main scheme applicant","Main scheme application","10","0"," "
"2021","White","20","Scotland","All","Main scheme applicant","Main scheme application","15","0"," "
"2022","White","20","Scotland","All","Main scheme applicant","Main scheme application","10","0"," "
"2023","White","20","Scotland","All","Main scheme applicant","Main scheme application","10","0"," "
"2023","White","20","Wales","All","Main scheme applicant","Main scheme application","5","0"," "
"2019","White","21 - 24","Northern Ireland","All","Main scheme applicant","Main scheme application","60","10","0.17200000000000001"
"2020","White","21 - 24","Northern Ireland","All","Main scheme applicant","Main scheme application","40","10"," "
"2021","White","21 - 24","Northern Ireland","All","Main scheme applicant","Main scheme application","65","15","0.254"
"2022","White","21 - 24","Northern Ireland","All","Main scheme applicant","Main scheme application","45","15","0.28300000000000003"
"2023","White","21 - 24","Northern Ireland","All","Main scheme applicant","Main scheme application","25","5"," "
"2019","White","21 - 24","England","All","Main scheme applicant","Main scheme application","65","25","0.41300000000000003"
"2020","White","21 - 24","England","All","Main scheme applicant","Main scheme application","45","20","0.419"
"2021","White","21 - 24","England","All","Main scheme applicant","Main scheme application","75","20","0.28400000000000003"
"2022","White","21 - 24","England","All","Main scheme applicant","Main scheme application","140","60","0.442"
"2023","White","21 - 24","England","All","Main scheme applicant","Main scheme application","120","50","0.403"
"2019","White","21 - 24","Scotland","All","Main scheme applicant","Main scheme application","1495","770","0.515"
"2020","White","21 - 24","Scotland","All","Main scheme applicant","Main scheme application","1610","835","0.52"
"2021","White","21 - 24","Scotland","All","Main scheme applicant","Main scheme application","2015","840","0.417"
"2022","White","21 - 24","Scotland","All","Main scheme applicant","Main scheme application","1455","725","0.499"
"2023","White","21 - 24","Scotland","All","Main scheme applicant","Main scheme application","1215","675","0.557"
"2020","White","21 - 24","Wales","All","Main scheme applicant","Main scheme application","5","0"," "
"2021","White","21 - 24","Wales","All","Main scheme applicant","Main scheme application","5","0"," "
"2022","White","21 - 24","Wales","All","Main scheme applicant","Main scheme application","610","440","0.72"
"2023","White","21 - 24","Wales","All","Main scheme applicant","Main scheme application","575","405","0.7030000000000001"
"2019","Black","21 - 24","Scotland","All","Main scheme applicant","Main scheme application","5","0"," "
"2020","Black","21 - 24","Scotland","All","Main scheme applicant","Main scheme application","5","0"," "
"2021","Black","21 - 24","Scotland","All","Main scheme applicant","Main scheme application","5","0"," "
"2022","Black","21 - 24","Scotland","All","Main scheme applicant","Main scheme application","5","0"," "
"2023","Black","21 - 24","Scotland","All","Main scheme applicant","Main scheme application","10","0"," "
"2022","Black","21 - 24","Wales","All","Main scheme applicant","Main scheme application","5","0"," "
"2023","Black","21 - 24","Wales","All","Main scheme applicant","Main scheme application","5","0"," "
"2019","Asian","21 - 24","England","All","Main scheme applicant","Main scheme application","5","0"," "
"2020","Asian","21 - 24","England","All","Main scheme applicant","Main scheme application","5","0"," "
"2021","Asian","21 - 24","England","All","Main scheme applicant","Main scheme application","10","5"," "
"2022","Asian","21 - 24","England","All","Main scheme applicant","Main scheme application","5","0"," "
"2023","Asian","21 - 24","England","All","Main scheme applicant","Main scheme application","5","0"," "
"2019","Asian","21 - 24","Scotland","All","Main scheme applicant","Main scheme application","45","20","0.41300000000000003"
"2020","Asian","21 - 24","Scotland","All","Main scheme applicant","Main scheme application","45","25","0.578"
"2021","Asian","21 - 24","Scotland","All","Main scheme applicant","Main scheme application","50","20","0.353"
"2022","Asian","21 - 24","Scotland","All","Main scheme applicant","Main scheme application","30","15","0.548"
"2023","Asian","21 - 24","Scotland","All","Main scheme applicant","Main scheme application","35","20","0.667"
"2022","Asian","21 - 24","Wales","All","Main scheme applicant","Main scheme application","15","5"," "
"2023","Asian","21 - 24","Wales","All","Main scheme applicant","Main scheme application","10","10"," "
"2019","Mixed","21 - 24","England","All","Main scheme applicant","Main scheme application","5","0"," "
"2020","Mixed","21 - 24","England","All","Main scheme applicant","Main scheme application","5","0"," "
"2021","Mixed","21 - 24","England","All","Main scheme applicant","Main scheme application","5","0"," "
"2022","Mixed","21 - 24","England","All","Main scheme applicant","Main scheme application","5","0"," "
"2023","Mixed","21 - 24","England","All","Main scheme applicant","Main scheme application","10","5"," "
"2019","Mixed","21 - 24","Scotland","All","Main scheme applicant","Main scheme application","20","5"," "
"2020","Mixed","21 - 24","Scotland","All","Main scheme applicant","Main scheme application","15","5"," "
"2021","Mixed","21 - 24","Scotland","All","Main scheme applicant","Main scheme application","25","10","0.522"
"2022","Mixed","21 - 24","Scotland","All","Main scheme applicant","Main scheme application","25","15","0.56"
"2023","Mixed","21 - 24","Scotland","All","Main scheme applicant","Main scheme application","20","15","0.619"
"2022","Mixed","21 - 24","Wales","All","Main scheme applicant","Main scheme application","10","10"," "
"2023","Mixed","21 - 24","Wales","All","Main scheme applicant","Main scheme application","5","5"," "
"2020","Other","21 - 24","Scotland","All","Main scheme applicant","Main scheme application","5","0"," "
"2021","Other","21 - 24","Scotland","All","Main scheme applicant","Main scheme application","5","0"," "
"2022","Other","21 - 24","Scotland","All","Main scheme applicant","Main scheme application","5","0"," "
"2023","Other","21 - 24","Scotland","All","Main scheme applicant","Main scheme application","5","5"," "
"2019","Unknown or Prefer Not To Say","21 - 24","Scotland","All","Main scheme applicant","Main scheme application","5","0"," "
"2020","Unknown or Prefer Not To Say","21 - 24","Scotland","All","Main scheme applicant","Main scheme application","5","0"," "
"2021","Unknown or Prefer Not To Say","21 - 24","Scotland","All","Main scheme applicant","Main scheme application","15","5"," "
"2022","Unknown or Prefer Not To Say","21 - 24","Scotland","All","Main scheme applicant","Main scheme application","10","5"," "
"2019","White","25 - 29","Northern Ireland","All","Main scheme applicant","Main scheme application","25","10","0.423"
"2020","White","25 - 29","Northern Ireland","All","Main scheme applicant","Main scheme application","20","5"," "
"2021","White","25 - 29","Northern Ireland","All","Main scheme applicant","Main scheme application","25","10"," "
"2022","White","25 - 29","Northern Ireland","All","Main scheme applicant","Main scheme application","15","5"," "
"2023","White","25 - 29","Northern Ireland","All","Main scheme applicant","Main scheme application","10","5"," "
"2019","White","25 - 29","England","All","Main scheme applicant","Main scheme application","25","5"," "
"2020","White","25 - 29","England","All","Main scheme applicant","Main scheme application","35","20","0.529"
"2021","White","25 - 29","England","All","Main scheme applicant","Main scheme application","50","20","0.38"
"2022","White","25 - 29","England","All","Main scheme applicant","Main scheme application","35","10","0.303"
"2023","White","25 - 29","England","All","Main scheme applicant","Main scheme application","25","10","0.4"
"2019","White","25 - 29","Scotland","All","Main scheme applicant","Main scheme application","1265","660","0.521"
"2020","White","25 - 29","Scotland","All","Main scheme applicant","Main scheme application","1250","650","0.52"
"2021","White","25 - 29","Scotland","All","Main scheme applicant","Main scheme application","1560","690","0.443"
"2022","White","25 - 29","Scotland","All","Main scheme applicant","Main scheme application","1070","565","0.53"
"2023","White","25 - 29","Scotland","All","Main scheme applicant","Main scheme application","780","420","0.542"
"2020","White","25 - 29","Wales","All","Main scheme applicant","Main scheme application","5","0"," "
"2022","White","25 - 29","Wales","All","Main scheme applicant","Main scheme application","220","150","0.667"
"2023","White","25 - 29","Wales","All","Main scheme applicant","Main scheme application","195","135","0.6920000000000001"
"2019","Black","25 - 29","Scotland","All","Main scheme applicant","Main scheme application","5","0"," "
"2020","Black","25 - 29","Scotland","All","Main scheme applicant","Main scheme application","5","0"," "
"2021","Black","25 - 29","Scotland","All","Main scheme applicant","Main scheme application","5","5"," "
"2023","Black","25 - 29","Scotland","All","Main scheme applicant","Main scheme application","5","0"," "
"2023","Black","25 - 29","Wales","All","Main scheme applicant","Main scheme application","5","0"," "
"2019","Asian","25 - 29","England","All","Main scheme applicant","Main scheme application","5","0"," "
"2019","Asian","25 - 29","Scotland","All","Main scheme applicant","Main scheme application","25","10","0.4"
"2020","Asian","25 - 29","Scotland","All","Main scheme applicant","Main scheme application","30","10","0.357"
"2021","Asian","25 - 29","Scotland","All","Main scheme applicant","Main scheme application","40","15","0.368"
"2022","Asian","25 - 29","Scotland","All","Main scheme applicant","Main scheme application","25","10","0.40700000000000003"
"2023","Asian","25 - 29","Scotland","All","Main scheme applicant","Main scheme application","25","15","0.481"
"2023","Asian","25 - 29","Wales","All","Main scheme applicant","Main scheme application","5","5"," "
"2019","Mixed","25 - 29","Scotland","All","Main scheme applicant","Main scheme application","20","10"," "
"2020","Mixed","25 - 29","Scotland","All","Main scheme applicant","Main scheme application","20","10","0.5"
"2021","Mixed","25 - 29","Scotland","All","Main scheme applicant","Main scheme application","20","10"," "
"2022","Mixed","25 - 29","Scotland","All","Main scheme applicant","Main scheme application","20","10","0.5"
"2023","Mixed","25 - 29","Scotland","All","Main scheme applicant","Main scheme application","20","10","0.524"
"2022","Mixed","25 - 29","Wales","All","Main scheme applicant","Main scheme application","5","0"," "
"2023","Mixed","25 - 29","Wales","All","Main scheme applicant","Main scheme application","10","5"," "
"2019","Other","25 - 29","Scotland","All","Main scheme applicant","Main scheme application","5","0"," "
"2020","Other","25 - 29","Scotland","All","Main scheme applicant","Main scheme application","10","5"," "
"2021","Other","25 - 29","Scotland","All","Main scheme applicant","Main scheme application","5","0"," "
"2023","Other","25 - 29","Scotland","All","Main scheme applicant","Main scheme application","5","0"," "
"2023","Other","25 - 29","Wales","All","Main scheme applicant","Main scheme application","5","5"," "
"2019","Unknown or Prefer Not To Say","25 - 29","Scotland","All","Main scheme applicant","Main scheme application","10","5"," "
"2020","Unknown or Prefer Not To Say","25 - 29","Scotland","All","Main scheme applicant","Main scheme application","10","5"," "
"2021","Unknown or Prefer Not To Say","25 - 29","Scotland","All","Main scheme applicant","Main scheme application","15","5"," "
"2022","Unknown or Prefer Not To Say","25 - 29","Scotland","All","Main scheme applicant","Main scheme application","10","5"," "
"2023","Unknown or Prefer Not To Say","25 - 29","Scotland","All","Main scheme applicant","Main scheme application","5","5"," "
"2019","White","30 - 34","Northern Ireland","All","Main scheme applicant","Main scheme application","5","0"," "
"2020","White","30 - 34","Northern Ireland","All","Main scheme applicant","Main scheme application","5","0"," "
"2021","White","30 - 34","Northern Ireland","All","Main scheme applicant","Main scheme application","5","0"," "
"2022","White","30 - 34","Northern Ireland","All","Main scheme applicant","Main scheme application","5","0"," "
"2023","White","30 - 34","Northern Ireland","All","Main scheme applicant","Main scheme application","5","0"," "
"2019","White","30 - 34","England","All","Main scheme applicant","Main scheme application","10","5"," "
"2020","White","30 - 34","England","All","Main scheme applicant","Main scheme application","20","10","0.667"
"2021","White","30 - 34","England","All","Main scheme applicant","Main scheme application","20","0"," "
"2022","White","30 - 34","England","All","Main scheme applicant","Main scheme application","15","5"," "
"2023","White","30 - 34","England","All","Main scheme applicant","Main scheme application","10","5"," "
"2019","White","30 - 34","Scotland","All","Main scheme applicant","Main scheme application","565","265","0.47100000000000003"
"2020","White","30 - 34","Scotland","All","Main scheme applicant","Main scheme application","595","310","0.518"
"2021","White","30 - 34","Scotland","All","Main scheme applicant","Main scheme application","665","260","0.395"
"2022","White","30 - 34","Scotland","All","Main scheme applicant","Main scheme application","470","250","0.533"
"2023","White","30 - 34","Scotland","All","Main scheme applicant","Main scheme application","340","185","0.552"
"2022","White","30 - 34","Wales","All","Main scheme applicant","Main scheme application","85","65","0.733"
"2023","White","30 - 34","Wales","All","Main scheme applicant","Main scheme application","75","50","0.64"
"2019","Black","30 - 34","Scotland","All","Main scheme applicant","Main scheme application","5","0"," "
"2021","Black","30 - 34","Scotland","All","Main scheme applicant","Main scheme application","5","0"," "
"2022","Black","30 - 34","Scotland","All","Main scheme applicant","Main scheme application","5","0"," "
"2023","Black","30 - 34","Scotland","All","Main scheme applicant","Main scheme application","5","0"," "
"2019","Asian","30 - 34","England","All","Main scheme applicant","Main scheme application","5","0"," "
"2019","Asian","30 - 34","Scotland","All","Main scheme applicant","Main scheme application","20","5"," "
"2020","Asian","30 - 34","Scotland","All","Main scheme applicant","Main scheme application","15","5"," "
"2021","Asian","30 - 34","Scotland","All","Main scheme applicant","Main scheme application","20","5"," "
"2022","Asian","30 - 34","Scotland","All","Main scheme applicant","Main scheme application","15","5"," "
"2023","Asian","30 - 34","Scotland","All","Main scheme applicant","Main scheme application","15","5"," "
"2019","Mixed","30 - 34","Scotland","All","Main scheme applicant","Main scheme application","10","0"," "
"2020","Mixed","30 - 34","Scotland","All","Main scheme applicant","Main scheme application","10","5"," "
"2021","Mixed","30 - 34","Scotland","All","Main scheme applicant","Main scheme application","15","5"," "
"2022","Mixed","30 - 34","Scotland","All","Main scheme applicant","Main scheme application","10","5"," "
"2023","Mixed","30 - 34","Scotland","All","Main scheme applicant","Main scheme application","10","5"," "
"2022","Mixed","30 - 34","Wales","All","Main scheme applicant","Main scheme application","5","5"," "
"2019","Other","30 - 34","Scotland","All","Main scheme applicant","Main scheme application","5","0"," "
"2020","Other","30 - 34","Scotland","All","Main scheme applicant","Main scheme application","5","0"," "
"2021","Other","30 - 34","Scotland","All","Main scheme applicant","Main scheme application","5","5"," "
"2022","Other","30 - 34","Scotland","All","Main scheme applicant","Main scheme application","5","0"," "
"2023","Other","30 - 34","Scotland","All","Main scheme applicant","Main scheme application","5","0"," "
"2019","Unknown or Prefer Not To Say","30 - 34","Scotland","All","Main scheme applicant","Main scheme application","10","5"," "
"2020","Unknown or Prefer Not To Say","30 - 34","Scotland","All","Main scheme applicant","Main scheme application","5","0"," "
"2021","Unknown or Prefer Not To Say","30 - 34","Scotland","All","Main scheme applicant","Main scheme application","15","10"," "
"2022","Unknown or Prefer Not To Say","30 - 34","Scotland","All","Main scheme applicant","Main scheme application","5","5"," "
"2023","Unknown or Prefer Not To Say","30 - 34","Scotland","All","Main scheme applicant","Main scheme application","10","5"," "
"2019","White","35 and over","Northern Ireland","All","Main scheme applicant","Main scheme application","5","0"," "
"2021","White","35 and over","Northern Ireland","All","Main scheme applicant","Main scheme application","5","5"," "
"2022","White","35 and over","Northern Ireland","All","Main scheme applicant","Main scheme application","5","5"," "
"2023","White","35 and over","Northern Ireland","All","Main scheme applicant","Main scheme application","5","0"," "
"2019","White","35 and over","England","All","Main scheme applicant","Main scheme application","15","5"," "
"2020","White","35 and over","England","All","Main scheme applicant","Main scheme application","15","5"," "
"2021","White","35 and over","England","All","Main scheme applicant","Main scheme application","15","10","0.706"
"2022","White","35 and over","England","All","Main scheme applicant","Main scheme application","15","5"," "
"2023","White","35 and over","England","All","Main scheme applicant","Main scheme application","10","5"," "
"2019","White","35 and over","Scotland","All","Main scheme applicant","Main scheme application","940","425","0.452"
"2020","White","35 and over","Scotland","All","Main scheme applicant","Main scheme application","1000","470","0.47000000000000003"
"2021","White","35 and over","Scotland","All","Main scheme applicant","Main scheme application","1090","405","0.373"
"2022","White","35 and over","Scotland","All","Main scheme applicant","Main scheme application","735","370","0.503"
"2023","White","35 and over","Scotland","All","Main scheme applicant","Main scheme application","585","325","0.551"
"2022","White","35 and over","Wales","All","Main scheme applicant","Main scheme application","115","70","0.619"
"2023","White","35 and over","Wales","All","Main scheme applicant","Main scheme application","70","50","0.6960000000000001"
"2019","Black","35 and over","Scotland","All","Main scheme applicant","Main scheme application","15","0"," "
"2020","Black","35 and over","Scotland","All","Main scheme applicant","Main scheme application","30","5"," "
"2021","Black","35 and over","Scotland","All","Main scheme applicant","Main scheme application","25","5"," "
"2022","Black","35 and over","Scotland","All","Main scheme applicant","Main scheme application","15","5"," "
"2023","Black","35 and over","Scotland","All","Main scheme applicant","Main scheme application","20","5"," "
"2022","Black","35 and over","Wales","All","Main scheme applicant","Main scheme application","5","0"," "
"2019","Asian","35 and over","England","All","Main scheme applicant","Main scheme application","5","0"," "
"2021","Asian","35 and over","England","All","Main scheme applicant","Main scheme application","5","0"," "
"2019","Asian","35 and over","Scotland","All","Main scheme applicant","Main scheme application","70","20","0.31"
"2020","Asian","35 and over","Scotland","All","Main scheme applicant","Main scheme application","55","20","0.327"
"2021","Asian","35 and over","Scotland","All","Main scheme applicant","Main scheme application","50","20","0.404"
"2022","Asian","35 and over","Scotland","All","Main scheme applicant","Main scheme application","40","15","0.357"
"2023","Asian","35 and over","Scotland","All","Main scheme applicant","Main scheme application","40","10"," "
"2022","Asian","35 and over","Wales","All","Main scheme applicant","Main scheme application","5","0"," "
"2023","Asian","35 and over","Wales","All","Main scheme applicant","Main scheme application","10","5"," "
"2019","Mixed","35 and over","Scotland","All","Main scheme applicant","Main scheme application","20","5"," "
"2020","Mixed","35 and over","Scotland","All","Main scheme applicant","Main scheme application","20","10","0.5"
"2021","Mixed","35 and over","Scotland","All","Main scheme applicant","Main scheme application","20","5"," "
"2022","Mixed","35 and over","Scotland","All","Main scheme applicant","Main scheme application","15","5"," "
"2023","Mixed","35 and over","Scotland","All","Main scheme applicant","Main scheme application","15","10","0.6880000000000001"
"2019","Other","35 and over","Scotland","All","Main scheme applicant","Main scheme application","15","0"," "
"2020","Other","35 and over","Scotland","All","Main scheme applicant","Main scheme application","15","10"," "
"2021","Other","35 and over","Scotland","All","Main scheme applicant","Main scheme application","15","5"," "
"2022","Other","35 and over","Scotland","All","Main scheme applicant","Main scheme application","15","5"," "
"2023","Other","35 and over","Scotland","All","Main scheme applicant","Main scheme application","10","5"," "
"2022","Other","35 and over","Wales","All","Main scheme applicant","Main scheme application","5","0"," "
"2023","Other","35 and over","Wales","All","Main scheme applicant","Main scheme application","5","0"," "
"2019","Unknown or Prefer Not To Say","35 and over","Scotland","All","Main scheme applicant","Main scheme application","20","10","0.55"
"2020","Unknown or Prefer Not To Say","35 and over","Scotland","All","Main scheme applicant","Main scheme application","20","5"," "
"2021","Unknown or Prefer Not To Say","35 and over","Scotland","All","Main scheme applicant","Main scheme application","25","10","0.40700000000000003"
"2022","Unknown or Prefer Not To Say","35 and over","Scotland","All","Main scheme applicant","Main scheme application","20","5"," "
"2023","Unknown or Prefer Not To Say","35 and over","Scotland","All","Main scheme applicant","Main scheme application","20","5"," "
"2023","Unknown or Prefer Not To Say","35 and over","Wales","All","Main scheme applicant","Main scheme application","5","0"," "
"2019","All","21 - 24","England","All","Not main scheme applicant","Not main scheme application","5","5"," "
"2020","All","21 - 24","England","All","Not main scheme applicant","Not main scheme application","10","10"," "
"2021","All","21 - 24","England","All","Not main scheme applicant","Not main scheme application","5","0"," "
"2022","All","21 - 24","England","All","Not main scheme applicant","Not main scheme application","15","10"," "
"2023","All","21 - 24","England","All","Not main scheme applicant","Not main scheme application","15","15","1"
"2019","All","21 - 24","Scotland","All","Not main scheme applicant","Not main scheme application","20","20","0.857"
"2020","All","21 - 24","Scotland","All","Not main scheme applicant","Not main scheme application","35","25","0.75"
"2021","All","21 - 24","Scotland","All","Not main scheme applicant","Not main scheme application","20","20","0.864"
"2022","All","21 - 24","Scotland","All","Not main scheme applicant","Not main scheme application","25","20","0.87"
"2023","All","21 - 24","Scotland","All","Not main scheme applicant","Not main scheme application","25","20","0.704"
"2022","All","21 - 24","Wales","All","Not main scheme applicant","Not main scheme application","50","40","0.808"
"2023","All","21 - 24","Wales","All","Not main scheme applicant","Not main scheme application","70","55","0.838"
"2019","All","25 - 29","England","All","Not main scheme applicant","Not main scheme application","5","5"," "
"2020","All","25 - 29","England","All","Not main scheme applicant","Not main scheme application","15","10","0.846"
"2021","All","25 - 29","England","All","Not main scheme applicant","Not main scheme application","5","5"," "
"2022","All","25 - 29","England","All","Not main scheme applicant","Not main scheme application","5","5"," "
"2023","All","25 - 29","England","All","Not main scheme applicant","Not main scheme application","15","15","1"
"2019","All","25 - 29","Scotland","All","Not main scheme applicant","Not main scheme application","30","25","0.8"
"2020","All","25 - 29","Scotland","All","Not main scheme applicant","Not main scheme application","55","45","0.8300000000000001"
"2021","All","25 - 29","Scotland","All","Not main scheme applicant","Not main scheme application","15","10","0.625"
"2022","All","25 - 29","Scotland","All","Not main scheme applicant","Not main scheme application","25","20","0.6920000000000001"
"2023","All","25 - 29","Scotland","All","Not main scheme applicant","Not main scheme application","25","25","0.885"
"2022","All","25 - 29","Wales","All","Not main scheme applicant","Not main scheme application","35","25","0.794"
"2023","All","25 - 29","Wales","All","Not main scheme applicant","Not main scheme application","20","15","0.684"
"2020","All","30 - 34","England","All","Not main scheme applicant","Not main scheme application","5","5"," "
"2021","All","30 - 34","England","All","Not main scheme applicant","Not main scheme application","5","5"," "
"2023","All","30 - 34","England","All","Not main scheme applicant","Not main scheme application","5","5"," "
"2019","All","30 - 34","Scotland","All","Not main scheme applicant","Not main scheme application","10","5"," "
"2020","All","30 - 34","Scotland","All","Not main scheme applicant","Not main scheme application","15","10","0.733"
"2021","All","30 - 34","Scotland","All","Not main scheme applicant","Not main scheme application","5","5"," "
"2022","All","30 - 34","Scotland","All","Not main scheme applicant","Not main scheme application","15","5"," "
"2023","All","30 - 34","Scotland","All","Not main scheme applicant","Not main scheme application","15","10","0.8"
"2022","All","30 - 34","Wales","All","Not main scheme applicant","Not main scheme application","5","5"," "
"2023","All","30 - 34","Wales","All","Not main scheme applicant","Not main scheme application","10","10","0.909"
"2019","All","35 and over","England","All","Not main scheme applicant","Not main scheme application","10","10"," "
"2020","All","35 and over","England","All","Not main scheme applicant","Not main scheme application","10","10","0.917"
"2021","All","35 and over","England","All","Not main scheme applicant","Not main scheme application","10","10"," "
"2022","All","35 and over","England","All","Not main scheme applicant","Not main scheme application","5","5"," "
"2023","All","35 and over","England","All","Not main scheme applicant","Not main scheme application","10","10"," "
"2019","All","35 and over","Scotland","All","Not main scheme applicant","Not main scheme application","25","15","0.56"
"2020","All","35 and over","Scotland","All","Not main scheme applicant","Not main scheme application","40","25","0.675"
"2021","All","35 and over","Scotland","All","Not main scheme applicant","Not main scheme application","20","15","0.682"
"2022","All","35 and over","Scotland","All","Not main scheme applicant","Not main scheme application","30","20","0.7000000000000001"
"2023","All","35 and over","Scotland","All","Not main scheme applicant","Not main scheme application","40","30","0.8160000000000001"
"2022","All","35 and over","Wales","All","Not main scheme applicant","Not main scheme application","20","15","0.778"
"2023","All","35 and over","Wales","All","Not main scheme applicant","Not main scheme application","15","15","0.8130000000000001"
"2021","All","18","Scotland","All","Main scheme applicant","Not main scheme application","5","0"," "
"2023","All","21 - 24","Northern Ireland","All","Main scheme applicant","Not main scheme application","5","5"," "
"2021","All","21 - 24","England","All","Main scheme applicant","Not main scheme application","5","0"," "
"2023","All","21 - 24","England","All","Main scheme applicant","Not main scheme application","5","5"," "
"2019","All","21 - 24","Scotland","All","Main scheme applicant","Not main scheme application","70","30","0.431"
"2020","All","21 - 24","Scotland","All","Main scheme applicant","Not main scheme application","80","20","0.232"
"2021","All","21 - 24","Scotland","All","Main scheme applicant","Not main scheme application","110","30","0.296"
"2022","All","21 - 24","Scotland","All","Main scheme applicant","Not main scheme application","70","40","0.557"
"2023","All","21 - 24","Scotland","All","Main scheme applicant","Not main scheme application","50","30","0.577"
"2022","All","21 - 24","Wales","All","Main scheme applicant","Not main scheme application","20","15","0.833"
"2023","All","21 - 24","Wales","All","Main scheme applicant","Not main scheme application","15","15","0.8240000000000001"
"2019","All","25 - 29","England","All","Main scheme applicant","Not main scheme application","5","0"," "
"2019","All","25 - 29","Scotland","All","Main scheme applicant","Not main scheme application","50","25","0.51"
"2020","All","25 - 29","Scotland","All","Main scheme applicant","Not main scheme application","60","25","0.387"
"2021","All","25 - 29","Scotland","All","Main scheme applicant","Not main scheme application","75","25","0.329"
"2022","All","25 - 29","Scotland","All","Main scheme applicant","Not main scheme application","40","25","0.6"
"2023","All","25 - 29","Scotland","All","Main scheme applicant","Not main scheme application","30","20","0.677"
"2023","All","25 - 29","Wales","All","Main scheme applicant","Not main scheme application","10","10","0.909"
"2019","All","30 - 34","Scotland","All","Main scheme applicant","Not main scheme application","15","10"," "
"2020","All","30 - 34","Scotland","All","Main scheme applicant","Not main scheme application","20","10"," "
"2021","All","30 - 34","Scotland","All","Main scheme applicant","Not main scheme application","30","10","0.379"
"2022","All","30 - 34","Scotland","All","Main scheme applicant","Not main scheme application","20","5"," "
"2023","All","30 - 34","Scotland","All","Main scheme applicant","Not main scheme application","10","5"," "
"2022","All","30 - 34","Wales","All","Main scheme applicant","Not main scheme application","5","5"," "
"2023","All","30 - 34","Wales","All","Main scheme applicant","Not main scheme application","5","5"," "
"2019","All","35 and over","Scotland","All","Main scheme applicant","Not main scheme application","45","25","0.578"
"2020","All","35 and over","Scotland","All","Main scheme applicant","Not main scheme application","45","20","0.457"
"2021","All","35 and over","Scotland","All","Main scheme applicant","Not main scheme application","25","15","0.556"
"2022","All","35 and over","Scotland","All","Main scheme applicant","Not main scheme application","30","20","0.5630000000000001"
"2023","All","35 and over","Scotland","All","Main scheme applicant","Not main scheme application","25","15","0.5650000000000001"
"2023","All","35 and over","Wales","All","Main scheme applicant","Not main scheme application","5","5"," "
"2020","All","18","England","All","Main scheme applicant","Main scheme application","5","0"," "
"2022","All","18","England","All","Main scheme applicant","Main scheme application","10","0"," "
"2023","All","18","England","All","Main scheme applicant","Main scheme application","5","0"," "
"2019","All","18","Scotland","All","Main scheme applicant","Main scheme application","15","0"," "
"2020","All","18","Scotland","All","Main scheme applicant","Main scheme application","25","0"," "
"2021","All","18","Scotland","All","Main scheme applicant","Main scheme application","20","0"," "
"2022","All","18","Scotland","All","Main scheme applicant","Main scheme application","20","0"," "
"2023","All","18","Scotland","All","Main scheme applicant","Main scheme application","25","0"," "
"2020","All","18","Wales","All","Main scheme applicant","Main scheme application","5","0"," "
"2022","All","18","Wales","All","Main scheme applicant","Main scheme application","20","0"," "
"2023","All","18","Wales","All","Main scheme applicant","Main scheme application","5","0"," "
"2019","All","19","Scotland","All","Main scheme applicant","Main scheme application","5","0"," "
"2020","All","19","Scotland","All","Main scheme applicant","Main scheme application","5","0"," "
"2021","All","19","Scotland","All","Main scheme applicant","Main scheme application","5","0"," "
"2022","All","19","Scotland","All","Main scheme applicant","Main scheme application","10","0"," "
"2023","All","19","Scotland","All","Main scheme applicant","Main scheme application","10","0"," "
"2019","All","20","Scotland","All","Main scheme applicant","Main scheme application","5","0"," "
"2020","All","20","Scotland","All","Main scheme applicant","Main scheme application","10","0"," "
"2021","All","20","Scotland","All","Main scheme applicant","Main scheme application","15","0"," "
"2022","All","20","Scotland","All","Main scheme applicant","Main scheme application","10","0"," "
"2023","All","20","Scotland","All","Main scheme applicant","Main scheme application","10","0"," "
"2023","All","20","Wales","All","Main scheme applicant","Main scheme application","5","0"," "
"2019","All","21 - 24","Northern Ireland","All","Main scheme applicant","Main scheme application","60","10","0.17200000000000001"
"2020","All","21 - 24","Northern Ireland","All","Main scheme applicant","Main scheme application","40","10"," "
"2021","All","21 - 24","Northern Ireland","All","Main scheme applicant","Main scheme application","65","15","0.254"
"2022","All","21 - 24","Northern Ireland","All","Main scheme applicant","Main scheme application","45","15","0.28300000000000003"
"2023","All","21 - 24","Northern Ireland","All","Main scheme applicant","Main scheme application","25","5"," "
"2019","All","21 - 24","England","All","Main scheme applicant","Main scheme application","70","30","0.40800000000000003"
"2020","All","21 - 24","England","All","Main scheme applicant","Main scheme application","50","20","0.385"
"2021","All","21 - 24","England","All","Main scheme applicant","Main scheme application","90","25","0.28400000000000003"
"2022","All","21 - 24","England","All","Main scheme applicant","Main scheme application","145","65","0.448"
"2023","All","21 - 24","England","All","Main scheme applicant","Main scheme application","130","55","0.417"
"2019","All","21 - 24","Scotland","All","Main scheme applicant","Main scheme application","1570","800","0.509"
"2020","All","21 - 24","Scotland","All","Main scheme applicant","Main scheme application","1680","875","0.519"
"2021","All","21 - 24","Scotland","All","Main scheme applicant","Main scheme application","2110","875","0.41400000000000003"
"2022","All","21 - 24","Scotland","All","Main scheme applicant","Main scheme application","1525","765","0.5"
"2023","All","21 - 24","Scotland","All","Main scheme applicant","Main scheme application","1285","720","0.559"
"2020","All","21 - 24","Wales","All","Main scheme applicant","Main scheme application","5","0"," "
"2021","All","21 - 24","Wales","All","Main scheme applicant","Main scheme application","5","0"," "
"2022","All","21 - 24","Wales","All","Main scheme applicant","Main scheme application","645","460","0.711"
"2023","All","21 - 24","Wales","All","Main scheme applicant","Main scheme application","600","420","0.6990000000000001"
"2019","All","25 - 29","Northern Ireland","All","Main scheme applicant","Main scheme application","25","10","0.423"
"2020","All","25 - 29","Northern Ireland","All","Main scheme applicant","Main scheme application","20","5"," "
"2021","All","25 - 29","Northern Ireland","All","Main scheme applicant","Main scheme application","25","10"," "
"2022","All","25 - 29","Northern Ireland","All","Main scheme applicant","Main scheme application","15","10"," "
"2023","All","25 - 29","Northern Ireland","All","Main scheme applicant","Main scheme application","15","5"," "
"2019","All","25 - 29","England","All","Main scheme applicant","Main scheme application","30","10"," "
"2020","All","25 - 29","England","All","Main scheme applicant","Main scheme application","35","20","0.541"
"2021","All","25 - 29","England","All","Main scheme applicant","Main scheme application","55","20","0.37"
"2022","All","25 - 29","England","All","Main scheme applicant","Main scheme application","35","10","0.278"
"2023","All","25 - 29","England","All","Main scheme applicant","Main scheme application","25","10","0.423"
"2019","All","25 - 29","Scotland","All","Main scheme applicant","Main scheme application","1325","685","0.517"
"2020","All","25 - 29","Scotland","All","Main scheme applicant","Main scheme application","1325","680","0.514"
"2021","All","25 - 29","Scotland","All","Main scheme applicant","Main scheme application","1650","725","0.438"
"2022","All","25 - 29","Scotland","All","Main scheme applicant","Main scheme application","1130","595","0.527"
"2023","All","25 - 29","Scotland","All","Main scheme applicant","Main scheme application","840","450","0.537"
"2019","All","25 - 29","Wales","All","Main scheme applicant","Main scheme application","5","0"," "
"2020","All","25 - 29","Wales","All","Main scheme applicant","Main scheme application","5","0"," "
"2022","All","25 - 29","Wales","All","Main scheme applicant","Main scheme application","230","155","0.671"
"2023","All","25 - 29","Wales","All","Main scheme applicant","Main scheme application","220","150","0.683"
"2019","All","30 - 34","Northern Ireland","All","Main scheme applicant","Main scheme application","5","0"," "
"2020","All","30 - 34","Northern Ireland","All","Main scheme applicant","Main scheme application","5","0"," "
"2021","All","30 - 34","Northern Ireland","All","Main scheme applicant","Main scheme application","5","0"," "
"2022","All","30 - 34","Northern Ireland","All","Main scheme applicant","Main scheme application","5","0"," "
"2023","All","30 - 34","Northern Ireland","All","Main scheme applicant","Main scheme application","5","0"," "
"2019","All","30 - 34","England","All","Main scheme applicant","Main scheme application","15","5"," "
"2020","All","30 - 34","England","All","Main scheme applicant","Main scheme application","20","15","0.667"
"2021","All","30 - 34","England","All","Main scheme applicant","Main scheme application","20","0"," "
"2022","All","30 - 34","England","All","Main scheme applicant","Main scheme application","20","5"," "
"2023","All","30 - 34","England","All","Main scheme applicant","Main scheme application","10","5"," "
"2019","All","30 - 34","Scotland","All","Main scheme applicant","Main scheme application","605","280","0.459"
"2020","All","30 - 34","Scotland","All","Main scheme applicant","Main scheme application","630","325","0.513"
"2021","All","30 - 34","Scotland","All","Main scheme applicant","Main scheme application","720","285","0.393"
"2022","All","30 - 34","Scotland","All","Main scheme applicant","Main scheme application","505","265","0.528"
"2023","All","30 - 34","Scotland","All","Main scheme applicant","Main scheme application","385","205","0.529"
"2022","All","30 - 34","Wales","All","Main scheme applicant","Main scheme application","95","70","0.742"
"2023","All","30 - 34","Wales","All","Main scheme applicant","Main scheme application","80","50","0.654"
"2019","All","35 and over","Northern Ireland","All","Main scheme applicant","Main scheme application","5","0"," "
"2021","All","35 and over","Northern Ireland","All","Main scheme applicant","Main scheme application","5","5"," "
"2022","All","35 and over","Northern Ireland","All","Main scheme applicant","Main scheme application","5","5"," "
"2023","All","35 and over","Northern Ireland","All","Main scheme applicant","Main scheme application","5","0"," "
"2019","All","35 and over","England","All","Main scheme applicant","Main scheme application","25","5"," "
"2020","All","35 and over","England","All","Main scheme applicant","Main scheme application","20","5"," "
"2021","All","35 and over","England","All","Main scheme applicant","Main scheme application","20","15","0.682"
"2022","All","35 and over","England","All","Main scheme applicant","Main scheme application","15","5"," "
"2023","All","35 and over","England","All","Main scheme applicant","Main scheme application","10","5"," "
"2019","All","35 and over","Scotland","All","Main scheme applicant","Main scheme application","1080","470","0.433"
"2020","All","35 and over","Scotland","All","Main scheme applicant","Main scheme application","1145","520","0.455"
"2021","All","35 and over","Scotland","All","Main scheme applicant","Main scheme application","1225","455","0.37"
"2022","All","35 and over","Scotland","All","Main scheme applicant","Main scheme application","840","400","0.47900000000000004"
"2023","All","35 and over","Scotland","All","Main scheme applicant","Main scheme application","690","360","0.518"
"2022","All","35 and over","Wales","All","Main scheme applicant","Main scheme application","125","75","0.5750000000000001"
"2023","All","35 and over","Wales","All","Main scheme applicant","Main scheme application","90","55","0.593"
"2019","White","All","England","All","Not main scheme applicant","Not main scheme application","15","15","1"
"2020","White","All","England","All","Not main scheme applicant","Not main scheme application","35","30","0.9390000000000001"
"2021","White","All","England","All","Not main scheme applicant","Not main scheme application","20","15","0.737"
"2022","White","All","England","All","Not main scheme applicant","Not main scheme application","25","20","0.8260000000000001"
"2023","White","All","England","All","Not main scheme applicant","Not main scheme application","30","30","1"
"2019","White","All","Scotland","All","Not main scheme applicant","Not main scheme application","75","55","0.747"
"2020","White","All","Scotland","All","Not main scheme applicant","Not main scheme application","130","95","0.75"
"2021","White","All","Scotland","All","Not main scheme applicant","Not main scheme application","60","45","0.741"
"2022","White","All","Scotland","All","Not main scheme applicant","Not main scheme application","70","50","0.7000000000000001"
"2023","White","All","Scotland","All","Not main scheme applicant","Not main scheme application","90","75","0.793"
"2022","White","All","Wales","All","Not main scheme applicant","Not main scheme application","100","80","0.81"
"2023","White","All","Wales","All","Not main scheme applicant","Not main scheme application","100","85","0.85"
"2021","Black","All","Scotland","All","Not main scheme applicant","Not main scheme application","5","0"," "
"2020","Asian","All","England","All","Not main scheme applicant","Not main scheme application","5","0"," "
"2023","Asian","All","England","All","Not main scheme applicant","Not main scheme application","5","5"," "
"2019","Asian","All","Scotland","All","Not main scheme applicant","Not main scheme application","5","5"," "
"2020","Asian","All","Scotland","All","Not main scheme applicant","Not main scheme application","10","5"," "
"2022","Asian","All","Scotland","All","Not main scheme applicant","Not main scheme application","10","5"," "
"2023","Asian","All","Scotland","All","Not main scheme applicant","Not main scheme application","5","5"," "
"2022","Asian","All","Wales","All","Not main scheme applicant","Not main scheme application","5","5"," "
"2023","Asian","All","Wales","All","Not main scheme applicant","Not main scheme application","5","0"," "
"2022","Mixed","All","England","All","Not main scheme applicant","Not main scheme application","5","0"," "
"2022","Mixed","All","Scotland","All","Not main scheme applicant","Not main scheme application","5","0"," "
"2023","Mixed","All","Scotland","All","Not main scheme applicant","Not main scheme application","5","0"," "
"2023","Other","All","Scotland","All","Not main scheme applicant","Not main scheme application","5","5"," "
"2020","Unknown or Prefer Not To Say","All","England","All","Not main scheme applicant","Not main scheme application","5","5"," "
"2020","Unknown or Prefer Not To Say","All","Scotland","All","Not main scheme applicant","Not main scheme application","5","5"," "
"2022","Unknown or Prefer Not To Say","All","Scotland","All","Not main scheme applicant","Not main scheme application","10","5"," "
"2023","Unknown or Prefer Not To Say","All","Scotland","All","Not main scheme applicant","Not main scheme application","5","5"," "
"2023","Unknown or Prefer Not To Say","All","Wales","All","Not main scheme applicant","Not main scheme application","5","5"," "
"2023","White","All","Northern Ireland","All","Main scheme applicant","Not main scheme application","5","5"," "
"2019","White","All","England","All","Main scheme applicant","Not main scheme application","5","5"," "
"2022","White","All","England","All","Main scheme applicant","Not main scheme application","5","0"," "
"2023","White","All","England","All","Main scheme applicant","Not main scheme application","5","5"," "
"2019","White","All","Scotland","All","Main scheme applicant","Not main scheme application","160","80","0.497"
"2020","White","All","Scotland","All","Main scheme applicant","Not main scheme application","190","65","0.335"
"2021","White","All","Scotland","All","Main scheme applicant","Not main scheme application","220","70","0.314"
"2022","White","All","Scotland","All","Main scheme applicant","Not main scheme application","145","80","0.545"
"2023","White","All","Scotland","All","Main scheme applicant","Not main scheme application","100","60","0.598"
"2022","White","All","Wales","All","Main scheme applicant","Not main scheme application","25","20","0.87"
"2023","White","All","Wales","All","Main scheme applicant","Not main scheme application","30","25","0.871"
"2021","Black","All","Scotland","All","Main scheme applicant","Not main scheme application","5","0"," "
"2023","Black","All","Scotland","All","Main scheme applicant","Not main scheme application","5","5"," "
"2019","Asian","All","Scotland","All","Main scheme applicant","Not main scheme application","15","5"," "
"2020","Asian","All","Scotland","All","Main scheme applicant","Not main scheme application","10","5"," "
"2021","Asian","All","Scotland","All","Main scheme applicant","Not main scheme application","10","5"," "
"2022","Asian","All","Scotland","All","Main scheme applicant","Not main scheme application","10","5"," "
"2023","Asian","All","Scotland","All","Main scheme applicant","Not main scheme application","10","5"," "
"2023","Asian","All","Wales","All","Main scheme applicant","Not main scheme application","5","5"," "
"2019","Mixed","All","Scotland","All","Main scheme applicant","Not main scheme application","5","5"," "
"2022","Mixed","All","Scotland","All","Main scheme applicant","Not main scheme application","5","0"," "
"2020","Other","All","Scotland","All","Main scheme applicant","Not main scheme application","5","0"," "
"2021","Other","All","Scotland","All","Main scheme applicant","Not main scheme application","5","5"," "
"2020","Unknown or Prefer Not To Say","All","Scotland","All","Main scheme applicant","Not main scheme application","5","0"," "
"2021","Unknown or Prefer Not To Say","All","Scotland","All","Main scheme applicant","Not main scheme application","5","0"," "
"2019","White","All","Northern Ireland","All","Main scheme applicant","Main scheme application","90","20","0.244"
"2020","White","All","Northern Ireland","All","Main scheme applicant","Main scheme application","70","15","0.20600000000000002"
"2021","White","All","Northern Ireland","All","Main scheme applicant","Main scheme application","95","30","0.305"
"2022","White","All","Northern Ireland","All","Main scheme applicant","Main scheme application","70","25","0.368"
"2023","White","All","Northern Ireland","All","Main scheme applicant","Main scheme application","45","10"," "
"2019","White","All","England","All","Main scheme applicant","Main scheme application","115","40","0.365"
"2020","White","All","England","All","Main scheme applicant","Main scheme application","115","55","0.462"
"2021","White","All","England","All","Main scheme applicant","Main scheme application","160","55","0.335"
"2022","White","All","England","All","Main scheme applicant","Main scheme application","210","85","0.399"
"2023","White","All","England","All","Main scheme applicant","Main scheme application","175","70","0.399"
"2019","White","All","Scotland","All","Main scheme applicant","Main scheme application","4290","2120","0.494"
"2020","White","All","Scotland","All","Main scheme applicant","Main scheme application","4490","2270","0.505"
"2021","White","All","Scotland","All","Main scheme applicant","Main scheme application","5375","2200","0.40900000000000003"
"2022","White","All","Scotland","All","Main scheme applicant","Main scheme application","3770","1915","0.508"
"2023","White","All","Scotland","All","Main scheme applicant","Main scheme application","2960","1610","0.544"
"2019","White","All","Wales","All","Main scheme applicant","Main scheme application","5","0"," "
"2020","White","All","Wales","All","Main scheme applicant","Main scheme application","10","0"," "
"2021","White","All","Wales","All","Main scheme applicant","Main scheme application","5","0"," "
"2022","White","All","Wales","All","Main scheme applicant","Main scheme application","1050","720","0.685"
"2023","White","All","Wales","All","Main scheme applicant","Main scheme application","925","635","0.6880000000000001"
"2019","Black","All","England","All","Main scheme applicant","Main scheme application","5","0"," "
"2022","Black","All","England","All","Main scheme applicant","Main scheme application","5","0"," "
"2019","Black","All","Scotland","All","Main scheme applicant","Main scheme application","30","5"," "
"2020","Black","All","Scotland","All","Main scheme applicant","Main scheme application","40","10","0.244"
"2021","Black","All","Scotland","All","Main scheme applicant","Main scheme application","40","10","0.316"
"2022","Black","All","Scotland","All","Main scheme applicant","Main scheme application","25","10"," "
"2023","Black","All","Scotland","All","Main scheme applicant","Main scheme application","35","5"," "
"2022","Black","All","Wales","All","Main scheme applicant","Main scheme application","10","5"," "
"2023","Black","All","Wales","All","Main scheme applicant","Main scheme application","10","5"," "
"2019","Asian","All","England","All","Main scheme applicant","Main scheme application","15","5"," "
"2020","Asian","All","England","All","Main scheme applicant","Main scheme application","5","0"," "
"2021","Asian","All","England","All","Main scheme applicant","Main scheme application","15","5"," "
"2022","Asian","All","England","All","Main scheme applicant","Main scheme application","5","0"," "
"2023","Asian","All","England","All","Main scheme applicant","Main scheme application","5","5"," "
"2019","Asian","All","Scotland","All","Main scheme applicant","Main scheme application","165","60","0.354"
"2020","Asian","All","Scotland","All","Main scheme applicant","Main scheme application","145","60","0.427"
"2021","Asian","All","Scotland","All","Main scheme applicant","Main scheme application","165","60","0.356"
"2022","Asian","All","Scotland","All","Main scheme applicant","Main scheme application","115","45","0.41200000000000003"
"2023","Asian","All","Scotland","All","Main scheme applicant","Main scheme application","115","50","0.417"
"2022","Asian","All","Wales","All","Main scheme applicant","Main scheme application","25","10","0.4"
"2023","Asian","All","Wales","All","Main scheme applicant","Main scheme application","30","15","0.5"
"2019","Mixed","All","England","All","Main scheme applicant","Main scheme application","5","0"," "
"2020","Mixed","All","England","All","Main scheme applicant","Main scheme application","5","0"," "
"2021","Mixed","All","England","All","Main scheme applicant","Main scheme application","5","5"," "
"2022","Mixed","All","England","All","Main scheme applicant","Main scheme application","5","0"," "
"2023","Mixed","All","England","All","Main scheme applicant","Main scheme application","10","5"," "
"2019","Mixed","All","Scotland","All","Main scheme applicant","Main scheme application","65","25","0.359"
"2020","Mixed","All","Scotland","All","Main scheme applicant","Main scheme application","65","30","0.462"
"2021","Mixed","All","Scotland","All","Main scheme applicant","Main scheme application","75","30","0.405"
"2022","Mixed","All","Scotland","All","Main scheme applicant","Main scheme application","70","35","0.47900000000000004"
"2023","Mixed","All","Scotland","All","Main scheme applicant","Main scheme application","70","40","0.549"
"2022","Mixed","All","Wales","All","Main scheme applicant","Main scheme application","20","15","0.7000000000000001"
"2023","Mixed","All","Wales","All","Main scheme applicant","Main scheme application","15","10","0.6880000000000001"
"2019","Other","All","Scotland","All","Main scheme applicant","Main scheme application","20","5"," "
"2020","Other","All","Scotland","All","Main scheme applicant","Main scheme application","35","15","0.382"
"2021","Other","All","Scotland","All","Main scheme applicant","Main scheme application","30","5"," "
"2022","Other","All","Scotland","All","Main scheme applicant","Main scheme application","25","5"," "
"2023","Other","All","Scotland","All","Main scheme applicant","Main scheme application","25","10","0.40700000000000003"
"2022","Other","All","Wales","All","Main scheme applicant","Main scheme application","10","5"," "
"2023","Other","All","Wales","All","Main scheme applicant","Main scheme application","10","5"," "
"2019","Unknown or Prefer Not To Say","All","England","All","Main scheme applicant","Main scheme application","5","0"," "
"2020","Unknown or Prefer Not To Say","All","England","All","Main scheme applicant","Main scheme application","5","5"," "
"2021","Unknown or Prefer Not To Say","All","England","All","Main scheme applicant","Main scheme application","5","0"," "
"2019","Unknown or Prefer Not To Say","All","Scotland","All","Main scheme applicant","Main scheme application","45","20","0.467"
"2020","Unknown or Prefer Not To Say","All","Scotland","All","Main scheme applicant","Main scheme application","40","15","0.357"
"2021","Unknown or Prefer Not To Say","All","Scotland","All","Main scheme applicant","Main scheme application","70","25","0.38"
"2022","Unknown or Prefer Not To Say","All","Scotland","All","Main scheme applicant","Main scheme application","40","20","0.488"
"2023","Unknown or Prefer Not To Say","All","Scotland","All","Main scheme applicant","Main scheme application","40","20","0.462"
"2022","Unknown or Prefer Not To Say","All","Wales","All","Main scheme applicant","Main scheme application","5","5"," "
"2023","Unknown or Prefer Not To Say","All","Wales","All","Main scheme applicant","Main scheme application","10","5"," "
"2019","All","All","England","All","Not main scheme applicant","Not main scheme application","15","15","1"
"2020","All","All","England","All","Not main scheme applicant","Not main scheme application","40","35","0.9"
"2021","All","All","England","All","Not main scheme applicant","Not main scheme application","20","15","0.773"
"2022","All","All","England","All","Not main scheme applicant","Not main scheme application","25","20","0.808"
"2023","All","All","England","All","Not main scheme applicant","Not main scheme application","40","35","0.974"
"2019","All","All","Scotland","All","Not main scheme applicant","Not main scheme application","85","60","0.729"
"2020","All","All","Scotland","All","Not main scheme applicant","Not main scheme application","145","110","0.757"
"2021","All","All","Scotland","All","Not main scheme applicant","Not main scheme application","65","50","0.738"
"2022","All","All","Scotland","All","Not main scheme applicant","Not main scheme application","95","65","0.7020000000000001"
"2023","All","All","Scotland","All","Not main scheme applicant","Not main scheme application","105","85","0.802"
"2022","All","All","Wales","All","Not main scheme applicant","Not main scheme application","110","90","0.809"
"2023","All","All","Wales","All","Not main scheme applicant","Not main scheme application","115","95","0.8160000000000001"
"2023","All","All","Northern Ireland","All","Main scheme applicant","Not main scheme application","5","5"," "
"2019","All","All","England","All","Main scheme applicant","Not main scheme application","5","5"," "
"2021","All","All","England","All","Main scheme applicant","Not main scheme application","5","0"," "
"2022","All","All","England","All","Main scheme applicant","Not main scheme application","5","0"," "
"2023","All","All","England","All","Main scheme applicant","Not main scheme application","5","5"," "
"2019","All","All","Scotland","All","Main scheme applicant","Not main scheme application","180","90","0.497"
"2020","All","All","Scotland","All","Main scheme applicant","Not main scheme application","210","70","0.34"
"2021","All","All","Scotland","All","Main scheme applicant","Not main scheme application","245","85","0.34"
"2022","All","All","Scotland","All","Main scheme applicant","Not main scheme application","160","90","0.543"
"2023","All","All","Scotland","All","Main scheme applicant","Not main scheme application","115","70","0.598"
"2022","All","All","Wales","All","Main scheme applicant","Not main scheme application","25","20","0.875"
"2023","All","All","Wales","All","Main scheme applicant","Not main scheme application","35","30","0.886"
"2019","All","All","Northern Ireland","All","Main scheme applicant","Main scheme application","90","20","0.244"
"2020","All","All","Northern Ireland","All","Main scheme applicant","Main scheme application","70","15","0.203"
"2021","All","All","Northern Ireland","All","Main scheme applicant","Main scheme application","95","30","0.302"
"2022","All","All","Northern Ireland","All","Main scheme applicant","Main scheme application","70","25","0.377"
"2023","All","All","Northern Ireland","All","Main scheme applicant","Main scheme application","50","10"," "
"2019","All","All","England","All","Main scheme applicant","Main scheme application","140","50","0.355"
"2020","All","All","England","All","Main scheme applicant","Main scheme application","135","60","0.445"
"2021","All","All","England","All","Main scheme applicant","Main scheme application","185","60","0.333"
"2022","All","All","England","All","Main scheme applicant","Main scheme application","225","85","0.387"
"2023","All","All","England","All","Main scheme applicant","Main scheme application","190","80","0.40800000000000003"
"2019","All","All","Scotland","All","Main scheme applicant","Main scheme application","4615","2230","0.484"
"2020","All","All","Scotland","All","Main scheme applicant","Main scheme application","4815","2400","0.498"
"2021","All","All","Scotland","All","Main scheme applicant","Main scheme application","5750","2335","0.406"
"2022","All","All","Scotland","All","Main scheme applicant","Main scheme application","4045","2030","0.502"
"2023","All","All","Scotland","All","Main scheme applicant","Main scheme application","3245","1735","0.534"
"2019","All","All","Wales","All","Main scheme applicant","Main scheme application","5","0"," "
"2020","All","All","Wales","All","Main scheme applicant","Main scheme application","15","0"," "
"2021","All","All","Wales","All","Main scheme applicant","Main scheme application","5","0"," "
"2022","All","All","Wales","All","Main scheme applicant","Main scheme application","1115","755","0.676"
"2023","All","All","Wales","All","Main scheme applicant","Main scheme application","1000","675","0.675"
"2019","White","21 - 24","All","All","Not main scheme applicant","Not main scheme application","25","20","0.88"
"2020","White","21 - 24","All","All","Not main scheme applicant","Not main scheme application","40","30","0.78"
"2021","White","21 - 24","All","All","Not main scheme applicant","Not main scheme application","25","20","0.72"
"2022","White","21 - 24","All","All","Not main scheme applicant","Not main scheme application","80","65","0.79"
"2023","White","21 - 24","All","All","Not main scheme applicant","Not main scheme application","95","75","0.8280000000000001"
"2022","Asian","21 - 24","All","All","Not main scheme applicant","Not main scheme application","5","5"," "
"2023","Asian","21 - 24","All","All","Not main scheme applicant","Not main scheme application","10","5"," "
"2023","Unknown or Prefer Not To Say","21 - 24","All","All","Not main scheme applicant","Not main scheme application","5","5"," "
"2019","White","25 - 29","All","All","Not main scheme applicant","Not main scheme application","35","30","0.848"
"2020","White","25 - 29","All","All","Not main scheme applicant","Not main scheme application","60","50","0.8280000000000001"
"2021","White","25 - 29","All","All","Not main scheme applicant","Not main scheme application","15","10","0.647"
"2022","White","25 - 29","All","All","Not main scheme applicant","Not main scheme application","55","40","0.745"
"2023","White","25 - 29","All","All","Not main scheme applicant","Not main scheme application","50","40","0.857"
"2020","Asian","25 - 29","All","All","Not main scheme applicant","Not main scheme application","5","5"," "
"2022","Asian","25 - 29","All","All","Not main scheme applicant","Not main scheme application","5","5"," "
"2023","Other","25 - 29","All","All","Not main scheme applicant","Not main scheme application","5","5"," "
"2020","Unknown or Prefer Not To Say","25 - 29","All","All","Not main scheme applicant","Not main scheme application","5","5"," "
"2022","Unknown or Prefer Not To Say","25 - 29","All","All","Not main scheme applicant","Not main scheme application","5","5"," "
"2023","Unknown or Prefer Not To Say","25 - 29","All","All","Not main scheme applicant","Not main scheme application","5","0"," "
"2019","White","30 - 34","All","All","Not main scheme applicant","Not main scheme application","10","5"," "
"2020","White","30 - 34","All","All","Not main scheme applicant","Not main scheme application","20","15","0.833"
"2021","White","30 - 34","All","All","Not main scheme applicant","Not main scheme application","10","10"," "
"2022","White","30 - 34","All","All","Not main scheme applicant","Not main scheme application","15","10","0.647"
"2023","White","30 - 34","All","All","Not main scheme applicant","Not main scheme application","25","20","0.875"
"2019","White","35 and over","All","All","Not main scheme applicant","Not main scheme application","20","15","0.636"
"2020","White","35 and over","All","All","Not main scheme applicant","Not main scheme application","45","30","0.727"
"2021","White","35 and over","All","All","Not main scheme applicant","Not main scheme application","25","20","0.769"
"2022","White","35 and over","All","All","Not main scheme applicant","Not main scheme application","40","35","0.786"
"2023","White","35 and over","All","All","Not main scheme applicant","Not main scheme application","55","50","0.86"
"2021","Black","35 and over","All","All","Not main scheme applicant","Not main scheme application","5","0"," "
"2019","Asian","35 and over","All","All","Not main scheme applicant","Not main scheme application","5","5"," "
"2020","Asian","35 and over","All","All","Not main scheme applicant","Not main scheme application","5","5"," "
"2022","Asian","35 and over","All","All","Not main scheme applicant","Not main scheme application","5","0"," "
"2022","Mixed","35 and over","All","All","Not main scheme applicant","Not main scheme application","5","0"," "
"2023","Mixed","35 and over","All","All","Not main scheme applicant","Not main scheme application","5","0"," "
"2019","Other","35 and over","All","All","Not main scheme applicant","Not main scheme application","5","5"," "
"2021","White","18","All","All","Main scheme applicant","Not main scheme application","5","0"," "
"2019","White","21 - 24","All","All","Main scheme applicant","Not main scheme application","70","30","0.435"
"2020","White","21 - 24","All","All","Main scheme applicant","Not main scheme application","80","20","0.25"
"2021","White","21 - 24","All","All","Main scheme applicant","Not main scheme application","105","30","0.292"
"2022","White","21 - 24","All","All","Main scheme applicant","Not main scheme application","85","55","0.631"
"2023","White","21 - 24","All","All","Main scheme applicant","Not main scheme application","70","50","0.667"
"2019","Asian","21 - 24","All","All","Main scheme applicant","Not main scheme application","5","0"," "
"2021","Asian","21 - 24","All","All","Main scheme applicant","Not main scheme application","5","0"," "
"2022","Asian","21 - 24","All","All","Main scheme applicant","Not main scheme application","5","0"," "
"2019","White","25 - 29","All","All","Main scheme applicant","Not main scheme application","50","25","0.5"
"2020","White","25 - 29","All","All","Main scheme applicant","Not main scheme application","55","20","0.375"
"2021","White","25 - 29","All","All","Main scheme applicant","Not main scheme application","70","20","0.294"
"2022","White","25 - 29","All","All","Main scheme applicant","Not main scheme application","35","20","0.629"
"2023","White","25 - 29","All","All","Main scheme applicant","Not main scheme application","35","30","0.778"
"2020","Asian","25 - 29","All","All","Main scheme applicant","Not main scheme application","5","5"," "
"2022","Asian","25 - 29","All","All","Main scheme applicant","Not main scheme application","5","0"," "
"2023","Asian","25 - 29","All","All","Main scheme applicant","Not main scheme application","5","0"," "
"2021","Mixed","25 - 29","All","All","Main scheme applicant","Not main scheme application","5","0"," "
"2021","Unknown or Prefer Not To Say","25 - 29","All","All","Main scheme applicant","Not main scheme application","5","0"," "
"2019","White","30 - 34","All","All","Main scheme applicant","Not main scheme application","15","5"," "
"2020","White","30 - 34","All","All","Main scheme applicant","Not main scheme application","20","5"," "
"2021","White","30 - 34","All","All","Main scheme applicant","Not main scheme application","25","10"," "
"2022","White","30 - 34","All","All","Main scheme applicant","Not main scheme application","20","10"," "
"2023","White","30 - 34","All","All","Main scheme applicant","Not main scheme application","15","10"," "
"2019","Asian","30 - 34","All","All","Main scheme applicant","Not main scheme application","5","0"," "
"2021","Asian","30 - 34","All","All","Main scheme applicant","Not main scheme application","5","0"," "
"2019","White","35 and over","All","All","Main scheme applicant","Not main scheme application","35","20","0.611"
"2020","White","35 and over","All","All","Main scheme applicant","Not main scheme application","35","20","0.514"
"2021","White","35 and over","All","All","Main scheme applicant","Not main scheme application","20","10","0.55"
"2022","White","35 and over","All","All","Main scheme applicant","Not main scheme application","30","15","0.548"
"2023","White","35 and over","All","All","Main scheme applicant","Not main scheme application","20","10","0.556"
"2019","Asian","35 and over","All","All","Main scheme applicant","Not main scheme application","5","0"," "
"2021","Asian","35 and over","All","All","Main scheme applicant","Not main scheme application","5","0"," "
"2023","Asian","35 and over","All","All","Main scheme applicant","Not main scheme application","5","5"," "
"2020","Other","35 and over","All","All","Main scheme applicant","Not main scheme application","5","0"," "
"2020","Unknown or Prefer Not To Say","35 and over","All","All","Main scheme applicant","Not main scheme application","5","0"," "
"2019","White","18","All","All","Main scheme applicant","Main scheme application","15","0"," "
"2020","White","18","All","All","Main scheme applicant","Main scheme application","30","0"," "
"2021","White","18","All","All","Main scheme applicant","Main scheme application","25","0"," "
"2022","White","18","All","All","Main scheme applicant","Main scheme application","45","0"," "
"2023","White","18","All","All","Main scheme applicant","Main scheme application","35","0"," "
"2019","White","19","All","All","Main scheme applicant","Main scheme application","5","0"," "
"2020","White","19","All","All","Main scheme applicant","Main scheme application","5","0"," "
"2021","White","19","All","All","Main scheme applicant","Main scheme application","5","0"," "
"2022","White","19","All","All","Main scheme applicant","Main scheme application","10","0"," "
"2023","White","19","All","All","Main scheme applicant","Main scheme application","10","0"," "
"2019","White","20","All","All","Main scheme applicant","Main scheme application","5","0"," "
"2020","White","20","All","All","Main scheme applicant","Main scheme application","10","0"," "
"2021","White","20","All","All","Main scheme applicant","Main scheme application","15","0"," "
"2022","White","20","All","All","Main scheme applicant","Main scheme application","10","0"," "
"2023","White","20","All","All","Main scheme applicant","Main scheme application","15","0"," "
"2019","White","21 - 24","All","All","Main scheme applicant","Main scheme application","1620","810","0.499"
"2020","White","21 - 24","All","All","Main scheme applicant","Main scheme application","1695","865","0.509"
"2021","White","21 - 24","All","All","Main scheme applicant","Main scheme application","2155","880","0.40800000000000003"
"2022","White","21 - 24","All","All","Main scheme applicant","Main scheme application","2245","1235","0.551"
"2023","White","21 - 24","All","All","Main scheme applicant","Main scheme application","1935","1135","0.586"
"2019","Black","21 - 24","All","All","Main scheme applicant","Main scheme application","5","0"," "
"2020","Black","21 - 24","All","All","Main scheme applicant","Main scheme application","5","0"," "
"2021","Black","21 - 24","All","All","Main scheme applicant","Main scheme application","5","0"," "
"2022","Black","21 - 24","All","All","Main scheme applicant","Main scheme application","10","5"," "
"2023","Black","21 - 24","All","All","Main scheme applicant","Main scheme application","15","5"," "
"2019","Asian","21 - 24","All","All","Main scheme applicant","Main scheme application","50","20","0.4"
"2020","Asian","21 - 24","All","All","Main scheme applicant","Main scheme application","50","25","0.542"
"2021","Asian","21 - 24","All","All","Main scheme applicant","Main scheme application","60","20","0.35000000000000003"
"2022","Asian","21 - 24","All","All","Main scheme applicant","Main scheme application","50","25","0.49"
"2023","Asian","21 - 24","All","All","Main scheme applicant","Main scheme application","50","30","0.653"
"2019","Mixed","21 - 24","All","All","Main scheme applicant","Main scheme application","20","10"," "
"2020","Mixed","21 - 24","All","All","Main scheme applicant","Main scheme application","20","5"," "
"2021","Mixed","21 - 24","All","All","Main scheme applicant","Main scheme application","25","15","0.481"
"2022","Mixed","21 - 24","All","All","Main scheme applicant","Main scheme application","40","25","0.6"
"2023","Mixed","21 - 24","All","All","Main scheme applicant","Main scheme application","35","20","0.629"
"2020","Other","21 - 24","All","All","Main scheme applicant","Main scheme application","5","0"," "
"2021","Other","21 - 24","All","All","Main scheme applicant","Main scheme application","5","0"," "
"2022","Other","21 - 24","All","All","Main scheme applicant","Main scheme application","5","5"," "
"2023","Other","21 - 24","All","All","Main scheme applicant","Main scheme application","10","5"," "
"2019","Unknown or Prefer Not To Say","21 - 24","All","All","Main scheme applicant","Main scheme application","5","0"," "
"2020","Unknown or Prefer Not To Say","21 - 24","All","All","Main scheme applicant","Main scheme application","5","0"," "
"2021","Unknown or Prefer Not To Say","21 - 24","All","All","Main scheme applicant","Main scheme application","15","5"," "
"2022","Unknown or Prefer Not To Say","21 - 24","All","All","Main scheme applicant","Main scheme application","10","5"," "
"2023","Unknown or Prefer Not To Say","21 - 24","All","All","Main scheme applicant","Main scheme application","5","5"," "
"2019","White","25 - 29","All","All","Main scheme applicant","Main scheme application","1320","675","0.514"
"2020","White","25 - 29","All","All","Main scheme applicant","Main scheme application","1305","675","0.515"
"2021","White","25 - 29","All","All","Main scheme applicant","Main scheme application","1635","720","0.439"
"2022","White","25 - 29","All","All","Main scheme applicant","Main scheme application","1340","730","0.547"
"2023","White","25 - 29","All","All","Main scheme applicant","Main scheme application","1010","570","0.5640000000000001"
"2019","Black","25 - 29","All","All","Main scheme applicant","Main scheme application","5","0"," "
"2020","Black","25 - 29","All","All","Main scheme applicant","Main scheme application","5","0"," "
"2021","Black","25 - 29","All","All","Main scheme applicant","Main scheme application","5","5"," "
"2022","Black","25 - 29","All","All","Main scheme applicant","Main scheme application","5","0"," "
"2023","Black","25 - 29","All","All","Main scheme applicant","Main scheme application","5","0"," "
"2019","Asian","25 - 29","All","All","Main scheme applicant","Main scheme application","30","10","0.393"
"2020","Asian","25 - 29","All","All","Main scheme applicant","Main scheme application","30","10","0.379"
"2021","Asian","25 - 29","All","All","Main scheme applicant","Main scheme application","40","15","0.35000000000000003"
"2022","Asian","25 - 29","All","All","Main scheme applicant","Main scheme application","30","15","0.433"
"2023","Asian","25 - 29","All","All","Main scheme applicant","Main scheme application","35","15","0.486"
"2019","Mixed","25 - 29","All","All","Main scheme applicant","Main scheme application","20","10","0.47600000000000003"
"2020","Mixed","25 - 29","All","All","Main scheme applicant","Main scheme application","20","10","0.524"
"2021","Mixed","25 - 29","All","All","Main scheme applicant","Main scheme application","20","10"," "
"2022","Mixed","25 - 29","All","All","Main scheme applicant","Main scheme application","25","15","0.481"
"2023","Mixed","25 - 29","All","All","Main scheme applicant","Main scheme application","30","15","0.5670000000000001"
"2019","Other","25 - 29","All","All","Main scheme applicant","Main scheme application","5","0"," "
"2020","Other","25 - 29","All","All","Main scheme applicant","Main scheme application","10","5"," "
"2021","Other","25 - 29","All","All","Main scheme applicant","Main scheme application","5","0"," "
"2022","Other","25 - 29","All","All","Main scheme applicant","Main scheme application","5","0"," "
"2023","Other","25 - 29","All","All","Main scheme applicant","Main scheme application","5","5"," "
"2019","Unknown or Prefer Not To Say","25 - 29","All","All","Main scheme applicant","Main scheme application","10","5"," "
"2020","Unknown or Prefer Not To Say","25 - 29","All","All","Main scheme applicant","Main scheme application","10","5"," "
"2021","Unknown or Prefer Not To Say","25 - 29","All","All","Main scheme applicant","Main scheme application","20","5"," "
"2022","Unknown or Prefer Not To Say","25 - 29","All","All","Main scheme applicant","Main scheme application","10","5"," "
"2023","Unknown or Prefer Not To Say","25 - 29","All","All","Main scheme applicant","Main scheme application","10","5"," "
"2019","White","30 - 34","All","All","Main scheme applicant","Main scheme application","580","270","0.46900000000000003"
"2020","White","30 - 34","All","All","Main scheme applicant","Main scheme application","620","320","0.521"
"2021","White","30 - 34","All","All","Main scheme applicant","Main scheme application","685","265","0.386"
"2022","White","30 - 34","All","All","Main scheme applicant","Main scheme application","575","320","0.559"
"2023","White","30 - 34","All","All","Main scheme applicant","Main scheme application","425","240","0.5660000000000001"
"2019","Black","30 - 34","All","All","Main scheme applicant","Main scheme application","5","0"," "
"2021","Black","30 - 34","All","All","Main scheme applicant","Main scheme application","5","0"," "
"2022","Black","30 - 34","All","All","Main scheme applicant","Main scheme application","5","0"," "
"2023","Black","30 - 34","All","All","Main scheme applicant","Main scheme application","5","0"," "
"2019","Asian","30 - 34","All","All","Main scheme applicant","Main scheme application","20","10"," "
"2020","Asian","30 - 34","All","All","Main scheme applicant","Main scheme application","15","10"," "
"2021","Asian","30 - 34","All","All","Main scheme applicant","Main scheme application","20","5"," "
"2022","Asian","30 - 34","All","All","Main scheme applicant","Main scheme application","15","5"," "
"2023","Asian","30 - 34","All","All","Main scheme applicant","Main scheme application","20","5"," "
"2019","Mixed","30 - 34","All","All","Main scheme applicant","Main scheme application","10","0"," "
"2020","Mixed","30 - 34","All","All","Main scheme applicant","Main scheme application","10","5"," "
"2021","Mixed","30 - 34","All","All","Main scheme applicant","Main scheme application","15","5"," "
"2022","Mixed","30 - 34","All","All","Main scheme applicant","Main scheme application","15","5"," "
"2023","Mixed","30 - 34","All","All","Main scheme applicant","Main scheme application","10","5"," "
"2019","Other","30 - 34","All","All","Main scheme applicant","Main scheme application","5","0"," "
"2020","Other","30 - 34","All","All","Main scheme applicant","Main scheme application","5","0"," "
"2021","Other","30 - 34","All","All","Main scheme applicant","Main scheme application","5","5"," "
"2022","Other","30 - 34","All","All","Main scheme applicant","Main scheme application","5","0"," "
"2023","Other","30 - 34","All","All","Main scheme applicant","Main scheme application","5","0"," "
"2019","Unknown or Prefer Not To Say","30 - 34","All","All","Main scheme applicant","Main scheme application","10","5"," "
"2020","Unknown or Prefer Not To Say","30 - 34","All","All","Main scheme applicant","Main scheme application","5","5"," "
"2021","Unknown or Prefer Not To Say","30 - 34","All","All","Main scheme applicant","Main scheme application","15","10"," "
"2022","Unknown or Prefer Not To Say","30 - 34","All","All","Main scheme applicant","Main scheme application","10","10"," "
"2023","Unknown or Prefer Not To Say","30 - 34","All","All","Main scheme applicant","Main scheme application","10","5"," "
"2019","White","35 and over","All","All","Main scheme applicant","Main scheme application","960","430","0.446"
"2020","White","35 and over","All","All","Main scheme applicant","Main scheme application","1020","475","0.467"
"2021","White","35 and over","All","All","Main scheme applicant","Main scheme application","1110","425","0.38"
"2022","White","35 and over","All","All","Main scheme applicant","Main scheme application","865","450","0.519"
"2023","White","35 and over","All","All","Main scheme applicant","Main scheme application","670","375","0.561"
"2019","Black","35 and over","All","All","Main scheme applicant","Main scheme application","20","5"," "
"2020","Black","35 and over","All","All","Main scheme applicant","Main scheme application","30","5"," "
"2021","Black","35 and over","All","All","Main scheme applicant","Main scheme application","25","5"," "
"2022","Black","35 and over","All","All","Main scheme applicant","Main scheme application","20","5"," "
"2023","Black","35 and over","All","All","Main scheme applicant","Main scheme application","20","5"," "
"2019","Asian","35 and over","All","All","Main scheme applicant","Main scheme application","75","25","0.311"
"2020","Asian","35 and over","All","All","Main scheme applicant","Main scheme application","55","20","0.339"
"2021","Asian","35 and over","All","All","Main scheme applicant","Main scheme application","55","20","0.4"
"2022","Asian","35 and over","All","All","Main scheme applicant","Main scheme application","45","15","0.319"
"2023","Asian","35 and over","All","All","Main scheme applicant","Main scheme application","50","15","0.26"
"2019","Mixed","35 and over","All","All","Main scheme applicant","Main scheme application","20","5"," "
"2020","Mixed","35 and over","All","All","Main scheme applicant","Main scheme application","20","10","0.5"
"2021","Mixed","35 and over","All","All","Main scheme applicant","Main scheme application","20","5"," "
"2022","Mixed","35 and over","All","All","Main scheme applicant","Main scheme application","15","5"," "
"2023","Mixed","35 and over","All","All","Main scheme applicant","Main scheme application","20","10","0.667"
"2019","Other","35 and over","All","All","Main scheme applicant","Main scheme application","15","0"," "
"2020","Other","35 and over","All","All","Main scheme applicant","Main scheme application","20","10"," "
"2021","Other","35 and over","All","All","Main scheme applicant","Main scheme application","15","5"," "
"2022","Other","35 and over","All","All","Main scheme applicant","Main scheme application","20","5"," "
"2023","Other","35 and over","All","All","Main scheme applicant","Main scheme application","15","5"," "
"2019","Unknown or Prefer Not To Say","35 and over","All","All","Main scheme applicant","Main scheme application","20","10","0.524"
"2020","Unknown or Prefer Not To Say","35 and over","All","All","Main scheme applicant","Main scheme application","20","5"," "
"2021","Unknown or Prefer Not To Say","35 and over","All","All","Main scheme applicant","Main scheme application","30","10","0.429"
"2022","Unknown or Prefer Not To Say","35 and over","All","All","Main scheme applicant","Main scheme application","20","5"," "
"2023","Unknown or Prefer Not To Say","35 and over","All","All","Main scheme applicant","Main scheme application","25","10"," "
"2019","All","21 - 24","All","All","Not main scheme applicant","Not main scheme application","25","20","0.88"
"2020","All","21 - 24","All","All","Not main scheme applicant","Not main scheme application","45","35","0.778"
"2021","All","21 - 24","All","All","Not main scheme applicant","Not main scheme application","25","20","0.741"
"2022","All","21 - 24","All","All","Not main scheme applicant","Not main scheme application","90","70","0.789"
"2023","All","21 - 24","All","All","Not main scheme applicant","Not main scheme application","110","90","0.8240000000000001"
"2019","All","25 - 29","All","All","Not main scheme applicant","Not main scheme application","35","30","0.8240000000000001"
"2020","All","25 - 29","All","All","Not main scheme applicant","Not main scheme application","65","55","0.833"
"2021","All","25 - 29","All","All","Not main scheme applicant","Not main scheme application","20","15","0.684"
"2022","All","25 - 29","All","All","Not main scheme applicant","Not main scheme application","65","50","0.773"
"2023","All","25 - 29","All","All","Not main scheme applicant","Not main scheme application","60","50","0.845"
"2019","All","30 - 34","All","All","Not main scheme applicant","Not main scheme application","10","5"," "
"2020","All","30 - 34","All","All","Not main scheme applicant","Not main scheme application","20","15","0.81"
"2021","All","30 - 34","All","All","Not main scheme applicant","Not main scheme application","10","10"," "
"2022","All","30 - 34","All","All","Not main scheme applicant","Not main scheme application","20","15","0.636"
"2023","All","30 - 34","All","All","Not main scheme applicant","Not main scheme application","30","25","0.862"
"2019","All","35 and over","All","All","Not main scheme applicant","Not main scheme application","35","20","0.667"
"2020","All","35 and over","All","All","Not main scheme applicant","Not main scheme application","50","40","0.731"
"2021","All","35 and over","All","All","Not main scheme applicant","Not main scheme application","30","25","0.742"
"2022","All","35 and over","All","All","Not main scheme applicant","Not main scheme application","55","40","0.741"
"2023","All","35 and over","All","All","Not main scheme applicant","Not main scheme application","65","50","0.8250000000000001"
"2021","All","18","All","All","Main scheme applicant","Not main scheme application","5","0"," "
"2019","All","21 - 24","All","All","Main scheme applicant","Not main scheme application","75","30","0.438"
"2020","All","21 - 24","All","All","Main scheme applicant","Not main scheme application","85","20","0.241"
"2021","All","21 - 24","All","All","Main scheme applicant","Not main scheme application","110","35","0.297"
"2022","All","21 - 24","All","All","Main scheme applicant","Not main scheme application","90","55","0.611"
"2023","All","21 - 24","All","All","Main scheme applicant","Not main scheme application","75","50","0.671"
"2019","All","25 - 29","All","All","Main scheme applicant","Not main scheme application","55","25","0.509"
"2020","All","25 - 29","All","All","Main scheme applicant","Not main scheme application","65","25","0.397"
"2021","All","25 - 29","All","All","Main scheme applicant","Not main scheme application","75","25","0.325"
"2022","All","25 - 29","All","All","Main scheme applicant","Not main scheme application","40","25","0.619"
"2023","All","25 - 29","All","All","Main scheme applicant","Not main scheme application","40","30","0.738"
"2019","All","30 - 34","All","All","Main scheme applicant","Not main scheme application","15","10"," "
"2020","All","30 - 34","All","All","Main scheme applicant","Not main scheme application","20","10"," "
"2021","All","30 - 34","All","All","Main scheme applicant","Not main scheme application","30","10","0.379"
"2022","All","30 - 34","All","All","Main scheme applicant","Not main scheme application","20","10","0.455"
"2023","All","30 - 34","All","All","Main scheme applicant","Not main scheme application","15","10"," "
"2019","All","35 and over","All","All","Main scheme applicant","Not main scheme application","45","25","0.5740000000000001"
"2020","All","35 and over","All","All","Main scheme applicant","Not main scheme application","45","20","0.457"
"2021","All","35 and over","All","All","Main scheme applicant","Not main scheme application","25","15","0.556"
"2022","All","35 and over","All","All","Main scheme applicant","Not main scheme application","35","20","0.556"
"2023","All","35 and over","All","All","Main scheme applicant","Not main scheme application","25","15","0.63"
"2019","All","18","All","All","Main scheme applicant","Main scheme application","15","0"," "
"2020","All","18","All","All","Main scheme applicant","Main scheme application","30","0"," "
"2021","All","18","All","All","Main scheme applicant","Main scheme application","25","0"," "
"2022","All","18","All","All","Main scheme applicant","Main scheme application","50","0"," "
"2023","All","18","All","All","Main scheme applicant","Main scheme application","40","0"," "
"2019","All","19","All","All","Main scheme applicant","Main scheme application","10","0"," "
"2020","All","19","All","All","Main scheme applicant","Main scheme application","5","0"," "
"2021","All","19","All","All","Main scheme applicant","Main scheme application","5","0"," "
"2022","All","19","All","All","Main scheme applicant","Main scheme application","15","0"," "
"2023","All","19","All","All","Main scheme applicant","Main scheme application","15","0"," "
"2019","All","20","All","All","Main scheme applicant","Main scheme application","5","0"," "
"2020","All","20","All","All","Main scheme applicant","Main scheme application","10","0"," "
"2021","All","20","All","All","Main scheme applicant","Main scheme application","15","0"," "
"2022","All","20","All","All","Main scheme applicant","Main scheme application","15","0"," "
"2023","All","20","All","All","Main scheme applicant","Main scheme application","15","0"," "
"2019","All","21 - 24","All","All","Main scheme applicant","Main scheme application","1700","840","0.494"
"2020","All","21 - 24","All","All","Main scheme applicant","Main scheme application","1780","900","0.507"
"2021","All","21 - 24","All","All","Main scheme applicant","Main scheme application","2265","920","0.405"
"2022","All","21 - 24","All","All","Main scheme applicant","Main scheme application","2360","1300","0.55"
"2023","All","21 - 24","All","All","Main scheme applicant","Main scheme application","2045","1200","0.586"
"2019","All","25 - 29","All","All","Main scheme applicant","Main scheme application","1385","705","0.509"
"2020","All","25 - 29","All","All","Main scheme applicant","Main scheme application","1385","705","0.51"
"2021","All","25 - 29","All","All","Main scheme applicant","Main scheme application","1730","750","0.434"
"2022","All","25 - 29","All","All","Main scheme applicant","Main scheme application","1410","770","0.544"
"2023","All","25 - 29","All","All","Main scheme applicant","Main scheme application","1095","615","0.56"
"2019","All","30 - 34","All","All","Main scheme applicant","Main scheme application","625","285","0.457"
"2020","All","30 - 34","All","All","Main scheme applicant","Main scheme application","655","340","0.516"
"2021","All","30 - 34","All","All","Main scheme applicant","Main scheme application","745","285","0.384"
"2022","All","30 - 34","All","All","Main scheme applicant","Main scheme application","620","345","0.553"
"2023","All","30 - 34","All","All","Main scheme applicant","Main scheme application","475","260","0.546"
"2019","All","35 and over","All","All","Main scheme applicant","Main scheme application","1110","475","0.428"
"2020","All","35 and over","All","All","Main scheme applicant","Main scheme application","1165","525","0.452"
"2021","All","35 and over","All","All","Main scheme applicant","Main scheme application","1255","475","0.377"
"2022","All","35 and over","All","All","Main scheme applicant","Main scheme application","985","485","0.492"
"2023","All","35 and over","All","All","Main scheme applicant","Main scheme application","795","415","0.523"
"2019","White","All","All","All","Not main scheme applicant","Not main scheme application","90","70","0.787"
"2020","White","All","All","All","Not main scheme applicant","Not main scheme application","160","125","0.789"
"2021","White","All","All","All","Not main scheme applicant","Not main scheme application","75","55","0.74"
"2022","White","All","All","All","Not main scheme applicant","Not main scheme application","195","150","0.764"
"2023","White","All","All","All","Not main scheme applicant","Not main scheme application","225","190","0.848"
"2021","Black","All","All","All","Not main scheme applicant","Not main scheme application","5","5"," "
"2023","Black","All","All","All","Not main scheme applicant","Not main scheme application","5","0"," "
"2019","Asian","All","All","All","Not main scheme applicant","Not main scheme application","5","5"," "
"2020","Asian","All","All","All","Not main scheme applicant","Not main scheme application","10","10"," "
"2021","Asian","All","All","All","Not main scheme applicant","Not main scheme application","5","5"," "
"2022","Asian","All","All","All","Not main scheme applicant","Not main scheme application","15","10"," "
"2023","Asian","All","All","All","Not main scheme applicant","Not main scheme application","10","10"," "
"2019","Mixed","All","All","All","Not main scheme applicant","Not main scheme application","5","0"," "
"2022","Mixed","All","All","All","Not main scheme applicant","Not main scheme application","10","5"," "
"2023","Mixed","All","All","All","Not main scheme applicant","Not main scheme application","5","5"," "
"2019","Other","All","All","All","Not main scheme applicant","Not main scheme application","5","5"," "
"2020","Other","All","All","All","Not main scheme applicant","Not main scheme application","5","5"," "
"2023","Other","All","All","All","Not main scheme applicant","Not main scheme application","5","5"," "
"2020","Unknown or Prefer Not To Say","All","All","All","Not main scheme applicant","Not main scheme application","5","5"," "
"2022","Unknown or Prefer Not To Say","All","All","All","Not main scheme applicant","Not main scheme application","10","10"," "
"2023","Unknown or Prefer Not To Say","All","All","All","Not main scheme applicant","Not main scheme application","10","5"," "
"2019","White","All","All","All","Main scheme applicant","Not main scheme application","170","85","0.5"
"2020","White","All","All","All","Main scheme applicant","Not main scheme application","195","65","0.342"
"2021","White","All","All","All","Main scheme applicant","Not main scheme application","220","70","0.315"
"2022","White","All","All","All","Main scheme applicant","Not main scheme application","170","100","0.587"
"2023","White","All","All","All","Main scheme applicant","Not main scheme application","140","95","0.679"
"2021","Black","All","All","All","Main scheme applicant","Not main scheme application","5","0"," "
"2023","Black","All","All","All","Main scheme applicant","Not main scheme application","5","5"," "
"2019","Asian","All","All","All","Main scheme applicant","Not main scheme application","15","5"," "
"2020","Asian","All","All","All","Main scheme applicant","Not main scheme application","10","5"," "
"2021","Asian","All","All","All","Main scheme applicant","Not main scheme application","10","5"," "
"2022","Asian","All","All","All","Main scheme applicant","Not main scheme application","10","5"," "
"2023","Asian","All","All","All","Main scheme applicant","Not main scheme application","10","10"," "
"2019","Mixed","All","All","All","Main scheme applicant","Not main scheme application","5","5"," "
"2021","Mixed","All","All","All","Main scheme applicant","Not main scheme application","5","0"," "
"2022","Mixed","All","All","All","Main scheme applicant","Not main scheme application","5","0"," "
"2020","Other","All","All","All","Main scheme applicant","Not main scheme application","5","0"," "
"2021","Other","All","All","All","Main scheme applicant","Not main scheme application","5","5"," "
"2020","Unknown or Prefer Not To Say","All","All","All","Main scheme applicant","Not main scheme application","5","0"," "
"2021","Unknown or Prefer Not To Say","All","All","All","Main scheme applicant","Not main scheme application","5","0"," "
"2019","White","All","All","All","Main scheme applicant","Main scheme application","4500","2185","0.486"
"2020","White","All","All","All","Main scheme applicant","Main scheme application","4685","2340","0.499"
"2021","White","All","All","All","Main scheme applicant","Main scheme application","5635","2285","0.406"
"2022","White","All","All","All","Main scheme applicant","Main scheme application","5095","2740","0.538"
"2023","White","All","All","All","Main scheme applicant","Main scheme application","4100","2320","0.5660000000000001"
"2019","Black","All","All","All","Main scheme applicant","Main scheme application","35","5"," "
"2020","Black","All","All","All","Main scheme applicant","Main scheme application","45","10","0.233"
"2021","Black","All","All","All","Main scheme applicant","Main scheme application","40","10","0.308"
"2022","Black","All","All","All","Main scheme applicant","Main scheme application","35","15","0.35100000000000003"
"2023","Black","All","All","All","Main scheme applicant","Main scheme application","45","10","0.213"
"2019","Asian","All","All","All","Main scheme applicant","Main scheme application","175","65","0.356"
"2020","Asian","All","All","All","Main scheme applicant","Main scheme application","150","65","0.427"
"2021","Asian","All","All","All","Main scheme applicant","Main scheme application","180","60","0.34800000000000003"
"2022","Asian","All","All","All","Main scheme applicant","Main scheme application","145","60","0.403"
"2023","Asian","All","All","All","Main scheme applicant","Main scheme application","155","65","0.435"
"2019","Mixed","All","All","All","Main scheme applicant","Main scheme application","70","25","0.371"
"2020","Mixed","All","All","All","Main scheme applicant","Main scheme application","70","30","0.444"
"2021","Mixed","All","All","All","Main scheme applicant","Main scheme application","80","35","0.40700000000000003"
"2022","Mixed","All","All","All","Main scheme applicant","Main scheme application","100","50","0.51"
"2023","Mixed","All","All","All","Main scheme applicant","Main scheme application","95","55","0.5730000000000001"
"2019","Other","All","All","All","Main scheme applicant","Main scheme application","25","5"," "
"2020","Other","All","All","All","Main scheme applicant","Main scheme application","35","15","0.361"
"2021","Other","All","All","All","Main scheme applicant","Main scheme application","30","5"," "
"2022","Other","All","All","All","Main scheme applicant","Main scheme application","35","10","0.306"
"2023","Other","All","All","All","Main scheme applicant","Main scheme application","35","15","0.459"
"2019","Unknown or Prefer Not To Say","All","All","All","Main scheme applicant","Main scheme application","50","20","0.438"
"2020","Unknown or Prefer Not To Say","All","All","All","Main scheme applicant","Main scheme application","45","20","0.391"
"2021","Unknown or Prefer Not To Say","All","All","All","Main scheme applicant","Main scheme application","75","30","0.378"
"2022","Unknown or Prefer Not To Say","All","All","All","Main scheme applicant","Main scheme application","45","25","0.543"
"2023","Unknown or Prefer Not To Say","All","All","All","Main scheme applicant","Main scheme application","50","25","0.47900000000000004"
"2019","All","All","All","All","Not main scheme applicant","Not main scheme application","100","80","0.775"
"2020","All","All","All","All","Not main scheme applicant","Not main scheme application","185","145","0.788"
"2021","All","All","All","All","Not main scheme applicant","Not main scheme application","85","65","0.747"
"2022","All","All","All","All","Not main scheme applicant","Not main scheme application","230","175","0.759"
"2023","All","All","All","All","Not main scheme applicant","Not main scheme application","260","215","0.833"
"2019","All","All","All","All","Main scheme applicant","Not main scheme application","190","95","0.497"
"2020","All","All","All","All","Main scheme applicant","Not main scheme application","215","75","0.34600000000000003"
"2021","All","All","All","All","Main scheme applicant","Not main scheme application","250","85","0.339"
"2022","All","All","All","All","Main scheme applicant","Not main scheme application","190","110","0.581"
"2023","All","All","All","All","Main scheme applicant","Not main scheme application","160","110","0.679"
"2019","All","All","All","All","Main scheme applicant","Main scheme application","4850","2305","0.47500000000000003"
"2020","All","All","All","All","Main scheme applicant","Main scheme application","5035","2475","0.492"
"2021","All","All","All","All","Main scheme applicant","Main scheme application","6040","2430","0.402"
"2022","All","All","All","All","Main scheme applicant","Main scheme application","5455","2900","0.531"
"2023","All","All","All","All","Main scheme applicant","Main scheme application","4485","2495","0.556"
"2021","White","18","Scotland","Female","All","Not main scheme application","5","0"," "
"2019","White","21 - 24","England","Female","All","Not main scheme application","5","5"," "
"2020","White","21 - 24","England","Female","All","Not main scheme application","5","5"," "
"2021","White","21 - 24","England","Female","All","Not main scheme application","5","0"," "
"2022","White","21 - 24","England","Female","All","Not main scheme application","10","5"," "
"2023","White","21 - 24","England","Female","All","Not main scheme application","5","5"," "
"2019","White","21 - 24","Scotland","Female","All","Not main scheme application","70","40","0.535"
"2020","White","21 - 24","Scotland","Female","All","Not main scheme application","75","25","0.303"
"2021","White","21 - 24","Scotland","Female","All","Not main scheme application","95","35","0.385"
"2022","White","21 - 24","Scotland","Female","All","Not main scheme application","55","35","0.625"
"2023","White","21 - 24","Scotland","Female","All","Not main scheme application","50","30","0.612"
"2022","White","21 - 24","Wales","Female","All","Not main scheme application","40","30","0.8210000000000001"
"2023","White","21 - 24","Wales","Female","All","Not main scheme application","50","45","0.843"
"2019","Asian","21 - 24","Scotland","Female","All","Not main scheme application","5","0"," "
"2022","Asian","21 - 24","Scotland","Female","All","Not main scheme application","5","0"," "
"2023","Asian","21 - 24","Scotland","Female","All","Not main scheme application","5","5"," "
"2023","Asian","21 - 24","Wales","Female","All","Not main scheme application","5","0"," "
"2019","White","25 - 29","England","Female","All","Not main scheme application","5","5"," "
"2020","White","25 - 29","England","Female","All","Not main scheme application","5","5"," "
"2023","White","25 - 29","England","Female","All","Not main scheme application","5","5"," "
"2019","White","25 - 29","Scotland","Female","All","Not main scheme application","55","35","0.589"
"2020","White","25 - 29","Scotland","Female","All","Not main scheme application","65","35","0.561"
"2021","White","25 - 29","Scotland","Female","All","Not main scheme application","60","20","0.31"
"2022","White","25 - 29","Scotland","Female","All","Not main scheme application","35","25","0.622"
"2023","White","25 - 29","Scotland","Female","All","Not main scheme application","35","30","0.8"
"2022","White","25 - 29","Wales","Female","All","Not main scheme application","20","15","0.714"
"2023","White","25 - 29","Wales","Female","All","Not main scheme application","15","10","0.8"
"2020","Asian","25 - 29","Scotland","Female","All","Not main scheme application","5","5"," "
"2022","Asian","25 - 29","Scotland","Female","All","Not main scheme application","5","5"," "
"2023","Mixed","25 - 29","Scotland","Female","All","Not main scheme application","5","5"," "
"2020","White","30 - 34","England","Female","All","Not main scheme application","5","5"," "
"2021","White","30 - 34","England","Female","All","Not main scheme application","5","5"," "
"2019","White","30 - 34","Scotland","Female","All","Not main scheme application","15","10"," "
"2020","White","30 - 34","Scotland","Female","All","Not main scheme application","20","10","0.5"
"2021","White","30 - 34","Scotland","Female","All","Not main scheme application","20","10"," "
"2022","White","30 - 34","Scotland","Female","All","Not main scheme application","20","10","0.526"
"2023","White","30 - 34","Scotland","Female","All","Not main scheme application","15","15","0.765"
"2022","White","30 - 34","Wales","Female","All","Not main scheme application","5","5"," "
"2023","White","30 - 34","Wales","Female","All","Not main scheme application","5","5"," "
"2019","Asian","30 - 34","Scotland","Female","All","Not main scheme application","5","0"," "
"2021","Asian","30 - 34","Scotland","Female","All","Not main scheme application","5","0"," "
"2019","White","35 and over","England","Female","All","Not main scheme application","5","5"," "
"2020","White","35 and over","England","Female","All","Not main scheme application","10","10"," "
"2021","White","35 and over","England","Female","All","Not main scheme application","5","5"," "
"2022","White","35 and over","England","Female","All","Not main scheme application","5","5"," "
"2023","White","35 and over","England","Female","All","Not main scheme application","5","5"," "
"2019","White","35 and over","Scotland","Female","All","Not main scheme application","40","25","0.625"
"2020","White","35 and over","Scotland","Female","All","Not main scheme application","40","20","0.524"
"2021","White","35 and over","Scotland","Female","All","Not main scheme application","25","20","0.76"
"2022","White","35 and over","Scotland","Female","All","Not main scheme application","35","20","0.6"
"2023","White","35 and over","Scotland","Female","All","Not main scheme application","30","20","0.667"
"2022","White","35 and over","Wales","Female","All","Not main scheme application","15","10","0.8"
"2023","White","35 and over","Wales","Female","All","Not main scheme application","10","5"," "
"2019","Asian","35 and over","Scotland","Female","All","Not main scheme application","5","5"," "
"2020","Asian","35 and over","Scotland","Female","All","Not main scheme application","5","5"," "
"2021","Asian","35 and over","Scotland","Female","All","Not main scheme application","5","0"," "
"2022","Asian","35 and over","Scotland","Female","All","Not main scheme application","5","0"," "
"2023","Asian","35 and over","Scotland","Female","All","Not main scheme application","5","5"," "
"2023","Asian","35 and over","Wales","Female","All","Not main scheme application","5","5"," "
"2022","Unknown or Prefer Not To Say","35 and over","Scotland","Female","All","Not main scheme application","5","5"," "
"2020","White","21 - 24","England","Male","All","Not main scheme application","5","5"," "
"2021","White","21 - 24","England","Male","All","Not main scheme application","5","0"," "
"2022","White","21 - 24","England","Male","All","Not main scheme application","5","5"," "
"2023","White","21 - 24","England","Male","All","Not main scheme application","10","10"," "
"2019","White","21 - 24","Scotland","Male","All","Not main scheme application","20","10"," "
"2020","White","21 - 24","Scotland","Male","All","Not main scheme application","40","20","0.579"
"2021","White","21 - 24","Scotland","Male","All","Not main scheme application","30","10","0.357"
"2022","White","21 - 24","Scotland","Male","All","Not main scheme application","25","20","0.6920000000000001"
"2023","White","21 - 24","Scotland","Male","All","Not main scheme application","20","15","0.591"
"2022","White","21 - 24","Wales","Male","All","Not main scheme application","30","25","0.8210000000000001"
"2023","White","21 - 24","Wales","Male","All","Not main scheme application","25","20","0.84"
"2019","White","25 - 29","England","Male","All","Not main scheme application","5","0"," "
"2020","White","25 - 29","England","Male","All","Not main scheme application","5","5"," "
"2022","White","25 - 29","England","Male","All","Not main scheme application","5","5"," "
"2023","White","25 - 29","England","Male","All","Not main scheme application","5","5"," "
"2019","White","25 - 29","Scotland","Male","All","Not main scheme application","20","15","0.737"
"2020","White","25 - 29","Scotland","Male","All","Not main scheme application","40","25","0.605"
"2021","White","25 - 29","Scotland","Male","All","Not main scheme application","25","10","0.44"
"2022","White","25 - 29","Scotland","Male","All","Not main scheme application","15","10"," "
"2023","White","25 - 29","Scotland","Male","All","Not main scheme application","10","10"," "
"2022","White","25 - 29","Wales","Male","All","Not main scheme application","10","10"," "
"2023","White","25 - 29","Wales","Male","All","Not main scheme application","10","10","0.833"
"2019","White","30 - 34","Scotland","Male","All","Not main scheme application","5","5"," "
"2020","White","30 - 34","Scotland","Male","All","Not main scheme application","10","5"," "
"2021","White","30 - 34","Scotland","Male","All","Not main scheme application","10","5"," "
"2022","White","30 - 34","Scotland","Male","All","Not main scheme application","10","0"," "
"2023","White","30 - 34","Scotland","Male","All","Not main scheme application","5","5"," "
"2023","White","30 - 34","Wales","Male","All","Not main scheme application","10","10"," "
"2019","White","35 and over","Scotland","Male","All","Not main scheme application","10","5"," "
"2020","White","35 and over","Scotland","Male","All","Not main scheme application","25","20","0.667"
"2021","White","35 and over","Scotland","Male","All","Not main scheme application","15","5"," "
"2022","White","35 and over","Scotland","Male","All","Not main scheme application","15","10","0.667"
"2023","White","35 and over","Scotland","Male","All","Not main scheme application","25","20","0.8260000000000001"
"2022","White","35 and over","Wales","Male","All","Not main scheme application","5","5"," "
"2023","White","35 and over","Wales","Male","All","Not main scheme application","10","10"," "
"2021","Black","35 and over","Scotland","Male","All","Not main scheme application","5","0"," "
"2019","Asian","35 and over","Scotland","Male","All","Not main scheme application","5","0"," "
"2020","Unknown or Prefer Not To Say","35 and over","Scotland","Male","All","Not main scheme application","5","0"," "
"2020","White","18","England","Female","All","Main scheme application","5","0"," "
"2022","White","18","England","Female","All","Main scheme application","5","0"," "
"2019","White","18","Scotland","Female","All","Main scheme application","10","0"," "
"2020","White","18","Scotland","Female","All","Main scheme application","20","0"," "
"2021","White","18","Scotland","Female","All","Main scheme application","15","0"," "
"2022","White","18","Scotland","Female","All","Main scheme application","15","0"," "
"2023","White","18","Scotland","Female","All","Main scheme application","15","0"," "
"2020","White","18","Wales","Female","All","Main scheme application","5","0"," "
"2022","White","18","Wales","Female","All","Main scheme application","10","0"," "
"2019","White","19","Scotland","Female","All","Main scheme application","5","0"," "
"2021","White","19","Scotland","Female","All","Main scheme application","5","0"," "
"2022","White","19","Scotland","Female","All","Main scheme application","10","0"," "
"2023","White","19","Scotland","Female","All","Main scheme application","5","0"," "
"2019","White","20","Scotland","Female","All","Main scheme application","5","0"," "
"2020","White","20","Scotland","Female","All","Main scheme application","5","0"," "
"2021","White","20","Scotland","Female","All","Main scheme application","15","0"," "
"2022","White","20","Scotland","Female","All","Main scheme application","5","0"," "
"2023","White","20","Scotland","Female","All","Main scheme application","5","0"," "
"2019","White","21 - 24","Northern Ireland","Female","All","Main scheme application","45","10"," "
"2020","White","21 - 24","Northern Ireland","Female","All","Main scheme application","35","10"," "
"2021","White","21 - 24","Northern Ireland","Female","All","Main scheme application","45","15","0.311"
"2022","White","21 - 24","Northern Ireland","Female","All","Main scheme application","30","10"," "
"2023","White","21 - 24","Northern Ireland","Female","All","Main scheme application","20","5"," "
"2019","White","21 - 24","England","Female","All","Main scheme application","45","20","0.444"
"2020","White","21 - 24","England","Female","All","Main scheme application","30","15","0.419"
"2021","White","21 - 24","England","Female","All","Main scheme application","55","15","0.309"
"2022","White","21 - 24","England","Female","All","Main scheme application","95","50","0.495"
"2023","White","21 - 24","England","Female","All","Main scheme application","90","35","0.375"
"2019","White","21 - 24","Scotland","Female","All","Main scheme application","1085","595","0.547"
"2020","White","21 - 24","Scotland","Female","All","Main scheme application","1215","665","0.548"
"2021","White","21 - 24","Scotland","Female","All","Main scheme application","1510","650","0.431"
"2022","White","21 - 24","Scotland","Female","All","Main scheme application","1065","575","0.538"
"2023","White","21 - 24","Scotland","Female","All","Main scheme application","905","530","0.583"
"2020","White","21 - 24","Wales","Female","All","Main scheme application","5","0"," "
"2022","White","21 - 24","Wales","Female","All","Main scheme application","460","345","0.749"
"2023","White","21 - 24","Wales","Female","All","Main scheme application","425","290","0.6900000000000001"
"2019","Black","21 - 24","Scotland","Female","All","Main scheme application","5","0"," "
"2021","Black","21 - 24","Scotland","Female","All","Main scheme application","5","0"," "
"2023","Black","21 - 24","Scotland","Female","All","Main scheme application","10","0"," "
"2023","Black","21 - 24","Wales","Female","All","Main scheme application","5","0"," "
"2019","Asian","21 - 24","England","Female","All","Main scheme application","5","0"," "
"2021","Asian","21 - 24","England","Female","All","Main scheme application","10","0"," "
"2019","Asian","21 - 24","Scotland","Female","All","Main scheme application","40","15","0.395"
"2020","Asian","21 - 24","Scotland","Female","All","Main scheme application","35","20","0.583"
"2021","Asian","21 - 24","Scotland","Female","All","Main scheme application","45","15","0.34900000000000003"
"2022","Asian","21 - 24","Scotland","Female","All","Main scheme application","30","15","0.586"
"2023","Asian","21 - 24","Scotland","Female","All","Main scheme application","30","20","0.633"
"2022","Asian","21 - 24","Wales","Female","All","Main scheme application","15","5"," "
"2023","Asian","21 - 24","Wales","Female","All","Main scheme application","5","5"," "
"2019","Mixed","21 - 24","England","Female","All","Main scheme application","5","0"," "
"2020","Mixed","21 - 24","England","Female","All","Main scheme application","5","0"," "
"2023","Mixed","21 - 24","England","Female","All","Main scheme application","5","5"," "
"2019","Mixed","21 - 24","Scotland","Female","All","Main scheme application","10","5"," "
"2020","Mixed","21 - 24","Scotland","Female","All","Main scheme application","10","5"," "
"2021","Mixed","21 - 24","Scotland","Female","All","Main scheme application","15","10"," "
"2022","Mixed","21 - 24","Scotland","Female","All","Main scheme application","20","15","0.619"
"2023","Mixed","21 - 24","Scotland","Female","All","Main scheme application","15","10"," "
"2022","Mixed","21 - 24","Wales","Female","All","Main scheme application","5","5"," "
"2023","Mixed","21 - 24","Wales","Female","All","Main scheme application","5","5"," "
"2020","Other","21 - 24","Scotland","Female","All","Main scheme application","5","0"," "
"2023","Other","21 - 24","Scotland","Female","All","Main scheme application","5","5"," "
"2019","Unknown or Prefer Not To Say","21 - 24","Scotland","Female","All","Main scheme application","5","0"," "
"2021","Unknown or Prefer Not To Say","21 - 24","Scotland","Female","All","Main scheme application","10","0"," "
"2022","Unknown or Prefer Not To Say","21 - 24","Scotland","Female","All","Main scheme application","5","5"," "
"2019","White","25 - 29","Northern Ireland","Female","All","Main scheme application","15","10"," "
"2020","White","25 - 29","Northern Ireland","Female","All","Main scheme application","15","5"," "
"2021","White","25 - 29","Northern Ireland","Female","All","Main scheme application","15","5"," "
"2022","White","25 - 29","Northern Ireland","Female","All","Main scheme application","10","5"," "
"2023","White","25 - 29","Northern Ireland","Female","All","Main scheme application","10","5"," "
"2019","White","25 - 29","England","Female","All","Main scheme application","15","5"," "
"2020","White","25 - 29","England","Female","All","Main scheme application","20","10","0.545"
"2021","White","25 - 29","England","Female","All","Main scheme application","35","15","0.389"
"2022","White","25 - 29","England","Female","All","Main scheme application","20","5"," "
"2023","White","25 - 29","England","Female","All","Main scheme application","15","10","0.588"
"2019","White","25 - 29","Scotland","Female","All","Main scheme application","905","495","0.549"
"2020","White","25 - 29","Scotland","Female","All","Main scheme application","835","455","0.543"
"2021","White","25 - 29","Scotland","Female","All","Main scheme application","1085","510","0.47200000000000003"
"2022","White","25 - 29","Scotland","Female","All","Main scheme application","725","405","0.559"
"2023","White","25 - 29","Scotland","Female","All","Main scheme application","510","280","0.547"
"2022","White","25 - 29","Wales","Female","All","Main scheme application","155","100","0.641"
"2023","White","25 - 29","Wales","Female","All","Main scheme application","130","90","0.705"
"2019","Black","25 - 29","Scotland","Female","All","Main scheme application","5","0"," "
"2020","Black","25 - 29","Scotland","Female","All","Main scheme application","5","0"," "
"2021","Black","25 - 29","Scotland","Female","All","Main scheme application","5","5"," "
"2019","Asian","25 - 29","Scotland","Female","All","Main scheme application","20","10"," "
"2020","Asian","25 - 29","Scotland","Female","All","Main scheme application","25","5"," "
"2021","Asian","25 - 29","Scotland","Female","All","Main scheme application","30","10"," "
"2022","Asian","25 - 29","Scotland","Female","All","Main scheme application","20","10"," "
"2023","Asian","25 - 29","Scotland","Female","All","Main scheme application","20","10","0.5"
"2023","Asian","25 - 29","Wales","Female","All","Main scheme application","5","0"," "
"2019","Mixed","25 - 29","Scotland","Female","All","Main scheme application","15","5"," "
"2020","Mixed","25 - 29","Scotland","Female","All","Main scheme application","15","10"," "
"2021","Mixed","25 - 29","Scotland","Female","All","Main scheme application","15","5"," "
"2022","Mixed","25 - 29","Scotland","Female","All","Main scheme application","15","10"," "
"2023","Mixed","25 - 29","Scotland","Female","All","Main scheme application","10","5"," "
"2022","Mixed","25 - 29","Wales","Female","All","Main scheme application","5","0"," "
"2023","Mixed","25 - 29","Wales","Female","All","Main scheme application","5","5"," "
"2019","Other","25 - 29","Scotland","Female","All","Main scheme application","5","0"," "
"2020","Other","25 - 29","Scotland","Female","All","Main scheme application","5","0"," "
"2021","Other","25 - 29","Scotland","Female","All","Main scheme application","5","0"," "
"2019","Unknown or Prefer Not To Say","25 - 29","Scotland","Female","All","Main scheme application","5","5"," "
"2020","Unknown or Prefer Not To Say","25 - 29","Scotland","Female","All","Main scheme application","5","5"," "
"2021","Unknown or Prefer Not To Say","25 - 29","Scotland","Female","All","Main scheme application","10","0"," "
"2022","Unknown or Prefer Not To Say","25 - 29","Scotland","Female","All","Main scheme application","5","0"," "
"2021","White","30 - 34","Northern Ireland","Female","All","Main scheme application","5","0"," "
"2022","White","30 - 34","Northern Ireland","Female","All","Main scheme application","5","0"," "
"2019","White","30 - 34","England","Female","All","Main scheme application","10","5"," "
"2020","White","30 - 34","England","Female","All","Main scheme application","10","5"," "
"2021","White","30 - 34","England","Female","All","Main scheme application","10","0"," "
"2022","White","30 - 34","England","Female","All","Main scheme application","10","5"," "
"2023","White","30 - 34","England","Female","All","Main scheme application","5","5"," "
"2019","White","30 - 34","Scotland","Female","All","Main scheme application","375","175","0.462"
"2020","White","30 - 34","Scotland","Female","All","Main scheme application","405","225","0.548"
"2021","White","30 - 34","Scotland","Female","All","Main scheme application","445","170","0.387"
"2022","White","30 - 34","Scotland","Female","All","Main scheme application","290","160","0.557"
"2023","White","30 - 34","Scotland","Female","All","Main scheme application","225","135","0.612"
"2022","White","30 - 34","Wales","Female","All","Main scheme application","55","45","0.768"
"2023","White","30 - 34","Wales","Female","All","Main scheme application","55","35","0.618"
"2019","Black","30 - 34","Scotland","Female","All","Main scheme application","5","0"," "
"2023","Black","30 - 34","Scotland","Female","All","Main scheme application","5","0"," "
"2019","Asian","30 - 34","Scotland","Female","All","Main scheme application","15","5"," "
"2020","Asian","30 - 34","Scotland","Female","All","Main scheme application","10","5"," "
"2021","Asian","30 - 34","Scotland","Female","All","Main scheme application","20","5"," "
"2022","Asian","30 - 34","Scotland","Female","All","Main scheme application","10","5"," "
"2023","Asian","30 - 34","Scotland","Female","All","Main scheme application","15","5"," "
"2019","Mixed","30 - 34","Scotland","Female","All","Main scheme application","5","0"," "
"2020","Mixed","30 - 34","Scotland","Female","All","Main scheme application","5","5"," "
"2021","Mixed","30 - 34","Scotland","Female","All","Main scheme application","10","5"," "
"2022","Mixed","30 - 34","Scotland","Female","All","Main scheme application","5","5"," "
"2023","Mixed","30 - 34","Scotland","Female","All","Main scheme application","5","0"," "
"2020","Other","30 - 34","Scotland","Female","All","Main scheme application","5","0"," "
"2021","Other","30 - 34","Scotland","Female","All","Main scheme application","5","5"," "
"2023","Other","30 - 34","Scotland","Female","All","Main scheme application","5","0"," "
"2019","Unknown or Prefer Not To Say","30 - 34","Scotland","Female","All","Main scheme application","5","0"," "
"2020","Unknown or Prefer Not To Say","30 - 34","Scotland","Female","All","Main scheme application","5","0"," "
"2021","Unknown or Prefer Not To Say","30 - 34","Scotland","Female","All","Main scheme application","5","5"," "
"2023","Unknown or Prefer Not To Say","30 - 34","Scotland","Female","All","Main scheme application","5","0"," "
"2019","White","35 and over","Northern Ireland","Female","All","Main scheme application","5","0"," "
"2019","White","35 and over","England","Female","All","Main scheme application","15","5"," "
"2020","White","35 and over","England","Female","All","Main scheme application","15","5"," "
"2021","White","35 and over","England","Female","All","Main scheme application","15","10"," "
"2022","White","35 and over","England","Female","All","Main scheme application","10","5"," "
"2023","White","35 and over","England","Female","All","Main scheme application","5","5"," "
"2019","White","35 and over","Scotland","Female","All","Main scheme application","665","295","0.442"
"2020","White","35 and over","Scotland","Female","All","Main scheme application","735","355","0.482"
"2021","White","35 and over","Scotland","Female","All","Main scheme application","780","300","0.385"
"2022","White","35 and over","Scotland","Female","All","Main scheme application","530","275","0.522"
"2023","White","35 and over","Scotland","Female","All","Main scheme application","435","250","0.5710000000000001"
"2022","White","35 and over","Wales","Female","All","Main scheme application","80","45","0.582"
"2023","White","35 and over","Wales","Female","All","Main scheme application","50","35","0.72"
"2019","Black","35 and over","Scotland","Female","All","Main scheme application","10","0"," "
"2020","Black","35 and over","Scotland","Female","All","Main scheme application","20","5"," "
"2021","Black","35 and over","Scotland","Female","All","Main scheme application","10","0"," "
"2022","Black","35 and over","Scotland","Female","All","Main scheme application","5","0"," "
"2023","Black","35 and over","Scotland","Female","All","Main scheme application","15","5"," "
"2022","Black","35 and over","Wales","Female","All","Main scheme application","5","0"," "
"2019","Asian","35 and over","Scotland","Female","All","Main scheme application","50","15","0.306"
"2020","Asian","35 and over","Scotland","Female","All","Main scheme application","45","15","0.277"
"2021","Asian","35 and over","Scotland","Female","All","Main scheme application","45","20","0.457"
"2022","Asian","35 and over","Scotland","Female","All","Main scheme application","30","10","0.375"
"2023","Asian","35 and over","Scotland","Female","All","Main scheme application","30","5"," "
"2022","Asian","35 and over","Wales","Female","All","Main scheme application","5","0"," "
"2023","Asian","35 and over","Wales","Female","All","Main scheme application","10","5"," "
"2019","Mixed","35 and over","Scotland","Female","All","Main scheme application","15","5"," "
"2020","Mixed","35 and over","Scotland","Female","All","Main scheme application","15","5"," "
"2021","Mixed","35 and over","Scotland","Female","All","Main scheme application","15","5"," "
"2022","Mixed","35 and over","Scotland","Female","All","Main scheme application","10","5"," "
"2023","Mixed","35 and over","Scotland","Female","All","Main scheme application","10","10"," "
"2019","Other","35 and over","Scotland","Female","All","Main scheme application","10","0"," "
"2020","Other","35 and over","Scotland","Female","All","Main scheme application","10","5"," "
"2021","Other","35 and over","Scotland","Female","All","Main scheme application","10","0"," "
"2022","Other","35 and over","Scotland","Female","All","Main scheme application","10","5"," "
"2023","Other","35 and over","Scotland","Female","All","Main scheme application","10","5"," "
"2022","Other","35 and over","Wales","Female","All","Main scheme application","5","0"," "
"2019","Unknown or Prefer Not To Say","35 and over","Scotland","Female","All","Main scheme application","10","5"," "
"2020","Unknown or Prefer Not To Say","35 and over","Scotland","Female","All","Main scheme application","5","0"," "
"2021","Unknown or Prefer Not To Say","35 and over","Scotland","Female","All","Main scheme application","15","5"," "
"2022","Unknown or Prefer Not To Say","35 and over","Scotland","Female","All","Main scheme application","10","0"," "
"2023","Unknown or Prefer Not To Say","35 and over","Scotland","Female","All","Main scheme application","10","5"," "
"2023","White","18","England","Male","All","Main scheme application","5","0"," "
"2019","White","18","Scotland","Male","All","Main scheme application","5","0"," "
"2020","White","18","Scotland","Male","All","Main scheme application","5","0"," "
"2021","White","18","Scotland","Male","All","Main scheme application","5","0"," "
"2022","White","18","Scotland","Male","All","Main scheme application","5","0"," "
"2023","White","18","Scotland","Male","All","Main scheme application","5","0"," "
"2022","White","18","Wales","Male","All","Main scheme application","5","0"," "
"2023","White","18","Wales","Male","All","Main scheme application","5","0"," "
"2021","White","20","Scotland","Male","All","Main scheme application","5","0"," "
"2022","White","20","Scotland","Male","All","Main scheme application","5","0"," "
"2023","White","20","Scotland","Male","All","Main scheme application","5","0"," "
"2019","White","21 - 24","Northern Ireland","Male","All","Main scheme application","15","0"," "
"2020","White","21 - 24","Northern Ireland","Male","All","Main scheme application","5","0"," "
"2021","White","21 - 24","Northern Ireland","Male","All","Main scheme application","20","0"," "
"2022","White","21 - 24","Northern Ireland","Male","All","Main scheme application","15","5"," "
"2023","White","21 - 24","Northern Ireland","Male","All","Main scheme application","5","0"," "
"2019","White","21 - 24","England","Male","All","Main scheme application","20","5"," "
"2020","White","21 - 24","England","Male","All","Main scheme application","10","5"," "
"2021","White","21 - 24","England","Male","All","Main scheme application","20","5"," "
"2022","White","21 - 24","England","Male","All","Main scheme application","40","15","0.317"
"2023","White","21 - 24","England","Male","All","Main scheme application","30","15","0.484"
"2019","White","21 - 24","Scotland","Male","All","Main scheme application","410","180","0.432"
"2020","White","21 - 24","Scotland","Male","All","Main scheme application","390","170","0.434"
"2021","White","21 - 24","Scotland","Male","All","Main scheme application","510","190","0.374"
"2022","White","21 - 24","Scotland","Male","All","Main scheme application","390","150","0.389"
"2023","White","21 - 24","Scotland","Male","All","Main scheme application","310","150","0.47900000000000004"
"2022","White","21 - 24","Wales","Male","All","Main scheme application","150","95","0.633"
"2023","White","21 - 24","Wales","Male","All","Main scheme application","150","110","0.74"
"2022","Black","21 - 24","Scotland","Male","All","Main scheme application","5","0"," "
"2023","Asian","21 - 24","England","Male","All","Main scheme application","5","0"," "
"2019","Asian","21 - 24","Scotland","Male","All","Main scheme application","10","5"," "
"2020","Asian","21 - 24","Scotland","Male","All","Main scheme application","10","5"," "
"2021","Asian","21 - 24","Scotland","Male","All","Main scheme application","10","5"," "
"2023","Asian","21 - 24","Scotland","Male","All","Main scheme application","5","5"," "
"2023","Asian","21 - 24","Wales","Male","All","Main scheme application","5","5"," "
"2019","Mixed","21 - 24","Scotland","Male","All","Main scheme application","5","0"," "
"2020","Mixed","21 - 24","Scotland","Male","All","Main scheme application","5","0"," "
"2021","Mixed","21 - 24","Scotland","Male","All","Main scheme application","10","5"," "
"2022","Mixed","21 - 24","Scotland","Male","All","Main scheme application","5","0"," "
"2023","Mixed","21 - 24","Scotland","Male","All","Main scheme application","5","5"," "
"2022","Mixed","21 - 24","Wales","Male","All","Main scheme application","5","5"," "
"2021","Unknown or Prefer Not To Say","21 - 24","Scotland","Male","All","Main scheme application","5","0"," "
"2022","Unknown or Prefer Not To Say","21 - 24","Scotland","Male","All","Main scheme application","5","0"," "
"2019","White","25 - 29","Northern Ireland","Male","All","Main scheme application","10","5"," "
"2020","White","25 - 29","Northern Ireland","Male","All","Main scheme application","5","0"," "
"2021","White","25 - 29","Northern Ireland","Male","All","Main scheme application","10","5"," "
"2022","White","25 - 29","Northern Ireland","Male","All","Main scheme application","5","0"," "
"2019","White","25 - 29","England","Male","All","Main scheme application","10","5"," "
"2020","White","25 - 29","England","Male","All","Main scheme application","10","5"," "
"2021","White","25 - 29","England","Male","All","Main scheme application","15","5"," "
"2022","White","25 - 29","England","Male","All","Main scheme application","10","5"," "
"2023","White","25 - 29","England","Male","All","Main scheme application","10","0"," "
"2019","White","25 - 29","Scotland","Male","All","Main scheme application","360","160","0.45"
"2020","White","25 - 29","Scotland","Male","All","Main scheme application","415","195","0.47500000000000003"
"2021","White","25 - 29","Scotland","Male","All","Main scheme application","480","180","0.378"
"2022","White","25 - 29","Scotland","Male","All","Main scheme application","345","160","0.47000000000000003"
"2023","White","25 - 29","Scotland","Male","All","Main scheme application","265","140","0.532"
"2020","White","25 - 29","Wales","Male","All","Main scheme application","5","0"," "
"2022","White","25 - 29","Wales","Male","All","Main scheme application","70","50","0.725"
"2023","White","25 - 29","Wales","Male","All","Main scheme application","65","45","0.667"
"2019","Asian","25 - 29","Scotland","Male","All","Main scheme application","5","0"," "
"2020","Asian","25 - 29","Scotland","Male","All","Main scheme application","5","5"," "
"2021","Asian","25 - 29","Scotland","Male","All","Main scheme application","10","5"," "
"2022","Asian","25 - 29","Scotland","Male","All","Main scheme application","5","0"," "
"2023","Asian","25 - 29","Scotland","Male","All","Main scheme application","5","5"," "
"2019","Mixed","25 - 29","Scotland","Male","All","Main scheme application","5","0"," "
"2020","Mixed","25 - 29","Scotland","Male","All","Main scheme application","5","0"," "
"2021","Mixed","25 - 29","Scotland","Male","All","Main scheme application","5","0"," "
"2022","Mixed","25 - 29","Scotland","Male","All","Main scheme application","10","0"," "
"2023","Mixed","25 - 29","Scotland","Male","All","Main scheme application","10","5"," "
"2023","Mixed","25 - 29","Wales","Male","All","Main scheme application","5","0"," "
"2020","Other","25 - 29","Scotland","Male","All","Main scheme application","5","0"," "
"2019","Unknown or Prefer Not To Say","25 - 29","Scotland","Male","All","Main scheme application","5","0"," "
"2020","Unknown or Prefer Not To Say","25 - 29","Scotland","Male","All","Main scheme application","5","0"," "
"2021","Unknown or Prefer Not To Say","25 - 29","Scotland","Male","All","Main scheme application","10","5"," "
"2022","Unknown or Prefer Not To Say","25 - 29","Scotland","Male","All","Main scheme application","5","5"," "
"2023","Unknown or Prefer Not To Say","25 - 29","Scotland","Male","All","Main scheme application","5","0"," "
"2020","White","30 - 34","Northern Ireland","Male","All","Main scheme application","5","0"," "
"2019","White","30 - 34","England","Male","All","Main scheme application","5","0"," "
"2020","White","30 - 34","England","Male","All","Main scheme application","10","5"," "
"2021","White","30 - 34","England","Male","All","Main scheme application","5","0"," "
"2022","White","30 - 34","England","Male","All","Main scheme application","5","5"," "
"2023","White","30 - 34","England","Male","All","Main scheme application","5","5"," "
"2019","White","30 - 34","Scotland","Male","All","Main scheme application","185","90","0.489"
"2020","White","30 - 34","Scotland","Male","All","Main scheme application","190","85","0.455"
"2021","White","30 - 34","Scotland","Male","All","Main scheme application","220","90","0.41300000000000003"
"2022","White","30 - 34","Scotland","Male","All","Main scheme application","180","90","0.494"
"2023","White","30 - 34","Scotland","Male","All","Main scheme application","115","50","0.435"
"2022","White","30 - 34","Wales","Male","All","Main scheme application","30","20","0.667"
"2023","White","30 - 34","Wales","Male","All","Main scheme application","20","15","0.7000000000000001"
"2021","Asian","30 - 34","Scotland","Male","All","Main scheme application","5","0"," "
"2022","Asian","30 - 34","Scotland","Male","All","Main scheme application","5","0"," "
"2020","Mixed","30 - 34","Scotland","Male","All","Main scheme application","5","0"," "
"2021","Mixed","30 - 34","Scotland","Male","All","Main scheme application","5","0"," "
"2022","Mixed","30 - 34","Scotland","Male","All","Main scheme application","5","0"," "
"2023","Mixed","30 - 34","Scotland","Male","All","Main scheme application","5","0"," "
"2020","Unknown or Prefer Not To Say","30 - 34","Scotland","Male","All","Main scheme application","5","0"," "
"2021","Unknown or Prefer Not To Say","30 - 34","Scotland","Male","All","Main scheme application","10","5"," "
"2022","Unknown or Prefer Not To Say","30 - 34","Scotland","Male","All","Main scheme application","5","5"," "
"2023","Unknown or Prefer Not To Say","30 - 34","Scotland","Male","All","Main scheme application","5","5"," "
"2020","White","35 and over","England","Male","All","Main scheme application","5","0"," "
"2021","White","35 and over","England","Male","All","Main scheme application","5","5"," "
"2022","White","35 and over","England","Male","All","Main scheme application","5","0"," "
"2023","White","35 and over","England","Male","All","Main scheme application","5","0"," "
"2019","White","35 and over","Scotland","Male","All","Main scheme application","275","130","0.47500000000000003"
"2020","White","35 and over","Scotland","Male","All","Main scheme application","265","115","0.438"
"2021","White","35 and over","Scotland","Male","All","Main scheme application","310","105","0.343"
"2022","White","35 and over","Scotland","Male","All","Main scheme application","205","95","0.454"
"2023","White","35 and over","Scotland","Male","All","Main scheme application","150","75","0.493"
"2022","White","35 and over","Wales","Male","All","Main scheme application","35","25","0.706"
"2023","White","35 and over","Wales","Male","All","Main scheme application","20","10","0.632"
"2019","Black","35 and over","Scotland","Male","All","Main scheme application","10","0"," "
"2020","Black","35 and over","Scotland","Male","All","Main scheme application","10","5"," "
"2021","Black","35 and over","Scotland","Male","All","Main scheme application","10","5"," "
"2022","Black","35 and over","Scotland","Male","All","Main scheme application","10","5"," "
"2019","Asian","35 and over","Scotland","Male","All","Main scheme application","20","5"," "
"2020","Asian","35 and over","Scotland","Male","All","Main scheme application","10","5"," "
"2021","Asian","35 and over","Scotland","Male","All","Main scheme application","5","0"," "
"2022","Asian","35 and over","Scotland","Male","All","Main scheme application","10","5"," "
"2023","Asian","35 and over","Scotland","Male","All","Main scheme application","5","0"," "
"2019","Mixed","35 and over","Scotland","Male","All","Main scheme application","5","0"," "
"2020","Mixed","35 and over","Scotland","Male","All","Main scheme application","5","5"," "
"2021","Mixed","35 and over","Scotland","Male","All","Main scheme application","5","0"," "
"2023","Mixed","35 and over","Scotland","Male","All","Main scheme application","5","0"," "
"2020","Other","35 and over","Scotland","Male","All","Main scheme application","5","5"," "
"2021","Other","35 and over","Scotland","Male","All","Main scheme application","5","0"," "
"2022","Other","35 and over","Scotland","Male","All","Main scheme application","5","0"," "
"2019","Unknown or Prefer Not To Say","35 and over","Scotland","Male","All","Main scheme application","10","5"," "
"2020","Unknown or Prefer Not To Say","35 and over","Scotland","Male","All","Main scheme application","15","5"," "
"2021","Unknown or Prefer Not To Say","35 and over","Scotland","Male","All","Main scheme application","10","5"," "
"2022","Unknown or Prefer Not To Say","35 and over","Scotland","Male","All","Main scheme application","10","0"," "
"2023","Unknown or Prefer Not To Say","35 and over","Scotland","Male","All","Main scheme application","15","5"," "
"2021","All","18","Scotland","Female","All","Not main scheme application","5","0"," "
"2019","All","21 - 24","England","Female","All","Not main scheme application","5","5"," "
"2020","All","21 - 24","England","Female","All","Not main scheme application","5","5"," "
"2021","All","21 - 24","England","Female","All","Not main scheme application","5","0"," "
"2022","All","21 - 24","England","Female","All","Not main scheme application","10","5"," "
"2023","All","21 - 24","England","Female","All","Not main scheme application","5","5"," "
"2019","All","21 - 24","Scotland","Female","All","Not main scheme application","75","40","0.533"
"2020","All","21 - 24","Scotland","Female","All","Not main scheme application","80","25","0.304"
"2021","All","21 - 24","Scotland","Female","All","Not main scheme application","100","40","0.4"
"2022","All","21 - 24","Scotland","Female","All","Not main scheme application","65","40","0.615"
"2023","All","21 - 24","Scotland","Female","All","Not main scheme application","55","35","0.643"
"2022","All","21 - 24","Wales","Female","All","Not main scheme application","40","35","0.805"
"2023","All","21 - 24","Wales","Female","All","Not main scheme application","55","45","0.8250000000000001"
"2019","All","25 - 29","England","Female","All","Not main scheme application","5","5"," "
"2020","All","25 - 29","England","Female","All","Not main scheme application","10","5"," "
"2021","All","25 - 29","England","Female","All","Not main scheme application","5","5"," "
"2023","All","25 - 29","England","Female","All","Not main scheme application","5","5"," "
"2019","All","25 - 29","Scotland","Female","All","Not main scheme application","60","35","0.5760000000000001"
"2020","All","25 - 29","Scotland","Female","All","Not main scheme application","75","40","0.5750000000000001"
"2021","All","25 - 29","Scotland","Female","All","Not main scheme application","65","20","0.34900000000000003"
"2022","All","25 - 29","Scotland","Female","All","Not main scheme application","45","30","0.638"
"2023","All","25 - 29","Scotland","Female","All","Not main scheme application","40","35","0.786"
"2022","All","25 - 29","Wales","Female","All","Not main scheme application","25","20","0.75"
"2023","All","25 - 29","Wales","Female","All","Not main scheme application","15","10","0.75"
"2020","All","30 - 34","England","Female","All","Not main scheme application","5","5"," "
"2021","All","30 - 34","England","Female","All","Not main scheme application","5","5"," "
"2019","All","30 - 34","Scotland","Female","All","Not main scheme application","20","10","0.526"
"2020","All","30 - 34","Scotland","Female","All","Not main scheme application","25","15","0.56"
"2021","All","30 - 34","Scotland","Female","All","Not main scheme application","20","10","0.5"
"2022","All","30 - 34","Scotland","Female","All","Not main scheme application","20","10","0.524"
"2023","All","30 - 34","Scotland","Female","All","Not main scheme application","20","15","0.789"
"2022","All","30 - 34","Wales","Female","All","Not main scheme application","5","5"," "
"2023","All","30 - 34","Wales","Female","All","Not main scheme application","5","5"," "
"2019","All","35 and over","England","Female","All","Not main scheme application","10","5"," "
"2020","All","35 and over","England","Female","All","Not main scheme application","10","10"," "
"2021","All","35 and over","England","Female","All","Not main scheme application","5","5"," "
"2022","All","35 and over","England","Female","All","Not main scheme application","5","5"," "
"2023","All","35 and over","England","Female","All","Not main scheme application","10","10"," "
"2019","All","35 and over","Scotland","Female","All","Not main scheme application","50","30","0.62"
"2020","All","35 and over","Scotland","Female","All","Not main scheme application","50","25","0.529"
"2021","All","35 and over","Scotland","Female","All","Not main scheme application","30","20","0.7000000000000001"
"2022","All","35 and over","Scotland","Female","All","Not main scheme application","45","25","0.628"
"2023","All","35 and over","Scotland","Female","All","Not main scheme application","35","25","0.686"
"2022","All","35 and over","Wales","Female","All","Not main scheme application","15","15","0.8130000000000001"
"2023","All","35 and over","Wales","Female","All","Not main scheme application","10","10"," "
"2020","All","21 - 24","England","Male","All","Not main scheme application","5","5"," "
"2021","All","21 - 24","England","Male","All","Not main scheme application","5","0"," "
"2022","All","21 - 24","England","Male","All","Not main scheme application","5","5"," "
"2023","All","21 - 24","England","Male","All","Not main scheme application","10","10","1"
"2019","All","21 - 24","Scotland","Male","All","Not main scheme application","20","10"," "
"2020","All","21 - 24","Scotland","Male","All","Not main scheme application","40","20","0.5640000000000001"
"2021","All","21 - 24","Scotland","Male","All","Not main scheme application","30","10","0.367"
"2022","All","21 - 24","Scotland","Male","All","Not main scheme application","30","20","0.679"
"2023","All","21 - 24","Scotland","Male","All","Not main scheme application","25","15","0.5650000000000001"
"2022","All","21 - 24","Wales","Male","All","Not main scheme application","30","25","0.8280000000000001"
"2023","All","21 - 24","Wales","Male","All","Not main scheme application","30","25","0.857"
"2019","All","25 - 29","England","Male","All","Not main scheme application","5","0"," "
"2020","All","25 - 29","England","Male","All","Not main scheme application","5","5"," "
"2022","All","25 - 29","England","Male","All","Not main scheme application","5","5"," "
"2023","All","25 - 29","England","Male","All","Not main scheme application","5","5"," "
"2019","All","25 - 29","Scotland","Male","All","Not main scheme application","20","15","0.75"
"2020","All","25 - 29","Scotland","Male","All","Not main scheme application","40","25","0.619"
"2021","All","25 - 29","Scotland","Male","All","Not main scheme application","30","15","0.448"
"2022","All","25 - 29","Scotland","Male","All","Not main scheme application","20","10","0.632"
"2023","All","25 - 29","Scotland","Male","All","Not main scheme application","15","10","0.733"
"2022","All","25 - 29","Wales","Male","All","Not main scheme application","10","10","0.909"
"2023","All","25 - 29","Wales","Male","All","Not main scheme application","15","10","0.786"
"2019","All","30 - 34","Scotland","Male","All","Not main scheme application","5","5"," "
"2020","All","30 - 34","Scotland","Male","All","Not main scheme application","10","5"," "
"2021","All","30 - 34","Scotland","Male","All","Not main scheme application","10","5"," "
"2022","All","30 - 34","Scotland","Male","All","Not main scheme application","15","5"," "
"2023","All","30 - 34","Scotland","Male","All","Not main scheme application","5","5"," "
"2022","All","30 - 34","Wales","Male","All","Not main scheme application","5","5"," "
"2023","All","30 - 34","Wales","Male","All","Not main scheme application","10","10"," "
"2021","All","35 and over","England","Male","All","Not main scheme application","5","0"," "
"2022","All","35 and over","England","Male","All","Not main scheme application","5","0"," "
"2019","All","35 and over","Scotland","Male","All","Not main scheme application","20","10"," "
"2020","All","35 and over","Scotland","Male","All","Not main scheme application","35","20","0.6"
"2021","All","35 and over","Scotland","Male","All","Not main scheme application","20","10"," "
"2022","All","35 and over","Scotland","Male","All","Not main scheme application","20","10","0.632"
"2023","All","35 and over","Scotland","Male","All","Not main scheme application","25","20","0.769"
"2022","All","35 and over","Wales","Male","All","Not main scheme application","5","5"," "
"2023","All","35 and over","Wales","Male","All","Not main scheme application","10","10"," "
"2020","All","18","England","Female","All","Main scheme application","5","0"," "
"2022","All","18","England","Female","All","Main scheme application","5","0"," "
"2019","All","18","Scotland","Female","All","Main scheme application","10","0"," "
"2020","All","18","Scotland","Female","All","Main scheme application","20","0"," "
"2021","All","18","Scotland","Female","All","Main scheme application","15","0"," "
"2022","All","18","Scotland","Female","All","Main scheme application","20","0"," "
"2023","All","18","Scotland","Female","All","Main scheme application","20","0"," "
"2020","All","18","Wales","Female","All","Main scheme application","5","0"," "
"2022","All","18","Wales","Female","All","Main scheme application","15","0"," "
"2019","All","19","Scotland","Female","All","Main scheme application","5","0"," "
"2021","All","19","Scotland","Female","All","Main scheme application","5","0"," "
"2022","All","19","Scotland","Female","All","Main scheme application","10","0"," "
"2023","All","19","Scotland","Female","All","Main scheme application","5","0"," "
"2019","All","20","Scotland","Female","All","Main scheme application","5","0"," "
"2020","All","20","Scotland","Female","All","Main scheme application","5","0"," "
"2021","All","20","Scotland","Female","All","Main scheme application","15","0"," "
"2022","All","20","Scotland","Female","All","Main scheme application","5","0"," "
"2023","All","20","Scotland","Female","All","Main scheme application","5","0"," "
"2019","All","21 - 24","Northern Ireland","Female","All","Main scheme application","45","10"," "
"2020","All","21 - 24","Northern Ireland","Female","All","Main scheme application","35","10"," "
"2021","All","21 - 24","Northern Ireland","Female","All","Main scheme application","45","15","0.311"
"2022","All","21 - 24","Northern Ireland","Female","All","Main scheme application","30","10"," "
"2023","All","21 - 24","Northern Ireland","Female","All","Main scheme application","20","5"," "
"2019","All","21 - 24","England","Female","All","Main scheme application","50","25","0.451"
"2020","All","21 - 24","England","Female","All","Main scheme application","35","15","0.389"
"2021","All","21 - 24","England","Female","All","Main scheme application","65","20","0.303"
"2022","All","21 - 24","England","Female","All","Main scheme application","100","50","0.505"
"2023","All","21 - 24","England","Female","All","Main scheme application","95","35","0.389"
"2019","All","21 - 24","Scotland","Female","All","Main scheme application","1145","615","0.54"
"2020","All","21 - 24","Scotland","Female","All","Main scheme application","1270","700","0.549"
"2021","All","21 - 24","Scotland","Female","All","Main scheme application","1580","675","0.429"
"2022","All","21 - 24","Scotland","Female","All","Main scheme application","1125","610","0.543"
"2023","All","21 - 24","Scotland","Female","All","Main scheme application","965","560","0.584"
"2020","All","21 - 24","Wales","Female","All","Main scheme application","5","0"," "
"2022","All","21 - 24","Wales","Female","All","Main scheme application","485","355","0.731"
"2023","All","21 - 24","Wales","Female","All","Main scheme application","445","305","0.686"
"2019","All","25 - 29","Northern Ireland","Female","All","Main scheme application","15","10"," "
"2020","All","25 - 29","Northern Ireland","Female","All","Main scheme application","15","5"," "
"2021","All","25 - 29","Northern Ireland","Female","All","Main scheme application","15","5"," "
"2022","All","25 - 29","Northern Ireland","Female","All","Main scheme application","10","5"," "
"2023","All","25 - 29","Northern Ireland","Female","All","Main scheme application","10","5"," "
"2019","All","25 - 29","England","Female","All","Main scheme application","20","5"," "
"2020","All","25 - 29","England","Female","All","Main scheme application","25","15","0.56"
"2021","All","25 - 29","England","Female","All","Main scheme application","40","15","0.385"
"2022","All","25 - 29","England","Female","All","Main scheme application","25","5"," "
"2023","All","25 - 29","England","Female","All","Main scheme application","15","10","0.588"
"2019","All","25 - 29","Scotland","Female","All","Main scheme application","950","515","0.545"
"2020","All","25 - 29","Scotland","Female","All","Main scheme application","895","475","0.533"
"2021","All","25 - 29","Scotland","Female","All","Main scheme application","1145","530","0.464"
"2022","All","25 - 29","Scotland","Female","All","Main scheme application","765","425","0.555"
"2023","All","25 - 29","Scotland","Female","All","Main scheme application","550","300","0.542"
"2022","All","25 - 29","Wales","Female","All","Main scheme application","160","105","0.648"
"2023","All","25 - 29","Wales","Female","All","Main scheme application","145","100","0.6990000000000001"
"2021","All","30 - 34","Northern Ireland","Female","All","Main scheme application","5","0"," "
"2022","All","30 - 34","Northern Ireland","Female","All","Main scheme application","5","0"," "
"2019","All","30 - 34","England","Female","All","Main scheme application","10","5"," "
"2020","All","30 - 34","England","Female","All","Main scheme application","10","5"," "
"2021","All","30 - 34","England","Female","All","Main scheme application","15","0"," "
"2022","All","30 - 34","England","Female","All","Main scheme application","10","5"," "
"2023","All","30 - 34","England","Female","All","Main scheme application","5","5"," "
"2019","All","30 - 34","Scotland","Female","All","Main scheme application","410","185","0.448"
"2020","All","30 - 34","Scotland","Female","All","Main scheme application","435","235","0.543"
"2021","All","30 - 34","Scotland","Female","All","Main scheme application","485","185","0.386"
"2022","All","30 - 34","Scotland","Female","All","Main scheme application","310","170","0.549"
"2023","All","30 - 34","Scotland","Female","All","Main scheme application","255","145","0.5710000000000001"
"2022","All","30 - 34","Wales","Female","All","Main scheme application","60","45","0.767"
"2023","All","30 - 34","Wales","Female","All","Main scheme application","55","35","0.632"
"2019","All","35 and over","Northern Ireland","Female","All","Main scheme application","5","0"," "
"2019","All","35 and over","England","Female","All","Main scheme application","20","5"," "
"2020","All","35 and over","England","Female","All","Main scheme application","15","5"," "
"2021","All","35 and over","England","Female","All","Main scheme application","15","10","0.706"
"2022","All","35 and over","England","Female","All","Main scheme application","10","5"," "
"2023","All","35 and over","England","Female","All","Main scheme application","5","5"," "
"2019","All","35 and over","Scotland","Female","All","Main scheme application","760","325","0.426"
"2020","All","35 and over","Scotland","Female","All","Main scheme application","835","385","0.461"
"2021","All","35 and over","Scotland","Female","All","Main scheme application","875","335","0.382"
"2022","All","35 and over","Scotland","Female","All","Main scheme application","595","300","0.5"
"2023","All","35 and over","Scotland","Female","All","Main scheme application","515","275","0.538"
"2022","All","35 and over","Wales","Female","All","Main scheme application","90","50","0.533"
"2023","All","35 and over","Wales","Female","All","Main scheme application","65","40","0.621"
"2023","All","18","England","Male","All","Main scheme application","5","0"," "
"2019","All","18","Scotland","Male","All","Main scheme application","5","0"," "
"2020","All","18","Scotland","Male","All","Main scheme application","5","0"," "
"2021","All","18","Scotland","Male","All","Main scheme application","5","0"," "
"2022","All","18","Scotland","Male","All","Main scheme application","5","0"," "
"2023","All","18","Scotland","Male","All","Main scheme application","5","0"," "
"2022","All","18","Wales","Male","All","Main scheme application","5","0"," "
"2023","All","18","Wales","Male","All","Main scheme application","5","0"," "
"2021","All","20","Scotland","Male","All","Main scheme application","5","0"," "
"2022","All","20","Scotland","Male","All","Main scheme application","5","0"," "
"2023","All","20","Scotland","Male","All","Main scheme application","5","0"," "
"2023","All","20","Wales","Male","All","Main scheme application","5","0"," "
"2019","All","21 - 24","Northern Ireland","Male","All","Main scheme application","15","0"," "
"2020","All","21 - 24","Northern Ireland","Male","All","Main scheme application","10","0"," "
"2021","All","21 - 24","Northern Ireland","Male","All","Main scheme application","20","0"," "
"2022","All","21 - 24","Northern Ireland","Male","All","Main scheme application","15","5"," "
"2023","All","21 - 24","Northern Ireland","Male","All","Main scheme application","5","0"," "
"2019","All","21 - 24","England","Male","All","Main scheme application","20","5"," "
"2020","All","21 - 24","England","Male","All","Main scheme application","15","5"," "
"2021","All","21 - 24","England","Male","All","Main scheme application","20","5"," "
"2022","All","21 - 24","England","Male","All","Main scheme application","45","15","0.318"
"2023","All","21 - 24","England","Male","All","Main scheme application","35","20","0.486"
"2019","All","21 - 24","Scotland","Male","All","Main scheme application","430","185","0.427"
"2020","All","21 - 24","Scotland","Male","All","Main scheme application","410","175","0.427"
"2021","All","21 - 24","Scotland","Male","All","Main scheme application","535","200","0.371"
"2022","All","21 - 24","Scotland","Male","All","Main scheme application","405","155","0.381"
"2023","All","21 - 24","Scotland","Male","All","Main scheme application","325","160","0.488"
"2022","All","21 - 24","Wales","Male","All","Main scheme application","160","105","0.65"
"2023","All","21 - 24","Wales","Male","All","Main scheme application","160","115","0.734"
"2019","All","25 - 29","Northern Ireland","Male","All","Main scheme application","10","5"," "
"2020","All","25 - 29","Northern Ireland","Male","All","Main scheme application","5","0"," "
"2021","All","25 - 29","Northern Ireland","Male","All","Main scheme application","10","5"," "
"2022","All","25 - 29","Northern Ireland","Male","All","Main scheme application","5","0"," "
"2023","All","25 - 29","Northern Ireland","Male","All","Main scheme application","5","0"," "
"2019","All","25 - 29","England","Male","All","Main scheme application","10","5"," "
"2020","All","25 - 29","England","Male","All","Main scheme application","10","5"," "
"2021","All","25 - 29","England","Male","All","Main scheme application","15","5"," "
"2022","All","25 - 29","England","Male","All","Main scheme application","10","5"," "
"2023","All","25 - 29","England","Male","All","Main scheme application","10","0"," "
"2019","All","25 - 29","Scotland","Male","All","Main scheme application","375","170","0.446"
"2020","All","25 - 29","Scotland","Male","All","Main scheme application","430","205","0.47400000000000003"
"2021","All","25 - 29","Scotland","Male","All","Main scheme application","505","190","0.38"
"2022","All","25 - 29","Scotland","Male","All","Main scheme application","360","170","0.467"
"2023","All","25 - 29","Scotland","Male","All","Main scheme application","290","155","0.528"
"2020","All","25 - 29","Wales","Male","All","Main scheme application","5","0"," "
"2022","All","25 - 29","Wales","Male","All","Main scheme application","70","50","0.722"
"2023","All","25 - 29","Wales","Male","All","Main scheme application","75","50","0.653"
"2020","All","30 - 34","Northern Ireland","Male","All","Main scheme application","5","0"," "
"2019","All","30 - 34","England","Male","All","Main scheme application","5","5"," "
"2020","All","30 - 34","England","Male","All","Main scheme application","10","10"," "
"2021","All","30 - 34","England","Male","All","Main scheme application","5","0"," "
"2022","All","30 - 34","England","Male","All","Main scheme application","5","5"," "
"2023","All","30 - 34","England","Male","All","Main scheme application","5","5"," "
"2019","All","30 - 34","Scotland","Male","All","Main scheme application","195","95","0.482"
"2020","All","30 - 34","Scotland","Male","All","Main scheme application","195","90","0.447"
"2021","All","30 - 34","Scotland","Male","All","Main scheme application","235","95","0.40700000000000003"
"2022","All","30 - 34","Scotland","Male","All","Main scheme application","200","100","0.495"
"2023","All","30 - 34","Scotland","Male","All","Main scheme application","130","60","0.446"
"2022","All","30 - 34","Wales","Male","All","Main scheme application","35","25","0.6970000000000001"
"2023","All","30 - 34","Wales","Male","All","Main scheme application","20","15","0.714"
"2019","All","35 and over","England","Male","All","Main scheme application","5","0"," "
"2020","All","35 and over","England","Male","All","Main scheme application","5","0"," "
"2021","All","35 and over","England","Male","All","Main scheme application","5","5"," "
"2022","All","35 and over","England","Male","All","Main scheme application","5","0"," "
"2023","All","35 and over","England","Male","All","Main scheme application","5","0"," "
"2019","All","35 and over","Scotland","Male","All","Main scheme application","320","145","0.449"
"2020","All","35 and over","Scotland","Male","All","Main scheme application","310","135","0.437"
"2021","All","35 and over","Scotland","Male","All","Main scheme application","350","120","0.34"
"2022","All","35 and over","Scotland","Male","All","Main scheme application","245","105","0.426"
"2023","All","35 and over","Scotland","Male","All","Main scheme application","180","80","0.461"
"2022","All","35 and over","Wales","Male","All","Main scheme application","35","25","0.676"
"2023","All","35 and over","Wales","Male","All","Main scheme application","25","15","0.52"
"2022","White","All","Northern Ireland","Female","All","Not main scheme application","5","0"," "
"2019","White","All","England","Female","All","Not main scheme application","15","10","0.923"
"2020","White","All","England","Female","All","Not main scheme application","25","20","0.917"
"2021","White","All","England","Female","All","Not main scheme application","15","10","0.8"
"2022","White","All","England","Female","All","Not main scheme application","15","10","0.625"
"2023","White","All","England","Female","All","Not main scheme application","20","20","1"
"2019","White","All","Scotland","Female","All","Not main scheme application","180","105","0.5710000000000001"
"2020","White","All","Scotland","Female","All","Not main scheme application","205","90","0.451"
"2021","White","All","Scotland","Female","All","Not main scheme application","200","80","0.40800000000000003"
"2022","White","All","Scotland","Female","All","Not main scheme application","150","90","0.601"
"2023","White","All","Scotland","Female","All","Not main scheme application","130","90","0.6950000000000001"
"2022","White","All","Wales","Female","All","Not main scheme application","80","65","0.8"
"2023","White","All","Wales","Female","All","Not main scheme application","80","65","0.833"
"2023","Black","All","Scotland","Female","All","Not main scheme application","5","5"," "
"2021","Asian","All","England","Female","All","Not main scheme application","5","0"," "
"2019","Asian","All","Scotland","Female","All","Not main scheme application","15","5"," "
"2020","Asian","All","Scotland","Female","All","Not main scheme application","15","10","0.625"
"2021","Asian","All","Scotland","Female","All","Not main scheme application","10","5"," "
"2022","Asian","All","Scotland","Female","All","Not main scheme application","15","5"," "
"2023","Asian","All","Scotland","Female","All","Not main scheme application","10","5"," "
"2022","Asian","All","Wales","Female","All","Not main scheme application","5","0"," "
"2023","Asian","All","Wales","Female","All","Not main scheme application","5","5"," "
"2019","Mixed","All","Scotland","Female","All","Not main scheme application","5","5"," "
"2022","Mixed","All","Scotland","Female","All","Not main scheme application","5","5"," "
"2023","Mixed","All","Scotland","Female","All","Not main scheme application","5","5"," "
"2020","Other","All","Scotland","Female","All","Not main scheme application","5","0"," "
"2020","Unknown or Prefer Not To Say","All","Scotland","Female","All","Not main scheme application","5","0"," "
"2021","Unknown or Prefer Not To Say","All","Scotland","Female","All","Not main scheme application","5","5"," "
"2022","Unknown or Prefer Not To Say","All","Scotland","Female","All","Not main scheme application","5","5"," "
"2023","Unknown or Prefer Not To Say","All","Scotland","Female","All","Not main scheme application","5","5"," "
"2019","White","All","England","Male","All","Not main scheme application","5","5"," "
"2020","White","All","England","Male","All","Not main scheme application","10","10","1"
"2021","White","All","England","Male","All","Not main scheme application","5","5"," "
"2022","White","All","England","Male","All","Not main scheme application","10","10","1"
"2023","White","All","England","Male","All","Not main scheme application","15","15","1"
"2019","White","All","Scotland","Male","All","Not main scheme application","55","30","0.593"
"2020","White","All","Scotland","Male","All","Not main scheme application","115","70","0.591"
"2021","White","All","Scotland","Male","All","Not main scheme application","75","30","0.39"
"2022","White","All","Scotland","Male","All","Not main scheme application","65","40","0.582"
"2023","White","All","Scotland","Male","All","Not main scheme application","65","45","0.683"
"2022","White","All","Wales","Male","All","Not main scheme application","45","35","0.86"
"2023","White","All","Wales","Male","All","Not main scheme application","55","45","0.887"
"2021","Black","All","Scotland","Male","All","Not main scheme application","5","5"," "
"2019","Asian","All","Scotland","Male","All","Not main scheme application","5","0"," "
"2022","Asian","All","Scotland","Male","All","Not main scheme application","5","5"," "
"2021","Mixed","All","Scotland","Male","All","Not main scheme application","5","0"," "
"2020","Other","All","Scotland","Male","All","Not main scheme application","5","0"," "
"2020","Unknown or Prefer Not To Say","All","Scotland","Male","All","Not main scheme application","5","0"," "
"2022","Unknown or Prefer Not To Say","All","Scotland","Male","All","Not main scheme application","5","0"," "
"2019","White","All","Northern Ireland","Female","All","Main scheme application","65","20","0.273"
"2020","White","All","Northern Ireland","Female","All","Main scheme application","50","15","0.255"
"2021","White","All","Northern Ireland","Female","All","Main scheme application","65","20","0.323"
"2022","White","All","Northern Ireland","Female","All","Main scheme application","45","15","0.372"
"2023","White","All","Northern Ireland","Female","All","Main scheme application","35","5"," "
"2019","White","All","England","Female","All","Main scheme application","80","30","0.383"
"2020","White","All","England","Female","All","Main scheme application","80","35","0.439"
"2021","White","All","England","Female","All","Main scheme application","115","40","0.35000000000000003"
"2022","White","All","England","Female","All","Main scheme application","145","60","0.404"
"2023","White","All","England","Female","All","Main scheme application","115","50","0.419"
"2019","White","All","Scotland","Female","All","Main scheme application","3050","1560","0.511"
"2020","White","All","Scotland","Female","All","Main scheme application","3225","1700","0.528"
"2021","White","All","Scotland","Female","All","Main scheme application","3850","1635","0.424"
"2022","White","All","Scotland","Female","All","Main scheme application","2640","1415","0.537"
"2023","White","All","Scotland","Female","All","Main scheme application","2105","1195","0.5680000000000001"
"2020","White","All","Wales","Female","All","Main scheme application","10","0"," "
"2021","White","All","Wales","Female","All","Main scheme application","5","0"," "
"2022","White","All","Wales","Female","All","Main scheme application","760","530","0.6970000000000001"
"2023","White","All","Wales","Female","All","Main scheme application","660","455","0.684"
"2019","Black","All","England","Female","All","Main scheme application","5","0"," "
"2019","Black","All","Scotland","Female","All","Main scheme application","20","5"," "
"2020","Black","All","Scotland","Female","All","Main scheme application","30","5"," "
"2021","Black","All","Scotland","Female","All","Main scheme application","20","5"," "
"2022","Black","All","Scotland","Female","All","Main scheme application","10","5"," "
"2023","Black","All","Scotland","Female","All","Main scheme application","30","5"," "
"2022","Black","All","Wales","Female","All","Main scheme application","5","0"," "
"2023","Black","All","Wales","Female","All","Main scheme application","10","5"," "
"2019","Asian","All","England","Female","All","Main scheme application","10","0"," "
"2021","Asian","All","England","Female","All","Main scheme application","15","5"," "
"2022","Asian","All","England","Female","All","Main scheme application","5","0"," "
"2019","Asian","All","Scotland","Female","All","Main scheme application","125","45","0.34900000000000003"
"2020","Asian","All","Scotland","Female","All","Main scheme application","120","50","0.397"
"2021","Asian","All","Scotland","Female","All","Main scheme application","135","50","0.36"
"2022","Asian","All","Scotland","Female","All","Main scheme application","95","40","0.436"
"2023","Asian","All","Scotland","Female","All","Main scheme application","95","40","0.406"
"2022","Asian","All","Wales","Female","All","Main scheme application","20","5"," "
"2023","Asian","All","Wales","Female","All","Main scheme application","20","10"," "
"2019","Mixed","All","England","Female","All","Main scheme application","5","0"," "
"2020","Mixed","All","England","Female","All","Main scheme application","5","0"," "
"2021","Mixed","All","England","Female","All","Main scheme application","5","5"," "
"2022","Mixed","All","England","Female","All","Main scheme application","5","0"," "
"2023","Mixed","All","England","Female","All","Main scheme application","5","5"," "
"2019","Mixed","All","Scotland","Female","All","Main scheme application","50","20","0.396"
"2020","Mixed","All","Scotland","Female","All","Main scheme application","45","25","0.522"
"2021","Mixed","All","Scotland","Female","All","Main scheme application","50","25","0.442"
"2022","Mixed","All","Scotland","Female","All","Main scheme application","55","30","0.547"
"2023","Mixed","All","Scotland","Female","All","Main scheme application","40","25","0.595"
"2022","Mixed","All","Wales","Female","All","Main scheme application","10","10"," "
"2023","Mixed","All","Wales","Female","All","Main scheme application","10","10"," "
"2019","Other","All","Scotland","Female","All","Main scheme application","15","5"," "
"2020","Other","All","Scotland","Female","All","Main scheme application","25","10"," "
"2021","Other","All","Scotland","Female","All","Main scheme application","25","5"," "
"2022","Other","All","Scotland","Female","All","Main scheme application","15","5"," "
"2023","Other","All","Scotland","Female","All","Main scheme application","25","10","0.435"
"2022","Other","All","Wales","Female","All","Main scheme application","10","5"," "
"2023","Other","All","Wales","Female","All","Main scheme application","5","5"," "
"2019","Unknown or Prefer Not To Say","All","Scotland","Female","All","Main scheme application","25","10","0.48"
"2020","Unknown or Prefer Not To Say","All","Scotland","Female","All","Main scheme application","20","5"," "
"2021","Unknown or Prefer Not To Say","All","Scotland","Female","All","Main scheme application","35","10","0.333"
"2022","Unknown or Prefer Not To Say","All","Scotland","Female","All","Main scheme application","15","5"," "
"2023","Unknown or Prefer Not To Say","All","Scotland","Female","All","Main scheme application","15","5"," "
"2023","Unknown or Prefer Not To Say","All","Wales","Female","All","Main scheme application","5","5"," "
"2019","White","All","Northern Ireland","Male","All","Main scheme application","25","5"," "
"2020","White","All","Northern Ireland","Male","All","Main scheme application","15","0"," "
"2021","White","All","Northern Ireland","Male","All","Main scheme application","30","10"," "
"2022","White","All","Northern Ireland","Male","All","Main scheme application","25","10"," "
"2023","White","All","Northern Ireland","Male","All","Main scheme application","10","0"," "
"2019","White","All","England","Male","All","Main scheme application","35","10","0.324"
"2020","White","All","England","Male","All","Main scheme application","35","20","0.514"
"2021","White","All","England","Male","All","Main scheme application","45","15","0.295"
"2022","White","All","England","Male","All","Main scheme application","60","25","0.387"
"2023","White","All","England","Male","All","Main scheme application","55","20","0.357"
"2019","White","All","Scotland","Male","All","Main scheme application","1240","560","0.453"
"2020","White","All","Scotland","Male","All","Main scheme application","1265","570","0.449"
"2021","White","All","Scotland","Male","All","Main scheme application","1525","570","0.372"
"2022","White","All","Scotland","Male","All","Main scheme application","1130","495","0.441"
"2023","White","All","Scotland","Male","All","Main scheme application","855","415","0.487"
"2019","White","All","Wales","Male","All","Main scheme application","5","0"," "
"2020","White","All","Wales","Male","All","Main scheme application","5","0"," "
"2022","White","All","Wales","Male","All","Main scheme application","290","190","0.652"
"2023","White","All","Wales","Male","All","Main scheme application","260","180","0.6970000000000001"
"2019","Black","All","Scotland","Male","All","Main scheme application","10","0"," "
"2020","Black","All","Scotland","Male","All","Main scheme application","15","5"," "
"2021","Black","All","Scotland","Male","All","Main scheme application","15","5"," "
"2022","Black","All","Scotland","Male","All","Main scheme application","15","5"," "
"2023","Black","All","Scotland","Male","All","Main scheme application","5","0"," "
"2019","Asian","All","England","Male","All","Main scheme application","5","5"," "
"2020","Asian","All","England","Male","All","Main scheme application","5","0"," "
"2023","Asian","All","England","Male","All","Main scheme application","5","0"," "
"2019","Asian","All","Scotland","Male","All","Main scheme application","40","15","0.368"
"2020","Asian","All","Scotland","Male","All","Main scheme application","20","15","0.591"
"2021","Asian","All","Scotland","Male","All","Main scheme application","25","10"," "
"2022","Asian","All","Scotland","Male","All","Main scheme application","20","5"," "
"2023","Asian","All","Scotland","Male","All","Main scheme application","20","10"," "
"2022","Asian","All","Wales","Male","All","Main scheme application","5","5"," "
"2023","Asian","All","Wales","Male","All","Main scheme application","10","5"," "
"2022","Mixed","All","England","Male","All","Main scheme application","5","0"," "
"2023","Mixed","All","England","Male","All","Main scheme application","5","0"," "
"2019","Mixed","All","Scotland","Male","All","Main scheme application","15","5"," "
"2020","Mixed","All","Scotland","Male","All","Main scheme application","20","5"," "
"2021","Mixed","All","Scotland","Male","All","Main scheme application","20","5"," "
"2022","Mixed","All","Scotland","Male","All","Main scheme application","20","5"," "
"2023","Mixed","All","Scotland","Male","All","Main scheme application","30","15","0.483"
"2022","Mixed","All","Wales","Male","All","Main scheme application","10","5"," "
"2023","Mixed","All","Wales","Male","All","Main scheme application","5","0"," "
"2019","Other","All","Scotland","Male","All","Main scheme application","5","0"," "
"2020","Other","All","Scotland","Male","All","Main scheme application","10","5"," "
"2021","Other","All","Scotland","Male","All","Main scheme application","10","0"," "
"2022","Other","All","Scotland","Male","All","Main scheme application","10","0"," "
"2023","Other","All","Scotland","Male","All","Main scheme application","5","0"," "
"2023","Other","All","Wales","Male","All","Main scheme application","5","5"," "
"2019","Unknown or Prefer Not To Say","All","Scotland","Male","All","Main scheme application","20","10"," "
"2020","Unknown or Prefer Not To Say","All","Scotland","Male","All","Main scheme application","25","10"," "
"2021","Unknown or Prefer Not To Say","All","Scotland","Male","All","Main scheme application","35","15","0.429"
"2022","Unknown or Prefer Not To Say","All","Scotland","Male","All","Main scheme application","25","15","0.5"
"2023","Unknown or Prefer Not To Say","All","Scotland","Male","All","Main scheme application","25","10","0.48"
"2022","Unknown or Prefer Not To Say","All","Wales","Male","All","Main scheme application","5","5"," "
"2023","Unknown or Prefer Not To Say","All","Wales","Male","All","Main scheme application","5","0"," "
"2022","All","All","Northern Ireland","Female","All","Not main scheme application","5","0"," "
"2019","All","All","England","Female","All","Not main scheme application","15","15","0.882"
"2020","All","All","England","Female","All","Not main scheme application","25","25","0.926"
"2021","All","All","England","Female","All","Not main scheme application","20","15","0.778"
"2022","All","All","England","Female","All","Not main scheme application","20","10","0.667"
"2023","All","All","England","Female","All","Not main scheme application","25","25","1"
"2019","All","All","Scotland","Female","All","Not main scheme application","205","115","0.5670000000000001"
"2020","All","All","Scotland","Female","All","Not main scheme application","230","105","0.46900000000000003"
"2021","All","All","Scotland","Female","All","Not main scheme application","220","95","0.429"
"2022","All","All","Scotland","Female","All","Not main scheme application","175","110","0.61"
"2023","All","All","Scotland","Female","All","Not main scheme application","150","110","0.711"
"2022","All","All","Wales","Female","All","Not main scheme application","85","70","0.805"
"2023","All","All","Wales","Female","All","Not main scheme application","90","75","0.811"
"2019","All","All","England","Male","All","Not main scheme application","5","5"," "
"2020","All","All","England","Male","All","Not main scheme application","15","10","0.857"
"2021","All","All","England","Male","All","Not main scheme application","5","5"," "
"2022","All","All","England","Male","All","Not main scheme application","10","10","0.833"
"2023","All","All","England","Male","All","Not main scheme application","20","20","0.9470000000000001"
"2019","All","All","Scotland","Male","All","Not main scheme application","65","35","0.587"
"2020","All","All","Scotland","Male","All","Not main scheme application","130","75","0.578"
"2021","All","All","Scotland","Male","All","Not main scheme application","90","35","0.41100000000000003"
"2022","All","All","Scotland","Male","All","Not main scheme application","80","45","0.582"
"2023","All","All","Scotland","Male","All","Not main scheme application","70","45","0.662"
"2022","All","All","Wales","Male","All","Not main scheme application","45","40","0.851"
"2023","All","All","Wales","Male","All","Not main scheme application","60","50","0.864"
"2019","All","All","Northern Ireland","Female","All","Main scheme application","65","20","0.273"
"2020","All","All","Northern Ireland","Female","All","Main scheme application","50","15","0.255"
"2021","All","All","Northern Ireland","Female","All","Main scheme application","65","20","0.323"
"2022","All","All","Northern Ireland","Female","All","Main scheme application","45","15","0.386"
"2023","All","All","Northern Ireland","Female","All","Main scheme application","35","5"," "
"2019","All","All","England","Female","All","Main scheme application","100","35","0.364"
"2020","All","All","England","Female","All","Main scheme application","95","40","0.426"
"2021","All","All","England","Female","All","Main scheme application","135","50","0.353"
"2022","All","All","England","Female","All","Main scheme application","155","60","0.397"
"2023","All","All","England","Female","All","Main scheme application","125","55","0.421"
"2019","All","All","Scotland","Female","All","Main scheme application","3285","1645","0.5"
"2020","All","All","Scotland","Female","All","Main scheme application","3460","1795","0.519"
"2021","All","All","Scotland","Female","All","Main scheme application","4120","1730","0.42"
"2022","All","All","Scotland","Female","All","Main scheme application","2830","1505","0.532"
"2023","All","All","Scotland","Female","All","Main scheme application","2310","1280","0.555"
"2019","All","All","Wales","Female","All","Main scheme application","5","0"," "
"2020","All","All","Wales","Female","All","Main scheme application","10","0"," "
"2021","All","All","Wales","Female","All","Main scheme application","5","0"," "
"2022","All","All","Wales","Female","All","Main scheme application","810","550","0.682"
"2023","All","All","Wales","Female","All","Main scheme application","715","480","0.674"
"2019","All","All","Northern Ireland","Male","All","Main scheme application","25","5"," "
"2020","All","All","Northern Ireland","Male","All","Main scheme application","20","0"," "
"2021","All","All","Northern Ireland","Male","All","Main scheme application","30","10"," "
"2022","All","All","Northern Ireland","Male","All","Main scheme application","25","10"," "
"2023","All","All","Northern Ireland","Male","All","Main scheme application","10","0"," "
"2019","All","All","England","Male","All","Main scheme application","40","15","0.333"
"2020","All","All","England","Male","All","Main scheme application","45","20","0.488"
"2021","All","All","England","Male","All","Main scheme application","50","15","0.28"
"2022","All","All","England","Male","All","Main scheme application","70","25","0.362"
"2023","All","All","England","Male","All","Main scheme application","65","25","0.385"
"2019","All","All","Scotland","Male","All","Main scheme application","1330","590","0.443"
"2020","All","All","Scotland","Male","All","Main scheme application","1355","600","0.445"
"2021","All","All","Scotland","Male","All","Main scheme application","1635","605","0.37"
"2022","All","All","Scotland","Male","All","Main scheme application","1215","525","0.433"
"2023","All","All","Scotland","Male","All","Main scheme application","935","450","0.483"
"2019","All","All","Wales","Male","All","Main scheme application","5","0"," "
"2020","All","All","Wales","Male","All","Main scheme application","5","0"," "
"2022","All","All","Wales","Male","All","Main scheme application","310","205","0.66"
"2023","All","All","Wales","Male","All","Main scheme application","285","195","0.678"
"2021","White","18","All","Female","All","Not main scheme application","5","0"," "
"2019","White","21 - 24","All","Female","All","Not main scheme application","75","40","0.56"
"2020","White","21 - 24","All","Female","All","Not main scheme application","80","25","0.329"
"2021","White","21 - 24","All","Female","All","Not main scheme application","100","40","0.38"
"2022","White","21 - 24","All","Female","All","Not main scheme application","105","70","0.67"
"2023","White","21 - 24","All","Female","All","Not main scheme application","110","80","0.752"
"2023","Black","21 - 24","All","Female","All","Not main scheme application","5","0"," "
"2019","Asian","21 - 24","All","Female","All","Not main scheme application","5","0"," "
"2021","Asian","21 - 24","All","Female","All","Not main scheme application","5","0"," "
"2022","Asian","21 - 24","All","Female","All","Not main scheme application","5","0"," "
"2023","Asian","21 - 24","All","Female","All","Not main scheme application","10","5"," "
"2022","Mixed","21 - 24","All","Female","All","Not main scheme application","5","5"," "
"2019","White","25 - 29","All","Female","All","Not main scheme application","60","35","0.607"
"2020","White","25 - 29","All","Female","All","Not main scheme application","75","45","0.589"
"2021","White","25 - 29","All","Female","All","Not main scheme application","60","20","0.333"
"2022","White","25 - 29","All","Female","All","Not main scheme application","60","40","0.672"
"2023","White","25 - 29","All","Female","All","Not main scheme application","55","45","0.8250000000000001"
"2020","Asian","25 - 29","All","Female","All","Not main scheme application","5","5"," "
"2021","Asian","25 - 29","All","Female","All","Not main scheme application","5","5"," "
"2022","Asian","25 - 29","All","Female","All","Not main scheme application","5","5"," "
"2022","Mixed","25 - 29","All","Female","All","Not main scheme application","5","5"," "
"2023","Mixed","25 - 29","All","Female","All","Not main scheme application","5","5"," "
"2022","Unknown or Prefer Not To Say","25 - 29","All","Female","All","Not main scheme application","5","5"," "
"2019","White","30 - 34","All","Female","All","Not main scheme application","15","10"," "
"2020","White","30 - 34","All","Female","All","Not main scheme application","25","15","0.6"
"2021","White","30 - 34","All","Female","All","Not main scheme application","20","10","0.545"
"2022","White","30 - 34","All","Female","All","Not main scheme application","25","15","0.64"
"2023","White","30 - 34","All","Female","All","Not main scheme application","20","15","0.81"
"2019","Asian","30 - 34","All","Female","All","Not main scheme application","5","0"," "
"2021","Asian","30 - 34","All","Female","All","Not main scheme application","5","0"," "
"2019","White","35 and over","All","Female","All","Not main scheme application","45","30","0.659"
"2020","White","35 and over","All","Female","All","Not main scheme application","50","30","0.596"
"2021","White","35 and over","All","Female","All","Not main scheme application","30","25","0.8"
"2022","White","35 and over","All","Female","All","Not main scheme application","55","35","0.667"
"2023","White","35 and over","All","Female","All","Not main scheme application","45","30","0.727"
"2019","Asian","35 and over","All","Female","All","Not main scheme application","5","5"," "
"2020","Asian","35 and over","All","Female","All","Not main scheme application","5","5"," "
"2021","Asian","35 and over","All","Female","All","Not main scheme application","5","0"," "
"2022","Asian","35 and over","All","Female","All","Not main scheme application","5","0"," "
"2023","Asian","35 and over","All","Female","All","Not main scheme application","10","5"," "
"2019","Other","35 and over","All","Female","All","Not main scheme application","5","5"," "
"2022","Unknown or Prefer Not To Say","35 and over","All","Female","All","Not main scheme application","5","5"," "
"2019","White","21 - 24","All","Male","All","Not main scheme application","20","10","0.526"
"2020","White","21 - 24","All","Male","All","Not main scheme application","40","25","0.619"
"2021","White","21 - 24","All","Male","All","Not main scheme application","30","10","0.355"
"2022","White","21 - 24","All","Male","All","Not main scheme application","60","45","0.78"
"2023","White","21 - 24","All","Male","All","Not main scheme application","55","45","0.768"
"2019","White","25 - 29","All","Male","All","Not main scheme application","20","15","0.727"
"2020","White","25 - 29","All","Male","All","Not main scheme application","40","25","0.634"
"2021","White","25 - 29","All","Male","All","Not main scheme application","25","10","0.44"
"2022","White","25 - 29","All","Male","All","Not main scheme application","30","20","0.759"
"2023","White","25 - 29","All","Male","All","Not main scheme application","30","25","0.8210000000000001"
"2021","Mixed","25 - 29","All","Male","All","Not main scheme application","5","0"," "
"2023","Other","25 - 29","All","Male","All","Not main scheme application","5","0"," "
"2019","White","30 - 34","All","Male","All","Not main scheme application","5","5"," "
"2020","White","30 - 34","All","Male","All","Not main scheme application","15","5"," "
"2021","White","30 - 34","All","Male","All","Not main scheme application","10","5"," "
"2022","White","30 - 34","All","Male","All","Not main scheme application","15","5"," "
"2023","White","30 - 34","All","Male","All","Not main scheme application","15","15","0.765"
"2019","White","35 and over","All","Male","All","Not main scheme application","15","5"," "
"2020","White","35 and over","All","Male","All","Not main scheme application","30","20","0.6900000000000001"
"2021","White","35 and over","All","Male","All","Not main scheme application","15","5"," "
"2022","White","35 and over","All","Male","All","Not main scheme application","20","15","0.737"
"2023","White","35 and over","All","Male","All","Not main scheme application","30","25","0.871"
"2021","Black","35 and over","All","Male","All","Not main scheme application","5","5"," "
"2019","Asian","35 and over","All","Male","All","Not main scheme application","5","0"," "
"2022","Asian","35 and over","All","Male","All","Not main scheme application","5","0"," "
"2020","Unknown or Prefer Not To Say","35 and over","All","Male","All","Not main scheme application","5","0"," "
"2019","White","18","All","Female","All","Main scheme application","10","0"," "
"2020","White","18","All","Female","All","Main scheme application","30","0"," "
"2021","White","18","All","Female","All","Main scheme application","15","0"," "
"2022","White","18","All","Female","All","Main scheme application","35","0"," "
"2023","White","18","All","Female","All","Main scheme application","25","0"," "
"2019","White","19","All","Female","All","Main scheme application","5","0"," "
"2021","White","19","All","Female","All","Main scheme application","5","0"," "
"2022","White","19","All","Female","All","Main scheme application","10","0"," "
"2023","White","19","All","Female","All","Main scheme application","5","0"," "
"2019","White","20","All","Female","All","Main scheme application","5","0"," "
"2020","White","20","All","Female","All","Main scheme application","5","0"," "
"2021","White","20","All","Female","All","Main scheme application","15","0"," "
"2022","White","20","All","Female","All","Main scheme application","10","0"," "
"2023","White","20","All","Female","All","Main scheme application","5","0"," "
"2019","White","21 - 24","All","Female","All","Main scheme application","1175","625","0.531"
"2020","White","21 - 24","All","Female","All","Main scheme application","1285","690","0.536"
"2021","White","21 - 24","All","Female","All","Main scheme application","1610","680","0.424"
"2022","White","21 - 24","All","Female","All","Main scheme application","1650","975","0.59"
"2023","White","21 - 24","All","Female","All","Main scheme application","1435","855","0.596"
"2019","Black","21 - 24","All","Female","All","Main scheme application","5","0"," "
"2021","Black","21 - 24","All","Female","All","Main scheme application","5","0"," "
"2022","Black","21 - 24","All","Female","All","Main scheme application","5","5"," "
"2023","Black","21 - 24","All","Female","All","Main scheme application","15","5"," "
"2019","Asian","21 - 24","All","Female","All","Main scheme application","40","15","0.39"
"2020","Asian","21 - 24","All","Female","All","Main scheme application","35","20","0.5680000000000001"
"2021","Asian","21 - 24","All","Female","All","Main scheme application","50","15","0.333"
"2022","Asian","21 - 24","All","Female","All","Main scheme application","45","25","0.5"
"2023","Asian","21 - 24","All","Female","All","Main scheme application","35","25","0.649"
"2019","Mixed","21 - 24","All","Female","All","Main scheme application","15","5"," "
"2020","Mixed","21 - 24","All","Female","All","Main scheme application","15","5"," "
"2021","Mixed","21 - 24","All","Female","All","Main scheme application","15","10"," "
"2022","Mixed","21 - 24","All","Female","All","Main scheme application","30","20","0.621"
"2023","Mixed","21 - 24","All","Female","All","Main scheme application","25","15","0.68"
"2020","Other","21 - 24","All","Female","All","Main scheme application","5","0"," "
"2022","Other","21 - 24","All","Female","All","Main scheme application","5","5"," "
"2023","Other","21 - 24","All","Female","All","Main scheme application","5","5"," "
"2019","Unknown or Prefer Not To Say","21 - 24","All","Female","All","Main scheme application","5","0"," "
"2021","Unknown or Prefer Not To Say","21 - 24","All","Female","All","Main scheme application","10","0"," "
"2022","Unknown or Prefer Not To Say","21 - 24","All","Female","All","Main scheme application","5","5"," "
"2019","White","25 - 29","All","Female","All","Main scheme application","935","510","0.542"
"2020","White","25 - 29","All","Female","All","Main scheme application","870","470","0.54"
"2021","White","25 - 29","All","Female","All","Main scheme application","1135","530","0.467"
"2022","White","25 - 29","All","Female","All","Main scheme application","910","510","0.5630000000000001"
"2023","White","25 - 29","All","Female","All","Main scheme application","670","385","0.5750000000000001"
"2019","Black","25 - 29","All","Female","All","Main scheme application","5","0"," "
"2020","Black","25 - 29","All","Female","All","Main scheme application","5","0"," "
"2021","Black","25 - 29","All","Female","All","Main scheme application","5","5"," "
"2022","Black","25 - 29","All","Female","All","Main scheme application","5","0"," "
"2023","Black","25 - 29","All","Female","All","Main scheme application","5","0"," "
"2019","Asian","25 - 29","All","Female","All","Main scheme application","20","10"," "
"2020","Asian","25 - 29","All","Female","All","Main scheme application","25","10"," "
"2021","Asian","25 - 29","All","Female","All","Main scheme application","30","10"," "
"2022","Asian","25 - 29","All","Female","All","Main scheme application","25","10","0.417"
"2023","Asian","25 - 29","All","Female","All","Main scheme application","25","10","0.5"
"2019","Mixed","25 - 29","All","Female","All","Main scheme application","20","10"," "
"2020","Mixed","25 - 29","All","Female","All","Main scheme application","15","10","0.588"
"2021","Mixed","25 - 29","All","Female","All","Main scheme application","15","5"," "
"2022","Mixed","25 - 29","All","Female","All","Main scheme application","20","10","0.611"
"2023","Mixed","25 - 29","All","Female","All","Main scheme application","20","10"," "
"2019","Other","25 - 29","All","Female","All","Main scheme application","5","0"," "
"2020","Other","25 - 29","All","Female","All","Main scheme application","5","0"," "
"2021","Other","25 - 29","All","Female","All","Main scheme application","5","0"," "
"2022","Other","25 - 29","All","Female","All","Main scheme application","5","0"," "
"2023","Other","25 - 29","All","Female","All","Main scheme application","5","5"," "
"2019","Unknown or Prefer Not To Say","25 - 29","All","Female","All","Main scheme application","5","5"," "
"2020","Unknown or Prefer Not To Say","25 - 29","All","Female","All","Main scheme application","10","5"," "
"2021","Unknown or Prefer Not To Say","25 - 29","All","Female","All","Main scheme application","10","0"," "
"2022","Unknown or Prefer Not To Say","25 - 29","All","Female","All","Main scheme application","5","5"," "
"2019","White","30 - 34","All","Female","All","Main scheme application","385","180","0.463"
"2020","White","30 - 34","All","Female","All","Main scheme application","420","230","0.548"
"2021","White","30 - 34","All","Female","All","Main scheme application","460","175","0.376"
"2022","White","30 - 34","All","Female","All","Main scheme application","360","210","0.581"
"2023","White","30 - 34","All","Female","All","Main scheme application","285","175","0.611"
"2019","Black","30 - 34","All","Female","All","Main scheme application","5","0"," "
"2022","Black","30 - 34","All","Female","All","Main scheme application","5","0"," "
"2023","Black","30 - 34","All","Female","All","Main scheme application","5","0"," "
"2019","Asian","30 - 34","All","Female","All","Main scheme application","20","5"," "
"2020","Asian","30 - 34","All","Female","All","Main scheme application","10","5"," "
"2021","Asian","30 - 34","All","Female","All","Main scheme application","20","5"," "
"2022","Asian","30 - 34","All","Female","All","Main scheme application","10","5"," "
"2023","Asian","30 - 34","All","Female","All","Main scheme application","15","5"," "
"2019","Mixed","30 - 34","All","Female","All","Main scheme application","5","0"," "
"2020","Mixed","30 - 34","All","Female","All","Main scheme application","5","5"," "
"2021","Mixed","30 - 34","All","Female","All","Main scheme application","10","5"," "
"2022","Mixed","30 - 34","All","Female","All","Main scheme application","5","5"," "
"2023","Mixed","30 - 34","All","Female","All","Main scheme application","5","0"," "
"2020","Other","30 - 34","All","Female","All","Main scheme application","5","0"," "
"2021","Other","30 - 34","All","Female","All","Main scheme application","5","5"," "
"2022","Other","30 - 34","All","Female","All","Main scheme application","5","0"," "
"2023","Other","30 - 34","All","Female","All","Main scheme application","5","0"," "
"2019","Unknown or Prefer Not To Say","30 - 34","All","Female","All","Main scheme application","10","0"," "
"2020","Unknown or Prefer Not To Say","30 - 34","All","Female","All","Main scheme application","5","0"," "
"2021","Unknown or Prefer Not To Say","30 - 34","All","Female","All","Main scheme application","5","5"," "
"2023","Unknown or Prefer Not To Say","30 - 34","All","Female","All","Main scheme application","5","0"," "
"2019","White","35 and over","All","Female","All","Main scheme application","680","300","0.437"
"2020","White","35 and over","All","Female","All","Main scheme application","755","360","0.47900000000000004"
"2021","White","35 and over","All","Female","All","Main scheme application","795","310","0.392"
"2022","White","35 and over","All","Female","All","Main scheme application","620","330","0.53"
"2023","White","35 and over","All","Female","All","Main scheme application","495","290","0.584"
"2019","Black","35 and over","All","Female","All","Main scheme application","10","5"," "
"2020","Black","35 and over","All","Female","All","Main scheme application","20","5"," "
"2021","Black","35 and over","All","Female","All","Main scheme application","10","0"," "
"2022","Black","35 and over","All","Female","All","Main scheme application","10","0"," "
"2023","Black","35 and over","All","Female","All","Main scheme application","20","5"," "
"2019","Asian","35 and over","All","Female","All","Main scheme application","50","15","0.314"
"2020","Asian","35 and over","All","Female","All","Main scheme application","45","15","0.277"
"2021","Asian","35 and over","All","Female","All","Main scheme application","50","20","0.458"
"2022","Asian","35 and over","All","Female","All","Main scheme application","35","10","0.343"
"2023","Asian","35 and over","All","Female","All","Main scheme application","40","10","0.244"
"2019","Mixed","35 and over","All","Female","All","Main scheme application","15","5"," "
"2020","Mixed","35 and over","All","Female","All","Main scheme application","15","5"," "
"2021","Mixed","35 and over","All","Female","All","Main scheme application","15","5"," "
"2022","Mixed","35 and over","All","Female","All","Main scheme application","15","5"," "
"2023","Mixed","35 and over","All","Female","All","Main scheme application","10","10"," "
"2019","Other","35 and over","All","Female","All","Main scheme application","15","0"," "
"2020","Other","35 and over","All","Female","All","Main scheme application","10","5"," "
"2021","Other","35 and over","All","Female","All","Main scheme application","10","0"," "
"2022","Other","35 and over","All","Female","All","Main scheme application","10","5"," "
"2023","Other","35 and over","All","Female","All","Main scheme application","15","5"," "
"2019","Unknown or Prefer Not To Say","35 and over","All","Female","All","Main scheme application","10","5"," "
"2020","Unknown or Prefer Not To Say","35 and over","All","Female","All","Main scheme application","5","0"," "
"2021","Unknown or Prefer Not To Say","35 and over","All","Female","All","Main scheme application","15","5"," "
"2022","Unknown or Prefer Not To Say","35 and over","All","Female","All","Main scheme application","10","0"," "
"2023","Unknown or Prefer Not To Say","35 and over","All","Female","All","Main scheme application","10","5"," "
"2019","White","18","All","Male","All","Main scheme application","5","0"," "
"2020","White","18","All","Male","All","Main scheme application","5","0"," "
"2021","White","18","All","Male","All","Main scheme application","5","0"," "
"2022","White","18","All","Male","All","Main scheme application","10","0"," "
"2023","White","18","All","Male","All","Main scheme application","10","0"," "
"2023","White","19","All","Male","All","Main scheme application","5","0"," "
"2021","White","20","All","Male","All","Main scheme application","5","0"," "
"2022","White","20","All","Male","All","Main scheme application","5","0"," "
"2023","White","20","All","Male","All","Main scheme application","10","0"," "
"2019","White","21 - 24","All","Male","All","Main scheme application","445","185","0.417"
"2020","White","21 - 24","All","Male","All","Main scheme application","410","175","0.426"
"2021","White","21 - 24","All","Male","All","Main scheme application","545","195","0.36"
"2022","White","21 - 24","All","Male","All","Main scheme application","595","265","0.441"
"2023","White","21 - 24","All","Male","All","Main scheme application","500","275","0.554"
"2022","Black","21 - 24","All","Male","All","Main scheme application","5","0"," "
"2019","Asian","21 - 24","All","Male","All","Main scheme application","10","5"," "
"2020","Asian","21 - 24","All","Male","All","Main scheme application","10","5"," "
"2021","Asian","21 - 24","All","Male","All","Main scheme application","10","5"," "
"2022","Asian","21 - 24","All","Male","All","Main scheme application","5","0"," "
"2023","Asian","21 - 24","All","Male","All","Main scheme application","10","10"," "
"2019","Mixed","21 - 24","All","Male","All","Main scheme application","5","0"," "
"2020","Mixed","21 - 24","All","Male","All","Main scheme application","5","0"," "
"2021","Mixed","21 - 24","All","Male","All","Main scheme application","10","5"," "
"2022","Mixed","21 - 24","All","Male","All","Main scheme application","10","5"," "
"2023","Mixed","21 - 24","All","Male","All","Main scheme application","10","5"," "
"2020","Unknown or Prefer Not To Say","21 - 24","All","Male","All","Main scheme application","5","0"," "
"2021","Unknown or Prefer Not To Say","21 - 24","All","Male","All","Main scheme application","5","0"," "
"2022","Unknown or Prefer Not To Say","21 - 24","All","Male","All","Main scheme application","5","5"," "
"2023","Unknown or Prefer Not To Say","21 - 24","All","Male","All","Main scheme application","5","5"," "
"2019","White","25 - 29","All","Male","All","Main scheme application","380","170","0.444"
"2020","White","25 - 29","All","Male","All","Main scheme application","435","205","0.467"
"2021","White","25 - 29","All","Male","All","Main scheme application","500","190","0.377"
"2022","White","25 - 29","All","Male","All","Main scheme application","430","220","0.514"
"2023","White","25 - 29","All","Male","All","Main scheme application","345","185","0.542"
"2019","Asian","25 - 29","All","Male","All","Main scheme application","5","5"," "
"2020","Asian","25 - 29","All","Male","All","Main scheme application","5","5"," "
"2021","Asian","25 - 29","All","Male","All","Main scheme application","10","5"," "
"2022","Asian","25 - 29","All","Male","All","Main scheme application","5","5"," "
"2023","Asian","25 - 29","All","Male","All","Main scheme application","10","5"," "
"2019","Mixed","25 - 29","All","Male","All","Main scheme application","5","0"," "
"2020","Mixed","25 - 29","All","Male","All","Main scheme application","5","0"," "
"2021","Mixed","25 - 29","All","Male","All","Main scheme application","5","0"," "
"2022","Mixed","25 - 29","All","Male","All","Main scheme application","10","0"," "
"2023","Mixed","25 - 29","All","Male","All","Main scheme application","10","10"," "
"2020","Other","25 - 29","All","Male","All","Main scheme application","5","0"," "
"2023","Other","25 - 29","All","Male","All","Main scheme application","5","0"," "
"2019","Unknown or Prefer Not To Say","25 - 29","All","Male","All","Main scheme application","5","0"," "
"2020","Unknown or Prefer Not To Say","25 - 29","All","Male","All","Main scheme application","5","0"," "
"2021","Unknown or Prefer Not To Say","25 - 29","All","Male","All","Main scheme application","10","5"," "
"2022","Unknown or Prefer Not To Say","25 - 29","All","Male","All","Main scheme application","5","5"," "
"2023","Unknown or Prefer Not To Say","25 - 29","All","Male","All","Main scheme application","5","0"," "
"2019","White","30 - 34","All","Male","All","Main scheme application","190","90","0.482"
"2020","White","30 - 34","All","Male","All","Main scheme application","200","95","0.465"
"2021","White","30 - 34","All","Male","All","Main scheme application","225","90","0.40700000000000003"
"2022","White","30 - 34","All","Male","All","Main scheme application","215","115","0.523"
"2023","White","30 - 34","All","Male","All","Main scheme application","140","65","0.47500000000000003"
"2022","Black","30 - 34","All","Male","All","Main scheme application","5","0"," "
"2019","Asian","30 - 34","All","Male","All","Main scheme application","5","5"," "
"2021","Asian","30 - 34","All","Male","All","Main scheme application","5","0"," "
"2022","Asian","30 - 34","All","Male","All","Main scheme application","5","0"," "
"2023","Asian","30 - 34","All","Male","All","Main scheme application","5","0"," "
"2020","Mixed","30 - 34","All","Male","All","Main scheme application","5","0"," "
"2021","Mixed","30 - 34","All","Male","All","Main scheme application","5","0"," "
"2022","Mixed","30 - 34","All","Male","All","Main scheme application","5","5"," "
"2023","Mixed","30 - 34","All","Male","All","Main scheme application","5","0"," "
"2019","Unknown or Prefer Not To Say","30 - 34","All","Male","All","Main scheme application","5","0"," "
"2020","Unknown or Prefer Not To Say","30 - 34","All","Male","All","Main scheme application","5","0"," "
"2021","Unknown or Prefer Not To Say","30 - 34","All","Male","All","Main scheme application","10","5"," "
"2022","Unknown or Prefer Not To Say","30 - 34","All","Male","All","Main scheme application","10","10"," "
"2023","Unknown or Prefer Not To Say","30 - 34","All","Male","All","Main scheme application","5","5"," "
"2019","White","35 and over","All","Male","All","Main scheme application","280","130","0.47000000000000003"
"2020","White","35 and over","All","Male","All","Main scheme application","270","115","0.433"
"2021","White","35 and over","All","Male","All","Main scheme application","320","110","0.352"
"2022","White","35 and over","All","Male","All","Main scheme application","245","120","0.492"
"2023","White","35 and over","All","Male","All","Main scheme application","175","85","0.497"
"2019","Black","35 and over","All","Male","All","Main scheme application","10","0"," "
"2020","Black","35 and over","All","Male","All","Main scheme application","10","5"," "
"2021","Black","35 and over","All","Male","All","Main scheme application","10","5"," "
"2022","Black","35 and over","All","Male","All","Main scheme application","10","5"," "
"2019","Asian","35 and over","All","Male","All","Main scheme application","25","5"," "
"2020","Asian","35 and over","All","Male","All","Main scheme application","10","5"," "
"2021","Asian","35 and over","All","Male","All","Main scheme application","5","0"," "
"2022","Asian","35 and over","All","Male","All","Main scheme application","10","5"," "
"2023","Asian","35 and over","All","Male","All","Main scheme application","10","5"," "
"2019","Mixed","35 and over","All","Male","All","Main scheme application","5","0"," "
"2020","Mixed","35 and over","All","Male","All","Main scheme application","5","5"," "
"2021","Mixed","35 and over","All","Male","All","Main scheme application","5","0"," "
"2023","Mixed","35 and over","All","Male","All","Main scheme application","5","5"," "
"2020","Other","35 and over","All","Male","All","Main scheme application","5","5"," "
"2021","Other","35 and over","All","Male","All","Main scheme application","5","0"," "
"2022","Other","35 and over","All","Male","All","Main scheme application","5","0"," "
"2023","Other","35 and over","All","Male","All","Main scheme application","5","0"," "
"2019","Unknown or Prefer Not To Say","35 and over","All","Male","All","Main scheme application","10","5"," "
"2020","Unknown or Prefer Not To Say","35 and over","All","Male","All","Main scheme application","15","5"," "
"2021","Unknown or Prefer Not To Say","35 and over","All","Male","All","Main scheme application","10","5"," "
"2022","Unknown or Prefer Not To Say","35 and over","All","Male","All","Main scheme application","10","0"," "
"2023","Unknown or Prefer Not To Say","35 and over","All","Male","All","Main scheme application","15","5"," "
"2021","All","18","All","Female","All","Not main scheme application","5","0"," "
"2019","All","21 - 24","All","Female","All","Not main scheme application","80","45","0.557"
"2020","All","21 - 24","All","Female","All","Not main scheme application","85","30","0.337"
"2021","All","21 - 24","All","Female","All","Not main scheme application","105","40","0.39"
"2022","All","21 - 24","All","Female","All","Not main scheme application","120","80","0.661"
"2023","All","21 - 24","All","Female","All","Not main scheme application","120","90","0.754"
"2019","All","25 - 29","All","Female","All","Not main scheme application","65","40","0.594"
"2020","All","25 - 29","All","Female","All","Not main scheme application","80","50","0.61"
"2021","All","25 - 29","All","Female","All","Not main scheme application","65","25","0.379"
"2022","All","25 - 29","All","Female","All","Not main scheme application","75","50","0.6890000000000001"
"2023","All","25 - 29","All","Female","All","Not main scheme application","65","50","0.8"
"2019","All","30 - 34","All","Female","All","Not main scheme application","20","10","0.524"
"2020","All","30 - 34","All","Female","All","Not main scheme application","30","20","0.633"
"2021","All","30 - 34","All","Female","All","Not main scheme application","25","15","0.577"
"2022","All","30 - 34","All","Female","All","Not main scheme application","30","20","0.643"
"2023","All","30 - 34","All","Female","All","Not main scheme application","25","20","0.808"
"2019","All","35 and over","All","Female","All","Not main scheme application","60","40","0.655"
"2020","All","35 and over","All","Female","All","Not main scheme application","60","35","0.59"
"2021","All","35 and over","All","Female","All","Not main scheme application","35","25","0.75"
"2022","All","35 and over","All","Female","All","Not main scheme application","65","45","0.6880000000000001"
"2023","All","35 and over","All","Female","All","Not main scheme application","55","40","0.759"
"2019","All","21 - 24","All","Male","All","Not main scheme application","20","10","0.526"
"2020","All","21 - 24","All","Male","All","Not main scheme application","45","25","0.6"
"2021","All","21 - 24","All","Male","All","Not main scheme application","35","10","0.364"
"2022","All","21 - 24","All","Male","All","Not main scheme application","60","50","0.774"
"2023","All","21 - 24","All","Male","All","Not main scheme application","60","50","0.774"
"2019","All","25 - 29","All","Male","All","Not main scheme application","25","15","0.739"
"2020","All","25 - 29","All","Male","All","Not main scheme application","45","30","0.638"
"2021","All","25 - 29","All","Male","All","Not main scheme application","30","15","0.433"
"2022","All","25 - 29","All","Male","All","Not main scheme application","35","25","0.765"
"2023","All","25 - 29","All","Male","All","Not main scheme application","35","30","0.8"
"2019","All","30 - 34","All","Male","All","Not main scheme application","5","5"," "
"2020","All","30 - 34","All","Male","All","Not main scheme application","15","5"," "
"2021","All","30 - 34","All","Male","All","Not main scheme application","15","5"," "
"2022","All","30 - 34","All","Male","All","Not main scheme application","15","5"," "
"2023","All","30 - 34","All","Male","All","Not main scheme application","15","15","0.765"
"2019","All","35 and over","All","Male","All","Not main scheme application","20","10","0.5"
"2020","All","35 and over","All","Male","All","Not main scheme application","35","25","0.622"
"2021","All","35 and over","All","Male","All","Not main scheme application","20","10","0.5"
"2022","All","35 and over","All","Male","All","Not main scheme application","25","15","0.615"
"2023","All","35 and over","All","Male","All","Not main scheme application","35","30","0.778"
"2019","All","18","All","Female","All","Main scheme application","10","0"," "
"2020","All","18","All","Female","All","Main scheme application","30","0"," "
"2021","All","18","All","Female","All","Main scheme application","15","0"," "
"2022","All","18","All","Female","All","Main scheme application","35","0"," "
"2023","All","18","All","Female","All","Main scheme application","25","0"," "
"2019","All","19","All","Female","All","Main scheme application","5","0"," "
"2020","All","19","All","Female","All","Main scheme application","5","0"," "
"2021","All","19","All","Female","All","Main scheme application","5","0"," "
"2022","All","19","All","Female","All","Main scheme application","10","0"," "
"2023","All","19","All","Female","All","Main scheme application","10","0"," "
"2019","All","20","All","Female","All","Main scheme application","5","0"," "
"2020","All","20","All","Female","All","Main scheme application","10","0"," "
"2021","All","20","All","Female","All","Main scheme application","15","0"," "
"2022","All","20","All","Female","All","Main scheme application","10","0"," "
"2023","All","20","All","Female","All","Main scheme application","5","0"," "
"2019","All","21 - 24","All","Female","All","Main scheme application","1240","650","0.525"
"2020","All","21 - 24","All","Female","All","Main scheme application","1345","720","0.536"
"2021","All","21 - 24","All","Female","All","Main scheme application","1690","710","0.421"
"2022","All","21 - 24","All","Female","All","Main scheme application","1735","1025","0.59"
"2023","All","21 - 24","All","Female","All","Main scheme application","1520","905","0.596"
"2019","All","25 - 29","All","Female","All","Main scheme application","985","530","0.537"
"2020","All","25 - 29","All","Female","All","Main scheme application","935","495","0.531"
"2021","All","25 - 29","All","Female","All","Main scheme application","1200","550","0.459"
"2022","All","25 - 29","All","Female","All","Main scheme application","960","540","0.56"
"2023","All","25 - 29","All","Female","All","Main scheme application","720","410","0.5710000000000001"
"2019","All","30 - 34","All","Female","All","Main scheme application","425","190","0.447"
"2020","All","30 - 34","All","Female","All","Main scheme application","445","240","0.543"
"2021","All","30 - 34","All","Female","All","Main scheme application","500","190","0.376"
"2022","All","30 - 34","All","Female","All","Main scheme application","385","220","0.5720000000000001"
"2023","All","30 - 34","All","Female","All","Main scheme application","320","185","0.579"
"2019","All","35 and over","All","Female","All","Main scheme application","780","330","0.422"
"2020","All","35 and over","All","Female","All","Main scheme application","850","390","0.458"
"2021","All","35 and over","All","Female","All","Main scheme application","895","350","0.39"
"2022","All","35 and over","All","Female","All","Main scheme application","700","350","0.504"
"2023","All","35 and over","All","Female","All","Main scheme application","585","320","0.545"
"2019","All","18","All","Male","All","Main scheme application","5","0"," "
"2020","All","18","All","Male","All","Main scheme application","5","0"," "
"2021","All","18","All","Male","All","Main scheme application","10","0"," "
"2022","All","18","All","Male","All","Main scheme application","10","0"," "
"2023","All","18","All","Male","All","Main scheme application","15","0"," "
"2022","All","19","All","Male","All","Main scheme application","5","0"," "
"2023","All","19","All","Male","All","Main scheme application","5","0"," "
"2021","All","20","All","Male","All","Main scheme application","5","0"," "
"2022","All","20","All","Male","All","Main scheme application","5","0"," "
"2023","All","20","All","Male","All","Main scheme application","10","0"," "
"2019","All","21 - 24","All","Male","All","Main scheme application","465","190","0.41000000000000003"
"2020","All","21 - 24","All","Male","All","Main scheme application","435","180","0.417"
"2021","All","21 - 24","All","Male","All","Main scheme application","575","205","0.358"
"2022","All","21 - 24","All","Male","All","Main scheme application","625","275","0.442"
"2023","All","21 - 24","All","Male","All","Main scheme application","525","295","0.558"
"2019","All","25 - 29","All","Male","All","Main scheme application","400","175","0.441"
"2020","All","25 - 29","All","Male","All","Main scheme application","450","210","0.467"
"2021","All","25 - 29","All","Male","All","Main scheme application","530","200","0.378"
"2022","All","25 - 29","All","Male","All","Main scheme application","450","230","0.511"
"2023","All","25 - 29","All","Male","All","Main scheme application","375","205","0.538"
"2019","All","30 - 34","All","Male","All","Main scheme application","205","95","0.47800000000000004"
"2020","All","30 - 34","All","Male","All","Main scheme application","210","95","0.459"
"2021","All","30 - 34","All","Male","All","Main scheme application","245","100","0.4"
"2022","All","30 - 34","All","Male","All","Main scheme application","240","125","0.523"
"2023","All","30 - 34","All","Male","All","Main scheme application","160","75","0.481"
"2019","All","35 and over","All","Male","All","Main scheme application","325","145","0.442"
"2020","All","35 and over","All","Male","All","Main scheme application","315","135","0.434"
"2021","All","35 and over","All","Male","All","Main scheme application","355","125","0.34700000000000003"
"2022","All","35 and over","All","Male","All","Main scheme application","285","130","0.462"
"2023","All","35 and over","All","Male","All","Main scheme application","210","95","0.462"
"2019","White","All","All","Female","All","Not main scheme application","195","115","0.594"
"2020","White","All","All","Female","All","Not main scheme application","230","115","0.502"
"2021","White","All","All","Female","All","Not main scheme application","215","95","0.435"
"2022","White","All","All","Female","All","Not main scheme application","245","165","0.664"
"2023","White","All","All","Female","All","Not main scheme application","230","180","0.771"
"2023","Black","All","All","Female","All","Not main scheme application","5","5"," "
"2019","Asian","All","All","Female","All","Not main scheme application","15","5"," "
"2020","Asian","All","All","Female","All","Not main scheme application","15","10","0.647"
"2021","Asian","All","All","Female","All","Not main scheme application","15","10"," "
"2022","Asian","All","All","Female","All","Not main scheme application","20","10"," "
"2023","Asian","All","All","Female","All","Not main scheme application","20","15","0.7000000000000001"
"2019","Mixed","All","All","Female","All","Not main scheme application","5","5"," "
"2022","Mixed","All","All","Female","All","Not main scheme application","5","5"," "
"2023","Mixed","All","All","Female","All","Not main scheme application","5","5"," "
"2019","Other","All","All","Female","All","Not main scheme application","5","5"," "
"2020","Other","All","All","Female","All","Not main scheme application","5","0"," "
"2022","Other","All","All","Female","All","Not main scheme application","5","5"," "
"2020","Unknown or Prefer Not To Say","All","All","Female","All","Not main scheme application","5","5"," "
"2021","Unknown or Prefer Not To Say","All","All","Female","All","Not main scheme application","5","5"," "
"2022","Unknown or Prefer Not To Say","All","All","Female","All","Not main scheme application","10","10"," "
"2023","Unknown or Prefer Not To Say","All","All","Female","All","Not main scheme application","5","5"," "
"2019","White","All","All","Male","All","Not main scheme application","60","35","0.617"
"2020","White","All","All","Male","All","Not main scheme application","125","80","0.624"
"2021","White","All","All","Male","All","Not main scheme application","85","35","0.398"
"2022","White","All","All","Male","All","Not main scheme application","120","85","0.717"
"2023","White","All","All","Male","All","Not main scheme application","130","105","0.803"
"2021","Black","All","All","Male","All","Not main scheme application","5","5"," "
"2022","Black","All","All","Male","All","Not main scheme application","5","0"," "
"2023","Black","All","All","Male","All","Not main scheme application","5","0"," "
"2019","Asian","All","All","Male","All","Not main scheme application","5","0"," "
"2020","Asian","All","All","Male","All","Not main scheme application","5","0"," "
"2022","Asian","All","All","Male","All","Not main scheme application","5","5"," "
"2023","Asian","All","All","Male","All","Not main scheme application","5","5"," "
"2021","Mixed","All","All","Male","All","Not main scheme application","5","0"," "
"2022","Mixed","All","All","Male","All","Not main scheme application","5","0"," "
"2023","Mixed","All","All","Male","All","Not main scheme application","5","0"," "
"2020","Other","All","All","Male","All","Not main scheme application","5","5"," "
"2023","Other","All","All","Male","All","Not main scheme application","5","5"," "
"2020","Unknown or Prefer Not To Say","All","All","Male","All","Not main scheme application","5","5"," "
"2022","Unknown or Prefer Not To Say","All","All","Male","All","Not main scheme application","5","0"," "
"2023","Unknown or Prefer Not To Say","All","All","Male","All","Not main scheme application","5","5"," "
"2019","White","All","All","Female","All","Main scheme application","3200","1610","0.503"
"2020","White","All","All","Female","All","Main scheme application","3365","1750","0.52"
"2021","White","All","All","Female","All","Main scheme application","4035","1695","0.42"
"2022","White","All","All","Female","All","Main scheme application","3590","2020","0.5630000000000001"
"2023","White","All","All","Female","All","Main scheme application","2920","1705","0.584"
"2019","Black","All","All","Female","All","Main scheme application","25","5"," "
"2020","Black","All","All","Female","All","Main scheme application","30","5"," "
"2021","Black","All","All","Female","All","Main scheme application","25","5"," "
"2022","Black","All","All","Female","All","Main scheme application","20","5"," "
"2023","Black","All","All","Female","All","Main scheme application","40","10","0.25"
"2019","Asian","All","All","Female","All","Main scheme application","135","45","0.343"
"2020","Asian","All","All","Female","All","Main scheme application","125","50","0.398"
"2021","Asian","All","All","Female","All","Main scheme application","150","50","0.34900000000000003"
"2022","Asian","All","All","Female","All","Main scheme application","120","50","0.41500000000000004"
"2023","Asian","All","All","Female","All","Main scheme application","120","50","0.41500000000000004"
"2019","Mixed","All","All","Female","All","Main scheme application","55","20","0.40700000000000003"
"2020","Mixed","All","All","Female","All","Main scheme application","50","25","0.5"
"2021","Mixed","All","All","Female","All","Main scheme application","55","25","0.464"
"2022","Mixed","All","All","Female","All","Main scheme application","70","40","0.559"
"2023","Mixed","All","All","Female","All","Main scheme application","60","35","0.617"
"2019","Other","All","All","Female","All","Main scheme application","20","5"," "
"2020","Other","All","All","Female","All","Main scheme application","25","10"," "
"2021","Other","All","All","Female","All","Main scheme application","25","5"," "
"2022","Other","All","All","Female","All","Main scheme application","25","10","0.4"
"2023","Other","All","All","Female","All","Main scheme application","30","15","0.448"
"2019","Unknown or Prefer Not To Say","All","All","Female","All","Main scheme application","25","10","0.462"
"2020","Unknown or Prefer Not To Say","All","All","Female","All","Main scheme application","20","10"," "
"2021","Unknown or Prefer Not To Say","All","All","Female","All","Main scheme application","35","15","0.35100000000000003"
"2022","Unknown or Prefer Not To Say","All","All","Female","All","Main scheme application","15","10"," "
"2023","Unknown or Prefer Not To Say","All","All","Female","All","Main scheme application","20","10","0.526"
"2019","White","All","All","Male","All","Main scheme application","1300","575","0.443"
"2020","White","All","All","Male","All","Main scheme application","1320","585","0.444"
"2021","White","All","All","Male","All","Main scheme application","1600","590","0.368"
"2022","White","All","All","Male","All","Main scheme application","1505","720","0.47800000000000004"
"2023","White","All","All","Male","All","Main scheme application","1185","620","0.523"
"2019","Black","All","All","Male","All","Main scheme application","10","0"," "
"2020","Black","All","All","Male","All","Main scheme application","15","5"," "
"2021","Black","All","All","Male","All","Main scheme application","15","5"," "
"2022","Black","All","All","Male","All","Main scheme application","15","5"," "
"2023","Black","All","All","Male","All","Main scheme application","5","0"," "
"2019","Asian","All","All","Male","All","Main scheme application","45","15","0.395"
"2020","Asian","All","All","Male","All","Main scheme application","25","15","0.556"
"2021","Asian","All","All","Male","All","Main scheme application","30","10","0.34500000000000003"
"2022","Asian","All","All","Male","All","Main scheme application","25","10"," "
"2023","Asian","All","All","Male","All","Main scheme application","35","20","0.5"
"2019","Mixed","All","All","Male","All","Main scheme application","15","5"," "
"2020","Mixed","All","All","Male","All","Main scheme application","20","5"," "
"2021","Mixed","All","All","Male","All","Main scheme application","25","5"," "
"2022","Mixed","All","All","Male","All","Main scheme application","30","10","0.4"
"2023","Mixed","All","All","Male","All","Main scheme application","35","20","0.5"
"2019","Other","All","All","Male","All","Main scheme application","5","0"," "
"2020","Other","All","All","Male","All","Main scheme application","10","5"," "
"2021","Other","All","All","Male","All","Main scheme application","10","0"," "
"2022","Other","All","All","Male","All","Main scheme application","10","0"," "
"2023","Other","All","All","Male","All","Main scheme application","10","5"," "
"2019","Unknown or Prefer Not To Say","All","All","Male","All","Main scheme application","20","10"," "
"2020","Unknown or Prefer Not To Say","All","All","Male","All","Main scheme application","25","10"," "
"2021","Unknown or Prefer Not To Say","All","All","Male","All","Main scheme application","35","15","0.405"
"2022","Unknown or Prefer Not To Say","All","All","Male","All","Main scheme application","30","15","0.5670000000000001"
"2023","Unknown or Prefer Not To Say","All","All","Male","All","Main scheme application","30","15","0.448"
"2019","All","All","All","Female","All","Not main scheme application","220","130","0.59"
"2020","All","All","All","Female","All","Not main scheme application","255","135","0.52"
"2021","All","All","All","Female","All","Not main scheme application","235","110","0.456"
"2022","All","All","All","Female","All","Not main scheme application","285","190","0.67"
"2023","All","All","All","Female","All","Not main scheme application","265","205","0.772"
"2019","All","All","All","Male","All","Not main scheme application","70","40","0.609"
"2020","All","All","All","Male","All","Not main scheme application","140","85","0.606"
"2021","All","All","All","Male","All","Not main scheme application","100","40","0.418"
"2022","All","All","All","Male","All","Not main scheme application","140","95","0.6960000000000001"
"2023","All","All","All","Male","All","Not main scheme application","150","115","0.78"
"2019","All","All","All","Female","All","Main scheme application","3455","1700","0.492"
"2020","All","All","All","Female","All","Main scheme application","3615","1850","0.512"
"2021","All","All","All","Female","All","Main scheme application","4320","1800","0.41600000000000004"
"2022","All","All","All","Female","All","Main scheme application","3835","2135","0.556"
"2023","All","All","All","Female","All","Main scheme application","3185","1820","0.5720000000000001"
"2019","All","All","All","Male","All","Main scheme application","1400","605","0.434"
"2020","All","All","All","Male","All","Main scheme application","1415","625","0.44"
"2021","All","All","All","Male","All","Main scheme application","1715","630","0.366"
"2022","All","All","All","Male","All","Main scheme application","1620","765","0.47200000000000003"
"2023","All","All","All","Male","All","Main scheme application","1300","670","0.517"
"2021","White","18","Scotland","All","All","Not main scheme application","5","0"," "
"2023","White","21 - 24","Northern Ireland","All","All","Not main scheme application","5","5"," "
"2019","White","21 - 24","England","All","All","Not main scheme application","5","5"," "
"2020","White","21 - 24","England","All","All","Not main scheme application","5","5"," "
"2021","White","21 - 24","England","All","All","Not main scheme application","5","0"," "
"2022","White","21 - 24","England","All","All","Not main scheme application","15","10"," "
"2023","White","21 - 24","England","All","All","Not main scheme application","15","15","1"
"2019","White","21 - 24","Scotland","All","All","Not main scheme application","90","45","0.528"
"2020","White","21 - 24","Scotland","All","All","Not main scheme application","115","45","0.395"
"2021","White","21 - 24","Scotland","All","All","Not main scheme application","125","45","0.379"
"2022","White","21 - 24","Scotland","All","All","Not main scheme application","80","55","0.646"
"2023","White","21 - 24","Scotland","All","All","Not main scheme application","70","45","0.606"
"2022","White","21 - 24","Wales","All","All","Not main scheme application","65","55","0.8210000000000001"
"2023","White","21 - 24","Wales","All","All","Not main scheme application","75","65","0.842"
"2019","Asian","21 - 24","Scotland","All","All","Not main scheme application","5","0"," "
"2022","Asian","21 - 24","Scotland","All","All","Not main scheme application","5","0"," "
"2023","Asian","21 - 24","Scotland","All","All","Not main scheme application","5","5"," "
"2022","Asian","21 - 24","Wales","All","All","Not main scheme application","5","0"," "
"2023","Asian","21 - 24","Wales","All","All","Not main scheme application","5","0"," "
"2022","Mixed","21 - 24","Scotland","All","All","Not main scheme application","5","0"," "
"2023","Unknown or Prefer Not To Say","21 - 24","Wales","All","All","Not main scheme application","5","5"," "
"2019","White","25 - 29","England","All","All","Not main scheme application","5","5"," "
"2020","White","25 - 29","England","All","All","Not main scheme application","10","10"," "
"2022","White","25 - 29","England","All","All","Not main scheme application","5","5"," "
"2023","White","25 - 29","England","All","All","Not main scheme application","10","10","1"
"2019","White","25 - 29","Scotland","All","All","Not main scheme application","75","45","0.627"
"2020","White","25 - 29","Scotland","All","All","Not main scheme application","105","60","0.577"
"2021","White","25 - 29","Scotland","All","All","Not main scheme application","85","30","0.34900000000000003"
"2022","White","25 - 29","Scotland","All","All","Not main scheme application","50","30","0.615"
"2023","White","25 - 29","Scotland","All","All","Not main scheme application","45","35","0.783"
"2022","White","25 - 29","Wales","All","All","Not main scheme application","30","25","0.774"
"2023","White","25 - 29","Wales","All","All","Not main scheme application","25","20","0.8150000000000001"
"2020","Asian","25 - 29","Scotland","All","All","Not main scheme application","5","5"," "
"2022","Asian","25 - 29","Scotland","All","All","Not main scheme application","10","5"," "
"2023","Asian","25 - 29","Scotland","All","All","Not main scheme application","5","0"," "
"2023","Mixed","25 - 29","Scotland","All","All","Not main scheme application","5","5"," "
"2023","Other","25 - 29","Scotland","All","All","Not main scheme application","5","5"," "
"2021","Unknown or Prefer Not To Say","25 - 29","Scotland","All","All","Not main scheme application","5","0"," "
"2022","Unknown or Prefer Not To Say","25 - 29","Scotland","All","All","Not main scheme application","5","5"," "
"2020","White","30 - 34","England","All","All","Not main scheme application","5","5"," "
"2021","White","30 - 34","England","All","All","Not main scheme application","5","5"," "
"2019","White","30 - 34","Scotland","All","All","Not main scheme application","20","10","0.6"
"2020","White","30 - 34","Scotland","All","All","Not main scheme application","30","15","0.46900000000000003"
"2021","White","30 - 34","Scotland","All","All","Not main scheme application","30","10","0.393"
"2022","White","30 - 34","Scotland","All","All","Not main scheme application","30","10","0.4"
"2023","White","30 - 34","Scotland","All","All","Not main scheme application","25","15","0.667"
"2022","White","30 - 34","Wales","All","All","Not main scheme application","5","5"," "
"2023","White","30 - 34","Wales","All","All","Not main scheme application","10","10","1"
"2019","Asian","30 - 34","Scotland","All","All","Not main scheme application","5","0"," "
"2021","Asian","30 - 34","Scotland","All","All","Not main scheme application","5","0"," "
"2019","White","35 and over","England","All","All","Not main scheme application","5","5"," "
"2020","White","35 and over","England","All","All","Not main scheme application","10","10","0.917"
"2021","White","35 and over","England","All","All","Not main scheme application","5","5"," "
"2022","White","35 and over","England","All","All","Not main scheme application","5","5"," "
"2023","White","35 and over","England","All","All","Not main scheme application","5","5"," "
"2019","White","35 and over","Scotland","All","All","Not main scheme application","50","30","0.577"
"2020","White","35 and over","Scotland","All","All","Not main scheme application","70","40","0.58"
"2021","White","35 and over","Scotland","All","All","Not main scheme application","40","25","0.641"
"2022","White","35 and over","Scotland","All","All","Not main scheme application","50","30","0.62"
"2023","White","35 and over","Scotland","All","All","Not main scheme application","55","40","0.736"
"2022","White","35 and over","Wales","All","All","Not main scheme application","20","15","0.833"
"2023","White","35 and over","Wales","All","All","Not main scheme application","15","15","0.875"
"2021","Black","35 and over","Scotland","All","All","Not main scheme application","5","0"," "
"2019","Asian","35 and over","Scotland","All","All","Not main scheme application","10","5"," "
"2020","Asian","35 and over","Scotland","All","All","Not main scheme application","5","5"," "
"2021","Asian","35 and over","Scotland","All","All","Not main scheme application","5","0"," "
"2022","Asian","35 and over","Scotland","All","All","Not main scheme application","5","5"," "
"2023","Asian","35 and over","Scotland","All","All","Not main scheme application","5","5"," "
"2023","Asian","35 and over","Wales","All","All","Not main scheme application","5","5"," "
"2019","Other","35 and over","Scotland","All","All","Not main scheme application","5","0"," "
"2020","Other","35 and over","Scotland","All","All","Not main scheme application","5","0"," "
"2020","Unknown or Prefer Not To Say","35 and over","Scotland","All","All","Not main scheme application","5","5"," "
"2022","Unknown or Prefer Not To Say","35 and over","Scotland","All","All","Not main scheme application","5","5"," "
"2020","White","18","England","All","All","Main scheme application","5","0"," "
"2022","White","18","England","All","All","Main scheme application","5","0"," "
"2023","White","18","England","All","All","Main scheme application","5","0"," "
"2019","White","18","Scotland","All","All","Main scheme application","15","0"," "
"2020","White","18","Scotland","All","All","Main scheme application","25","0"," "
"2021","White","18","Scotland","All","All","Main scheme application","20","0"," "
"2022","White","18","Scotland","All","All","Main scheme application","20","0"," "
"2023","White","18","Scotland","All","All","Main scheme application","20","0"," "
"2020","White","18","Wales","All","All","Main scheme application","5","0"," "
"2022","White","18","Wales","All","All","Main scheme application","20","0"," "
"2023","White","18","Wales","All","All","Main scheme application","5","0"," "
"2019","White","19","Scotland","All","All","Main scheme application","5","0"," "
"2021","White","19","Scotland","All","All","Main scheme application","5","0"," "
"2022","White","19","Scotland","All","All","Main scheme application","10","0"," "
"2023","White","19","Scotland","All","All","Main scheme application","10","0"," "
"2019","White","20","Scotland","All","All","Main scheme application","5","0"," "
"2020","White","20","Scotland","All","All","Main scheme application","10","0"," "
"2021","White","20","Scotland","All","All","Main scheme application","15","0"," "
"2022","White","20","Scotland","All","All","Main scheme application","10","0"," "
"2023","White","20","Scotland","All","All","Main scheme application","10","0"," "
"2023","White","20","Wales","All","All","Main scheme application","5","0"," "
"2019","White","21 - 24","Northern Ireland","All","All","Main scheme application","60","10","0.17200000000000001"
"2020","White","21 - 24","Northern Ireland","All","All","Main scheme application","40","10"," "
"2021","White","21 - 24","Northern Ireland","All","All","Main scheme application","65","15","0.254"
"2022","White","21 - 24","Northern Ireland","All","All","Main scheme application","45","15","0.28300000000000003"
"2023","White","21 - 24","Northern Ireland","All","All","Main scheme application","25","5"," "
"2019","White","21 - 24","England","All","All","Main scheme application","65","25","0.41300000000000003"
"2020","White","21 - 24","England","All","All","Main scheme application","45","20","0.419"
"2021","White","21 - 24","England","All","All","Main scheme application","75","20","0.28400000000000003"
"2022","White","21 - 24","England","All","All","Main scheme application","140","60","0.442"
"2023","White","21 - 24","England","All","All","Main scheme application","120","50","0.403"
"2019","White","21 - 24","Scotland","All","All","Main scheme application","1495","770","0.515"
"2020","White","21 - 24","Scotland","All","All","Main scheme application","1610","835","0.52"
"2021","White","21 - 24","Scotland","All","All","Main scheme application","2015","840","0.417"
"2022","White","21 - 24","Scotland","All","All","Main scheme application","1455","725","0.499"
"2023","White","21 - 24","Scotland","All","All","Main scheme application","1215","675","0.557"
"2020","White","21 - 24","Wales","All","All","Main scheme application","5","0"," "
"2021","White","21 - 24","Wales","All","All","Main scheme application","5","0"," "
"2022","White","21 - 24","Wales","All","All","Main scheme application","610","440","0.72"
"2023","White","21 - 24","Wales","All","All","Main scheme application","575","405","0.7030000000000001"
"2019","Black","21 - 24","Scotland","All","All","Main scheme application","5","0"," "
"2020","Black","21 - 24","Scotland","All","All","Main scheme application","5","0"," "
"2021","Black","21 - 24","Scotland","All","All","Main scheme application","5","0"," "
"2022","Black","21 - 24","Scotland","All","All","Main scheme application","5","0"," "
"2023","Black","21 - 24","Scotland","All","All","Main scheme application","10","0"," "
"2022","Black","21 - 24","Wales","All","All","Main scheme application","5","0"," "
"2023","Black","21 - 24","Wales","All","All","Main scheme application","5","0"," "
"2019","Asian","21 - 24","England","All","All","Main scheme application","5","0"," "
"2020","Asian","21 - 24","England","All","All","Main scheme application","5","0"," "
"2021","Asian","21 - 24","England","All","All","Main scheme application","10","5"," "
"2022","Asian","21 - 24","England","All","All","Main scheme application","5","0"," "
"2023","Asian","21 - 24","England","All","All","Main scheme application","5","0"," "
"2019","Asian","21 - 24","Scotland","All","All","Main scheme application","45","20","0.41300000000000003"
"2020","Asian","21 - 24","Scotland","All","All","Main scheme application","45","25","0.578"
"2021","Asian","21 - 24","Scotland","All","All","Main scheme application","50","20","0.353"
"2022","Asian","21 - 24","Scotland","All","All","Main scheme application","30","15","0.548"
"2023","Asian","21 - 24","Scotland","All","All","Main scheme application","35","20","0.667"
"2022","Asian","21 - 24","Wales","All","All","Main scheme application","15","5"," "
"2023","Asian","21 - 24","Wales","All","All","Main scheme application","10","10"," "
"2019","Mixed","21 - 24","England","All","All","Main scheme application","5","0"," "
"2020","Mixed","21 - 24","England","All","All","Main scheme application","5","0"," "
"2021","Mixed","21 - 24","England","All","All","Main scheme application","5","0"," "
"2022","Mixed","21 - 24","England","All","All","Main scheme application","5","0"," "
"2023","Mixed","21 - 24","England","All","All","Main scheme application","10","5"," "
"2019","Mixed","21 - 24","Scotland","All","All","Main scheme application","20","5"," "
"2020","Mixed","21 - 24","Scotland","All","All","Main scheme application","15","5"," "
"2021","Mixed","21 - 24","Scotland","All","All","Main scheme application","25","10","0.522"
"2022","Mixed","21 - 24","Scotland","All","All","Main scheme application","25","15","0.56"
"2023","Mixed","21 - 24","Scotland","All","All","Main scheme application","20","15","0.619"
"2022","Mixed","21 - 24","Wales","All","All","Main scheme application","10","10"," "
"2023","Mixed","21 - 24","Wales","All","All","Main scheme application","5","5"," "
"2020","Other","21 - 24","Scotland","All","All","Main scheme application","5","0"," "
"2021","Other","21 - 24","Scotland","All","All","Main scheme application","5","0"," "
"2022","Other","21 - 24","Scotland","All","All","Main scheme application","5","0"," "
"2023","Other","21 - 24","Scotland","All","All","Main scheme application","5","5"," "
"2019","Unknown or Prefer Not To Say","21 - 24","Scotland","All","All","Main scheme application","5","0"," "
"2020","Unknown or Prefer Not To Say","21 - 24","Scotland","All","All","Main scheme application","5","0"," "
"2021","Unknown or Prefer Not To Say","21 - 24","Scotland","All","All","Main scheme application","15","5"," "
"2022","Unknown or Prefer Not To Say","21 - 24","Scotland","All","All","Main scheme application","10","5"," "
"2019","White","25 - 29","Northern Ireland","All","All","Main scheme application","25","10","0.423"
"2020","White","25 - 29","Northern Ireland","All","All","Main scheme application","20","5"," "
"2021","White","25 - 29","Northern Ireland","All","All","Main scheme application","25","10"," "
"2022","White","25 - 29","Northern Ireland","All","All","Main scheme application","15","5"," "
"2023","White","25 - 29","Northern Ireland","All","All","Main scheme application","10","5"," "
"2019","White","25 - 29","England","All","All","Main scheme application","25","5"," "
"2020","White","25 - 29","England","All","All","Main scheme application","35","20","0.529"
"2021","White","25 - 29","England","All","All","Main scheme application","50","20","0.38"
"2022","White","25 - 29","England","All","All","Main scheme application","35","10","0.303"
"2023","White","25 - 29","England","All","All","Main scheme application","25","10","0.4"
"2019","White","25 - 29","Scotland","All","All","Main scheme application","1265","660","0.521"
"2020","White","25 - 29","Scotland","All","All","Main scheme application","1250","650","0.52"
"2021","White","25 - 29","Scotland","All","All","Main scheme application","1560","690","0.443"
"2022","White","25 - 29","Scotland","All","All","Main scheme application","1070","565","0.53"
"2023","White","25 - 29","Scotland","All","All","Main scheme application","780","420","0.542"
"2020","White","25 - 29","Wales","All","All","Main scheme application","5","0"," "
"2022","White","25 - 29","Wales","All","All","Main scheme application","220","150","0.667"
"2023","White","25 - 29","Wales","All","All","Main scheme application","195","135","0.6920000000000001"
"2019","Black","25 - 29","Scotland","All","All","Main scheme application","5","0"," "
"2020","Black","25 - 29","Scotland","All","All","Main scheme application","5","0"," "
"2021","Black","25 - 29","Scotland","All","All","Main scheme application","5","5"," "
"2023","Black","25 - 29","Scotland","All","All","Main scheme application","5","0"," "
"2023","Black","25 - 29","Wales","All","All","Main scheme application","5","0"," "
"2019","Asian","25 - 29","England","All","All","Main scheme application","5","0"," "
"2019","Asian","25 - 29","Scotland","All","All","Main scheme application","25","10","0.4"
"2020","Asian","25 - 29","Scotland","All","All","Main scheme application","30","10","0.357"
"2021","Asian","25 - 29","Scotland","All","All","Main scheme application","40","15","0.368"
"2022","Asian","25 - 29","Scotland","All","All","Main scheme application","25","10","0.40700000000000003"
"2023","Asian","25 - 29","Scotland","All","All","Main scheme application","25","15","0.481"
"2023","Asian","25 - 29","Wales","All","All","Main scheme application","5","5"," "
"2019","Mixed","25 - 29","Scotland","All","All","Main scheme application","20","10"," "
"2020","Mixed","25 - 29","Scotland","All","All","Main scheme application","20","10","0.5"
"2021","Mixed","25 - 29","Scotland","All","All","Main scheme application","20","10"," "
"2022","Mixed","25 - 29","Scotland","All","All","Main scheme application","20","10","0.5"
"2023","Mixed","25 - 29","Scotland","All","All","Main scheme application","20","10","0.524"
"2022","Mixed","25 - 29","Wales","All","All","Main scheme application","5","0"," "
"2023","Mixed","25 - 29","Wales","All","All","Main scheme application","10","5"," "
"2019","Other","25 - 29","Scotland","All","All","Main scheme application","5","0"," "
"2020","Other","25 - 29","Scotland","All","All","Main scheme application","10","5"," "
"2021","Other","25 - 29","Scotland","All","All","Main scheme application","5","0"," "
"2023","Other","25 - 29","Scotland","All","All","Main scheme application","5","0"," "
"2023","Other","25 - 29","Wales","All","All","Main scheme application","5","5"," "
"2019","Unknown or Prefer Not To Say","25 - 29","Scotland","All","All","Main scheme application","10","5"," "
"2020","Unknown or Prefer Not To Say","25 - 29","Scotland","All","All","Main scheme application","10","5"," "
"2021","Unknown or Prefer Not To Say","25 - 29","Scotland","All","All","Main scheme application","15","5"," "
"2022","Unknown or Prefer Not To Say","25 - 29","Scotland","All","All","Main scheme application","10","5"," "
"2023","Unknown or Prefer Not To Say","25 - 29","Scotland","All","All","Main scheme application","5","5"," "
"2019","White","30 - 34","Northern Ireland","All","All","Main scheme application","5","0"," "
"2020","White","30 - 34","Northern Ireland","All","All","Main scheme application","5","0"," "
"2021","White","30 - 34","Northern Ireland","All","All","Main scheme application","5","0"," "
"2022","White","30 - 34","Northern Ireland","All","All","Main scheme application","5","0"," "
"2023","White","30 - 34","Northern Ireland","All","All","Main scheme application","5","0"," "
"2019","White","30 - 34","England","All","All","Main scheme application","10","5"," "
"2020","White","30 - 34","England","All","All","Main scheme application","20","10","0.667"
"2021","White","30 - 34","England","All","All","Main scheme application","20","0"," "
"2022","White","30 - 34","England","All","All","Main scheme application","15","5"," "
"2023","White","30 - 34","England","All","All","Main scheme application","10","5"," "
"2019","White","30 - 34","Scotland","All","All","Main scheme application","565","265","0.47100000000000003"
"2020","White","30 - 34","Scotland","All","All","Main scheme application","595","310","0.518"
"2021","White","30 - 34","Scotland","All","All","Main scheme application","665","260","0.395"
"2022","White","30 - 34","Scotland","All","All","Main scheme application","470","250","0.533"
"2023","White","30 - 34","Scotland","All","All","Main scheme application","340","185","0.552"
"2022","White","30 - 34","Wales","All","All","Main scheme application","85","65","0.733"
"2023","White","30 - 34","Wales","All","All","Main scheme application","75","50","0.64"
"2019","Black","30 - 34","Scotland","All","All","Main scheme application","5","0"," "
"2021","Black","30 - 34","Scotland","All","All","Main scheme application","5","0"," "
"2022","Black","30 - 34","Scotland","All","All","Main scheme application","5","0"," "
"2023","Black","30 - 34","Scotland","All","All","Main scheme application","5","0"," "
"2019","Asian","30 - 34","England","All","All","Main scheme application","5","0"," "
"2019","Asian","30 - 34","Scotland","All","All","Main scheme application","20","5"," "
"2020","Asian","30 - 34","Scotland","All","All","Main scheme application","15","5"," "
"2021","Asian","30 - 34","Scotland","All","All","Main scheme application","20","5"," "
"2022","Asian","30 - 34","Scotland","All","All","Main scheme application","15","5"," "
"2023","Asian","30 - 34","Scotland","All","All","Main scheme application","15","5"," "
"2019","Mixed","30 - 34","Scotland","All","All","Main scheme application","10","0"," "
"2020","Mixed","30 - 34","Scotland","All","All","Main scheme application","10","5"," "
"2021","Mixed","30 - 34","Scotland","All","All","Main scheme application","15","5"," "
"2022","Mixed","30 - 34","Scotland","All","All","Main scheme application","10","5"," "
"2023","Mixed","30 - 34","Scotland","All","All","Main scheme application","10","5"," "
"2022","Mixed","30 - 34","Wales","All","All","Main scheme application","5","5"," "
"2019","Other","30 - 34","Scotland","All","All","Main scheme application","5","0"," "
"2020","Other","30 - 34","Scotland","All","All","Main scheme application","5","0"," "
"2021","Other","30 - 34","Scotland","All","All","Main scheme application","5","5"," "
"2022","Other","30 - 34","Scotland","All","All","Main scheme application","5","0"," "
"2023","Other","30 - 34","Scotland","All","All","Main scheme application","5","0"," "
"2019","Unknown or Prefer Not To Say","30 - 34","Scotland","All","All","Main scheme application","10","5"," "
"2020","Unknown or Prefer Not To Say","30 - 34","Scotland","All","All","Main scheme application","5","0"," "
"2021","Unknown or Prefer Not To Say","30 - 34","Scotland","All","All","Main scheme application","15","10"," "
"2022","Unknown or Prefer Not To Say","30 - 34","Scotland","All","All","Main scheme application","5","5"," "
"2023","Unknown or Prefer Not To Say","30 - 34","Scotland","All","All","Main scheme application","10","5"," "
"2019","White","35 and over","Northern Ireland","All","All","Main scheme application","5","0"," "
"2021","White","35 and over","Northern Ireland","All","All","Main scheme application","5","5"," "
"2022","White","35 and over","Northern Ireland","All","All","Main scheme application","5","5"," "
"2023","White","35 and over","Northern Ireland","All","All","Main scheme application","5","0"," "
"2019","White","35 and over","England","All","All","Main scheme application","15","5"," "
"2020","White","35 and over","England","All","All","Main scheme application","15","5"," "
"2021","White","35 and over","England","All","All","Main scheme application","15","10","0.706"
"2022","White","35 and over","England","All","All","Main scheme application","15","5"," "
"2023","White","35 and over","England","All","All","Main scheme application","10","5"," "
"2019","White","35 and over","Scotland","All","All","Main scheme application","940","425","0.452"
"2020","White","35 and over","Scotland","All","All","Main scheme application","1000","470","0.47000000000000003"
"2021","White","35 and over","Scotland","All","All","Main scheme application","1090","405","0.373"
"2022","White","35 and over","Scotland","All","All","Main scheme application","735","370","0.503"
"2023","White","35 and over","Scotland","All","All","Main scheme application","585","325","0.551"
"2022","White","35 and over","Wales","All","All","Main scheme application","115","70","0.619"
"2023","White","35 and over","Wales","All","All","Main scheme application","70","50","0.6960000000000001"
"2019","Black","35 and over","Scotland","All","All","Main scheme application","15","0"," "
"2020","Black","35 and over","Scotland","All","All","Main scheme application","30","5"," "
"2021","Black","35 and over","Scotland","All","All","Main scheme application","25","5"," "
"2022","Black","35 and over","Scotland","All","All","Main scheme application","15","5"," "
"2023","Black","35 and over","Scotland","All","All","Main scheme application","20","5"," "
"2022","Black","35 and over","Wales","All","All","Main scheme application","5","0"," "
"2019","Asian","35 and over","England","All","All","Main scheme application","5","0"," "
"2021","Asian","35 and over","England","All","All","Main scheme application","5","0"," "
"2019","Asian","35 and over","Scotland","All","All","Main scheme application","70","20","0.31"
"2020","Asian","35 and over","Scotland","All","All","Main scheme application","55","20","0.327"
"2021","Asian","35 and over","Scotland","All","All","Main scheme application","50","20","0.404"
"2022","Asian","35 and over","Scotland","All","All","Main scheme application","40","15","0.357"
"2023","Asian","35 and over","Scotland","All","All","Main scheme application","40","10"," "
"2022","Asian","35 and over","Wales","All","All","Main scheme application","5","0"," "
"2023","Asian","35 and over","Wales","All","All","Main scheme application","10","5"," "
"2019","Mixed","35 and over","Scotland","All","All","Main scheme application","20","5"," "
"2020","Mixed","35 and over","Scotland","All","All","Main scheme application","20","10","0.5"
"2021","Mixed","35 and over","Scotland","All","All","Main scheme application","20","5"," "
"2022","Mixed","35 and over","Scotland","All","All","Main scheme application","15","5"," "
"2023","Mixed","35 and over","Scotland","All","All","Main scheme application","15","10","0.6880000000000001"
"2019","Other","35 and over","Scotland","All","All","Main scheme application","15","0"," "
"2020","Other","35 and over","Scotland","All","All","Main scheme application","15","10"," "
"2021","Other","35 and over","Scotland","All","All","Main scheme application","15","5"," "
"2022","Other","35 and over","Scotland","All","All","Main scheme application","15","5"," "
"2023","Other","35 and over","Scotland","All","All","Main scheme application","10","5"," "
"2022","Other","35 and over","Wales","All","All","Main scheme application","5","0"," "
"2023","Other","35 and over","Wales","All","All","Main scheme application","5","0"," "
"2019","Unknown or Prefer Not To Say","35 and over","Scotland","All","All","Main scheme application","20","10","0.55"
"2020","Unknown or Prefer Not To Say","35 and over","Scotland","All","All","Main scheme application","20","5"," "
"2021","Unknown or Prefer Not To Say","35 and over","Scotland","All","All","Main scheme application","25","10","0.40700000000000003"
"2022","Unknown or Prefer Not To Say","35 and over","Scotland","All","All","Main scheme application","20","5"," "
"2023","Unknown or Prefer Not To Say","35 and over","Scotland","All","All","Main scheme application","20","5"," "
"2023","Unknown or Prefer Not To Say","35 and over","Wales","All","All","Main scheme application","5","0"," "
"2021","All","18","Scotland","All","All","Not main scheme application","5","0"," "
"2023","All","21 - 24","Northern Ireland","All","All","Not main scheme application","5","5"," "
"2019","All","21 - 24","England","All","All","Not main scheme application","5","5"," "
"2020","All","21 - 24","England","All","All","Not main scheme application","10","10"," "
"2021","All","21 - 24","England","All","All","Not main scheme application","10","0"," "
"2022","All","21 - 24","England","All","All","Not main scheme application","15","10","0.667"
"2023","All","21 - 24","England","All","All","Not main scheme application","15","15","1"
"2019","All","21 - 24","Scotland","All","All","Not main scheme application","95","50","0.527"
"2020","All","21 - 24","Scotland","All","All","Not main scheme application","120","45","0.39"
"2021","All","21 - 24","Scotland","All","All","Not main scheme application","130","50","0.392"
"2022","All","21 - 24","Scotland","All","All","Not main scheme application","95","60","0.634"
"2023","All","21 - 24","Scotland","All","All","Not main scheme application","80","50","0.62"
"2022","All","21 - 24","Wales","All","All","Not main scheme application","70","55","0.8140000000000001"
"2023","All","21 - 24","Wales","All","All","Not main scheme application","85","70","0.835"
"2019","All","25 - 29","England","All","All","Not main scheme application","5","5"," "
"2020","All","25 - 29","England","All","All","Not main scheme application","15","10","0.846"
"2021","All","25 - 29","England","All","All","Not main scheme application","5","5"," "
"2022","All","25 - 29","England","All","All","Not main scheme application","5","5"," "
"2023","All","25 - 29","England","All","All","Not main scheme application","15","15","1"
"2019","All","25 - 29","Scotland","All","All","Not main scheme application","80","50","0.62"
"2020","All","25 - 29","Scotland","All","All","Not main scheme application","115","70","0.591"
"2021","All","25 - 29","Scotland","All","All","Not main scheme application","90","35","0.38"
"2022","All","25 - 29","Scotland","All","All","Not main scheme application","65","40","0.636"
"2023","All","25 - 29","Scotland","All","All","Not main scheme application","55","45","0.772"
"2022","All","25 - 29","Wales","All","All","Not main scheme application","35","30","0.8"
"2023","All","25 - 29","Wales","All","All","Not main scheme application","30","25","0.767"
"2020","All","30 - 34","England","All","All","Not main scheme application","5","5"," "
"2021","All","30 - 34","England","All","All","Not main scheme application","5","5"," "
"2023","All","30 - 34","England","All","All","Not main scheme application","5","5"," "
"2019","All","30 - 34","Scotland","All","All","Not main scheme application","25","15","0.583"
"2020","All","30 - 34","Scotland","All","All","Not main scheme application","35","20","0.514"
"2021","All","30 - 34","Scotland","All","All","Not main scheme application","35","15","0.441"
"2022","All","30 - 34","Scotland","All","All","Not main scheme application","35","15","0.41200000000000003"
"2023","All","30 - 34","Scotland","All","All","Not main scheme application","25","20","0.6920000000000001"
"2022","All","30 - 34","Wales","All","All","Not main scheme application","10","10"," "
"2023","All","30 - 34","Wales","All","All","Not main scheme application","15","15","0.929"
"2019","All","35 and over","England","All","All","Not main scheme application","10","10"," "
"2020","All","35 and over","England","All","All","Not main scheme application","10","10","0.917"
"2021","All","35 and over","England","All","All","Not main scheme application","10","10"," "
"2022","All","35 and over","England","All","All","Not main scheme application","10","5"," "
"2023","All","35 and over","England","All","All","Not main scheme application","10","10"," "
"2019","All","35 and over","Scotland","All","All","Not main scheme application","70","40","0.5710000000000001"
"2020","All","35 and over","Scotland","All","All","Not main scheme application","85","50","0.558"
"2021","All","35 and over","Scotland","All","All","Not main scheme application","50","30","0.612"
"2022","All","35 and over","Scotland","All","All","Not main scheme application","60","40","0.629"
"2023","All","35 and over","Scotland","All","All","Not main scheme application","60","45","0.721"
"2022","All","35 and over","Wales","All","All","Not main scheme application","20","15","0.8"
"2023","All","35 and over","Wales","All","All","Not main scheme application","20","15","0.85"
"2020","All","18","England","All","All","Main scheme application","5","0"," "
"2022","All","18","England","All","All","Main scheme application","10","0"," "
"2023","All","18","England","All","All","Main scheme application","5","0"," "
"2019","All","18","Scotland","All","All","Main scheme application","15","0"," "
"2020","All","18","Scotland","All","All","Main scheme application","25","0"," "
"2021","All","18","Scotland","All","All","Main scheme application","20","0"," "
"2022","All","18","Scotland","All","All","Main scheme application","20","0"," "
"2023","All","18","Scotland","All","All","Main scheme application","25","0"," "
"2020","All","18","Wales","All","All","Main scheme application","5","0"," "
"2022","All","18","Wales","All","All","Main scheme application","20","0"," "
"2023","All","18","Wales","All","All","Main scheme application","5","0"," "
"2019","All","19","Scotland","All","All","Main scheme application","5","0"," "
"2020","All","19","Scotland","All","All","Main scheme application","5","0"," "
"2021","All","19","Scotland","All","All","Main scheme application","5","0"," "
"2022","All","19","Scotland","All","All","Main scheme application","10","0"," "
"2023","All","19","Scotland","All","All","Main scheme application","10","0"," "
"2019","All","20","Scotland","All","All","Main scheme application","5","0"," "
"2020","All","20","Scotland","All","All","Main scheme application","10","0"," "
"2021","All","20","Scotland","All","All","Main scheme application","15","0"," "
"2022","All","20","Scotland","All","All","Main scheme application","10","0"," "
"2023","All","20","Scotland","All","All","Main scheme application","10","0"," "
"2023","All","20","Wales","All","All","Main scheme application","5","0"," "
"2019","All","21 - 24","Northern Ireland","All","All","Main scheme application","60","10","0.17200000000000001"
"2020","All","21 - 24","Northern Ireland","All","All","Main scheme application","40","10"," "
"2021","All","21 - 24","Northern Ireland","All","All","Main scheme application","65","15","0.254"
"2022","All","21 - 24","Northern Ireland","All","All","Main scheme application","45","15","0.28300000000000003"
"2023","All","21 - 24","Northern Ireland","All","All","Main scheme application","25","5"," "
"2019","All","21 - 24","England","All","All","Main scheme application","70","30","0.40800000000000003"
"2020","All","21 - 24","England","All","All","Main scheme application","50","20","0.385"
"2021","All","21 - 24","England","All","All","Main scheme application","90","25","0.28400000000000003"
"2022","All","21 - 24","England","All","All","Main scheme application","145","65","0.448"
"2023","All","21 - 24","England","All","All","Main scheme application","130","55","0.417"
"2019","All","21 - 24","Scotland","All","All","Main scheme application","1570","800","0.509"
"2020","All","21 - 24","Scotland","All","All","Main scheme application","1680","875","0.519"
"2021","All","21 - 24","Scotland","All","All","Main scheme application","2110","875","0.41400000000000003"
"2022","All","21 - 24","Scotland","All","All","Main scheme application","1525","765","0.5"
"2023","All","21 - 24","Scotland","All","All","Main scheme application","1285","720","0.559"
"2020","All","21 - 24","Wales","All","All","Main scheme application","5","0"," "
"2021","All","21 - 24","Wales","All","All","Main scheme application","5","0"," "
"2022","All","21 - 24","Wales","All","All","Main scheme application","645","460","0.711"
"2023","All","21 - 24","Wales","All","All","Main scheme application","600","420","0.6990000000000001"
"2019","All","25 - 29","Northern Ireland","All","All","Main scheme application","25","10","0.423"
"2020","All","25 - 29","Northern Ireland","All","All","Main scheme application","20","5"," "
"2021","All","25 - 29","Northern Ireland","All","All","Main scheme application","25","10"," "
"2022","All","25 - 29","Northern Ireland","All","All","Main scheme application","15","10"," "
"2023","All","25 - 29","Northern Ireland","All","All","Main scheme application","15","5"," "
"2019","All","25 - 29","England","All","All","Main scheme application","30","10"," "
"2020","All","25 - 29","England","All","All","Main scheme application","35","20","0.541"
"2021","All","25 - 29","England","All","All","Main scheme application","55","20","0.37"
"2022","All","25 - 29","England","All","All","Main scheme application","35","10","0.278"
"2023","All","25 - 29","England","All","All","Main scheme application","25","10","0.423"
"2019","All","25 - 29","Scotland","All","All","Main scheme application","1325","685","0.517"
"2020","All","25 - 29","Scotland","All","All","Main scheme application","1325","680","0.514"
"2021","All","25 - 29","Scotland","All","All","Main scheme application","1650","725","0.438"
"2022","All","25 - 29","Scotland","All","All","Main scheme application","1130","595","0.527"
"2023","All","25 - 29","Scotland","All","All","Main scheme application","840","450","0.537"
"2019","All","25 - 29","Wales","All","All","Main scheme application","5","0"," "
"2020","All","25 - 29","Wales","All","All","Main scheme application","5","0"," "
"2022","All","25 - 29","Wales","All","All","Main scheme application","230","155","0.671"
"2023","All","25 - 29","Wales","All","All","Main scheme application","220","150","0.683"
"2019","All","30 - 34","Northern Ireland","All","All","Main scheme application","5","0"," "
"2020","All","30 - 34","Northern Ireland","All","All","Main scheme application","5","0"," "
"2021","All","30 - 34","Northern Ireland","All","All","Main scheme application","5","0"," "
"2022","All","30 - 34","Northern Ireland","All","All","Main scheme application","5","0"," "
"2023","All","30 - 34","Northern Ireland","All","All","Main scheme application","5","0"," "
"2019","All","30 - 34","England","All","All","Main scheme application","15","5"," "
"2020","All","30 - 34","England","All","All","Main scheme application","20","15","0.667"
"2021","All","30 - 34","England","All","All","Main scheme application","20","0"," "
"2022","All","30 - 34","England","All","All","Main scheme application","20","5"," "
"2023","All","30 - 34","England","All","All","Main scheme application","10","5"," "
"2019","All","30 - 34","Scotland","All","All","Main scheme application","605","280","0.459"
"2020","All","30 - 34","Scotland","All","All","Main scheme application","630","325","0.513"
"2021","All","30 - 34","Scotland","All","All","Main scheme application","720","285","0.393"
"2022","All","30 - 34","Scotland","All","All","Main scheme application","505","265","0.528"
"2023","All","30 - 34","Scotland","All","All","Main scheme application","385","205","0.529"
"2022","All","30 - 34","Wales","All","All","Main scheme application","95","70","0.742"
"2023","All","30 - 34","Wales","All","All","Main scheme application","80","50","0.654"
"2019","All","35 and over","Northern Ireland","All","All","Main scheme application","5","0"," "
"2021","All","35 and over","Northern Ireland","All","All","Main scheme application","5","5"," "
"2022","All","35 and over","Northern Ireland","All","All","Main scheme application","5","5"," "
"2023","All","35 and over","Northern Ireland","All","All","Main scheme application","5","0"," "
"2019","All","35 and over","England","All","All","Main scheme application","25","5"," "
"2020","All","35 and over","England","All","All","Main scheme application","20","5"," "
"2021","All","35 and over","England","All","All","Main scheme application","20","15","0.682"
"2022","All","35 and over","England","All","All","Main scheme application","15","5"," "
"2023","All","35 and over","England","All","All","Main scheme application","10","5"," "
"2019","All","35 and over","Scotland","All","All","Main scheme application","1080","470","0.433"
"2020","All","35 and over","Scotland","All","All","Main scheme application","1145","520","0.455"
"2021","All","35 and over","Scotland","All","All","Main scheme application","1225","455","0.37"
"2022","All","35 and over","Scotland","All","All","Main scheme application","840","400","0.47900000000000004"
"2023","All","35 and over","Scotland","All","All","Main scheme application","690","360","0.518"
"2022","All","35 and over","Wales","All","All","Main scheme application","125","75","0.5750000000000001"
"2023","All","35 and over","Wales","All","All","Main scheme application","90","55","0.593"
"2022","White","All","Northern Ireland","All","All","Not main scheme application","5","0"," "
"2023","White","All","Northern Ireland","All","All","Not main scheme application","5","5"," "
"2019","White","All","England","All","All","Not main scheme application","20","15","0.895"
"2020","White","All","England","All","All","Not main scheme application","35","30","0.9410000000000001"
"2021","White","All","England","All","All","Not main scheme application","20","15","0.714"
"2022","White","All","England","All","All","Not main scheme application","25","20","0.769"
"2023","White","All","England","All","All","Not main scheme application","35","35","1"
"2019","White","All","Scotland","All","All","Not main scheme application","235","135","0.5760000000000001"
"2020","White","All","Scotland","All","All","Not main scheme application","320","160","0.502"
"2021","White","All","Scotland","All","All","Not main scheme application","280","110","0.403"
"2022","White","All","Scotland","All","All","Not main scheme application","215","130","0.595"
"2023","White","All","Scotland","All","All","Not main scheme application","195","135","0.6910000000000001"
"2022","White","All","Wales","All","All","Not main scheme application","125","100","0.8210000000000001"
"2023","White","All","Wales","All","All","Not main scheme application","130","110","0.855"
"2021","Black","All","Scotland","All","All","Not main scheme application","5","5"," "
"2023","Black","All","Scotland","All","All","Not main scheme application","5","5"," "
"2020","Asian","All","England","All","All","Not main scheme application","5","0"," "
"2021","Asian","All","England","All","All","Not main scheme application","5","0"," "
"2023","Asian","All","England","All","All","Not main scheme application","5","5"," "
"2019","Asian","All","Scotland","All","All","Not main scheme application","20","10"," "
"2020","Asian","All","Scotland","All","All","Not main scheme application","20","10","0.611"
"2021","Asian","All","Scotland","All","All","Not main scheme application","10","5"," "
"2022","Asian","All","Scotland","All","All","Not main scheme application","20","10","0.455"
"2023","Asian","All","Scotland","All","All","Not main scheme application","15","10"," "
"2022","Asian","All","Wales","All","All","Not main scheme application","5","5"," "
"2023","Asian","All","Wales","All","All","Not main scheme application","10","5"," "
"2022","Mixed","All","England","All","All","Not main scheme application","5","0"," "
"2019","Mixed","All","Scotland","All","All","Not main scheme application","5","5"," "
"2021","Mixed","All","Scotland","All","All","Not main scheme application","5","5"," "
"2022","Mixed","All","Scotland","All","All","Not main scheme application","5","5"," "
"2023","Mixed","All","Scotland","All","All","Not main scheme application","5","5"," "
"2019","Other","All","Scotland","All","All","Not main scheme application","5","0"," "
"2020","Other","All","Scotland","All","All","Not main scheme application","5","5"," "
"2021","Other","All","Scotland","All","All","Not main scheme application","5","5"," "
"2023","Other","All","Scotland","All","All","Not main scheme application","5","5"," "
"2022","Other","All","Wales","All","All","Not main scheme application","5","5"," "
"2020","Unknown or Prefer Not To Say","All","England","All","All","Not main scheme application","5","5"," "
"2020","Unknown or Prefer Not To Say","All","Scotland","All","All","Not main scheme application","10","5"," "
"2021","Unknown or Prefer Not To Say","All","Scotland","All","All","Not main scheme application","5","5"," "
"2022","Unknown or Prefer Not To Say","All","Scotland","All","All","Not main scheme application","10","10"," "
"2023","Unknown or Prefer Not To Say","All","Scotland","All","All","Not main scheme application","5","5"," "
"2023","Unknown or Prefer Not To Say","All","Wales","All","All","Not main scheme application","5","5"," "
"2019","White","All","Northern Ireland","All","All","Main scheme application","90","20","0.244"
"2020","White","All","Northern Ireland","All","All","Main scheme application","70","15","0.20600000000000002"
"2021","White","All","Northern Ireland","All","All","Main scheme application","95","30","0.305"
"2022","White","All","Northern Ireland","All","All","Main scheme application","70","25","0.368"
"2023","White","All","Northern Ireland","All","All","Main scheme application","45","10"," "
"2019","White","All","England","All","All","Main scheme application","115","40","0.365"
"2020","White","All","England","All","All","Main scheme application","115","55","0.462"
"2021","White","All","England","All","All","Main scheme application","160","55","0.335"
"2022","White","All","England","All","All","Main scheme application","210","85","0.399"
"2023","White","All","England","All","All","Main scheme application","175","70","0.399"
"2019","White","All","Scotland","All","All","Main scheme application","4290","2120","0.494"
"2020","White","All","Scotland","All","All","Main scheme application","4490","2270","0.505"
"2021","White","All","Scotland","All","All","Main scheme application","5375","2200","0.40900000000000003"
"2022","White","All","Scotland","All","All","Main scheme application","3770","1915","0.508"
"2023","White","All","Scotland","All","All","Main scheme application","2960","1610","0.544"
"2019","White","All","Wales","All","All","Main scheme application","5","0"," "
"2020","White","All","Wales","All","All","Main scheme application","10","0"," "
"2021","White","All","Wales","All","All","Main scheme application","5","0"," "
"2022","White","All","Wales","All","All","Main scheme application","1050","720","0.685"
"2023","White","All","Wales","All","All","Main scheme application","925","635","0.6880000000000001"
"2019","Black","All","England","All","All","Main scheme application","5","0"," "
"2022","Black","All","England","All","All","Main scheme application","5","0"," "
"2019","Black","All","Scotland","All","All","Main scheme application","30","5"," "
"2020","Black","All","Scotland","All","All","Main scheme application","40","10","0.244"
"2021","Black","All","Scotland","All","All","Main scheme application","40","10","0.316"
"2022","Black","All","Scotland","All","All","Main scheme application","25","10"," "
"2023","Black","All","Scotland","All","All","Main scheme application","35","5"," "
"2022","Black","All","Wales","All","All","Main scheme application","10","5"," "
"2023","Black","All","Wales","All","All","Main scheme application","10","5"," "
"2019","Asian","All","England","All","All","Main scheme application","15","5"," "
"2020","Asian","All","England","All","All","Main scheme application","5","0"," "
"2021","Asian","All","England","All","All","Main scheme application","15","5"," "
"2022","Asian","All","England","All","All","Main scheme application","5","0"," "
"2023","Asian","All","England","All","All","Main scheme application","5","5"," "
"2019","Asian","All","Scotland","All","All","Main scheme application","165","60","0.354"
"2020","Asian","All","Scotland","All","All","Main scheme application","145","60","0.427"
"2021","Asian","All","Scotland","All","All","Main scheme application","165","60","0.356"
"2022","Asian","All","Scotland","All","All","Main scheme application","115","45","0.41200000000000003"
"2023","Asian","All","Scotland","All","All","Main scheme application","115","50","0.417"
"2022","Asian","All","Wales","All","All","Main scheme application","25","10","0.4"
"2023","Asian","All","Wales","All","All","Main scheme application","30","15","0.5"
"2019","Mixed","All","England","All","All","Main scheme application","5","0"," "
"2020","Mixed","All","England","All","All","Main scheme application","5","0"," "
"2021","Mixed","All","England","All","All","Main scheme application","5","5"," "
"2022","Mixed","All","England","All","All","Main scheme application","5","0"," "
"2023","Mixed","All","England","All","All","Main scheme application","10","5"," "
"2019","Mixed","All","Scotland","All","All","Main scheme application","65","25","0.359"
"2020","Mixed","All","Scotland","All","All","Main scheme application","65","30","0.462"
"2021","Mixed","All","Scotland","All","All","Main scheme application","75","30","0.405"
"2022","Mixed","All","Scotland","All","All","Main scheme application","70","35","0.47900000000000004"
"2023","Mixed","All","Scotland","All","All","Main scheme application","70","40","0.549"
"2022","Mixed","All","Wales","All","All","Main scheme application","20","15","0.7000000000000001"
"2023","Mixed","All","Wales","All","All","Main scheme application","15","10","0.6880000000000001"
"2019","Other","All","Scotland","All","All","Main scheme application","20","5"," "
"2020","Other","All","Scotland","All","All","Main scheme application","35","15","0.382"
"2021","Other","All","Scotland","All","All","Main scheme application","30","5"," "
"2022","Other","All","Scotland","All","All","Main scheme application","25","5"," "
"2023","Other","All","Scotland","All","All","Main scheme application","25","10","0.40700000000000003"
"2022","Other","All","Wales","All","All","Main scheme application","10","5"," "
"2023","Other","All","Wales","All","All","Main scheme application","10","5"," "
"2019","Unknown or Prefer Not To Say","All","England","All","All","Main scheme application","5","0"," "
"2020","Unknown or Prefer Not To Say","All","England","All","All","Main scheme application","5","5"," "
"2021","Unknown or Prefer Not To Say","All","England","All","All","Main scheme application","5","0"," "
"2019","Unknown or Prefer Not To Say","All","Scotland","All","All","Main scheme application","45","20","0.467"
"2020","Unknown or Prefer Not To Say","All","Scotland","All","All","Main scheme application","40","15","0.357"
"2021","Unknown or Prefer Not To Say","All","Scotland","All","All","Main scheme application","70","25","0.38"
"2022","Unknown or Prefer Not To Say","All","Scotland","All","All","Main scheme application","40","20","0.488"
"2023","Unknown or Prefer Not To Say","All","Scotland","All","All","Main scheme application","40","20","0.462"
"2022","Unknown or Prefer Not To Say","All","Wales","All","All","Main scheme application","5","5"," "
"2023","Unknown or Prefer Not To Say","All","Wales","All","All","Main scheme application","10","5"," "
"2022","All","All","Northern Ireland","All","All","Not main scheme application","5","0"," "
"2023","All","All","Northern Ireland","All","All","Not main scheme application","5","5"," "
"2019","All","All","England","All","All","Not main scheme application","25","20","0.87"
"2020","All","All","England","All","All","Not main scheme application","40","35","0.902"
"2021","All","All","England","All","All","Not main scheme application","25","20","0.72"
"2022","All","All","England","All","All","Not main scheme application","30","20","0.733"
"2023","All","All","England","All","All","Not main scheme application","40","40","0.976"
"2019","All","All","Scotland","All","All","Not main scheme application","265","150","0.5710000000000001"
"2020","All","All","Scotland","All","All","Not main scheme application","355","180","0.508"
"2021","All","All","Scotland","All","All","Not main scheme application","310","130","0.424"
"2022","All","All","Scotland","All","All","Not main scheme application","255","155","0.602"
"2023","All","All","Scotland","All","All","Not main scheme application","225","155","0.6950000000000001"
"2022","All","All","Wales","All","All","Not main scheme application","135","110","0.8210000000000001"
"2023","All","All","Wales","All","All","Not main scheme application","150","125","0.8320000000000001"
"2019","All","All","Northern Ireland","All","All","Main scheme application","90","20","0.244"
"2020","All","All","Northern Ireland","All","All","Main scheme application","70","15","0.203"
"2021","All","All","Northern Ireland","All","All","Main scheme application","95","30","0.302"
"2022","All","All","Northern Ireland","All","All","Main scheme application","70","25","0.377"
"2023","All","All","Northern Ireland","All","All","Main scheme application","50","10"," "
"2019","All","All","England","All","All","Main scheme application","140","50","0.355"
"2020","All","All","England","All","All","Main scheme application","135","60","0.445"
"2021","All","All","England","All","All","Main scheme application","185","60","0.333"
"2022","All","All","England","All","All","Main scheme application","225","85","0.387"
"2023","All","All","England","All","All","Main scheme application","190","80","0.40800000000000003"
"2019","All","All","Scotland","All","All","Main scheme application","4615","2230","0.484"
"2020","All","All","Scotland","All","All","Main scheme application","4815","2400","0.498"
"2021","All","All","Scotland","All","All","Main scheme application","5750","2335","0.406"
"2022","All","All","Scotland","All","All","Main scheme application","4045","2030","0.502"
"2023","All","All","Scotland","All","All","Main scheme application","3245","1735","0.534"
"2019","All","All","Wales","All","All","Main scheme application","5","0"," "
"2020","All","All","Wales","All","All","Main scheme application","15","0"," "
"2021","All","All","Wales","All","All","Main scheme application","5","0"," "
"2022","All","All","Wales","All","All","Main scheme application","1115","755","0.676"
"2023","All","All","Wales","All","All","Main scheme application","1000","675","0.675"
"2021","White","18","All","All","All","Not main scheme application","5","0"," "
"2019","White","21 - 24","All","All","All","Not main scheme application","95","50","0.553"
"2020","White","21 - 24","All","All","All","Not main scheme application","120","50","0.43"
"2021","White","21 - 24","All","All","All","Not main scheme application","130","50","0.374"
"2022","White","21 - 24","All","All","All","Not main scheme application","165","115","0.709"
"2023","White","21 - 24","All","All","All","Not main scheme application","165","125","0.758"
"2023","Black","21 - 24","All","All","All","Not main scheme application","5","0"," "
"2019","Asian","21 - 24","All","All","All","Not main scheme application","5","0"," "
"2020","Asian","21 - 24","All","All","All","Not main scheme application","5","0"," "
"2021","Asian","21 - 24","All","All","All","Not main scheme application","5","0"," "
"2022","Asian","21 - 24","All","All","All","Not main scheme application","10","5"," "
"2023","Asian","21 - 24","All","All","All","Not main scheme application","10","5"," "
"2022","Mixed","21 - 24","All","All","All","Not main scheme application","5","5"," "
"2020","Unknown or Prefer Not To Say","21 - 24","All","All","All","Not main scheme application","5","0"," "
"2023","Unknown or Prefer Not To Say","21 - 24","All","All","All","Not main scheme application","5","5"," "
"2019","White","25 - 29","All","All","All","Not main scheme application","85","55","0.639"
"2020","White","25 - 29","All","All","All","Not main scheme application","115","70","0.605"
"2021","White","25 - 29","All","All","All","Not main scheme application","85","30","0.365"
"2022","White","25 - 29","All","All","All","Not main scheme application","90","65","0.7000000000000001"
"2023","White","25 - 29","All","All","All","Not main scheme application","85","70","0.8240000000000001"
"2020","Asian","25 - 29","All","All","All","Not main scheme application","10","5"," "
"2021","Asian","25 - 29","All","All","All","Not main scheme application","5","5"," "
"2022","Asian","25 - 29","All","All","All","Not main scheme application","10","5"," "
"2023","Asian","25 - 29","All","All","All","Not main scheme application","5","0"," "
"2021","Mixed","25 - 29","All","All","All","Not main scheme application","5","0"," "
"2022","Mixed","25 - 29","All","All","All","Not main scheme application","5","5"," "
"2023","Mixed","25 - 29","All","All","All","Not main scheme application","5","5"," "
"2023","Other","25 - 29","All","All","All","Not main scheme application","5","5"," "
"2020","Unknown or Prefer Not To Say","25 - 29","All","All","All","Not main scheme application","5","5"," "
"2021","Unknown or Prefer Not To Say","25 - 29","All","All","All","Not main scheme application","5","0"," "
"2022","Unknown or Prefer Not To Say","25 - 29","All","All","All","Not main scheme application","5","5"," "
"2023","Unknown or Prefer Not To Say","25 - 29","All","All","All","Not main scheme application","5","0"," "
"2019","White","30 - 34","All","All","All","Not main scheme application","20","15","0.591"
"2020","White","30 - 34","All","All","All","Not main scheme application","40","20","0.553"
"2021","White","30 - 34","All","All","All","Not main scheme application","35","15","0.485"
"2022","White","30 - 34","All","All","All","Not main scheme application","40","20","0.526"
"2023","White","30 - 34","All","All","All","Not main scheme application","40","30","0.789"
"2019","Asian","30 - 34","All","All","All","Not main scheme application","5","0"," "
"2021","Asian","30 - 34","All","All","All","Not main scheme application","5","0"," "
"2019","White","35 and over","All","All","All","Not main scheme application","60","35","0.621"
"2020","White","35 and over","All","All","All","Not main scheme application","80","50","0.63"
"2021","White","35 and over","All","All","All","Not main scheme application","45","30","0.674"
"2022","White","35 and over","All","All","All","Not main scheme application","75","50","0.685"
"2023","White","35 and over","All","All","All","Not main scheme application","75","60","0.787"
"2021","Black","35 and over","All","All","All","Not main scheme application","5","5"," "
"2023","Black","35 and over","All","All","All","Not main scheme application","5","0"," "
"2019","Asian","35 and over","All","All","All","Not main scheme application","10","5"," "
"2020","Asian","35 and over","All","All","All","Not main scheme application","5","5"," "
"2021","Asian","35 and over","All","All","All","Not main scheme application","5","5"," "
"2022","Asian","35 and over","All","All","All","Not main scheme application","5","5"," "
"2023","Asian","35 and over","All","All","All","Not main scheme application","10","5"," "
"2022","Mixed","35 and over","All","All","All","Not main scheme application","5","0"," "
"2023","Mixed","35 and over","All","All","All","Not main scheme application","5","0"," "
"2019","Other","35 and over","All","All","All","Not main scheme application","5","5"," "
"2020","Other","35 and over","All","All","All","Not main scheme application","5","0"," "
"2020","Unknown or Prefer Not To Say","35 and over","All","All","All","Not main scheme application","5","5"," "
"2022","Unknown or Prefer Not To Say","35 and over","All","All","All","Not main scheme application","5","5"," "
"2019","White","18","All","All","All","Main scheme application","15","0"," "
"2020","White","18","All","All","All","Main scheme application","30","0"," "
"2021","White","18","All","All","All","Main scheme application","25","0"," "
"2022","White","18","All","All","All","Main scheme application","45","0"," "
"2023","White","18","All","All","All","Main scheme application","35","0"," "
"2019","White","19","All","All","All","Main scheme application","5","0"," "
"2020","White","19","All","All","All","Main scheme application","5","0"," "
"2021","White","19","All","All","All","Main scheme application","5","0"," "
"2022","White","19","All","All","All","Main scheme application","10","0"," "
"2023","White","19","All","All","All","Main scheme application","10","0"," "
"2019","White","20","All","All","All","Main scheme application","5","0"," "
"2020","White","20","All","All","All","Main scheme application","10","0"," "
"2021","White","20","All","All","All","Main scheme application","15","0"," "
"2022","White","20","All","All","All","Main scheme application","10","0"," "
"2023","White","20","All","All","All","Main scheme application","15","0"," "
"2019","White","21 - 24","All","All","All","Main scheme application","1620","810","0.499"
"2020","White","21 - 24","All","All","All","Main scheme application","1695","865","0.509"
"2021","White","21 - 24","All","All","All","Main scheme application","2155","880","0.40800000000000003"
"2022","White","21 - 24","All","All","All","Main scheme application","2245","1235","0.551"
"2023","White","21 - 24","All","All","All","Main scheme application","1935","1135","0.586"
"2019","Black","21 - 24","All","All","All","Main scheme application","5","0"," "
"2020","Black","21 - 24","All","All","All","Main scheme application","5","0"," "
"2021","Black","21 - 24","All","All","All","Main scheme application","5","0"," "
"2022","Black","21 - 24","All","All","All","Main scheme application","10","5"," "
"2023","Black","21 - 24","All","All","All","Main scheme application","15","5"," "
"2019","Asian","21 - 24","All","All","All","Main scheme application","50","20","0.4"
"2020","Asian","21 - 24","All","All","All","Main scheme application","50","25","0.542"
"2021","Asian","21 - 24","All","All","All","Main scheme application","60","20","0.35000000000000003"
"2022","Asian","21 - 24","All","All","All","Main scheme application","50","25","0.49"
"2023","Asian","21 - 24","All","All","All","Main scheme application","50","30","0.653"
"2019","Mixed","21 - 24","All","All","All","Main scheme application","20","10"," "
"2020","Mixed","21 - 24","All","All","All","Main scheme application","20","5"," "
"2021","Mixed","21 - 24","All","All","All","Main scheme application","25","15","0.481"
"2022","Mixed","21 - 24","All","All","All","Main scheme application","40","25","0.6"
"2023","Mixed","21 - 24","All","All","All","Main scheme application","35","20","0.629"
"2020","Other","21 - 24","All","All","All","Main scheme application","5","0"," "
"2021","Other","21 - 24","All","All","All","Main scheme application","5","0"," "
"2022","Other","21 - 24","All","All","All","Main scheme application","5","5"," "
"2023","Other","21 - 24","All","All","All","Main scheme application","10","5"," "
"2019","Unknown or Prefer Not To Say","21 - 24","All","All","All","Main scheme application","5","0"," "
"2020","Unknown or Prefer Not To Say","21 - 24","All","All","All","Main scheme application","5","0"," "
"2021","Unknown or Prefer Not To Say","21 - 24","All","All","All","Main scheme application","15","5"," "
"2022","Unknown or Prefer Not To Say","21 - 24","All","All","All","Main scheme application","10","5"," "
"2023","Unknown or Prefer Not To Say","21 - 24","All","All","All","Main scheme application","5","5"," "
"2019","White","25 - 29","All","All","All","Main scheme application","1320","675","0.514"
"2020","White","25 - 29","All","All","All","Main scheme application","1305","675","0.515"
"2021","White","25 - 29","All","All","All","Main scheme application","1635","720","0.439"
"2022","White","25 - 29","All","All","All","Main scheme application","1340","730","0.547"
"2023","White","25 - 29","All","All","All","Main scheme application","1010","570","0.5640000000000001"
"2019","Black","25 - 29","All","All","All","Main scheme application","5","0"," "
"2020","Black","25 - 29","All","All","All","Main scheme application","5","0"," "
"2021","Black","25 - 29","All","All","All","Main scheme application","5","5"," "
"2022","Black","25 - 29","All","All","All","Main scheme application","5","0"," "
"2023","Black","25 - 29","All","All","All","Main scheme application","5","0"," "
"2019","Asian","25 - 29","All","All","All","Main scheme application","30","10","0.393"
"2020","Asian","25 - 29","All","All","All","Main scheme application","30","10","0.379"
"2021","Asian","25 - 29","All","All","All","Main scheme application","40","15","0.35000000000000003"
"2022","Asian","25 - 29","All","All","All","Main scheme application","30","15","0.433"
"2023","Asian","25 - 29","All","All","All","Main scheme application","35","15","0.486"
"2019","Mixed","25 - 29","All","All","All","Main scheme application","20","10","0.47600000000000003"
"2020","Mixed","25 - 29","All","All","All","Main scheme application","20","10","0.524"
"2021","Mixed","25 - 29","All","All","All","Main scheme application","20","10"," "
"2022","Mixed","25 - 29","All","All","All","Main scheme application","25","15","0.481"
"2023","Mixed","25 - 29","All","All","All","Main scheme application","30","15","0.5670000000000001"
"2019","Other","25 - 29","All","All","All","Main scheme application","5","0"," "
"2020","Other","25 - 29","All","All","All","Main scheme application","10","5"," "
"2021","Other","25 - 29","All","All","All","Main scheme application","5","0"," "
"2022","Other","25 - 29","All","All","All","Main scheme application","5","0"," "
"2023","Other","25 - 29","All","All","All","Main scheme application","5","5"," "
"2019","Unknown or Prefer Not To Say","25 - 29","All","All","All","Main scheme application","10","5"," "
"2020","Unknown or Prefer Not To Say","25 - 29","All","All","All","Main scheme application","10","5"," "
"2021","Unknown or Prefer Not To Say","25 - 29","All","All","All","Main scheme application","20","5"," "
"2022","Unknown or Prefer Not To Say","25 - 29","All","All","All","Main scheme application","10","5"," "
"2023","Unknown or Prefer Not To Say","25 - 29","All","All","All","Main scheme application","10","5"," "
"2019","White","30 - 34","All","All","All","Main scheme application","580","270","0.46900000000000003"
"2020","White","30 - 34","All","All","All","Main scheme application","620","320","0.521"
"2021","White","30 - 34","All","All","All","Main scheme application","685","265","0.386"
"2022","White","30 - 34","All","All","All","Main scheme application","575","320","0.559"
"2023","White","30 - 34","All","All","All","Main scheme application","425","240","0.5660000000000001"
"2019","Black","30 - 34","All","All","All","Main scheme application","5","0"," "
"2021","Black","30 - 34","All","All","All","Main scheme application","5","0"," "
"2022","Black","30 - 34","All","All","All","Main scheme application","5","0"," "
"2023","Black","30 - 34","All","All","All","Main scheme application","5","0"," "
"2019","Asian","30 - 34","All","All","All","Main scheme application","20","10"," "
"2020","Asian","30 - 34","All","All","All","Main scheme application","15","10"," "
"2021","Asian","30 - 34","All","All","All","Main scheme application","20","5"," "
"2022","Asian","30 - 34","All","All","All","Main scheme application","15","5"," "
"2023","Asian","30 - 34","All","All","All","Main scheme application","20","5"," "
"2019","Mixed","30 - 34","All","All","All","Main scheme application","10","0"," "
"2020","Mixed","30 - 34","All","All","All","Main scheme application","10","5"," "
"2021","Mixed","30 - 34","All","All","All","Main scheme application","15","5"," "
"2022","Mixed","30 - 34","All","All","All","Main scheme application","15","5"," "
"2023","Mixed","30 - 34","All","All","All","Main scheme application","10","5"," "
"2019","Other","30 - 34","All","All","All","Main scheme application","5","0"," "
"2020","Other","30 - 34","All","All","All","Main scheme application","5","0"," "
"2021","Other","30 - 34","All","All","All","Main scheme application","5","5"," "
"2022","Other","30 - 34","All","All","All","Main scheme application","5","0"," "
"2023","Other","30 - 34","All","All","All","Main scheme application","5","0"," "
"2019","Unknown or Prefer Not To Say","30 - 34","All","All","All","Main scheme application","10","5"," "
"2020","Unknown or Prefer Not To Say","30 - 34","All","All","All","Main scheme application","5","5"," "
"2021","Unknown or Prefer Not To Say","30 - 34","All","All","All","Main scheme application","15","10"," "
"2022","Unknown or Prefer Not To Say","30 - 34","All","All","All","Main scheme application","10","10"," "
"2023","Unknown or Prefer Not To Say","30 - 34","All","All","All","Main scheme application","10","5"," "
"2019","White","35 and over","All","All","All","Main scheme application","960","430","0.446"
"2020","White","35 and over","All","All","All","Main scheme application","1020","475","0.467"
"2021","White","35 and over","All","All","All","Main scheme application","1110","425","0.38"
"2022","White","35 and over","All","All","All","Main scheme application","865","450","0.519"
"2023","White","35 and over","All","All","All","Main scheme application","670","375","0.561"
"2019","Black","35 and over","All","All","All","Main scheme application","20","5"," "
"2020","Black","35 and over","All","All","All","Main scheme application","30","5"," "
"2021","Black","35 and over","All","All","All","Main scheme application","25","5"," "
"2022","Black","35 and over","All","All","All","Main scheme application","20","5"," "
"2023","Black","35 and over","All","All","All","Main scheme application","20","5"," "
"2019","Asian","35 and over","All","All","All","Main scheme application","75","25","0.311"
"2020","Asian","35 and over","All","All","All","Main scheme application","55","20","0.339"
"2021","Asian","35 and over","All","All","All","Main scheme application","55","20","0.4"
"2022","Asian","35 and over","All","All","All","Main scheme application","45","15","0.319"
"2023","Asian","35 and over","All","All","All","Main scheme application","50","15","0.26"
"2019","Mixed","35 and over","All","All","All","Main scheme application","20","5"," "
"2020","Mixed","35 and over","All","All","All","Main scheme application","20","10","0.5"
"2021","Mixed","35 and over","All","All","All","Main scheme application","20","5"," "
"2022","Mixed","35 and over","All","All","All","Main scheme application","15","5"," "
"2023","Mixed","35 and over","All","All","All","Main scheme application","20","10","0.667"
"2019","Other","35 and over","All","All","All","Main scheme application","15","0"," "
"2020","Other","35 and over","All","All","All","Main scheme application","20","10"," "
"2021","Other","35 and over","All","All","All","Main scheme application","15","5"," "
"2022","Other","35 and over","All","All","All","Main scheme application","20","5"," "
"2023","Other","35 and over","All","All","All","Main scheme application","15","5"," "
"2019","Unknown or Prefer Not To Say","35 and over","All","All","All","Main scheme application","20","10","0.524"
"2020","Unknown or Prefer Not To Say","35 and over","All","All","All","Main scheme application","20","5"," "
"2021","Unknown or Prefer Not To Say","35 and over","All","All","All","Main scheme application","30","10","0.429"
"2022","Unknown or Prefer Not To Say","35 and over","All","All","All","Main scheme application","20","5"," "
"2023","Unknown or Prefer Not To Say","35 and over","All","All","All","Main scheme application","25","10"," "
"2021","All","18","All","All","All","Not main scheme application","5","0"," "
"2019","All","21 - 24","All","All","All","Not main scheme application","100","55","0.551"
"2020","All","21 - 24","All","All","All","Not main scheme application","130","55","0.43"
"2021","All","21 - 24","All","All","All","Not main scheme application","140","55","0.384"
"2022","All","21 - 24","All","All","All","Not main scheme application","180","125","0.7000000000000001"
"2023","All","21 - 24","All","All","All","Not main scheme application","185","140","0.761"
"2019","All","25 - 29","All","All","All","Not main scheme application","85","55","0.632"
"2020","All","25 - 29","All","All","All","Not main scheme application","130","80","0.62"
"2021","All","25 - 29","All","All","All","Not main scheme application","95","40","0.396"
"2022","All","25 - 29","All","All","All","Not main scheme application","110","75","0.713"
"2023","All","25 - 29","All","All","All","Not main scheme application","100","80","0.8"
"2019","All","30 - 34","All","All","All","Not main scheme application","25","15","0.577"
"2020","All","30 - 34","All","All","All","Not main scheme application","45","25","0.581"
"2021","All","30 - 34","All","All","All","Not main scheme application","40","20","0.513"
"2022","All","30 - 34","All","All","All","Not main scheme application","45","25","0.545"
"2023","All","30 - 34","All","All","All","Not main scheme application","45","35","0.791"
"2019","All","35 and over","All","All","All","Not main scheme application","80","50","0.613"
"2020","All","35 and over","All","All","All","Not main scheme application","100","60","0.602"
"2021","All","35 and over","All","All","All","Not main scheme application","60","40","0.655"
"2022","All","35 and over","All","All","All","Not main scheme application","90","60","0.667"
"2023","All","35 and over","All","All","All","Not main scheme application","90","70","0.767"
"2019","All","18","All","All","All","Main scheme application","15","0"," "
"2020","All","18","All","All","All","Main scheme application","30","0"," "
"2021","All","18","All","All","All","Main scheme application","25","0"," "
"2022","All","18","All","All","All","Main scheme application","50","0"," "
"2023","All","18","All","All","All","Main scheme application","40","0"," "
"2019","All","19","All","All","All","Main scheme application","10","0"," "
"2020","All","19","All","All","All","Main scheme application","5","0"," "
"2021","All","19","All","All","All","Main scheme application","5","0"," "
"2022","All","19","All","All","All","Main scheme application","15","0"," "
"2023","All","19","All","All","All","Main scheme application","15","0"," "
"2019","All","20","All","All","All","Main scheme application","5","0"," "
"2020","All","20","All","All","All","Main scheme application","10","0"," "
"2021","All","20","All","All","All","Main scheme application","15","0"," "
"2022","All","20","All","All","All","Main scheme application","15","0"," "
"2023","All","20","All","All","All","Main scheme application","15","0"," "
"2019","All","21 - 24","All","All","All","Main scheme application","1700","840","0.494"
"2020","All","21 - 24","All","All","All","Main scheme application","1780","900","0.507"
"2021","All","21 - 24","All","All","All","Main scheme application","2265","920","0.405"
"2022","All","21 - 24","All","All","All","Main scheme application","2360","1300","0.55"
"2023","All","21 - 24","All","All","All","Main scheme application","2045","1200","0.586"
"2019","All","25 - 29","All","All","All","Main scheme application","1385","705","0.509"
"2020","All","25 - 29","All","All","All","Main scheme application","1385","705","0.51"
"2021","All","25 - 29","All","All","All","Main scheme application","1730","750","0.434"
"2022","All","25 - 29","All","All","All","Main scheme application","1410","770","0.544"
"2023","All","25 - 29","All","All","All","Main scheme application","1095","615","0.56"
"2019","All","30 - 34","All","All","All","Main scheme application","625","285","0.457"
"2020","All","30 - 34","All","All","All","Main scheme application","655","340","0.516"
"2021","All","30 - 34","All","All","All","Main scheme application","745","285","0.384"
"2022","All","30 - 34","All","All","All","Main scheme application","620","345","0.553"
"2023","All","30 - 34","All","All","All","Main scheme application","475","260","0.546"
"2019","All","35 and over","All","All","All","Main scheme application","1110","475","0.428"
"2020","All","35 and over","All","All","All","Main scheme application","1165","525","0.452"
"2021","All","35 and over","All","All","All","Main scheme application","1255","475","0.377"
"2022","All","35 and over","All","All","All","Main scheme application","985","485","0.492"
"2023","All","35 and over","All","All","All","Main scheme application","795","415","0.523"
"2019","White","All","All","All","All","Not main scheme application","255","155","0.599"
"2020","White","All","All","All","All","Not main scheme application","355","195","0.545"
"2021","White","All","All","All","All","Not main scheme application","300","125","0.425"
"2022","White","All","All","All","All","Not main scheme application","365","250","0.681"
"2023","White","All","All","All","All","Not main scheme application","365","285","0.782"
"2021","Black","All","All","All","All","Not main scheme application","5","5"," "
"2022","Black","All","All","All","All","Not main scheme application","5","0"," "
"2023","Black","All","All","All","All","Not main scheme application","5","5"," "
"2019","Asian","All","All","All","All","Not main scheme application","20","10"," "
"2020","Asian","All","All","All","All","Not main scheme application","20","10","0.5710000000000001"
"2021","Asian","All","All","All","All","Not main scheme application","15","10"," "
"2022","Asian","All","All","All","All","Not main scheme application","25","15","0.481"
"2023","Asian","All","All","All","All","Not main scheme application","25","15","0.708"
"2019","Mixed","All","All","All","All","Not main scheme application","5","5"," "
"2021","Mixed","All","All","All","All","Not main scheme application","5","5"," "
"2022","Mixed","All","All","All","All","Not main scheme application","10","10"," "
"2023","Mixed","All","All","All","All","Not main scheme application","10","10"," "
"2019","Other","All","All","All","All","Not main scheme application","5","5"," "
"2020","Other","All","All","All","All","Not main scheme application","10","5"," "
"2021","Other","All","All","All","All","Not main scheme application","5","5"," "
"2022","Other","All","All","All","All","Not main scheme application","5","5"," "
"2023","Other","All","All","All","All","Not main scheme application","5","5"," "
"2020","Unknown or Prefer Not To Say","All","All","All","All","Not main scheme application","10","5"," "
"2021","Unknown or Prefer Not To Say","All","All","All","All","Not main scheme application","5","5"," "
"2022","Unknown or Prefer Not To Say","All","All","All","All","Not main scheme application","10","10","0.909"
"2023","Unknown or Prefer Not To Say","All","All","All","All","Not main scheme application","10","5"," "
"2019","White","All","All","All","All","Main scheme application","4500","2185","0.486"
"2020","White","All","All","All","All","Main scheme application","4685","2340","0.499"
"2021","White","All","All","All","All","Main scheme application","5635","2285","0.406"
"2022","White","All","All","All","All","Main scheme application","5095","2740","0.538"
"2023","White","All","All","All","All","Main scheme application","4100","2320","0.5660000000000001"
"2019","Black","All","All","All","All","Main scheme application","35","5"," "
"2020","Black","All","All","All","All","Main scheme application","45","10","0.233"
"2021","Black","All","All","All","All","Main scheme application","40","10","0.308"
"2022","Black","All","All","All","All","Main scheme application","35","15","0.35100000000000003"
"2023","Black","All","All","All","All","Main scheme application","45","10","0.213"
"2019","Asian","All","All","All","All","Main scheme application","175","65","0.356"
"2020","Asian","All","All","All","All","Main scheme application","150","65","0.427"
"2021","Asian","All","All","All","All","Main scheme application","180","60","0.34800000000000003"
"2022","Asian","All","All","All","All","Main scheme application","145","60","0.403"
"2023","Asian","All","All","All","All","Main scheme application","155","65","0.435"
"2019","Mixed","All","All","All","All","Main scheme application","70","25","0.371"
"2020","Mixed","All","All","All","All","Main scheme application","70","30","0.444"
"2021","Mixed","All","All","All","All","Main scheme application","80","35","0.40700000000000003"
"2022","Mixed","All","All","All","All","Main scheme application","100","50","0.51"
"2023","Mixed","All","All","All","All","Main scheme application","95","55","0.5730000000000001"
"2019","Other","All","All","All","All","Main scheme application","25","5"," "
"2020","Other","All","All","All","All","Main scheme application","35","15","0.361"
"2021","Other","All","All","All","All","Main scheme application","30","5"," "
"2022","Other","All","All","All","All","Main scheme application","35","10","0.306"
"2023","Other","All","All","All","All","Main scheme application","35","15","0.459"
"2019","Unknown or Prefer Not To Say","All","All","All","All","Main scheme application","50","20","0.438"
"2020","Unknown or Prefer Not To Say","All","All","All","All","Main scheme application","45","20","0.391"
"2021","Unknown or Prefer Not To Say","All","All","All","All","Main scheme application","75","30","0.378"
"2022","Unknown or Prefer Not To Say","All","All","All","All","Main scheme application","45","25","0.543"
"2023","Unknown or Prefer Not To Say","All","All","All","All","Main scheme application","50","25","0.47900000000000004"
"2019","All","All","All","All","All","Not main scheme application","290","175","0.595"
"2020","All","All","All","All","All","Not main scheme application","400","220","0.55"
"2021","All","All","All","All","All","Not main scheme application","335","150","0.445"
"2022","All","All","All","All","All","Not main scheme application","425","285","0.678"
"2023","All","All","All","All","All","Not main scheme application","415","325","0.775"
"2019","All","All","All","All","All","Main scheme application","4850","2305","0.47500000000000003"
"2020","All","All","All","All","All","Main scheme application","5035","2475","0.492"
"2021","All","All","All","All","All","Main scheme application","6040","2430","0.402"
"2022","All","All","All","All","All","Main scheme application","5455","2900","0.531"
"2023","All","All","All","All","All","Main scheme application","4485","2495","0.556"
"2020","White","21 - 24","England","Female","Not main scheme applicant","All","5","5"," "
"2021","White","21 - 24","England","Female","Not main scheme applicant","All","5","0"," "
"2022","White","21 - 24","England","Female","Not main scheme applicant","All","5","5"," "
"2023","White","21 - 24","England","Female","Not main scheme applicant","All","5","5"," "
"2019","White","21 - 24","Scotland","Female","Not main scheme applicant","All","15","10","0.769"
"2020","White","21 - 24","Scotland","Female","Not main scheme applicant","All","20","15","0.7000000000000001"
"2021","White","21 - 24","Scotland","Female","Not main scheme applicant","All","15","10","0.786"
"2022","White","21 - 24","Scotland","Female","Not main scheme applicant","All","10","5"," "
"2023","White","21 - 24","Scotland","Female","Not main scheme applicant","All","15","10","0.625"
"2022","White","21 - 24","Wales","Female","Not main scheme applicant","All","25","20","0.8150000000000001"
"2023","White","21 - 24","Wales","Female","Not main scheme applicant","All","35","30","0.861"
"2023","Asian","21 - 24","Scotland","Female","Not main scheme applicant","All","5","5"," "
"2023","Asian","21 - 24","Wales","Female","Not main scheme applicant","All","5","0"," "
"2019","White","25 - 29","England","Female","Not main scheme applicant","All","5","5"," "
"2020","White","25 - 29","England","Female","Not main scheme applicant","All","5","5"," "
"2023","White","25 - 29","England","Female","Not main scheme applicant","All","5","5"," "
"2019","White","25 - 29","Scotland","Female","Not main scheme applicant","All","20","15","0.778"
"2020","White","25 - 29","Scotland","Female","Not main scheme applicant","All","25","20","0.833"
"2021","White","25 - 29","Scotland","Female","Not main scheme applicant","All","10","5"," "
"2022","White","25 - 29","Scotland","Female","Not main scheme applicant","All","15","10","0.714"
"2023","White","25 - 29","Scotland","Female","Not main scheme applicant","All","15","15","0.867"
"2022","White","25 - 29","Wales","Female","Not main scheme applicant","All","20","15","0.7000000000000001"
"2023","White","25 - 29","Wales","Female","Not main scheme applicant","All","10","5"," "
"2020","White","30 - 34","England","Female","Not main scheme applicant","All","5","5"," "
"2021","White","30 - 34","England","Female","Not main scheme applicant","All","5","5"," "
"2019","White","30 - 34","Scotland","Female","Not main scheme applicant","All","5","0"," "
"2020","White","30 - 34","Scotland","Female","Not main scheme applicant","All","5","5"," "
"2021","White","30 - 34","Scotland","Female","Not main scheme applicant","All","5","0"," "
"2022","White","30 - 34","Scotland","Female","Not main scheme applicant","All","10","5"," "
"2023","White","30 - 34","Scotland","Female","Not main scheme applicant","All","10","10"," "
"2022","White","30 - 34","Wales","Female","Not main scheme applicant","All","5","5"," "
"2023","White","30 - 34","Wales","Female","Not main scheme applicant","All","5","5"," "
"2019","White","35 and over","England","Female","Not main scheme applicant","All","5","5"," "
"2020","White","35 and over","England","Female","Not main scheme applicant","All","10","10"," "
"2021","White","35 and over","England","Female","Not main scheme applicant","All","5","5"," "
"2022","White","35 and over","England","Female","Not main scheme applicant","All","5","5"," "
"2023","White","35 and over","England","Female","Not main scheme applicant","All","5","5"," "
"2019","White","35 and over","Scotland","Female","Not main scheme applicant","All","10","5"," "
"2020","White","35 and over","Scotland","Female","Not main scheme applicant","All","15","10"," "
"2021","White","35 and over","Scotland","Female","Not main scheme applicant","All","15","10","0.733"
"2022","White","35 and over","Scotland","Female","Not main scheme applicant","All","10","10"," "
"2023","White","35 and over","Scotland","Female","Not main scheme applicant","All","20","15","0.7000000000000001"
"2022","White","35 and over","Wales","Female","Not main scheme applicant","All","15","10","0.769"
"2023","White","35 and over","Wales","Female","Not main scheme applicant","All","5","5"," "
"2019","Asian","35 and over","Scotland","Female","Not main scheme applicant","All","5","0"," "
"2020","Asian","35 and over","Scotland","Female","Not main scheme applicant","All","5","5"," "
"2022","Asian","35 and over","Scotland","Female","Not main scheme applicant","All","5","0"," "
"2020","White","21 - 24","England","Male","Not main scheme applicant","All","5","5"," "
"2022","White","21 - 24","England","Male","Not main scheme applicant","All","5","5"," "
"2023","White","21 - 24","England","Male","Not main scheme applicant","All","5","5"," "
"2019","White","21 - 24","Scotland","Male","Not main scheme applicant","All","10","10"," "
"2020","White","21 - 24","Scotland","Male","Not main scheme applicant","All","15","10","0.8"
"2021","White","21 - 24","Scotland","Male","Not main scheme applicant","All","5","5"," "
"2022","White","21 - 24","Scotland","Male","Not main scheme applicant","All","10","10"," "
"2023","White","21 - 24","Scotland","Male","Not main scheme applicant","All","5","5"," "
"2022","White","21 - 24","Wales","Male","Not main scheme applicant","All","20","20","0.8180000000000001"
"2023","White","21 - 24","Wales","Male","Not main scheme applicant","All","25","20","0.8260000000000001"
"2020","White","25 - 29","England","Male","Not main scheme applicant","All","5","5"," "
"2022","White","25 - 29","England","Male","Not main scheme applicant","All","5","5"," "
"2023","White","25 - 29","England","Male","Not main scheme applicant","All","5","5"," "
"2019","White","25 - 29","Scotland","Male","Not main scheme applicant","All","10","10","0.909"
"2020","White","25 - 29","Scotland","Male","Not main scheme applicant","All","25","20","0.8"
"2021","White","25 - 29","Scotland","Male","Not main scheme applicant","All","5","5"," "
"2022","White","25 - 29","Scotland","Male","Not main scheme applicant","All","5","0"," "
"2023","White","25 - 29","Scotland","Male","Not main scheme applicant","All","5","5"," "
"2022","White","25 - 29","Wales","Male","Not main scheme applicant","All","10","10"," "
"2023","White","25 - 29","Wales","Male","Not main scheme applicant","All","10","5"," "
"2019","White","30 - 34","Scotland","Male","Not main scheme applicant","All","5","5"," "
"2020","White","30 - 34","Scotland","Male","Not main scheme applicant","All","5","5"," "
"2022","White","30 - 34","Scotland","Male","Not main scheme applicant","All","5","0"," "
"2023","White","30 - 34","Scotland","Male","Not main scheme applicant","All","5","0"," "
"2023","White","30 - 34","Wales","Male","Not main scheme applicant","All","5","5"," "
"2019","White","35 and over","Scotland","Male","Not main scheme applicant","All","5","0"," "
"2020","White","35 and over","Scotland","Male","Not main scheme applicant","All","15","10","0.75"
"2021","White","35 and over","Scotland","Male","Not main scheme applicant","All","5","5"," "
"2022","White","35 and over","Scotland","Male","Not main scheme applicant","All","10","10"," "
"2023","White","35 and over","Scotland","Male","Not main scheme applicant","All","15","15","1"
"2022","White","35 and over","Wales","Male","Not main scheme applicant","All","5","5"," "
"2023","White","35 and over","Wales","Male","Not main scheme applicant","All","10","10"," "
"2020","White","18","England","Female","Main scheme applicant","All","5","0"," "
"2022","White","18","England","Female","Main scheme applicant","All","5","0"," "
"2019","White","18","Scotland","Female","Main scheme applicant","All","10","0"," "
"2020","White","18","Scotland","Female","Main scheme applicant","All","20","0"," "
"2021","White","18","Scotland","Female","Main scheme applicant","All","20","0"," "
"2022","White","18","Scotland","Female","Main scheme applicant","All","20","0"," "
"2023","White","18","Scotland","Female","Main scheme applicant","All","15","0"," "
"2020","White","18","Wales","Female","Main scheme applicant","All","5","0"," "
"2022","White","18","Wales","Female","Main scheme applicant","All","10","0"," "
"2019","White","19","Scotland","Female","Main scheme applicant","All","5","0"," "
"2021","White","19","Scotland","Female","Main scheme applicant","All","5","0"," "
"2022","White","19","Scotland","Female","Main scheme applicant","All","10","0"," "
"2023","White","19","Scotland","Female","Main scheme applicant","All","5","0"," "
"2019","White","20","Scotland","Female","Main scheme applicant","All","5","0"," "
"2020","White","20","Scotland","Female","Main scheme applicant","All","5","0"," "
"2021","White","20","Scotland","Female","Main scheme applicant","All","15","0"," "
"2022","White","20","Scotland","Female","Main scheme applicant","All","5","0"," "
"2023","White","20","Scotland","Female","Main scheme applicant","All","5","0"," "
"2019","White","21 - 24","Northern Ireland","Female","Main scheme applicant","All","45","10"," "
"2020","White","21 - 24","Northern Ireland","Female","Main scheme applicant","All","35","10"," "
"2021","White","21 - 24","Northern Ireland","Female","Main scheme applicant","All","45","15","0.311"
"2022","White","21 - 24","Northern Ireland","Female","Main scheme applicant","All","30","10"," "
"2023","White","21 - 24","Northern Ireland","Female","Main scheme applicant","All","20","5"," "
"2019","White","21 - 24","England","Female","Main scheme applicant","All","45","20","0.467"
"2020","White","21 - 24","England","Female","Main scheme applicant","All","30","15","0.419"
"2021","White","21 - 24","England","Female","Main scheme applicant","All","55","20","0.327"
"2022","White","21 - 24","England","Female","Main scheme applicant","All","95","50","0.505"
"2023","White","21 - 24","England","Female","Main scheme applicant","All","90","35","0.398"
"2019","White","21 - 24","Scotland","Female","Main scheme applicant","All","1085","620","0.5730000000000001"
"2020","White","21 - 24","Scotland","Female","Main scheme applicant","All","1215","675","0.555"
"2021","White","21 - 24","Scotland","Female","Main scheme applicant","All","1510","675","0.448"
"2022","White","21 - 24","Scotland","Female","Main scheme applicant","All","1070","600","0.5630000000000001"
"2023","White","21 - 24","Scotland","Female","Main scheme applicant","All","905","550","0.605"
"2020","White","21 - 24","Wales","Female","Main scheme applicant","All","5","0"," "
"2022","White","21 - 24","Wales","Female","Main scheme applicant","All","460","355","0.767"
"2023","White","21 - 24","Wales","Female","Main scheme applicant","All","425","305","0.717"
"2019","Black","21 - 24","Scotland","Female","Main scheme applicant","All","5","0"," "
"2021","Black","21 - 24","Scotland","Female","Main scheme applicant","All","5","0"," "
"2023","Black","21 - 24","Scotland","Female","Main scheme applicant","All","10","5"," "
"2023","Black","21 - 24","Wales","Female","Main scheme applicant","All","5","0"," "
"2019","Asian","21 - 24","England","Female","Main scheme applicant","All","5","0"," "
"2021","Asian","21 - 24","England","Female","Main scheme applicant","All","10","0"," "
"2019","Asian","21 - 24","Scotland","Female","Main scheme applicant","All","40","15","0.421"
"2020","Asian","21 - 24","Scotland","Female","Main scheme applicant","All","35","20","0.583"
"2021","Asian","21 - 24","Scotland","Female","Main scheme applicant","All","45","15","0.372"
"2022","Asian","21 - 24","Scotland","Female","Main scheme applicant","All","30","20","0.621"
"2023","Asian","21 - 24","Scotland","Female","Main scheme applicant","All","30","20","0.667"
"2022","Asian","21 - 24","Wales","Female","Main scheme applicant","All","15","5"," "
"2023","Asian","21 - 24","Wales","Female","Main scheme applicant","All","5","5"," "
"2019","Mixed","21 - 24","England","Female","Main scheme applicant","All","5","0"," "
"2020","Mixed","21 - 24","England","Female","Main scheme applicant","All","5","0"," "
"2023","Mixed","21 - 24","England","Female","Main scheme applicant","All","5","5"," "
"2019","Mixed","21 - 24","Scotland","Female","Main scheme applicant","All","10","5"," "
"2020","Mixed","21 - 24","Scotland","Female","Main scheme applicant","All","10","5"," "
"2021","Mixed","21 - 24","Scotland","Female","Main scheme applicant","All","15","10"," "
"2022","Mixed","21 - 24","Scotland","Female","Main scheme applicant","All","20","15","0.667"
"2023","Mixed","21 - 24","Scotland","Female","Main scheme applicant","All","15","10"," "
"2022","Mixed","21 - 24","Wales","Female","Main scheme applicant","All","5","5"," "
"2023","Mixed","21 - 24","Wales","Female","Main scheme applicant","All","5","5"," "
"2020","Other","21 - 24","Scotland","Female","Main scheme applicant","All","5","0"," "
"2023","Other","21 - 24","Scotland","Female","Main scheme applicant","All","5","5"," "
"2019","Unknown or Prefer Not To Say","21 - 24","Scotland","Female","Main scheme applicant","All","5","0"," "
"2021","Unknown or Prefer Not To Say","21 - 24","Scotland","Female","Main scheme applicant","All","10","0"," "
"2022","Unknown or Prefer Not To Say","21 - 24","Scotland","Female","Main scheme applicant","All","5","5"," "
"2019","White","25 - 29","Northern Ireland","Female","Main scheme applicant","All","15","10"," "
"2020","White","25 - 29","Northern Ireland","Female","Main scheme applicant","All","15","5"," "
"2021","White","25 - 29","Northern Ireland","Female","Main scheme applicant","All","15","5"," "
"2022","White","25 - 29","Northern Ireland","Female","Main scheme applicant","All","10","5"," "
"2023","White","25 - 29","Northern Ireland","Female","Main scheme applicant","All","10","5"," "
"2019","White","25 - 29","England","Female","Main scheme applicant","All","15","5"," "
"2020","White","25 - 29","England","Female","Main scheme applicant","All","20","10","0.545"
"2021","White","25 - 29","England","Female","Main scheme applicant","All","35","15","0.389"
"2022","White","25 - 29","England","Female","Main scheme applicant","All","20","5"," "
"2023","White","25 - 29","England","Female","Main scheme applicant","All","15","10","0.588"
"2019","White","25 - 29","Scotland","Female","Main scheme applicant","All","905","515","0.5690000000000001"
"2020","White","25 - 29","Scotland","Female","Main scheme applicant","All","835","470","0.5630000000000001"
"2021","White","25 - 29","Scotland","Female","Main scheme applicant","All","1085","525","0.485"
"2022","White","25 - 29","Scotland","Female","Main scheme applicant","All","725","420","0.577"
"2023","White","25 - 29","Scotland","Female","Main scheme applicant","All","515","295","0.5750000000000001"
"2022","White","25 - 29","Wales","Female","Main scheme applicant","All","155","100","0.647"
"2023","White","25 - 29","Wales","Female","Main scheme applicant","All","130","95","0.752"
"2019","Black","25 - 29","Scotland","Female","Main scheme applicant","All","5","0"," "
"2020","Black","25 - 29","Scotland","Female","Main scheme applicant","All","5","0"," "
"2021","Black","25 - 29","Scotland","Female","Main scheme applicant","All","5","5"," "
"2019","Asian","25 - 29","Scotland","Female","Main scheme applicant","All","20","10"," "
"2020","Asian","25 - 29","Scotland","Female","Main scheme applicant","All","25","10","0.417"
"2021","Asian","25 - 29","Scotland","Female","Main scheme applicant","All","30","10","0.34500000000000003"
"2022","Asian","25 - 29","Scotland","Female","Main scheme applicant","All","20","10","0.5"
"2023","Asian","25 - 29","Scotland","Female","Main scheme applicant","All","20","10","0.5"
"2023","Asian","25 - 29","Wales","Female","Main scheme applicant","All","5","0"," "
"2019","Mixed","25 - 29","Scotland","Female","Main scheme applicant","All","15","10"," "
"2020","Mixed","25 - 29","Scotland","Female","Main scheme applicant","All","15","10"," "
"2021","Mixed","25 - 29","Scotland","Female","Main scheme applicant","All","15","5"," "
"2022","Mixed","25 - 29","Scotland","Female","Main scheme applicant","All","15","10","0.714"
"2023","Mixed","25 - 29","Scotland","Female","Main scheme applicant","All","10","5"," "
"2022","Mixed","25 - 29","Wales","Female","Main scheme applicant","All","5","0"," "
"2023","Mixed","25 - 29","Wales","Female","Main scheme applicant","All","5","5"," "
"2019","Other","25 - 29","Scotland","Female","Main scheme applicant","All","5","0"," "
"2020","Other","25 - 29","Scotland","Female","Main scheme applicant","All","5","0"," "
"2021","Other","25 - 29","Scotland","Female","Main scheme applicant","All","5","0"," "
"2019","Unknown or Prefer Not To Say","25 - 29","Scotland","Female","Main scheme applicant","All","5","5"," "
"2020","Unknown or Prefer Not To Say","25 - 29","Scotland","Female","Main scheme applicant","All","5","5"," "
"2021","Unknown or Prefer Not To Say","25 - 29","Scotland","Female","Main scheme applicant","All","10","0"," "
"2022","Unknown or Prefer Not To Say","25 - 29","Scotland","Female","Main scheme applicant","All","5","5"," "
"2021","White","30 - 34","Northern Ireland","Female","Main scheme applicant","All","5","0"," "
"2022","White","30 - 34","Northern Ireland","Female","Main scheme applicant","All","5","0"," "
"2019","White","30 - 34","England","Female","Main scheme applicant","All","10","5"," "
"2020","White","30 - 34","England","Female","Main scheme applicant","All","10","5"," "
"2021","White","30 - 34","England","Female","Main scheme applicant","All","10","0"," "
"2022","White","30 - 34","England","Female","Main scheme applicant","All","10","5"," "
"2023","White","30 - 34","England","Female","Main scheme applicant","All","5","5"," "
"2019","White","30 - 34","Scotland","Female","Main scheme applicant","All","375","180","0.47700000000000004"
"2020","White","30 - 34","Scotland","Female","Main scheme applicant","All","405","230","0.5630000000000001"
"2021","White","30 - 34","Scotland","Female","Main scheme applicant","All","445","180","0.4"
"2022","White","30 - 34","Scotland","Female","Main scheme applicant","All","290","165","0.5740000000000001"
"2023","White","30 - 34","Scotland","Female","Main scheme applicant","All","225","140","0.634"
"2022","White","30 - 34","Wales","Female","Main scheme applicant","All","55","45","0.786"
"2023","White","30 - 34","Wales","Female","Main scheme applicant","All","55","35","0.636"
"2019","Black","30 - 34","Scotland","Female","Main scheme applicant","All","5","0"," "
"2023","Black","30 - 34","Scotland","Female","Main scheme applicant","All","5","0"," "
"2019","Asian","30 - 34","Scotland","Female","Main scheme applicant","All","15","5"," "
"2020","Asian","30 - 34","Scotland","Female","Main scheme applicant","All","10","10"," "
"2021","Asian","30 - 34","Scotland","Female","Main scheme applicant","All","20","5"," "
"2022","Asian","30 - 34","Scotland","Female","Main scheme applicant","All","10","5"," "
"2023","Asian","30 - 34","Scotland","Female","Main scheme applicant","All","15","5"," "
"2019","Mixed","30 - 34","Scotland","Female","Main scheme applicant","All","5","0"," "
"2020","Mixed","30 - 34","Scotland","Female","Main scheme applicant","All","5","5"," "
"2021","Mixed","30 - 34","Scotland","Female","Main scheme applicant","All","10","5"," "
"2022","Mixed","30 - 34","Scotland","Female","Main scheme applicant","All","5","5"," "
"2023","Mixed","30 - 34","Scotland","Female","Main scheme applicant","All","5","0"," "
"2020","Other","30 - 34","Scotland","Female","Main scheme applicant","All","5","0"," "
"2021","Other","30 - 34","Scotland","Female","Main scheme applicant","All","5","5"," "
"2023","Other","30 - 34","Scotland","Female","Main scheme applicant","All","5","0"," "
"2019","Unknown or Prefer Not To Say","30 - 34","Scotland","Female","Main scheme applicant","All","5","0"," "
"2020","Unknown or Prefer Not To Say","30 - 34","Scotland","Female","Main scheme applicant","All","5","0"," "
"2021","Unknown or Prefer Not To Say","30 - 34","Scotland","Female","Main scheme applicant","All","5","5"," "
"2023","Unknown or Prefer Not To Say","30 - 34","Scotland","Female","Main scheme applicant","All","5","0"," "
"2019","White","35 and over","Northern Ireland","Female","Main scheme applicant","All","5","0"," "
"2019","White","35 and over","England","Female","Main scheme applicant","All","15","5"," "
"2020","White","35 and over","England","Female","Main scheme applicant","All","15","5"," "
"2021","White","35 and over","England","Female","Main scheme applicant","All","15","10"," "
"2022","White","35 and over","England","Female","Main scheme applicant","All","10","5"," "
"2023","White","35 and over","England","Female","Main scheme applicant","All","5","5"," "
"2019","White","35 and over","Scotland","Female","Main scheme applicant","All","665","310","0.46900000000000003"
"2020","White","35 and over","Scotland","Female","Main scheme applicant","All","740","370","0.499"
"2021","White","35 and over","Scotland","Female","Main scheme applicant","All","780","310","0.395"
"2022","White","35 and over","Scotland","Female","Main scheme applicant","All","530","290","0.545"
"2023","White","35 and over","Scotland","Female","Main scheme applicant","All","435","255","0.585"
"2022","White","35 and over","Wales","Female","Main scheme applicant","All","80","50","0.608"
"2023","White","35 and over","Wales","Female","Main scheme applicant","All","50","35","0.74"
"2019","Black","35 and over","England","Female","Main scheme applicant","All","5","0"," "
"2019","Black","35 and over","Scotland","Female","Main scheme applicant","All","10","5"," "
"2020","Black","35 and over","Scotland","Female","Main scheme applicant","All","20","5"," "
"2021","Black","35 and over","Scotland","Female","Main scheme applicant","All","10","0"," "
"2022","Black","35 and over","Scotland","Female","Main scheme applicant","All","5","0"," "
"2023","Black","35 and over","Scotland","Female","Main scheme applicant","All","15","5"," "
"2022","Black","35 and over","Wales","Female","Main scheme applicant","All","5","0"," "
"2019","Asian","35 and over","Scotland","Female","Main scheme applicant","All","50","15","0.34700000000000003"
"2020","Asian","35 and over","Scotland","Female","Main scheme applicant","All","45","15","0.277"
"2021","Asian","35 and over","Scotland","Female","Main scheme applicant","All","45","20","0.47800000000000004"
"2022","Asian","35 and over","Scotland","Female","Main scheme applicant","All","30","10","0.375"
"2023","Asian","35 and over","Scotland","Female","Main scheme applicant","All","30","10","0.323"
"2022","Asian","35 and over","Wales","Female","Main scheme applicant","All","5","0"," "
"2023","Asian","35 and over","Wales","Female","Main scheme applicant","All","10","5"," "
"2019","Mixed","35 and over","Scotland","Female","Main scheme applicant","All","15","5"," "
"2020","Mixed","35 and over","Scotland","Female","Main scheme applicant","All","15","5"," "
"2021","Mixed","35 and over","Scotland","Female","Main scheme applicant","All","15","5"," "
"2022","Mixed","35 and over","Scotland","Female","Main scheme applicant","All","10","5"," "
"2023","Mixed","35 and over","Scotland","Female","Main scheme applicant","All","10","10"," "
"2019","Other","35 and over","Scotland","Female","Main scheme applicant","All","10","5"," "
"2020","Other","35 and over","Scotland","Female","Main scheme applicant","All","10","5"," "
"2021","Other","35 and over","Scotland","Female","Main scheme applicant","All","10","0"," "
"2022","Other","35 and over","Scotland","Female","Main scheme applicant","All","10","5"," "
"2023","Other","35 and over","Scotland","Female","Main scheme applicant","All","10","5"," "
"2022","Other","35 and over","Wales","Female","Main scheme applicant","All","5","0"," "
"2019","Unknown or Prefer Not To Say","35 and over","Scotland","Female","Main scheme applicant","All","10","5"," "
"2020","Unknown or Prefer Not To Say","35 and over","Scotland","Female","Main scheme applicant","All","5","0"," "
"2021","Unknown or Prefer Not To Say","35 and over","Scotland","Female","Main scheme applicant","All","15","5"," "
"2022","Unknown or Prefer Not To Say","35 and over","Scotland","Female","Main scheme applicant","All","10","5"," "
"2023","Unknown or Prefer Not To Say","35 and over","Scotland","Female","Main scheme applicant","All","10","5"," "
"2023","White","18","England","Male","Main scheme applicant","All","5","0"," "
"2019","White","18","Scotland","Male","Main scheme applicant","All","5","0"," "
"2020","White","18","Scotland","Male","Main scheme applicant","All","5","0"," "
"2021","White","18","Scotland","Male","Main scheme applicant","All","5","0"," "
"2022","White","18","Scotland","Male","Main scheme applicant","All","5","0"," "
"2023","White","18","Scotland","Male","Main scheme applicant","All","5","0"," "
"2022","White","18","Wales","Male","Main scheme applicant","All","5","0"," "
"2023","White","18","Wales","Male","Main scheme applicant","All","5","0"," "
"2021","White","20","Scotland","Male","Main scheme applicant","All","5","0"," "
"2022","White","20","Scotland","Male","Main scheme applicant","All","5","0"," "
"2023","White","20","Scotland","Male","Main scheme applicant","All","5","0"," "
"2019","White","21 - 24","Northern Ireland","Male","Main scheme applicant","All","15","0"," "
"2020","White","21 - 24","Northern Ireland","Male","Main scheme applicant","All","5","0"," "
"2021","White","21 - 24","Northern Ireland","Male","Main scheme applicant","All","20","0"," "
"2022","White","21 - 24","Northern Ireland","Male","Main scheme applicant","All","15","5"," "
"2023","White","21 - 24","Northern Ireland","Male","Main scheme applicant","All","5","0"," "
"2019","White","21 - 24","England","Male","Main scheme applicant","All","20","5"," "
"2020","White","21 - 24","England","Male","Main scheme applicant","All","10","5"," "
"2021","White","21 - 24","England","Male","Main scheme applicant","All","20","5"," "
"2022","White","21 - 24","England","Male","Main scheme applicant","All","40","15","0.317"
"2023","White","21 - 24","England","Male","Main scheme applicant","All","30","15","0.548"
"2019","White","21 - 24","Scotland","Male","Main scheme applicant","All","410","180","0.434"
"2020","White","21 - 24","Scotland","Male","Main scheme applicant","All","390","180","0.459"
"2021","White","21 - 24","Scotland","Male","Main scheme applicant","All","510","195","0.382"
"2022","White","21 - 24","Scotland","Male","Main scheme applicant","All","390","160","0.41200000000000003"
"2023","White","21 - 24","Scotland","Male","Main scheme applicant","All","310","155","0.5"
"2022","White","21 - 24","Wales","Male","Main scheme applicant","All","150","100","0.667"
"2023","White","21 - 24","Wales","Male","Main scheme applicant","All","150","115","0.753"
"2022","Black","21 - 24","Scotland","Male","Main scheme applicant","All","5","0"," "
"2023","Asian","21 - 24","England","Male","Main scheme applicant","All","5","0"," "
"2019","Asian","21 - 24","Scotland","Male","Main scheme applicant","All","10","5"," "
"2020","Asian","21 - 24","Scotland","Male","Main scheme applicant","All","10","5"," "
"2021","Asian","21 - 24","Scotland","Male","Main scheme applicant","All","10","5"," "
"2023","Asian","21 - 24","Scotland","Male","Main scheme applicant","All","5","5"," "
"2023","Asian","21 - 24","Wales","Male","Main scheme applicant","All","5","5"," "
"2019","Mixed","21 - 24","Scotland","Male","Main scheme applicant","All","5","0"," "
"2020","Mixed","21 - 24","Scotland","Male","Main scheme applicant","All","5","0"," "
"2021","Mixed","21 - 24","Scotland","Male","Main scheme applicant","All","10","5"," "
"2022","Mixed","21 - 24","Scotland","Male","Main scheme applicant","All","5","0"," "
"2023","Mixed","21 - 24","Scotland","Male","Main scheme applicant","All","5","5"," "
"2022","Mixed","21 - 24","Wales","Male","Main scheme applicant","All","5","5"," "
"2021","Unknown or Prefer Not To Say","21 - 24","Scotland","Male","Main scheme applicant","All","5","0"," "
"2022","Unknown or Prefer Not To Say","21 - 24","Scotland","Male","Main scheme applicant","All","5","0"," "
"2019","White","25 - 29","Northern Ireland","Male","Main scheme applicant","All","10","5"," "
"2020","White","25 - 29","Northern Ireland","Male","Main scheme applicant","All","5","0"," "
"2021","White","25 - 29","Northern Ireland","Male","Main scheme applicant","All","10","5"," "
"2022","White","25 - 29","Northern Ireland","Male","Main scheme applicant","All","5","0"," "
"2019","White","25 - 29","England","Male","Main scheme applicant","All","10","5"," "
"2020","White","25 - 29","England","Male","Main scheme applicant","All","10","5"," "
"2021","White","25 - 29","England","Male","Main scheme applicant","All","15","5"," "
"2022","White","25 - 29","England","Male","Main scheme applicant","All","10","5"," "
"2023","White","25 - 29","England","Male","Main scheme applicant","All","10","0"," "
"2019","White","25 - 29","Scotland","Male","Main scheme applicant","All","360","165","0.461"
"2020","White","25 - 29","Scotland","Male","Main scheme applicant","All","415","200","0.481"
"2021","White","25 - 29","Scotland","Male","Main scheme applicant","All","480","185","0.388"
"2022","White","25 - 29","Scotland","Male","Main scheme applicant","All","345","170","0.49"
"2023","White","25 - 29","Scotland","Male","Main scheme applicant","All","265","145","0.547"
"2020","White","25 - 29","Wales","Male","Main scheme applicant","All","5","0"," "
"2022","White","25 - 29","Wales","Male","Main scheme applicant","All","70","50","0.725"
"2023","White","25 - 29","Wales","Male","Main scheme applicant","All","65","45","0.712"
"2019","Asian","25 - 29","Scotland","Male","Main scheme applicant","All","5","5"," "
"2020","Asian","25 - 29","Scotland","Male","Main scheme applicant","All","5","5"," "
"2021","Asian","25 - 29","Scotland","Male","Main scheme applicant","All","10","5"," "
"2022","Asian","25 - 29","Scotland","Male","Main scheme applicant","All","5","0"," "
"2023","Asian","25 - 29","Scotland","Male","Main scheme applicant","All","5","5"," "
"2019","Mixed","25 - 29","Scotland","Male","Main scheme applicant","All","5","0"," "
"2020","Mixed","25 - 29","Scotland","Male","Main scheme applicant","All","5","0"," "
"2021","Mixed","25 - 29","Scotland","Male","Main scheme applicant","All","5","5"," "
"2022","Mixed","25 - 29","Scotland","Male","Main scheme applicant","All","10","0"," "
"2023","Mixed","25 - 29","Scotland","Male","Main scheme applicant","All","10","5"," "
"2023","Mixed","25 - 29","Wales","Male","Main scheme applicant","All","5","0"," "
"2020","Other","25 - 29","Scotland","Male","Main scheme applicant","All","5","0"," "
"2019","Unknown or Prefer Not To Say","25 - 29","Scotland","Male","Main scheme applicant","All","5","0"," "
"2020","Unknown or Prefer Not To Say","25 - 29","Scotland","Male","Main scheme applicant","All","5","0"," "
"2021","Unknown or Prefer Not To Say","25 - 29","Scotland","Male","Main scheme applicant","All","10","5"," "
"2022","Unknown or Prefer Not To Say","25 - 29","Scotland","Male","Main scheme applicant","All","5","5"," "
"2023","Unknown or Prefer Not To Say","25 - 29","Scotland","Male","Main scheme applicant","All","5","0"," "
"2020","White","30 - 34","Northern Ireland","Male","Main scheme applicant","All","5","0"," "
"2019","White","30 - 34","England","Male","Main scheme applicant","All","5","0"," "
"2020","White","30 - 34","England","Male","Main scheme applicant","All","10","5"," "
"2021","White","30 - 34","England","Male","Main scheme applicant","All","5","0"," "
"2022","White","30 - 34","England","Male","Main scheme applicant","All","5","5"," "
"2023","White","30 - 34","England","Male","Main scheme applicant","All","5","5"," "
"2019","White","30 - 34","Scotland","Male","Main scheme applicant","All","185","90","0.495"
"2020","White","30 - 34","Scotland","Male","Main scheme applicant","All","190","85","0.455"
"2021","White","30 - 34","Scotland","Male","Main scheme applicant","All","220","90","0.422"
"2022","White","30 - 34","Scotland","Male","Main scheme applicant","All","180","90","0.506"
"2023","White","30 - 34","Scotland","Male","Main scheme applicant","All","115","50","0.443"
"2022","White","30 - 34","Wales","Male","Main scheme applicant","All","30","20","0.7000000000000001"
"2023","White","30 - 34","Wales","Male","Main scheme applicant","All","20","15","0.8"
"2021","Asian","30 - 34","Scotland","Male","Main scheme applicant","All","5","0"," "
"2022","Asian","30 - 34","Scotland","Male","Main scheme applicant","All","5","0"," "
"2020","Mixed","30 - 34","Scotland","Male","Main scheme applicant","All","5","0"," "
"2021","Mixed","30 - 34","Scotland","Male","Main scheme applicant","All","5","0"," "
"2022","Mixed","30 - 34","Scotland","Male","Main scheme applicant","All","5","0"," "
"2023","Mixed","30 - 34","Scotland","Male","Main scheme applicant","All","5","0"," "
"2020","Unknown or Prefer Not To Say","30 - 34","Scotland","Male","Main scheme applicant","All","5","0"," "
"2021","Unknown or Prefer Not To Say","30 - 34","Scotland","Male","Main scheme applicant","All","10","5"," "
"2022","Unknown or Prefer Not To Say","30 - 34","Scotland","Male","Main scheme applicant","All","5","5"," "
"2023","Unknown or Prefer Not To Say","30 - 34","Scotland","Male","Main scheme applicant","All","5","5"," "
"2020","White","35 and over","England","Male","Main scheme applicant","All","5","0"," "
"2021","White","35 and over","England","Male","Main scheme applicant","All","5","5"," "
"2022","White","35 and over","England","Male","Main scheme applicant","All","5","0"," "
"2023","White","35 and over","England","Male","Main scheme applicant","All","5","0"," "
"2019","White","35 and over","Scotland","Male","Main scheme applicant","All","275","135","0.486"
"2020","White","35 and over","Scotland","Male","Main scheme applicant","All","265","120","0.459"
"2021","White","35 and over","Scotland","Male","Main scheme applicant","All","310","110","0.353"
"2022","White","35 and over","Scotland","Male","Main scheme applicant","All","205","95","0.464"
"2023","White","35 and over","Scotland","Male","Main scheme applicant","All","150","75","0.513"
"2022","White","35 and over","Wales","Male","Main scheme applicant","All","35","25","0.706"
"2023","White","35 and over","Wales","Male","Main scheme applicant","All","20","10","0.632"
"2019","Black","35 and over","Scotland","Male","Main scheme applicant","All","10","0"," "
"2020","Black","35 and over","Scotland","Male","Main scheme applicant","All","10","5"," "
"2021","Black","35 and over","Scotland","Male","Main scheme applicant","All","10","5"," "
"2022","Black","35 and over","Scotland","Male","Main scheme applicant","All","10","5"," "
"2019","Asian","35 and over","Scotland","Male","Main scheme applicant","All","25","5"," "
"2020","Asian","35 and over","Scotland","Male","Main scheme applicant","All","10","5"," "
"2021","Asian","35 and over","Scotland","Male","Main scheme applicant","All","5","0"," "
"2022","Asian","35 and over","Scotland","Male","Main scheme applicant","All","10","5"," "
"2023","Asian","35 and over","Scotland","Male","Main scheme applicant","All","5","0"," "
"2019","Mixed","35 and over","Scotland","Male","Main scheme applicant","All","5","0"," "
"2020","Mixed","35 and over","Scotland","Male","Main scheme applicant","All","5","5"," "
"2021","Mixed","35 and over","Scotland","Male","Main scheme applicant","All","5","0"," "
"2023","Mixed","35 and over","Scotland","Male","Main scheme applicant","All","5","0"," "
"2020","Other","35 and over","Scotland","Male","Main scheme applicant","All","5","5"," "
"2021","Other","35 and over","Scotland","Male","Main scheme applicant","All","5","0"," "
"2022","Other","35 and over","Scotland","Male","Main scheme applicant","All","5","0"," "
"2019","Unknown or Prefer Not To Say","35 and over","Scotland","Male","Main scheme applicant","All","10","5"," "
"2020","Unknown or Prefer Not To Say","35 and over","Scotland","Male","Main scheme applicant","All","15","5"," "
"2021","Unknown or Prefer Not To Say","35 and over","Scotland","Male","Main scheme applicant","All","10","5"," "
"2022","Unknown or Prefer Not To Say","35 and over","Scotland","Male","Main scheme applicant","All","10","0"," "
"2023","Unknown or Prefer Not To Say","35 and over","Scotland","Male","Main scheme applicant","All","15","5"," "
"2020","All","21 - 24","England","Female","Not main scheme applicant","All","5","5"," "
"2021","All","21 - 24","England","Female","Not main scheme applicant","All","5","0"," "
"2022","All","21 - 24","England","Female","Not main scheme applicant","All","10","5"," "
"2023","All","21 - 24","England","Female","Not main scheme applicant","All","5","5"," "
"2019","All","21 - 24","Scotland","Female","Not main scheme applicant","All","15","10","0.769"
"2020","All","21 - 24","Scotland","Female","Not main scheme applicant","All","20","15","0.714"
"2021","All","21 - 24","Scotland","Female","Not main scheme applicant","All","15","15","0.8130000000000001"
"2022","All","21 - 24","Scotland","Female","Not main scheme applicant","All","10","10","0.833"
"2023","All","21 - 24","Scotland","Female","Not main scheme applicant","All","20","15","0.684"
"2022","All","21 - 24","Wales","Female","Not main scheme applicant","All","30","25","0.793"
"2023","All","21 - 24","Wales","Female","Not main scheme applicant","All","40","35","0.833"
"2019","All","25 - 29","England","Female","Not main scheme applicant","All","5","5"," "
"2020","All","25 - 29","England","Female","Not main scheme applicant","All","10","5"," "
"2021","All","25 - 29","England","Female","Not main scheme applicant","All","5","5"," "
"2023","All","25 - 29","England","Female","Not main scheme applicant","All","5","5"," "
"2019","All","25 - 29","Scotland","Female","Not main scheme applicant","All","20","15","0.737"
"2020","All","25 - 29","Scotland","Female","Not main scheme applicant","All","25","20","0.846"
"2021","All","25 - 29","Scotland","Female","Not main scheme applicant","All","10","5"," "
"2022","All","25 - 29","Scotland","Female","Not main scheme applicant","All","15","15","0.765"
"2023","All","25 - 29","Scotland","Female","Not main scheme applicant","All","20","15","0.889"
"2022","All","25 - 29","Wales","Female","Not main scheme applicant","All","25","15","0.739"
"2023","All","25 - 29","Wales","Female","Not main scheme applicant","All","10","5"," "
"2020","All","30 - 34","England","Female","Not main scheme applicant","All","5","5"," "
"2021","All","30 - 34","England","Female","Not main scheme applicant","All","5","5"," "
"2019","All","30 - 34","Scotland","Female","Not main scheme applicant","All","5","5"," "
"2020","All","30 - 34","Scotland","Female","Not main scheme applicant","All","10","5"," "
"2021","All","30 - 34","Scotland","Female","Not main scheme applicant","All","5","0"," "
"2022","All","30 - 34","Scotland","Female","Not main scheme applicant","All","10","5"," "
"2023","All","30 - 34","Scotland","Female","Not main scheme applicant","All","10","10","0.909"
"2022","All","30 - 34","Wales","Female","Not main scheme applicant","All","5","5"," "
"2023","All","30 - 34","Wales","Female","Not main scheme applicant","All","5","5"," "
"2019","All","35 and over","England","Female","Not main scheme applicant","All","5","5"," "
"2020","All","35 and over","England","Female","Not main scheme applicant","All","10","10"," "
"2021","All","35 and over","England","Female","Not main scheme applicant","All","5","5"," "
"2022","All","35 and over","England","Female","Not main scheme applicant","All","5","5"," "
"2023","All","35 and over","England","Female","Not main scheme applicant","All","10","10"," "
"2019","All","35 and over","Scotland","Female","Not main scheme applicant","All","15","10"," "
"2020","All","35 and over","Scotland","Female","Not main scheme applicant","All","20","10","0.5710000000000001"
"2021","All","35 and over","Scotland","Female","Not main scheme applicant","All","15","10","0.733"
"2022","All","35 and over","Scotland","Female","Not main scheme applicant","All","15","10","0.706"
"2023","All","35 and over","Scotland","Female","Not main scheme applicant","All","20","15","0.7000000000000001"
"2022","All","35 and over","Wales","Female","Not main scheme applicant","All","15","10","0.786"
"2023","All","35 and over","Wales","Female","Not main scheme applicant","All","5","5"," "
"2020","All","21 - 24","England","Male","Not main scheme applicant","All","5","5"," "
"2022","All","21 - 24","England","Male","Not main scheme applicant","All","5","5"," "
"2023","All","21 - 24","England","Male","Not main scheme applicant","All","10","10"," "
"2019","All","21 - 24","Scotland","Male","Not main scheme applicant","All","10","10"," "
"2020","All","21 - 24","Scotland","Male","Not main scheme applicant","All","15","10","0.8"
"2021","All","21 - 24","Scotland","Male","Not main scheme applicant","All","5","5"," "
"2022","All","21 - 24","Scotland","Male","Not main scheme applicant","All","10","10","0.909"
"2023","All","21 - 24","Scotland","Male","Not main scheme applicant","All","10","5"," "
"2022","All","21 - 24","Wales","Male","Not main scheme applicant","All","25","20","0.8260000000000001"
"2023","All","21 - 24","Wales","Male","Not main scheme applicant","All","25","20","0.846"
"2020","All","25 - 29","England","Male","Not main scheme applicant","All","5","5"," "
"2022","All","25 - 29","England","Male","Not main scheme applicant","All","5","5"," "
"2023","All","25 - 29","England","Male","Not main scheme applicant","All","5","5"," "
"2019","All","25 - 29","Scotland","Male","Not main scheme applicant","All","10","10","0.909"
"2020","All","25 - 29","Scotland","Male","Not main scheme applicant","All","25","20","0.8150000000000001"
"2021","All","25 - 29","Scotland","Male","Not main scheme applicant","All","5","5"," "
"2022","All","25 - 29","Scotland","Male","Not main scheme applicant","All","10","5"," "
"2023","All","25 - 29","Scotland","Male","Not main scheme applicant","All","10","5"," "
"2022","All","25 - 29","Wales","Male","Not main scheme applicant","All","10","10","0.909"
"2023","All","25 - 29","Wales","Male","Not main scheme applicant","All","10","5"," "
"2019","All","30 - 34","Scotland","Male","Not main scheme applicant","All","5","5"," "
"2020","All","30 - 34","Scotland","Male","Not main scheme applicant","All","5","5"," "
"2022","All","30 - 34","Scotland","Male","Not main scheme applicant","All","5","0"," "
"2023","All","30 - 34","Scotland","Male","Not main scheme applicant","All","5","0"," "
"2023","All","30 - 34","Wales","Male","Not main scheme applicant","All","5","5"," "
"2021","All","35 and over","England","Male","Not main scheme applicant","All","5","0"," "
"2019","All","35 and over","Scotland","Male","Not main scheme applicant","All","10","5"," "
"2020","All","35 and over","Scotland","Male","Not main scheme applicant","All","20","15","0.789"
"2021","All","35 and over","Scotland","Male","Not main scheme applicant","All","5","5"," "
"2022","All","35 and over","Scotland","Male","Not main scheme applicant","All","15","10"," "
"2023","All","35 and over","Scotland","Male","Not main scheme applicant","All","20","15","0.9440000000000001"
"2022","All","35 and over","Wales","Male","Not main scheme applicant","All","5","5"," "
"2023","All","35 and over","Wales","Male","Not main scheme applicant","All","10","10"," "
"2020","All","18","England","Female","Main scheme applicant","All","5","0"," "
"2022","All","18","England","Female","Main scheme applicant","All","5","0"," "
"2019","All","18","Scotland","Female","Main scheme applicant","All","10","0"," "
"2020","All","18","Scotland","Female","Main scheme applicant","All","20","0"," "
"2021","All","18","Scotland","Female","Main scheme applicant","All","20","0"," "
"2022","All","18","Scotland","Female","Main scheme applicant","All","20","0"," "
"2023","All","18","Scotland","Female","Main scheme applicant","All","20","0"," "
"2020","All","18","Wales","Female","Main scheme applicant","All","5","0"," "
"2022","All","18","Wales","Female","Main scheme applicant","All","15","0"," "
"2019","All","19","Scotland","Female","Main scheme applicant","All","5","0"," "
"2021","All","19","Scotland","Female","Main scheme applicant","All","5","0"," "
"2022","All","19","Scotland","Female","Main scheme applicant","All","10","0"," "
"2023","All","19","Scotland","Female","Main scheme applicant","All","5","0"," "
"2019","All","20","Scotland","Female","Main scheme applicant","All","5","0"," "
"2020","All","20","Scotland","Female","Main scheme applicant","All","5","0"," "
"2021","All","20","Scotland","Female","Main scheme applicant","All","15","0"," "
"2022","All","20","Scotland","Female","Main scheme applicant","All","5","0"," "
"2023","All","20","Scotland","Female","Main scheme applicant","All","5","0"," "
"2019","All","21 - 24","Northern Ireland","Female","Main scheme applicant","All","45","10"," "
"2020","All","21 - 24","Northern Ireland","Female","Main scheme applicant","All","35","10"," "
"2021","All","21 - 24","Northern Ireland","Female","Main scheme applicant","All","45","15","0.311"
"2022","All","21 - 24","Northern Ireland","Female","Main scheme applicant","All","30","10"," "
"2023","All","21 - 24","Northern Ireland","Female","Main scheme applicant","All","20","5"," "
"2019","All","21 - 24","England","Female","Main scheme applicant","All","50","25","0.47100000000000003"
"2020","All","21 - 24","England","Female","Main scheme applicant","All","35","15","0.389"
"2021","All","21 - 24","England","Female","Main scheme applicant","All","65","20","0.318"
"2022","All","21 - 24","England","Female","Main scheme applicant","All","100","50","0.515"
"2023","All","21 - 24","England","Female","Main scheme applicant","All","95","40","0.41100000000000003"
"2019","All","21 - 24","Scotland","Female","Main scheme applicant","All","1145","645","0.5660000000000001"
"2020","All","21 - 24","Scotland","Female","Main scheme applicant","All","1270","705","0.556"
"2021","All","21 - 24","Scotland","Female","Main scheme applicant","All","1580","705","0.446"
"2022","All","21 - 24","Scotland","Female","Main scheme applicant","All","1125","640","0.5680000000000001"
"2023","All","21 - 24","Scotland","Female","Main scheme applicant","All","965","585","0.607"
"2020","All","21 - 24","Wales","Female","Main scheme applicant","All","5","0"," "
"2022","All","21 - 24","Wales","Female","Main scheme applicant","All","485","365","0.749"
"2023","All","21 - 24","Wales","Female","Main scheme applicant","All","445","315","0.712"
"2019","All","25 - 29","Northern Ireland","Female","Main scheme applicant","All","15","10"," "
"2020","All","25 - 29","Northern Ireland","Female","Main scheme applicant","All","15","5"," "
"2021","All","25 - 29","Northern Ireland","Female","Main scheme applicant","All","15","5"," "
"2022","All","25 - 29","Northern Ireland","Female","Main scheme applicant","All","10","5"," "
"2023","All","25 - 29","Northern Ireland","Female","Main scheme applicant","All","10","5"," "
"2019","All","25 - 29","England","Female","Main scheme applicant","All","20","5"," "
"2020","All","25 - 29","England","Female","Main scheme applicant","All","25","15","0.56"
"2021","All","25 - 29","England","Female","Main scheme applicant","All","40","15","0.385"
"2022","All","25 - 29","England","Female","Main scheme applicant","All","25","5"," "
"2023","All","25 - 29","England","Female","Main scheme applicant","All","15","10","0.588"
"2019","All","25 - 29","Scotland","Female","Main scheme applicant","All","950","535","0.5650000000000001"
"2020","All","25 - 29","Scotland","Female","Main scheme applicant","All","895","495","0.555"
"2021","All","25 - 29","Scotland","Female","Main scheme applicant","All","1145","550","0.47900000000000004"
"2022","All","25 - 29","Scotland","Female","Main scheme applicant","All","770","445","0.577"
"2023","All","25 - 29","Scotland","Female","Main scheme applicant","All","550","315","0.5720000000000001"
"2022","All","25 - 29","Wales","Female","Main scheme applicant","All","160","105","0.654"
"2023","All","25 - 29","Wales","Female","Main scheme applicant","All","145","105","0.741"
"2021","All","30 - 34","Northern Ireland","Female","Main scheme applicant","All","5","0"," "
"2022","All","30 - 34","Northern Ireland","Female","Main scheme applicant","All","5","0"," "
"2019","All","30 - 34","England","Female","Main scheme applicant","All","10","5"," "
"2020","All","30 - 34","England","Female","Main scheme applicant","All","10","5"," "
"2021","All","30 - 34","England","Female","Main scheme applicant","All","15","0"," "
"2022","All","30 - 34","England","Female","Main scheme applicant","All","10","5"," "
"2023","All","30 - 34","England","Female","Main scheme applicant","All","5","5"," "
"2019","All","30 - 34","Scotland","Female","Main scheme applicant","All","410","190","0.465"
"2020","All","30 - 34","Scotland","Female","Main scheme applicant","All","435","245","0.561"
"2021","All","30 - 34","Scotland","Female","Main scheme applicant","All","485","195","0.405"
"2022","All","30 - 34","Scotland","Female","Main scheme applicant","All","310","175","0.5650000000000001"
"2023","All","30 - 34","Scotland","Female","Main scheme applicant","All","255","150","0.591"
"2022","All","30 - 34","Wales","Female","Main scheme applicant","All","60","50","0.8"
"2023","All","30 - 34","Wales","Female","Main scheme applicant","All","55","35","0.649"
"2019","All","35 and over","Northern Ireland","Female","Main scheme applicant","All","5","0"," "
"2019","All","35 and over","England","Female","Main scheme applicant","All","20","5"," "
"2020","All","35 and over","England","Female","Main scheme applicant","All","15","5"," "
"2021","All","35 and over","England","Female","Main scheme applicant","All","15","10","0.706"
"2022","All","35 and over","England","Female","Main scheme applicant","All","10","5"," "
"2023","All","35 and over","England","Female","Main scheme applicant","All","5","5"," "
"2019","All","35 and over","Scotland","Female","Main scheme applicant","All","760","345","0.455"
"2020","All","35 and over","Scotland","Female","Main scheme applicant","All","835","400","0.47800000000000004"
"2021","All","35 and over","Scotland","Female","Main scheme applicant","All","875","345","0.393"
"2022","All","35 and over","Scotland","Female","Main scheme applicant","All","595","315","0.524"
"2023","All","35 and over","Scotland","Female","Main scheme applicant","All","515","285","0.558"
"2022","All","35 and over","Wales","Female","Main scheme applicant","All","90","50","0.556"
"2023","All","35 and over","Wales","Female","Main scheme applicant","All","65","45","0.682"
"2023","All","18","England","Male","Main scheme applicant","All","5","0"," "
"2019","All","18","Scotland","Male","Main scheme applicant","All","5","0"," "
"2020","All","18","Scotland","Male","Main scheme applicant","All","5","0"," "
"2021","All","18","Scotland","Male","Main scheme applicant","All","5","0"," "
"2022","All","18","Scotland","Male","Main scheme applicant","All","5","0"," "
"2023","All","18","Scotland","Male","Main scheme applicant","All","5","0"," "
"2022","All","18","Wales","Male","Main scheme applicant","All","5","0"," "
"2023","All","18","Wales","Male","Main scheme applicant","All","5","0"," "
"2021","All","20","Scotland","Male","Main scheme applicant","All","5","0"," "
"2022","All","20","Scotland","Male","Main scheme applicant","All","5","0"," "
"2023","All","20","Scotland","Male","Main scheme applicant","All","5","0"," "
"2023","All","20","Wales","Male","Main scheme applicant","All","5","0"," "
"2019","All","21 - 24","Northern Ireland","Male","Main scheme applicant","All","15","0"," "
"2020","All","21 - 24","Northern Ireland","Male","Main scheme applicant","All","10","0"," "
"2021","All","21 - 24","Northern Ireland","Male","Main scheme applicant","All","20","0"," "
"2022","All","21 - 24","Northern Ireland","Male","Main scheme applicant","All","15","5"," "
"2023","All","21 - 24","Northern Ireland","Male","Main scheme applicant","All","5","0"," "
"2019","All","21 - 24","England","Male","Main scheme applicant","All","20","5"," "
"2020","All","21 - 24","England","Male","Main scheme applicant","All","15","5"," "
"2021","All","21 - 24","England","Male","Main scheme applicant","All","20","5"," "
"2022","All","21 - 24","England","Male","Main scheme applicant","All","45","15","0.318"
"2023","All","21 - 24","England","Male","Main scheme applicant","All","35","20","0.541"
"2019","All","21 - 24","Scotland","Male","Main scheme applicant","All","430","185","0.429"
"2020","All","21 - 24","Scotland","Male","Main scheme applicant","All","410","185","0.451"
"2021","All","21 - 24","Scotland","Male","Main scheme applicant","All","535","205","0.381"
"2022","All","21 - 24","Scotland","Male","Main scheme applicant","All","405","165","0.403"
"2023","All","21 - 24","Scotland","Male","Main scheme applicant","All","325","165","0.508"
"2022","All","21 - 24","Wales","Male","Main scheme applicant","All","160","110","0.681"
"2023","All","21 - 24","Wales","Male","Main scheme applicant","All","160","120","0.747"
"2019","All","25 - 29","Northern Ireland","Male","Main scheme applicant","All","10","5"," "
"2020","All","25 - 29","Northern Ireland","Male","Main scheme applicant","All","5","0"," "
"2021","All","25 - 29","Northern Ireland","Male","Main scheme applicant","All","10","5"," "
"2022","All","25 - 29","Northern Ireland","Male","Main scheme applicant","All","5","0"," "
"2023","All","25 - 29","Northern Ireland","Male","Main scheme applicant","All","5","0"," "
"2019","All","25 - 29","England","Male","Main scheme applicant","All","10","5"," "
"2020","All","25 - 29","England","Male","Main scheme applicant","All","10","5"," "
"2021","All","25 - 29","England","Male","Main scheme applicant","All","15","5"," "
"2022","All","25 - 29","England","Male","Main scheme applicant","All","10","5"," "
"2023","All","25 - 29","England","Male","Main scheme applicant","All","10","0"," "
"2019","All","25 - 29","Scotland","Male","Main scheme applicant","All","375","175","0.459"
"2020","All","25 - 29","Scotland","Male","Main scheme applicant","All","430","205","0.483"
"2021","All","25 - 29","Scotland","Male","Main scheme applicant","All","505","200","0.393"
"2022","All","25 - 29","Scotland","Male","Main scheme applicant","All","360","175","0.486"
"2023","All","25 - 29","Scotland","Male","Main scheme applicant","All","290","155","0.541"
"2020","All","25 - 29","Wales","Male","Main scheme applicant","All","5","0"," "
"2022","All","25 - 29","Wales","Male","Main scheme applicant","All","70","50","0.722"
"2023","All","25 - 29","Wales","Male","Main scheme applicant","All","75","55","0.707"
"2020","All","30 - 34","Northern Ireland","Male","Main scheme applicant","All","5","0"," "
"2019","All","30 - 34","England","Male","Main scheme applicant","All","5","5"," "
"2020","All","30 - 34","England","Male","Main scheme applicant","All","10","10"," "
"2021","All","30 - 34","England","Male","Main scheme applicant","All","5","0"," "
"2022","All","30 - 34","England","Male","Main scheme applicant","All","5","5"," "
"2023","All","30 - 34","England","Male","Main scheme applicant","All","5","5"," "
"2019","All","30 - 34","Scotland","Male","Main scheme applicant","All","195","95","0.487"
"2020","All","30 - 34","Scotland","Male","Main scheme applicant","All","195","90","0.447"
"2021","All","30 - 34","Scotland","Male","Main scheme applicant","All","235","100","0.41500000000000004"
"2022","All","30 - 34","Scotland","Male","Main scheme applicant","All","200","100","0.505"
"2023","All","30 - 34","Scotland","Male","Main scheme applicant","All","130","60","0.454"
"2022","All","30 - 34","Wales","Male","Main scheme applicant","All","35","25","0.727"
"2023","All","30 - 34","Wales","Male","Main scheme applicant","All","20","15","0.81"
"2019","All","35 and over","England","Male","Main scheme applicant","All","5","0"," "
"2020","All","35 and over","England","Male","Main scheme applicant","All","5","0"," "
"2021","All","35 and over","England","Male","Main scheme applicant","All","5","5"," "
"2022","All","35 and over","England","Male","Main scheme applicant","All","5","0"," "
"2023","All","35 and over","England","Male","Main scheme applicant","All","5","0"," "
"2019","All","35 and over","Scotland","Male","Main scheme applicant","All","325","150","0.458"
"2020","All","35 and over","Scotland","Male","Main scheme applicant","All","310","140","0.455"
"2021","All","35 and over","Scotland","Male","Main scheme applicant","All","350","125","0.354"
"2022","All","35 and over","Scotland","Male","Main scheme applicant","All","245","105","0.439"
"2023","All","35 and over","Scotland","Male","Main scheme applicant","All","180","85","0.47800000000000004"
"2022","All","35 and over","Wales","Male","Main scheme applicant","All","35","25","0.676"
"2023","All","35 and over","Wales","Male","Main scheme applicant","All","25","15","0.52"
"2019","White","All","England","Female","Not main scheme applicant","All","10","10"," "
"2020","White","All","England","Female","Not main scheme applicant","All","25","20","0.917"
"2021","White","All","England","Female","Not main scheme applicant","All","15","10","0.786"
"2022","White","All","England","Female","Not main scheme applicant","All","15","10"," "
"2023","White","All","England","Female","Not main scheme applicant","All","20","20","1"
"2019","White","All","Scotland","Female","Not main scheme applicant","All","45","35","0.7020000000000001"
"2020","White","All","Scotland","Female","Not main scheme applicant","All","65","45","0.7010000000000001"
"2021","White","All","Scotland","Female","Not main scheme applicant","All","40","25","0.675"
"2022","White","All","Scotland","Female","Not main scheme applicant","All","40","30","0.714"
"2023","White","All","Scotland","Female","Not main scheme applicant","All","60","45","0.75"
"2022","White","All","Wales","Female","Not main scheme applicant","All","65","50","0.781"
"2023","White","All","Wales","Female","Not main scheme applicant","All","55","45","0.833"
"2019","Asian","All","Scotland","Female","Not main scheme applicant","All","5","0"," "
"2020","Asian","All","Scotland","Female","Not main scheme applicant","All","10","5"," "
"2022","Asian","All","Scotland","Female","Not main scheme applicant","All","5","5"," "
"2023","Asian","All","Scotland","Female","Not main scheme applicant","All","5","5"," "
"2022","Asian","All","Wales","Female","Not main scheme applicant","All","5","0"," "
"2023","Asian","All","Wales","Female","Not main scheme applicant","All","5","0"," "
"2022","Unknown or Prefer Not To Say","All","Scotland","Female","Not main scheme applicant","All","5","5"," "
"2023","Unknown or Prefer Not To Say","All","Scotland","Female","Not main scheme applicant","All","5","5"," "
"2019","White","All","England","Male","Not main scheme applicant","All","5","5"," "
"2020","White","All","England","Male","Not main scheme applicant","All","10","10"," "
"2021","White","All","England","Male","Not main scheme applicant","All","5","5"," "
"2022","White","All","England","Male","Not main scheme applicant","All","10","10","1"
"2023","White","All","England","Male","Not main scheme applicant","All","15","15","1"
"2019","White","All","Scotland","Male","Not main scheme applicant","All","30","25","0.8210000000000001"
"2020","White","All","Scotland","Male","Not main scheme applicant","All","60","50","0.803"
"2021","White","All","Scotland","Male","Not main scheme applicant","All","20","15","0.889"
"2022","White","All","Scotland","Male","Not main scheme applicant","All","30","20","0.679"
"2023","White","All","Scotland","Male","Not main scheme applicant","All","30","30","0.875"
"2022","White","All","Wales","Male","Not main scheme applicant","All","35","30","0.861"
"2023","White","All","Wales","Male","Not main scheme applicant","All","45","40","0.87"
"2021","Black","All","Scotland","Male","Not main scheme applicant","All","5","0"," "
"2022","Asian","All","Scotland","Male","Not main scheme applicant","All","5","0"," "
"2022","Unknown or Prefer Not To Say","All","Scotland","Male","Not main scheme applicant","All","5","0"," "
"2019","White","All","Northern Ireland","Female","Main scheme applicant","All","65","20","0.273"
"2020","White","All","Northern Ireland","Female","Main scheme applicant","All","50","15","0.275"
"2021","White","All","Northern Ireland","Female","Main scheme applicant","All","65","20","0.323"
"2022","White","All","Northern Ireland","Female","Main scheme applicant","All","45","15","0.395"
"2023","White","All","Northern Ireland","Female","Main scheme applicant","All","35","10"," "
"2019","White","All","England","Female","Main scheme applicant","All","80","35","0.42"
"2020","White","All","England","Female","Main scheme applicant","All","80","35","0.439"
"2021","White","All","England","Female","Main scheme applicant","All","115","40","0.359"
"2022","White","All","England","Female","Main scheme applicant","All","145","60","0.40800000000000003"
"2023","White","All","England","Female","Main scheme applicant","All","115","50","0.436"
"2019","White","All","Scotland","Female","Main scheme applicant","All","3050","1630","0.534"
"2020","White","All","Scotland","Female","Main scheme applicant","All","3225","1745","0.542"
"2021","White","All","Scotland","Female","Main scheme applicant","All","3855","1690","0.438"
"2022","White","All","Scotland","Female","Main scheme applicant","All","2645","1475","0.558"
"2023","White","All","Scotland","Female","Main scheme applicant","All","2105","1240","0.589"
"2020","White","All","Wales","Female","Main scheme applicant","All","10","0"," "
"2021","White","All","Wales","Female","Main scheme applicant","All","5","0"," "
"2022","White","All","Wales","Female","Main scheme applicant","All","760","545","0.714"
"2023","White","All","Wales","Female","Main scheme applicant","All","665","475","0.713"
"2019","Black","All","England","Female","Main scheme applicant","All","5","0"," "
"2019","Black","All","Scotland","Female","Main scheme applicant","All","20","5"," "
"2020","Black","All","Scotland","Female","Main scheme applicant","All","30","5"," "
"2021","Black","All","Scotland","Female","Main scheme applicant","All","20","5"," "
"2022","Black","All","Scotland","Female","Main scheme applicant","All","10","5"," "
"2023","Black","All","Scotland","Female","Main scheme applicant","All","30","10","0.333"
"2022","Black","All","Wales","Female","Main scheme applicant","All","5","0"," "
"2023","Black","All","Wales","Female","Main scheme applicant","All","10","5"," "
"2019","Asian","All","England","Female","Main scheme applicant","All","10","0"," "
"2021","Asian","All","England","Female","Main scheme applicant","All","15","5"," "
"2022","Asian","All","England","Female","Main scheme applicant","All","5","0"," "
"2019","Asian","All","Scotland","Female","Main scheme applicant","All","125","50","0.381"
"2020","Asian","All","Scotland","Female","Main scheme applicant","All","120","50","0.43"
"2021","Asian","All","Scotland","Female","Main scheme applicant","All","135","55","0.397"
"2022","Asian","All","Scotland","Female","Main scheme applicant","All","95","45","0.468"
"2023","Asian","All","Scotland","Female","Main scheme applicant","All","95","45","0.448"
"2022","Asian","All","Wales","Female","Main scheme applicant","All","20","5"," "
"2023","Asian","All","Wales","Female","Main scheme applicant","All","20","10","0.6"
"2019","Mixed","All","England","Female","Main scheme applicant","All","5","0"," "
"2020","Mixed","All","England","Female","Main scheme applicant","All","5","0"," "
"2021","Mixed","All","England","Female","Main scheme applicant","All","5","5"," "
"2022","Mixed","All","England","Female","Main scheme applicant","All","5","0"," "
"2023","Mixed","All","England","Female","Main scheme applicant","All","5","5"," "
"2019","Mixed","All","Scotland","Female","Main scheme applicant","All","50","20","0.438"
"2020","Mixed","All","Scotland","Female","Main scheme applicant","All","45","25","0.543"
"2021","Mixed","All","Scotland","Female","Main scheme applicant","All","50","25","0.442"
"2022","Mixed","All","Scotland","Female","Main scheme applicant","All","55","30","0.585"
"2023","Mixed","All","Scotland","Female","Main scheme applicant","All","40","25","0.643"
"2022","Mixed","All","Wales","Female","Main scheme applicant","All","10","10"," "
"2023","Mixed","All","Wales","Female","Main scheme applicant","All","10","10"," "
"2019","Other","All","Scotland","Female","Main scheme applicant","All","15","5"," "
"2020","Other","All","Scotland","Female","Main scheme applicant","All","25","10","0.417"
"2021","Other","All","Scotland","Female","Main scheme applicant","All","25","10"," "
"2022","Other","All","Scotland","Female","Main scheme applicant","All","15","5"," "
"2023","Other","All","Scotland","Female","Main scheme applicant","All","25","10","0.435"
"2022","Other","All","Wales","Female","Main scheme applicant","All","10","5"," "
"2023","Other","All","Wales","Female","Main scheme applicant","All","5","5"," "
"2019","Unknown or Prefer Not To Say","All","Scotland","Female","Main scheme applicant","All","25","10","0.48"
"2020","Unknown or Prefer Not To Say","All","Scotland","Female","Main scheme applicant","All","20","10"," "
"2021","Unknown or Prefer Not To Say","All","Scotland","Female","Main scheme applicant","All","35","15","0.389"
"2022","Unknown or Prefer Not To Say","All","Scotland","Female","Main scheme applicant","All","15","10"," "
"2023","Unknown or Prefer Not To Say","All","Scotland","Female","Main scheme applicant","All","15","5"," "
"2023","Unknown or Prefer Not To Say","All","Wales","Female","Main scheme applicant","All","5","5"," "
"2019","White","All","Northern Ireland","Male","Main scheme applicant","All","25","5"," "
"2020","White","All","Northern Ireland","Male","Main scheme applicant","All","15","0"," "
"2021","White","All","Northern Ireland","Male","Main scheme applicant","All","30","10"," "
"2022","White","All","Northern Ireland","Male","Main scheme applicant","All","25","10"," "
"2023","White","All","Northern Ireland","Male","Main scheme applicant","All","10","0"," "
"2019","White","All","England","Male","Main scheme applicant","All","35","10","0.353"
"2020","White","All","England","Male","Main scheme applicant","All","35","20","0.543"
"2021","White","All","England","Male","Main scheme applicant","All","45","15","0.295"
"2022","White","All","England","Male","Main scheme applicant","All","60","25","0.387"
"2023","White","All","England","Male","Main scheme applicant","All","55","20","0.393"
"2019","White","All","Scotland","Male","Main scheme applicant","All","1240","570","0.46"
"2020","White","All","Scotland","Male","Main scheme applicant","All","1270","585","0.463"
"2021","White","All","Scotland","Male","Main scheme applicant","All","1525","580","0.381"
"2022","White","All","Scotland","Male","Main scheme applicant","All","1130","515","0.458"
"2023","White","All","Scotland","Male","Main scheme applicant","All","855","430","0.504"
"2019","White","All","Wales","Male","Main scheme applicant","All","5","0"," "
"2020","White","All","Wales","Male","Main scheme applicant","All","5","0"," "
"2022","White","All","Wales","Male","Main scheme applicant","All","290","195","0.672"
"2023","White","All","Wales","Male","Main scheme applicant","All","260","190","0.724"
"2022","Black","All","England","Male","Main scheme applicant","All","5","0"," "
"2019","Black","All","Scotland","Male","Main scheme applicant","All","10","0"," "
"2020","Black","All","Scotland","Male","Main scheme applicant","All","15","5"," "
"2021","Black","All","Scotland","Male","Main scheme applicant","All","15","5"," "
"2022","Black","All","Scotland","Male","Main scheme applicant","All","15","5"," "
"2023","Black","All","Scotland","Male","Main scheme applicant","All","5","0"," "
"2019","Asian","All","England","Male","Main scheme applicant","All","5","5"," "
"2020","Asian","All","England","Male","Main scheme applicant","All","5","0"," "
"2023","Asian","All","England","Male","Main scheme applicant","All","5","0"," "
"2019","Asian","All","Scotland","Male","Main scheme applicant","All","40","15","0.385"
"2020","Asian","All","Scotland","Male","Main scheme applicant","All","20","15","0.591"
"2021","Asian","All","Scotland","Male","Main scheme applicant","All","25","10","0.37"
"2022","Asian","All","Scotland","Male","Main scheme applicant","All","20","5"," "
"2023","Asian","All","Scotland","Male","Main scheme applicant","All","20","10"," "
"2022","Asian","All","Wales","Male","Main scheme applicant","All","5","5"," "
"2023","Asian","All","Wales","Male","Main scheme applicant","All","10","10"," "
"2022","Mixed","All","England","Male","Main scheme applicant","All","5","0"," "
"2023","Mixed","All","England","Male","Main scheme applicant","All","5","0"," "
"2019","Mixed","All","Scotland","Male","Main scheme applicant","All","15","5"," "
"2020","Mixed","All","Scotland","Male","Main scheme applicant","All","20","5"," "
"2021","Mixed","All","Scotland","Male","Main scheme applicant","All","25","10"," "
"2022","Mixed","All","Scotland","Male","Main scheme applicant","All","20","5"," "
"2023","Mixed","All","Scotland","Male","Main scheme applicant","All","30","15","0.483"
"2022","Mixed","All","Wales","Male","Main scheme applicant","All","10","5"," "
"2023","Mixed","All","Wales","Male","Main scheme applicant","All","5","0"," "
"2019","Other","All","Scotland","Male","Main scheme applicant","All","5","0"," "
"2020","Other","All","Scotland","Male","Main scheme applicant","All","10","5"," "
"2021","Other","All","Scotland","Male","Main scheme applicant","All","10","0"," "
"2022","Other","All","Scotland","Male","Main scheme applicant","All","10","0"," "
"2023","Other","All","Scotland","Male","Main scheme applicant","All","5","0"," "
"2023","Other","All","Wales","Male","Main scheme applicant","All","5","5"," "
"2019","Unknown or Prefer Not To Say","All","Scotland","Male","Main scheme applicant","All","20","10"," "
"2020","Unknown or Prefer Not To Say","All","Scotland","Male","Main scheme applicant","All","25","10"," "
"2021","Unknown or Prefer Not To Say","All","Scotland","Male","Main scheme applicant","All","35","15","0.429"
"2022","Unknown or Prefer Not To Say","All","Scotland","Male","Main scheme applicant","All","25","15","0.5"
"2023","Unknown or Prefer Not To Say","All","Scotland","Male","Main scheme applicant","All","25","10","0.48"
"2022","Unknown or Prefer Not To Say","All","Wales","Male","Main scheme applicant","All","5","5"," "
"2023","Unknown or Prefer Not To Say","All","Wales","Male","Main scheme applicant","All","5","0"," "
"2019","All","All","England","Female","Not main scheme applicant","All","10","10","1"
"2020","All","All","England","Female","Not main scheme applicant","All","25","25","0.926"
"2021","All","All","England","Female","Not main scheme applicant","All","15","15","0.8130000000000001"
"2022","All","All","England","Female","Not main scheme applicant","All","15","10","0.733"
"2023","All","All","England","Female","Not main scheme applicant","All","20","20","1"
"2019","All","All","Scotland","Female","Not main scheme applicant","All","55","35","0.667"
"2020","All","All","Scotland","Female","Not main scheme applicant","All","80","55","0.705"
"2021","All","All","Scotland","Female","Not main scheme applicant","All","45","30","0.6980000000000001"
"2022","All","All","Scotland","Female","Not main scheme applicant","All","55","40","0.732"
"2023","All","All","Scotland","Female","Not main scheme applicant","All","70","55","0.779"
"2022","All","All","Wales","Female","Not main scheme applicant","All","70","55","0.786"
"2023","All","All","Wales","Female","Not main scheme applicant","All","65","50","0.794"
"2019","All","All","England","Male","Not main scheme applicant","All","5","5"," "
"2020","All","All","England","Male","Not main scheme applicant","All","15","10","0.846"
"2021","All","All","England","Male","Not main scheme applicant","All","5","5"," "
"2022","All","All","England","Male","Not main scheme applicant","All","10","10","0.909"
"2023","All","All","England","Male","Not main scheme applicant","All","15","15","0.9410000000000001"
"2019","All","All","Scotland","Male","Not main scheme applicant","All","30","25","0.839"
"2020","All","All","Scotland","Male","Not main scheme applicant","All","65","55","0.8180000000000001"
"2021","All","All","Scotland","Male","Not main scheme applicant","All","20","20","0.8180000000000001"
"2022","All","All","Scotland","Male","Not main scheme applicant","All","40","25","0.658"
"2023","All","All","Scotland","Male","Not main scheme applicant","All","40","30","0.842"
"2022","All","All","Wales","Male","Not main scheme applicant","All","40","35","0.85"
"2023","All","All","Wales","Male","Not main scheme applicant","All","50","45","0.843"
"2019","All","All","Northern Ireland","Female","Main scheme applicant","All","65","20","0.273"
"2020","All","All","Northern Ireland","Female","Main scheme applicant","All","50","15","0.275"
"2021","All","All","Northern Ireland","Female","Main scheme applicant","All","65","20","0.323"
"2022","All","All","Northern Ireland","Female","Main scheme applicant","All","45","20","0.40900000000000003"
"2023","All","All","Northern Ireland","Female","Main scheme applicant","All","35","10"," "
"2019","All","All","England","Female","Main scheme applicant","All","100","40","0.39"
"2020","All","All","England","Female","Main scheme applicant","All","95","40","0.426"
"2021","All","All","England","Female","Main scheme applicant","All","135","50","0.36"
"2022","All","All","England","Female","Main scheme applicant","All","155","65","0.401"
"2023","All","All","England","Female","Main scheme applicant","All","125","55","0.437"
"2019","All","All","Scotland","Female","Main scheme applicant","All","3285","1720","0.524"
"2020","All","All","Scotland","Female","Main scheme applicant","All","3460","1850","0.534"
"2021","All","All","Scotland","Female","Main scheme applicant","All","4125","1795","0.435"
"2022","All","All","Scotland","Female","Main scheme applicant","All","2835","1570","0.554"
"2023","All","All","Scotland","Female","Main scheme applicant","All","2310","1335","0.578"
"2019","All","All","Wales","Female","Main scheme applicant","All","5","0"," "
"2020","All","All","Wales","Female","Main scheme applicant","All","10","0"," "
"2021","All","All","Wales","Female","Main scheme applicant","All","5","0"," "
"2022","All","All","Wales","Female","Main scheme applicant","All","810","565","0.6990000000000001"
"2023","All","All","Wales","Female","Main scheme applicant","All","715","505","0.705"
"2019","All","All","Northern Ireland","Male","Main scheme applicant","All","25","5"," "
"2020","All","All","Northern Ireland","Male","Main scheme applicant","All","20","0"," "
"2021","All","All","Northern Ireland","Male","Main scheme applicant","All","30","10"," "
"2022","All","All","Northern Ireland","Male","Main scheme applicant","All","25","10"," "
"2023","All","All","Northern Ireland","Male","Main scheme applicant","All","10","0"," "
"2019","All","All","England","Male","Main scheme applicant","All","40","15","0.357"
"2020","All","All","England","Male","Main scheme applicant","All","45","20","0.512"
"2021","All","All","England","Male","Main scheme applicant","All","50","15","0.28"
"2022","All","All","England","Male","Main scheme applicant","All","70","25","0.357"
"2023","All","All","England","Male","Main scheme applicant","All","65","25","0.41500000000000004"
"2019","All","All","Scotland","Male","Main scheme applicant","All","1330","600","0.451"
"2020","All","All","Scotland","Male","Main scheme applicant","All","1355","620","0.459"
"2021","All","All","Scotland","Male","Main scheme applicant","All","1635","625","0.382"
"2022","All","All","Scotland","Male","Main scheme applicant","All","1215","545","0.45"
"2023","All","All","Scotland","Male","Main scheme applicant","All","935","465","0.498"
"2019","All","All","Wales","Male","Main scheme applicant","All","5","0"," "
"2020","All","All","Wales","Male","Main scheme applicant","All","5","0"," "
"2022","All","All","Wales","Male","Main scheme applicant","All","310","210","0.68"
"2023","All","All","Wales","Male","Main scheme applicant","All","285","200","0.706"
"2019","White","21 - 24","All","Female","Not main scheme applicant","All","15","15","0.8130000000000001"
"2020","White","21 - 24","All","Female","Not main scheme applicant","All","25","15","0.739"
"2021","White","21 - 24","All","Female","Not main scheme applicant","All","15","10","0.647"
"2022","White","21 - 24","All","Female","Not main scheme applicant","All","45","30","0.727"
"2023","White","21 - 24","All","Female","Not main scheme applicant","All","55","45","0.807"
"2022","Asian","21 - 24","All","Female","Not main scheme applicant","All","5","0"," "
"2023","Asian","21 - 24","All","Female","Not main scheme applicant","All","5","5"," "
"2019","White","25 - 29","All","Female","Not main scheme applicant","All","20","15","0.81"
"2020","White","25 - 29","All","Female","Not main scheme applicant","All","30","25","0.833"
"2021","White","25 - 29","All","Female","Not main scheme applicant","All","10","5"," "
"2022","White","25 - 29","All","Female","Not main scheme applicant","All","35","25","0.722"
"2023","White","25 - 29","All","Female","Not main scheme applicant","All","30","25","0.867"
"2019","White","30 - 34","All","Female","Not main scheme applicant","All","5","5"," "
"2020","White","30 - 34","All","Female","Not main scheme applicant","All","10","10"," "
"2021","White","30 - 34","All","Female","Not main scheme applicant","All","5","5"," "
"2022","White","30 - 34","All","Female","Not main scheme applicant","All","15","10","0.769"
"2023","White","30 - 34","All","Female","Not main scheme applicant","All","10","10","0.917"
"2019","White","35 and over","All","Female","Not main scheme applicant","All","15","10","0.714"
"2020","White","35 and over","All","Female","Not main scheme applicant","All","25","20","0.6920000000000001"
"2021","White","35 and over","All","Female","Not main scheme applicant","All","20","15","0.8"
"2022","White","35 and over","All","Female","Not main scheme applicant","All","30","20","0.75"
"2023","White","35 and over","All","Female","Not main scheme applicant","All","35","25","0.758"
"2019","Asian","35 and over","All","Female","Not main scheme applicant","All","5","0"," "
"2020","Asian","35 and over","All","Female","Not main scheme applicant","All","5","5"," "
"2022","Asian","35 and over","All","Female","Not main scheme applicant","All","5","0"," "
"2019","Other","35 and over","All","Female","Not main scheme applicant","All","5","0"," "
"2019","White","21 - 24","All","Male","Not main scheme applicant","All","10","10"," "
"2020","White","21 - 24","All","Male","Not main scheme applicant","All","20","15","0.833"
"2021","White","21 - 24","All","Male","Not main scheme applicant","All","10","5"," "
"2022","White","21 - 24","All","Male","Not main scheme applicant","All","35","30","0.865"
"2023","White","21 - 24","All","Male","Not main scheme applicant","All","35","30","0.861"
"2019","White","25 - 29","All","Male","Not main scheme applicant","All","10","10","0.917"
"2020","White","25 - 29","All","Male","Not main scheme applicant","All","30","25","0.8210000000000001"
"2021","White","25 - 29","All","Male","Not main scheme applicant","All","5","5"," "
"2022","White","25 - 29","All","Male","Not main scheme applicant","All","20","15","0.789"
"2023","White","25 - 29","All","Male","Not main scheme applicant","All","20","15","0.842"
"2023","Other","25 - 29","All","Male","Not main scheme applicant","All","5","0"," "
"2019","White","30 - 34","All","Male","Not main scheme applicant","All","5","5"," "
"2020","White","30 - 34","All","Male","Not main scheme applicant","All","5","5"," "
"2022","White","30 - 34","All","Male","Not main scheme applicant","All","5","0"," "
"2023","White","30 - 34","All","Male","Not main scheme applicant","All","10","10","0.833"
"2019","White","35 and over","All","Male","Not main scheme applicant","All","10","5"," "
"2020","White","35 and over","All","Male","Not main scheme applicant","All","20","15","0.778"
"2021","White","35 and over","All","Male","Not main scheme applicant","All","5","5"," "
"2022","White","35 and over","All","Male","Not main scheme applicant","All","15","10","0.857"
"2023","White","35 and over","All","Male","Not main scheme applicant","All","25","25","1"
"2021","Black","35 and over","All","Male","Not main scheme applicant","All","5","0"," "
"2019","White","18","All","Female","Main scheme applicant","All","10","0"," "
"2020","White","18","All","Female","Main scheme applicant","All","30","0"," "
"2021","White","18","All","Female","Main scheme applicant","All","20","0"," "
"2022","White","18","All","Female","Main scheme applicant","All","35","0"," "
"2023","White","18","All","Female","Main scheme applicant","All","25","0"," "
"2019","White","19","All","Female","Main scheme applicant","All","5","0"," "
"2021","White","19","All","Female","Main scheme applicant","All","5","0"," "
"2022","White","19","All","Female","Main scheme applicant","All","10","0"," "
"2023","White","19","All","Female","Main scheme applicant","All","5","0"," "
"2019","White","20","All","Female","Main scheme applicant","All","5","0"," "
"2020","White","20","All","Female","Main scheme applicant","All","5","0"," "
"2021","White","20","All","Female","Main scheme applicant","All","15","0"," "
"2022","White","20","All","Female","Main scheme applicant","All","10","0"," "
"2023","White","20","All","Female","Main scheme applicant","All","5","0"," "
"2019","White","21 - 24","All","Female","Main scheme applicant","All","1175","650","0.555"
"2020","White","21 - 24","All","Female","Main scheme applicant","All","1285","700","0.543"
"2021","White","21 - 24","All","Female","Main scheme applicant","All","1610","710","0.44"
"2022","White","21 - 24","All","Female","Main scheme applicant","All","1655","1015","0.612"
"2023","White","21 - 24","All","Female","Main scheme applicant","All","1440","895","0.621"
"2019","Black","21 - 24","All","Female","Main scheme applicant","All","5","0"," "
"2021","Black","21 - 24","All","Female","Main scheme applicant","All","5","0"," "
"2022","Black","21 - 24","All","Female","Main scheme applicant","All","5","5"," "
"2023","Black","21 - 24","All","Female","Main scheme applicant","All","15","5"," "
"2019","Asian","21 - 24","All","Female","Main scheme applicant","All","40","15","0.41500000000000004"
"2020","Asian","21 - 24","All","Female","Main scheme applicant","All","35","20","0.5680000000000001"
"2021","Asian","21 - 24","All","Female","Main scheme applicant","All","50","20","0.353"
"2022","Asian","21 - 24","All","Female","Main scheme applicant","All","45","25","0.522"
"2023","Asian","21 - 24","All","Female","Main scheme applicant","All","35","25","0.676"
"2019","Mixed","21 - 24","All","Female","Main scheme applicant","All","15","10"," "
"2020","Mixed","21 - 24","All","Female","Main scheme applicant","All","15","5"," "
"2021","Mixed","21 - 24","All","Female","Main scheme applicant","All","15","10"," "
"2022","Mixed","21 - 24","All","Female","Main scheme applicant","All","30","20","0.655"
"2023","Mixed","21 - 24","All","Female","Main scheme applicant","All","25","15","0.68"
"2020","Other","21 - 24","All","Female","Main scheme applicant","All","5","0"," "
"2022","Other","21 - 24","All","Female","Main scheme applicant","All","5","5"," "
"2023","Other","21 - 24","All","Female","Main scheme applicant","All","5","5"," "
"2019","Unknown or Prefer Not To Say","21 - 24","All","Female","Main scheme applicant","All","5","0"," "
"2021","Unknown or Prefer Not To Say","21 - 24","All","Female","Main scheme applicant","All","10","0"," "
"2022","Unknown or Prefer Not To Say","21 - 24","All","Female","Main scheme applicant","All","5","5"," "
"2019","White","25 - 29","All","Female","Main scheme applicant","All","940","530","0.5630000000000001"
"2020","White","25 - 29","All","Female","Main scheme applicant","All","870","490","0.56"
"2021","White","25 - 29","All","Female","Main scheme applicant","All","1135","545","0.47900000000000004"
"2022","White","25 - 29","All","Female","Main scheme applicant","All","910","525","0.579"
"2023","White","25 - 29","All","Female","Main scheme applicant","All","670","405","0.605"
"2019","Black","25 - 29","All","Female","Main scheme applicant","All","5","0"," "
"2020","Black","25 - 29","All","Female","Main scheme applicant","All","5","0"," "
"2021","Black","25 - 29","All","Female","Main scheme applicant","All","5","5"," "
"2022","Black","25 - 29","All","Female","Main scheme applicant","All","5","0"," "
"2023","Black","25 - 29","All","Female","Main scheme applicant","All","5","0"," "
"2019","Asian","25 - 29","All","Female","Main scheme applicant","All","20","10"," "
"2020","Asian","25 - 29","All","Female","Main scheme applicant","All","25","10","0.44"
"2021","Asian","25 - 29","All","Female","Main scheme applicant","All","30","10","0.323"
"2022","Asian","25 - 29","All","Female","Main scheme applicant","All","25","10","0.5"
"2023","Asian","25 - 29","All","Female","Main scheme applicant","All","25","10","0.5"
"2019","Mixed","25 - 29","All","Female","Main scheme applicant","All","20","10"," "
"2020","Mixed","25 - 29","All","Female","Main scheme applicant","All","15","10","0.588"
"2021","Mixed","25 - 29","All","Female","Main scheme applicant","All","15","5"," "
"2022","Mixed","25 - 29","All","Female","Main scheme applicant","All","20","10","0.667"
"2023","Mixed","25 - 29","All","Female","Main scheme applicant","All","20","10","0.611"
"2019","Other","25 - 29","All","Female","Main scheme applicant","All","5","0"," "
"2020","Other","25 - 29","All","Female","Main scheme applicant","All","5","0"," "
"2021","Other","25 - 29","All","Female","Main scheme applicant","All","5","0"," "
"2022","Other","25 - 29","All","Female","Main scheme applicant","All","5","0"," "
"2023","Other","25 - 29","All","Female","Main scheme applicant","All","5","5"," "
"2019","Unknown or Prefer Not To Say","25 - 29","All","Female","Main scheme applicant","All","5","5"," "
"2020","Unknown or Prefer Not To Say","25 - 29","All","Female","Main scheme applicant","All","10","5"," "
"2021","Unknown or Prefer Not To Say","25 - 29","All","Female","Main scheme applicant","All","10","0"," "
"2022","Unknown or Prefer Not To Say","25 - 29","All","Female","Main scheme applicant","All","5","5"," "
"2019","White","30 - 34","All","Female","Main scheme applicant","All","385","185","0.47800000000000004"
"2020","White","30 - 34","All","Female","Main scheme applicant","All","420","235","0.562"
"2021","White","30 - 34","All","Female","Main scheme applicant","All","460","180","0.389"
"2022","White","30 - 34","All","Female","Main scheme applicant","All","360","215","0.598"
"2023","White","30 - 34","All","Female","Main scheme applicant","All","285","180","0.632"
"2019","Black","30 - 34","All","Female","Main scheme applicant","All","5","0"," "
"2022","Black","30 - 34","All","Female","Main scheme applicant","All","5","0"," "
"2023","Black","30 - 34","All","Female","Main scheme applicant","All","5","0"," "
"2019","Asian","30 - 34","All","Female","Main scheme applicant","All","20","5"," "
"2020","Asian","30 - 34","All","Female","Main scheme applicant","All","10","10"," "
"2021","Asian","30 - 34","All","Female","Main scheme applicant","All","20","5"," "
"2022","Asian","30 - 34","All","Female","Main scheme applicant","All","10","5"," "
"2023","Asian","30 - 34","All","Female","Main scheme applicant","All","15","5"," "
"2019","Mixed","30 - 34","All","Female","Main scheme applicant","All","5","0"," "
"2020","Mixed","30 - 34","All","Female","Main scheme applicant","All","5","5"," "
"2021","Mixed","30 - 34","All","Female","Main scheme applicant","All","10","5"," "
"2022","Mixed","30 - 34","All","Female","Main scheme applicant","All","5","5"," "
"2023","Mixed","30 - 34","All","Female","Main scheme applicant","All","5","0"," "
"2020","Other","30 - 34","All","Female","Main scheme applicant","All","5","0"," "
"2021","Other","30 - 34","All","Female","Main scheme applicant","All","5","5"," "
"2022","Other","30 - 34","All","Female","Main scheme applicant","All","5","5"," "
"2023","Other","30 - 34","All","Female","Main scheme applicant","All","5","0"," "
"2019","Unknown or Prefer Not To Say","30 - 34","All","Female","Main scheme applicant","All","10","0"," "
"2020","Unknown or Prefer Not To Say","30 - 34","All","Female","Main scheme applicant","All","5","0"," "
"2021","Unknown or Prefer Not To Say","30 - 34","All","Female","Main scheme applicant","All","5","5"," "
"2023","Unknown or Prefer Not To Say","30 - 34","All","Female","Main scheme applicant","All","5","0"," "
"2019","White","35 and over","All","Female","Main scheme applicant","All","680","315","0.465"
"2020","White","35 and over","All","Female","Main scheme applicant","All","755","375","0.496"
"2021","White","35 and over","All","Female","Main scheme applicant","All","795","320","0.402"
"2022","White","35 and over","All","Female","Main scheme applicant","All","620","345","0.552"
"2023","White","35 and over","All","Female","Main scheme applicant","All","495","295","0.598"
"2019","Black","35 and over","All","Female","Main scheme applicant","All","10","5"," "
"2020","Black","35 and over","All","Female","Main scheme applicant","All","20","5"," "
"2021","Black","35 and over","All","Female","Main scheme applicant","All","10","0"," "
"2022","Black","35 and over","All","Female","Main scheme applicant","All","10","0"," "
"2023","Black","35 and over","All","Female","Main scheme applicant","All","20","5"," "
"2019","Asian","35 and over","All","Female","Main scheme applicant","All","50","20","0.353"
"2020","Asian","35 and over","All","Female","Main scheme applicant","All","45","15","0.277"
"2021","Asian","35 and over","All","Female","Main scheme applicant","All","50","25","0.47900000000000004"
"2022","Asian","35 and over","All","Female","Main scheme applicant","All","35","10","0.343"
"2023","Asian","35 and over","All","Female","Main scheme applicant","All","40","15","0.39"
"2019","Mixed","35 and over","All","Female","Main scheme applicant","All","15","5"," "
"2020","Mixed","35 and over","All","Female","Main scheme applicant","All","15","5"," "
"2021","Mixed","35 and over","All","Female","Main scheme applicant","All","15","5"," "
"2022","Mixed","35 and over","All","Female","Main scheme applicant","All","15","5"," "
"2023","Mixed","35 and over","All","Female","Main scheme applicant","All","10","10"," "
"2019","Other","35 and over","All","Female","Main scheme applicant","All","15","5"," "
"2020","Other","35 and over","All","Female","Main scheme applicant","All","10","5"," "
"2021","Other","35 and over","All","Female","Main scheme applicant","All","10","0"," "
"2022","Other","35 and over","All","Female","Main scheme applicant","All","10","5"," "
"2023","Other","35 and over","All","Female","Main scheme applicant","All","15","5"," "
"2019","Unknown or Prefer Not To Say","35 and over","All","Female","Main scheme applicant","All","10","5"," "
"2020","Unknown or Prefer Not To Say","35 and over","All","Female","Main scheme applicant","All","5","0"," "
"2021","Unknown or Prefer Not To Say","35 and over","All","Female","Main scheme applicant","All","15","10"," "
"2022","Unknown or Prefer Not To Say","35 and over","All","Female","Main scheme applicant","All","10","5"," "
"2023","Unknown or Prefer Not To Say","35 and over","All","Female","Main scheme applicant","All","10","5"," "
"2019","White","18","All","Male","Main scheme applicant","All","5","0"," "
"2020","White","18","All","Male","Main scheme applicant","All","5","0"," "
"2021","White","18","All","Male","Main scheme applicant","All","5","0"," "
"2022","White","18","All","Male","Main scheme applicant","All","10","0"," "
"2023","White","18","All","Male","Main scheme applicant","All","10","0"," "
"2023","White","19","All","Male","Main scheme applicant","All","5","0"," "
"2021","White","20","All","Male","Main scheme applicant","All","5","0"," "
"2022","White","20","All","Male","Main scheme applicant","All","5","0"," "
"2023","White","20","All","Male","Main scheme applicant","All","10","0"," "
"2019","White","21 - 24","All","Male","Main scheme applicant","All","445","185","0.419"
"2020","White","21 - 24","All","Male","Main scheme applicant","All","410","185","0.453"
"2021","White","21 - 24","All","Male","Main scheme applicant","All","545","200","0.367"
"2022","White","21 - 24","All","Male","Main scheme applicant","All","595","275","0.465"
"2023","White","21 - 24","All","Male","Main scheme applicant","All","500","290","0.577"
"2022","Black","21 - 24","All","Male","Main scheme applicant","All","5","0"," "
"2019","Asian","21 - 24","All","Male","Main scheme applicant","All","10","5"," "
"2020","Asian","21 - 24","All","Male","Main scheme applicant","All","10","5"," "
"2021","Asian","21 - 24","All","Male","Main scheme applicant","All","10","5"," "
"2022","Asian","21 - 24","All","Male","Main scheme applicant","All","5","0"," "
"2023","Asian","21 - 24","All","Male","Main scheme applicant","All","10","10"," "
"2019","Mixed","21 - 24","All","Male","Main scheme applicant","All","5","0"," "
"2020","Mixed","21 - 24","All","Male","Main scheme applicant","All","5","0"," "
"2021","Mixed","21 - 24","All","Male","Main scheme applicant","All","10","5"," "
"2022","Mixed","21 - 24","All","Male","Main scheme applicant","All","10","5"," "
"2023","Mixed","21 - 24","All","Male","Main scheme applicant","All","10","5"," "
"2020","Unknown or Prefer Not To Say","21 - 24","All","Male","Main scheme applicant","All","5","0"," "
"2021","Unknown or Prefer Not To Say","21 - 24","All","Male","Main scheme applicant","All","5","0"," "
"2022","Unknown or Prefer Not To Say","21 - 24","All","Male","Main scheme applicant","All","5","5"," "
"2023","Unknown or Prefer Not To Say","21 - 24","All","Male","Main scheme applicant","All","5","5"," "
"2019","White","25 - 29","All","Male","Main scheme applicant","All","380","175","0.457"
"2020","White","25 - 29","All","Male","Main scheme applicant","All","435","205","0.47200000000000003"
"2021","White","25 - 29","All","Male","Main scheme applicant","All","500","195","0.387"
"2022","White","25 - 29","All","Male","Main scheme applicant","All","430","230","0.53"
"2023","White","25 - 29","All","Male","Main scheme applicant","All","345","195","0.5630000000000001"
"2019","Asian","25 - 29","All","Male","Main scheme applicant","All","5","5"," "
"2020","Asian","25 - 29","All","Male","Main scheme applicant","All","5","5"," "
"2021","Asian","25 - 29","All","Male","Main scheme applicant","All","10","5"," "
"2022","Asian","25 - 29","All","Male","Main scheme applicant","All","5","5"," "
"2023","Asian","25 - 29","All","Male","Main scheme applicant","All","10","5"," "
"2019","Mixed","25 - 29","All","Male","Main scheme applicant","All","5","0"," "
"2020","Mixed","25 - 29","All","Male","Main scheme applicant","All","5","0"," "
"2021","Mixed","25 - 29","All","Male","Main scheme applicant","All","10","5"," "
"2022","Mixed","25 - 29","All","Male","Main scheme applicant","All","10","0"," "
"2023","Mixed","25 - 29","All","Male","Main scheme applicant","All","10","10"," "
"2020","Other","25 - 29","All","Male","Main scheme applicant","All","5","0"," "
"2023","Other","25 - 29","All","Male","Main scheme applicant","All","5","0"," "
"2019","Unknown or Prefer Not To Say","25 - 29","All","Male","Main scheme applicant","All","5","0"," "
"2020","Unknown or Prefer Not To Say","25 - 29","All","Male","Main scheme applicant","All","5","0"," "
"2021","Unknown or Prefer Not To Say","25 - 29","All","Male","Main scheme applicant","All","10","5"," "
"2022","Unknown or Prefer Not To Say","25 - 29","All","Male","Main scheme applicant","All","5","5"," "
"2023","Unknown or Prefer Not To Say","25 - 29","All","Male","Main scheme applicant","All","5","0"," "
"2019","White","30 - 34","All","Male","Main scheme applicant","All","190","95","0.487"
"2020","White","30 - 34","All","Male","Main scheme applicant","All","200","95","0.465"
"2021","White","30 - 34","All","Male","Main scheme applicant","All","225","95","0.41600000000000004"
"2022","White","30 - 34","All","Male","Main scheme applicant","All","215","115","0.537"
"2023","White","30 - 34","All","Male","Main scheme applicant","All","140","70","0.496"
"2022","Black","30 - 34","All","Male","Main scheme applicant","All","5","0"," "
"2019","Asian","30 - 34","All","Male","Main scheme applicant","All","5","5"," "
"2021","Asian","30 - 34","All","Male","Main scheme applicant","All","5","0"," "
"2022","Asian","30 - 34","All","Male","Main scheme applicant","All","5","0"," "
"2023","Asian","30 - 34","All","Male","Main scheme applicant","All","5","0"," "
"2020","Mixed","30 - 34","All","Male","Main scheme applicant","All","5","0"," "
"2021","Mixed","30 - 34","All","Male","Main scheme applicant","All","5","0"," "
"2022","Mixed","30 - 34","All","Male","Main scheme applicant","All","5","5"," "
"2023","Mixed","30 - 34","All","Male","Main scheme applicant","All","5","0"," "
"2019","Unknown or Prefer Not To Say","30 - 34","All","Male","Main scheme applicant","All","5","0"," "
"2020","Unknown or Prefer Not To Say","30 - 34","All","Male","Main scheme applicant","All","5","0"," "
"2021","Unknown or Prefer Not To Say","30 - 34","All","Male","Main scheme applicant","All","10","5"," "
"2022","Unknown or Prefer Not To Say","30 - 34","All","Male","Main scheme applicant","All","10","10"," "
"2023","Unknown or Prefer Not To Say","30 - 34","All","Male","Main scheme applicant","All","5","5"," "
"2019","White","35 and over","All","Male","Main scheme applicant","All","280","135","0.48"
"2020","White","35 and over","All","Male","Main scheme applicant","All","270","120","0.454"
"2021","White","35 and over","All","Male","Main scheme applicant","All","320","115","0.362"
"2022","White","35 and over","All","Male","Main scheme applicant","All","245","125","0.5"
"2023","White","35 and over","All","Male","Main scheme applicant","All","175","90","0.514"
"2019","Black","35 and over","All","Male","Main scheme applicant","All","10","0"," "
"2020","Black","35 and over","All","Male","Main scheme applicant","All","10","5"," "
"2021","Black","35 and over","All","Male","Main scheme applicant","All","10","5"," "
"2022","Black","35 and over","All","Male","Main scheme applicant","All","10","5"," "
"2019","Asian","35 and over","All","Male","Main scheme applicant","All","25","5"," "
"2020","Asian","35 and over","All","Male","Main scheme applicant","All","10","5"," "
"2021","Asian","35 and over","All","Male","Main scheme applicant","All","5","0"," "
"2022","Asian","35 and over","All","Male","Main scheme applicant","All","10","5"," "
"2023","Asian","35 and over","All","Male","Main scheme applicant","All","10","5"," "
"2019","Mixed","35 and over","All","Male","Main scheme applicant","All","5","0"," "
"2020","Mixed","35 and over","All","Male","Main scheme applicant","All","5","5"," "
"2021","Mixed","35 and over","All","Male","Main scheme applicant","All","5","0"," "
"2023","Mixed","35 and over","All","Male","Main scheme applicant","All","5","5"," "
"2020","Other","35 and over","All","Male","Main scheme applicant","All","5","5"," "
"2021","Other","35 and over","All","Male","Main scheme applicant","All","5","0"," "
"2022","Other","35 and over","All","Male","Main scheme applicant","All","5","0"," "
"2023","Other","35 and over","All","Male","Main scheme applicant","All","5","0"," "
"2019","Unknown or Prefer Not To Say","35 and over","All","Male","Main scheme applicant","All","10","5"," "
"2020","Unknown or Prefer Not To Say","35 and over","All","Male","Main scheme applicant","All","15","5"," "
"2021","Unknown or Prefer Not To Say","35 and over","All","Male","Main scheme applicant","All","10","5"," "
"2022","Unknown or Prefer Not To Say","35 and over","All","Male","Main scheme applicant","All","10","0"," "
"2023","Unknown or Prefer Not To Say","35 and over","All","Male","Main scheme applicant","All","15","5"," "
"2019","All","21 - 24","All","Female","Not main scheme applicant","All","15","15","0.8130000000000001"
"2020","All","21 - 24","All","Female","Not main scheme applicant","All","25","20","0.76"
"2021","All","21 - 24","All","Female","Not main scheme applicant","All","20","15","0.684"
"2022","All","21 - 24","All","Female","Not main scheme applicant","All","50","35","0.725"
"2023","All","21 - 24","All","Female","Not main scheme applicant","All","65","55","0.803"
"2019","All","25 - 29","All","Female","Not main scheme applicant","All","20","15","0.773"
"2020","All","25 - 29","All","Female","Not main scheme applicant","All","35","30","0.853"
"2021","All","25 - 29","All","Female","Not main scheme applicant","All","10","5"," "
"2022","All","25 - 29","All","Female","Not main scheme applicant","All","40","30","0.762"
"2023","All","25 - 29","All","Female","Not main scheme applicant","All","35","30","0.853"
"2019","All","30 - 34","All","Female","Not main scheme applicant","All","5","5"," "
"2020","All","30 - 34","All","Female","Not main scheme applicant","All","15","10","0.733"
"2021","All","30 - 34","All","Female","Not main scheme applicant","All","5","5"," "
"2022","All","30 - 34","All","Female","Not main scheme applicant","All","15","10","0.733"
"2023","All","30 - 34","All","Female","Not main scheme applicant","All","15","15","0.882"
"2019","All","35 and over","All","Female","Not main scheme applicant","All","20","15","0.682"
"2020","All","35 and over","All","Female","Not main scheme applicant","All","30","20","0.677"
"2021","All","35 and over","All","Female","Not main scheme applicant","All","20","15","0.81"
"2022","All","35 and over","All","Female","Not main scheme applicant","All","35","25","0.771"
"2023","All","35 and over","All","Female","Not main scheme applicant","All","35","25","0.771"
"2019","All","21 - 24","All","Male","Not main scheme applicant","All","10","10"," "
"2020","All","21 - 24","All","Male","Not main scheme applicant","All","20","15","0.8"
"2021","All","21 - 24","All","Male","Not main scheme applicant","All","10","5"," "
"2022","All","21 - 24","All","Male","Not main scheme applicant","All","40","35","0.872"
"2023","All","21 - 24","All","Male","Not main scheme applicant","All","40","35","0.857"
"2019","All","25 - 29","All","Male","Not main scheme applicant","All","10","10","0.917"
"2020","All","25 - 29","All","Male","Not main scheme applicant","All","30","25","0.8130000000000001"
"2021","All","25 - 29","All","Male","Not main scheme applicant","All","5","5"," "
"2022","All","25 - 29","All","Male","Not main scheme applicant","All","25","20","0.792"
"2023","All","25 - 29","All","Male","Not main scheme applicant","All","25","20","0.833"
"2019","All","30 - 34","All","Male","Not main scheme applicant","All","5","5"," "
"2020","All","30 - 34","All","Male","Not main scheme applicant","All","5","5"," "
"2021","All","30 - 34","All","Male","Not main scheme applicant","All","5","5"," "
"2022","All","30 - 34","All","Male","Not main scheme applicant","All","5","5"," "
"2023","All","30 - 34","All","Male","Not main scheme applicant","All","10","10","0.833"
"2019","All","35 and over","All","Male","Not main scheme applicant","All","10","5"," "
"2020","All","35 and over","All","Male","Not main scheme applicant","All","20","15","0.81"
"2021","All","35 and over","All","Male","Not main scheme applicant","All","10","5"," "
"2022","All","35 and over","All","Male","Not main scheme applicant","All","20","15","0.684"
"2023","All","35 and over","All","Male","Not main scheme applicant","All","30","25","0.893"
"2019","All","18","All","Female","Main scheme applicant","All","10","0"," "
"2020","All","18","All","Female","Main scheme applicant","All","30","0"," "
"2021","All","18","All","Female","Main scheme applicant","All","20","0"," "
"2022","All","18","All","Female","Main scheme applicant","All","40","0"," "
"2023","All","18","All","Female","Main scheme applicant","All","25","0"," "
"2019","All","19","All","Female","Main scheme applicant","All","5","0"," "
"2020","All","19","All","Female","Main scheme applicant","All","5","0"," "
"2021","All","19","All","Female","Main scheme applicant","All","5","0"," "
"2022","All","19","All","Female","Main scheme applicant","All","10","0"," "
"2023","All","19","All","Female","Main scheme applicant","All","10","0"," "
"2019","All","20","All","Female","Main scheme applicant","All","5","0"," "
"2020","All","20","All","Female","Main scheme applicant","All","10","0"," "
"2021","All","20","All","Female","Main scheme applicant","All","15","0"," "
"2022","All","20","All","Female","Main scheme applicant","All","10","0"," "
"2023","All","20","All","Female","Main scheme applicant","All","5","0"," "
"2019","All","21 - 24","All","Female","Main scheme applicant","All","1240","680","0.55"
"2020","All","21 - 24","All","Female","Main scheme applicant","All","1345","730","0.542"
"2021","All","21 - 24","All","Female","Main scheme applicant","All","1690","740","0.437"
"2022","All","21 - 24","All","Female","Main scheme applicant","All","1740","1065","0.611"
"2023","All","21 - 24","All","Female","Main scheme applicant","All","1525","945","0.621"
"2019","All","25 - 29","All","Female","Main scheme applicant","All","985","550","0.557"
"2020","All","25 - 29","All","Female","Main scheme applicant","All","935","515","0.554"
"2021","All","25 - 29","All","Female","Main scheme applicant","All","1200","570","0.47400000000000003"
"2022","All","25 - 29","All","Female","Main scheme applicant","All","960","555","0.579"
"2023","All","25 - 29","All","Female","Main scheme applicant","All","720","435","0.602"
"2019","All","30 - 34","All","Female","Main scheme applicant","All","425","195","0.463"
"2020","All","30 - 34","All","Female","Main scheme applicant","All","445","250","0.561"
"2021","All","30 - 34","All","Female","Main scheme applicant","All","500","195","0.394"
"2022","All","30 - 34","All","Female","Main scheme applicant","All","385","225","0.59"
"2023","All","30 - 34","All","Female","Main scheme applicant","All","320","190","0.597"
"2019","All","35 and over","All","Female","Main scheme applicant","All","785","355","0.451"
"2020","All","35 and over","All","Female","Main scheme applicant","All","850","405","0.47500000000000003"
"2021","All","35 and over","All","Female","Main scheme applicant","All","895","360","0.401"
"2022","All","35 and over","All","Female","Main scheme applicant","All","700","370","0.527"
"2023","All","35 and over","All","Female","Main scheme applicant","All","585","335","0.5690000000000001"
"2019","All","18","All","Male","Main scheme applicant","All","5","0"," "
"2020","All","18","All","Male","Main scheme applicant","All","5","0"," "
"2021","All","18","All","Male","Main scheme applicant","All","10","0"," "
"2022","All","18","All","Male","Main scheme applicant","All","10","0"," "
"2023","All","18","All","Male","Main scheme applicant","All","15","0"," "
"2022","All","19","All","Male","Main scheme applicant","All","5","0"," "
"2023","All","19","All","Male","Main scheme applicant","All","5","0"," "
"2021","All","20","All","Male","Main scheme applicant","All","5","0"," "
"2022","All","20","All","Male","Main scheme applicant","All","5","0"," "
"2023","All","20","All","Male","Main scheme applicant","All","10","0"," "
"2019","All","21 - 24","All","Male","Main scheme applicant","All","465","190","0.41300000000000003"
"2020","All","21 - 24","All","Male","Main scheme applicant","All","435","190","0.442"
"2021","All","21 - 24","All","Male","Main scheme applicant","All","575","210","0.367"
"2022","All","21 - 24","All","Male","Main scheme applicant","All","625","290","0.464"
"2023","All","21 - 24","All","Male","Main scheme applicant","All","525","305","0.58"
"2019","All","25 - 29","All","Male","Main scheme applicant","All","400","180","0.456"
"2020","All","25 - 29","All","Male","Main scheme applicant","All","450","215","0.47500000000000003"
"2021","All","25 - 29","All","Male","Main scheme applicant","All","530","205","0.391"
"2022","All","25 - 29","All","Male","Main scheme applicant","All","450","235","0.527"
"2023","All","25 - 29","All","Male","Main scheme applicant","All","375","210","0.56"
"2019","All","30 - 34","All","Male","Main scheme applicant","All","205","100","0.483"
"2020","All","30 - 34","All","Male","Main scheme applicant","All","210","95","0.459"
"2021","All","30 - 34","All","Male","Main scheme applicant","All","245","100","0.40800000000000003"
"2022","All","30 - 34","All","Male","Main scheme applicant","All","240","130","0.536"
"2023","All","30 - 34","All","Male","Main scheme applicant","All","160","80","0.5"
"2019","All","35 and over","All","Male","Main scheme applicant","All","330","150","0.451"
"2020","All","35 and over","All","Male","Main scheme applicant","All","315","145","0.451"
"2021","All","35 and over","All","Male","Main scheme applicant","All","355","130","0.361"
"2022","All","35 and over","All","Male","Main scheme applicant","All","285","135","0.47000000000000003"
"2023","All","35 and over","All","Male","Main scheme applicant","All","210","100","0.47600000000000003"
"2019","White","All","All","Female","Not main scheme applicant","All","55","45","0.754"
"2020","White","All","All","Female","Not main scheme applicant","All","90","70","0.758"
"2021","White","All","All","Female","Not main scheme applicant","All","55","40","0.704"
"2022","White","All","All","Female","Not main scheme applicant","All","120","90","0.736"
"2023","White","All","All","Female","Not main scheme applicant","All","130","110","0.8180000000000001"
"2019","Asian","All","All","Female","Not main scheme applicant","All","5","0"," "
"2020","Asian","All","All","Female","Not main scheme applicant","All","10","5"," "
"2021","Asian","All","All","Female","Not main scheme applicant","All","5","5"," "
"2022","Asian","All","All","Female","Not main scheme applicant","All","10","5"," "
"2023","Asian","All","All","Female","Not main scheme applicant","All","10","5"," "
"2019","Mixed","All","All","Female","Not main scheme applicant","All","5","0"," "
"2022","Mixed","All","All","Female","Not main scheme applicant","All","5","5"," "
"2023","Mixed","All","All","Female","Not main scheme applicant","All","5","5"," "
"2019","Other","All","All","Female","Not main scheme applicant","All","5","0"," "
"2020","Unknown or Prefer Not To Say","All","All","Female","Not main scheme applicant","All","5","5"," "
"2022","Unknown or Prefer Not To Say","All","All","Female","Not main scheme applicant","All","5","5"," "
"2023","Unknown or Prefer Not To Say","All","All","Female","Not main scheme applicant","All","5","5"," "
"2019","White","All","All","Male","Not main scheme applicant","All","30","25","0.844"
"2020","White","All","All","Male","Not main scheme applicant","All","70","60","0.8290000000000001"
"2021","White","All","All","Male","Not main scheme applicant","All","25","20","0.8260000000000001"
"2022","White","All","All","Male","Not main scheme applicant","All","75","60","0.811"
"2023","White","All","All","Male","Not main scheme applicant","All","90","80","0.89"
"2021","Black","All","All","Male","Not main scheme applicant","All","5","5"," "
"2020","Asian","All","All","Male","Not main scheme applicant","All","5","0"," "
"2022","Asian","All","All","Male","Not main scheme applicant","All","5","5"," "
"2023","Asian","All","All","Male","Not main scheme applicant","All","5","0"," "
"2022","Mixed","All","All","Male","Not main scheme applicant","All","5","0"," "
"2023","Mixed","All","All","Male","Not main scheme applicant","All","5","0"," "
"2023","Other","All","All","Male","Not main scheme applicant","All","5","5"," "
"2020","Unknown or Prefer Not To Say","All","All","Male","Not main scheme applicant","All","5","5"," "
"2022","Unknown or Prefer Not To Say","All","All","Male","Not main scheme applicant","All","5","0"," "
"2023","Unknown or Prefer Not To Say","All","All","Male","Not main scheme applicant","All","5","5"," "
"2019","White","All","All","Female","Main scheme applicant","All","3200","1685","0.526"
"2020","White","All","All","Female","Main scheme applicant","All","3365","1795","0.534"
"2021","White","All","All","Female","Main scheme applicant","All","4040","1750","0.434"
"2022","White","All","All","Female","Main scheme applicant","All","3600","2095","0.583"
"2023","White","All","All","Female","Main scheme applicant","All","2920","1775","0.607"
"2019","Black","All","All","Female","Main scheme applicant","All","25","10"," "
"2020","Black","All","All","Female","Main scheme applicant","All","30","5"," "
"2021","Black","All","All","Female","Main scheme applicant","All","25","5"," "
"2022","Black","All","All","Female","Main scheme applicant","All","20","5"," "
"2023","Black","All","All","Female","Main scheme applicant","All","40","15","0.325"
"2019","Asian","All","All","Female","Main scheme applicant","All","135","50","0.373"
"2020","Asian","All","All","Female","Main scheme applicant","All","125","55","0.431"
"2021","Asian","All","All","Female","Main scheme applicant","All","150","55","0.383"
"2022","Asian","All","All","Female","Main scheme applicant","All","120","50","0.441"
"2023","Asian","All","All","Female","Main scheme applicant","All","120","55","0.47500000000000003"
"2019","Mixed","All","All","Female","Main scheme applicant","All","55","25","0.444"
"2020","Mixed","All","All","Female","Main scheme applicant","All","50","25","0.519"
"2021","Mixed","All","All","Female","Main scheme applicant","All","55","25","0.464"
"2022","Mixed","All","All","Female","Main scheme applicant","All","70","40","0.588"
"2023","Mixed","All","All","Female","Main scheme applicant","All","60","40","0.65"
"2019","Other","All","All","Female","Main scheme applicant","All","20","5"," "
"2020","Other","All","All","Female","Main scheme applicant","All","25","10","0.385"
"2021","Other","All","All","Female","Main scheme applicant","All","25","10"," "
"2022","Other","All","All","Female","Main scheme applicant","All","25","10","0.48"
"2023","Other","All","All","Female","Main scheme applicant","All","30","15","0.448"
"2019","Unknown or Prefer Not To Say","All","All","Female","Main scheme applicant","All","25","10","0.462"
"2020","Unknown or Prefer Not To Say","All","All","Female","Main scheme applicant","All","20","10","0.47600000000000003"
"2021","Unknown or Prefer Not To Say","All","All","Female","Main scheme applicant","All","35","15","0.405"
"2022","Unknown or Prefer Not To Say","All","All","Female","Main scheme applicant","All","15","10","0.625"
"2023","Unknown or Prefer Not To Say","All","All","Female","Main scheme applicant","All","20","10","0.526"
"2019","White","All","All","Male","Main scheme applicant","All","1300","585","0.451"
"2020","White","All","All","Male","Main scheme applicant","All","1325","605","0.459"
"2021","White","All","All","Male","Main scheme applicant","All","1600","605","0.377"
"2022","White","All","All","Male","Main scheme applicant","All","1505","745","0.495"
"2023","White","All","All","Male","Main scheme applicant","All","1185","645","0.544"
"2019","Black","All","All","Male","Main scheme applicant","All","10","0"," "
"2020","Black","All","All","Male","Main scheme applicant","All","15","5"," "
"2021","Black","All","All","Male","Main scheme applicant","All","15","5"," "
"2022","Black","All","All","Male","Main scheme applicant","All","20","5"," "
"2023","Black","All","All","Male","Main scheme applicant","All","5","0"," "
"2019","Asian","All","All","Male","Main scheme applicant","All","45","20","0.40900000000000003"
"2020","Asian","All","All","Male","Main scheme applicant","All","25","15","0.556"
"2021","Asian","All","All","Male","Main scheme applicant","All","30","10","0.379"
"2022","Asian","All","All","Male","Main scheme applicant","All","25","10","0.385"
"2023","Asian","All","All","Male","Main scheme applicant","All","35","20","0.528"
"2019","Mixed","All","All","Male","Main scheme applicant","All","15","5"," "
"2020","Mixed","All","All","Male","Main scheme applicant","All","20","5"," "
"2021","Mixed","All","All","Male","Main scheme applicant","All","25","10"," "
"2022","Mixed","All","All","Male","Main scheme applicant","All","30","10","0.4"
"2023","Mixed","All","All","Male","Main scheme applicant","All","35","20","0.5"
"2019","Other","All","All","Male","Main scheme applicant","All","5","0"," "
"2020","Other","All","All","Male","Main scheme applicant","All","10","5"," "
"2021","Other","All","All","Male","Main scheme applicant","All","10","0"," "
"2022","Other","All","All","Male","Main scheme applicant","All","10","0"," "
"2023","Other","All","All","Male","Main scheme applicant","All","10","5"," "
"2019","Unknown or Prefer Not To Say","All","All","Male","Main scheme applicant","All","25","10"," "
"2020","Unknown or Prefer Not To Say","All","All","Male","Main scheme applicant","All","25","10"," "
"2021","Unknown or Prefer Not To Say","All","All","Male","Main scheme applicant","All","35","15","0.405"
"2022","Unknown or Prefer Not To Say","All","All","Male","Main scheme applicant","All","30","15","0.5670000000000001"
"2023","Unknown or Prefer Not To Say","All","All","Male","Main scheme applicant","All","30","15","0.448"
"2019","All","All","All","Female","Not main scheme applicant","All","65","50","0.731"
"2020","All","All","All","Female","Not main scheme applicant","All","105","80","0.762"
"2021","All","All","All","Female","Not main scheme applicant","All","60","45","0.729"
"2022","All","All","All","Female","Not main scheme applicant","All","145","105","0.748"
"2023","All","All","All","Female","Not main scheme applicant","All","150","125","0.8160000000000001"
"2019","All","All","All","Male","Not main scheme applicant","All","35","30","0.857"
"2020","All","All","All","Male","Not main scheme applicant","All","80","65","0.8230000000000001"
"2021","All","All","All","Male","Not main scheme applicant","All","30","20","0.786"
"2022","All","All","All","Male","Not main scheme applicant","All","90","70","0.775"
"2023","All","All","All","Male","Not main scheme applicant","All","105","90","0.858"
"2019","All","All","All","Female","Main scheme applicant","All","3455","1780","0.515"
"2020","All","All","All","Female","Main scheme applicant","All","3615","1905","0.526"
"2021","All","All","All","Female","Main scheme applicant","All","4330","1865","0.431"
"2022","All","All","All","Female","Main scheme applicant","All","3845","2220","0.577"
"2023","All","All","All","Female","Main scheme applicant","All","3185","1905","0.597"
"2019","All","All","All","Male","Main scheme applicant","All","1400","620","0.442"
"2020","All","All","All","Male","Main scheme applicant","All","1420","645","0.455"
"2021","All","All","All","Male","Main scheme applicant","All","1720","645","0.377"
"2022","All","All","All","Male","Main scheme applicant","All","1620","790","0.488"
"2023","All","All","All","Male","Main scheme applicant","All","1300","700","0.537"
"2019","White","21 - 24","England","All","Not main scheme applicant","All","5","5"," "
"2020","White","21 - 24","England","All","Not main scheme applicant","All","5","5"," "
"2021","White","21 - 24","England","All","Not main scheme applicant","All","5","0"," "
"2022","White","21 - 24","England","All","Not main scheme applicant","All","10","10"," "
"2023","White","21 - 24","England","All","Not main scheme applicant","All","10","10","1"
"2019","White","21 - 24","Scotland","All","Not main scheme applicant","All","20","20","0.857"
"2020","White","21 - 24","Scotland","All","Not main scheme applicant","All","35","25","0.743"
"2021","White","21 - 24","Scotland","All","Not main scheme applicant","All","20","15","0.85"
"2022","White","21 - 24","Scotland","All","Not main scheme applicant","All","20","15","0.889"
"2023","White","21 - 24","Scotland","All","Not main scheme applicant","All","25","15","0.6960000000000001"
"2022","White","21 - 24","Wales","All","Not main scheme applicant","All","50","40","0.8160000000000001"
"2023","White","21 - 24","Wales","All","Not main scheme applicant","All","60","50","0.847"
"2023","Asian","21 - 24","Scotland","All","Not main scheme applicant","All","5","5"," "
"2022","Asian","21 - 24","Wales","All","Not main scheme applicant","All","5","0"," "
"2023","Asian","21 - 24","Wales","All","Not main scheme applicant","All","5","0"," "
"2023","Unknown or Prefer Not To Say","21 - 24","Wales","All","Not main scheme applicant","All","5","5"," "
"2019","White","25 - 29","England","All","Not main scheme applicant","All","5","5"," "
"2020","White","25 - 29","England","All","Not main scheme applicant","All","10","10"," "
"2022","White","25 - 29","England","All","Not main scheme applicant","All","5","5"," "
"2023","White","25 - 29","England","All","Not main scheme applicant","All","10","10","1"
"2019","White","25 - 29","Scotland","All","Not main scheme applicant","All","30","25","0.8280000000000001"
"2020","White","25 - 29","Scotland","All","Not main scheme applicant","All","50","40","0.8160000000000001"
"2021","White","25 - 29","Scotland","All","Not main scheme applicant","All","15","10"," "
"2022","White","25 - 29","Scotland","All","Not main scheme applicant","All","20","10","0.632"
"2023","White","25 - 29","Scotland","All","Not main scheme applicant","All","20","15","0.85"
"2022","White","25 - 29","Wales","All","Not main scheme applicant","All","30","25","0.767"
"2023","White","25 - 29","Wales","All","Not main scheme applicant","All","15","15","0.765"
"2022","Asian","25 - 29","Scotland","All","Not main scheme applicant","All","5","0"," "
"2023","Other","25 - 29","Scotland","All","Not main scheme applicant","All","5","5"," "
"2022","Unknown or Prefer Not To Say","25 - 29","Scotland","All","Not main scheme applicant","All","5","5"," "
"2020","White","30 - 34","England","All","Not main scheme applicant","All","5","5"," "
"2021","White","30 - 34","England","All","Not main scheme applicant","All","5","5"," "
"2019","White","30 - 34","Scotland","All","Not main scheme applicant","All","10","5"," "
"2020","White","30 - 34","Scotland","All","Not main scheme applicant","All","10","10"," "
"2021","White","30 - 34","Scotland","All","Not main scheme applicant","All","5","5"," "
"2022","White","30 - 34","Scotland","All","Not main scheme applicant","All","10","5"," "
"2023","White","30 - 34","Scotland","All","Not main scheme applicant","All","15","10","0.769"
"2022","White","30 - 34","Wales","All","Not main scheme applicant","All","5","5"," "
"2023","White","30 - 34","Wales","All","Not main scheme applicant","All","10","10"," "
"2019","White","35 and over","England","All","Not main scheme applicant","All","5","5"," "
"2020","White","35 and over","England","All","Not main scheme applicant","All","10","10","0.917"
"2021","White","35 and over","England","All","Not main scheme applicant","All","5","5"," "
"2022","White","35 and over","England","All","Not main scheme applicant","All","5","5"," "
"2023","White","35 and over","England","All","Not main scheme applicant","All","5","5"," "
"2019","White","35 and over","Scotland","All","Not main scheme applicant","All","15","10"," "
"2020","White","35 and over","Scotland","All","Not main scheme applicant","All","30","20","0.656"
"2021","White","35 and over","Scotland","All","Not main scheme applicant","All","20","15","0.737"
"2022","White","35 and over","Scotland","All","Not main scheme applicant","All","20","15","0.727"
"2023","White","35 and over","Scotland","All","Not main scheme applicant","All","35","30","0.833"
"2022","White","35 and over","Wales","All","Not main scheme applicant","All","15","15","0.8130000000000001"
"2023","White","35 and over","Wales","All","Not main scheme applicant","All","15","15","0.867"
"2019","Asian","35 and over","Scotland","All","Not main scheme applicant","All","5","5"," "
"2020","Asian","35 and over","Scotland","All","Not main scheme applicant","All","5","5"," "
"2022","Asian","35 and over","Scotland","All","Not main scheme applicant","All","5","0"," "
"2020","White","18","England","All","Main scheme applicant","All","5","0"," "
"2022","White","18","England","All","Main scheme applicant","All","5","0"," "
"2023","White","18","England","All","Main scheme applicant","All","5","0"," "
"2019","White","18","Scotland","All","Main scheme applicant","All","15","0"," "
"2020","White","18","Scotland","All","Main scheme applicant","All","25","0"," "
"2021","White","18","Scotland","All","Main scheme applicant","All","25","0"," "
"2022","White","18","Scotland","All","Main scheme applicant","All","20","0"," "
"2023","White","18","Scotland","All","Main scheme applicant","All","20","0"," "
"2020","White","18","Wales","All","Main scheme applicant","All","5","0"," "
"2022","White","18","Wales","All","Main scheme applicant","All","20","0"," "
"2023","White","18","Wales","All","Main scheme applicant","All","5","0"," "
"2019","White","19","Scotland","All","Main scheme applicant","All","5","0"," "
"2021","White","19","Scotland","All","Main scheme applicant","All","5","0"," "
"2022","White","19","Scotland","All","Main scheme applicant","All","10","0"," "
"2023","White","19","Scotland","All","Main scheme applicant","All","10","0"," "
"2019","White","20","Scotland","All","Main scheme applicant","All","5","0"," "
"2020","White","20","Scotland","All","Main scheme applicant","All","10","0"," "
"2021","White","20","Scotland","All","Main scheme applicant","All","15","0"," "
"2022","White","20","Scotland","All","Main scheme applicant","All","10","0"," "
"2023","White","20","Scotland","All","Main scheme applicant","All","10","0"," "
"2023","White","20","Wales","All","Main scheme applicant","All","5","0"," "
"2019","White","21 - 24","Northern Ireland","All","Main scheme applicant","All","60","10","0.17200000000000001"
"2020","White","21 - 24","Northern Ireland","All","Main scheme applicant","All","40","10"," "
"2021","White","21 - 24","Northern Ireland","All","Main scheme applicant","All","65","15","0.254"
"2022","White","21 - 24","Northern Ireland","All","Main scheme applicant","All","45","15","0.28300000000000003"
"2023","White","21 - 24","Northern Ireland","All","Main scheme applicant","All","25","10"," "
"2019","White","21 - 24","England","All","Main scheme applicant","All","65","25","0.429"
"2020","White","21 - 24","England","All","Main scheme applicant","All","45","20","0.442"
"2021","White","21 - 24","England","All","Main scheme applicant","All","75","20","0.297"
"2022","White","21 - 24","England","All","Main scheme applicant","All","140","60","0.449"
"2023","White","21 - 24","England","All","Main scheme applicant","All","120","50","0.437"
"2019","White","21 - 24","Scotland","All","Main scheme applicant","All","1495","800","0.535"
"2020","White","21 - 24","Scotland","All","Main scheme applicant","All","1610","855","0.532"
"2021","White","21 - 24","Scotland","All","Main scheme applicant","All","2015","870","0.431"
"2022","White","21 - 24","Scotland","All","Main scheme applicant","All","1455","760","0.523"
"2023","White","21 - 24","Scotland","All","Main scheme applicant","All","1220","705","0.578"
"2020","White","21 - 24","Wales","All","Main scheme applicant","All","5","0"," "
"2021","White","21 - 24","Wales","All","Main scheme applicant","All","5","0"," "
"2022","White","21 - 24","Wales","All","Main scheme applicant","All","610","455","0.743"
"2023","White","21 - 24","Wales","All","Main scheme applicant","All","575","415","0.726"
"2019","Black","21 - 24","Scotland","All","Main scheme applicant","All","5","0"," "
"2020","Black","21 - 24","Scotland","All","Main scheme applicant","All","5","0"," "
"2021","Black","21 - 24","Scotland","All","Main scheme applicant","All","5","0"," "
"2022","Black","21 - 24","Scotland","All","Main scheme applicant","All","5","0"," "
"2023","Black","21 - 24","Scotland","All","Main scheme applicant","All","10","5"," "
"2022","Black","21 - 24","Wales","All","Main scheme applicant","All","5","0"," "
"2023","Black","21 - 24","Wales","All","Main scheme applicant","All","5","0"," "
"2019","Asian","21 - 24","England","All","Main scheme applicant","All","5","0"," "
"2020","Asian","21 - 24","England","All","Main scheme applicant","All","5","0"," "
"2021","Asian","21 - 24","England","All","Main scheme applicant","All","10","5"," "
"2022","Asian","21 - 24","England","All","Main scheme applicant","All","5","0"," "
"2023","Asian","21 - 24","England","All","Main scheme applicant","All","5","0"," "
"2019","Asian","21 - 24","Scotland","All","Main scheme applicant","All","45","20","0.435"
"2020","Asian","21 - 24","Scotland","All","Main scheme applicant","All","45","25","0.578"
"2021","Asian","21 - 24","Scotland","All","Main scheme applicant","All","50","20","0.373"
"2022","Asian","21 - 24","Scotland","All","Main scheme applicant","All","30","20","0.581"
"2023","Asian","21 - 24","Scotland","All","Main scheme applicant","All","35","25","0.6970000000000001"
"2022","Asian","21 - 24","Wales","All","Main scheme applicant","All","15","5"," "
"2023","Asian","21 - 24","Wales","All","Main scheme applicant","All","10","10"," "
"2019","Mixed","21 - 24","England","All","Main scheme applicant","All","5","0"," "
"2020","Mixed","21 - 24","England","All","Main scheme applicant","All","5","0"," "
"2021","Mixed","21 - 24","England","All","Main scheme applicant","All","5","0"," "
"2022","Mixed","21 - 24","England","All","Main scheme applicant","All","5","0"," "
"2023","Mixed","21 - 24","England","All","Main scheme applicant","All","10","5"," "
"2019","Mixed","21 - 24","Scotland","All","Main scheme applicant","All","20","5"," "
"2020","Mixed","21 - 24","Scotland","All","Main scheme applicant","All","15","5"," "
"2021","Mixed","21 - 24","Scotland","All","Main scheme applicant","All","25","10","0.522"
"2022","Mixed","21 - 24","Scotland","All","Main scheme applicant","All","25","15","0.6"
"2023","Mixed","21 - 24","Scotland","All","Main scheme applicant","All","20","15","0.619"
"2022","Mixed","21 - 24","Wales","All","Main scheme applicant","All","10","10"," "
"2023","Mixed","21 - 24","Wales","All","Main scheme applicant","All","5","5"," "
"2020","Other","21 - 24","Scotland","All","Main scheme applicant","All","5","0"," "
"2021","Other","21 - 24","Scotland","All","Main scheme applicant","All","5","0"," "
"2022","Other","21 - 24","Scotland","All","Main scheme applicant","All","5","0"," "
"2023","Other","21 - 24","Scotland","All","Main scheme applicant","All","5","5"," "
"2019","Unknown or Prefer Not To Say","21 - 24","Scotland","All","Main scheme applicant","All","5","0"," "
"2020","Unknown or Prefer Not To Say","21 - 24","Scotland","All","Main scheme applicant","All","5","0"," "
"2021","Unknown or Prefer Not To Say","21 - 24","Scotland","All","Main scheme applicant","All","15","5"," "
"2022","Unknown or Prefer Not To Say","21 - 24","Scotland","All","Main scheme applicant","All","10","5"," "
"2019","White","25 - 29","Northern Ireland","All","Main scheme applicant","All","25","10","0.423"
"2020","White","25 - 29","Northern Ireland","All","Main scheme applicant","All","20","5"," "
"2021","White","25 - 29","Northern Ireland","All","Main scheme applicant","All","25","10"," "
"2022","White","25 - 29","Northern Ireland","All","Main scheme applicant","All","15","10"," "
"2023","White","25 - 29","Northern Ireland","All","Main scheme applicant","All","10","5"," "
"2019","White","25 - 29","England","All","Main scheme applicant","All","25","10"," "
"2020","White","25 - 29","England","All","Main scheme applicant","All","35","20","0.529"
"2021","White","25 - 29","England","All","Main scheme applicant","All","50","20","0.38"
"2022","White","25 - 29","England","All","Main scheme applicant","All","35","10","0.303"
"2023","White","25 - 29","England","All","Main scheme applicant","All","25","10","0.4"
"2019","White","25 - 29","Scotland","All","Main scheme applicant","All","1265","680","0.538"
"2020","White","25 - 29","Scotland","All","Main scheme applicant","All","1250","670","0.536"
"2021","White","25 - 29","Scotland","All","Main scheme applicant","All","1565","710","0.456"
"2022","White","25 - 29","Scotland","All","Main scheme applicant","All","1070","585","0.549"
"2023","White","25 - 29","Scotland","All","Main scheme applicant","All","780","440","0.5650000000000001"
"2020","White","25 - 29","Wales","All","Main scheme applicant","All","5","0"," "
"2022","White","25 - 29","Wales","All","Main scheme applicant","All","220","150","0.671"
"2023","White","25 - 29","Wales","All","Main scheme applicant","All","195","145","0.738"
"2019","Black","25 - 29","Scotland","All","Main scheme applicant","All","5","0"," "
"2020","Black","25 - 29","Scotland","All","Main scheme applicant","All","5","0"," "
"2021","Black","25 - 29","Scotland","All","Main scheme applicant","All","5","5"," "
"2023","Black","25 - 29","Scotland","All","Main scheme applicant","All","5","0"," "
"2023","Black","25 - 29","Wales","All","Main scheme applicant","All","5","0"," "
"2019","Asian","25 - 29","England","All","Main scheme applicant","All","5","0"," "
"2019","Asian","25 - 29","Scotland","All","Main scheme applicant","All","25","10","0.44"
"2020","Asian","25 - 29","Scotland","All","Main scheme applicant","All","30","15","0.464"
"2021","Asian","25 - 29","Scotland","All","Main scheme applicant","All","40","15","0.395"
"2022","Asian","25 - 29","Scotland","All","Main scheme applicant","All","25","15","0.481"
"2023","Asian","25 - 29","Scotland","All","Main scheme applicant","All","25","15","0.481"
"2023","Asian","25 - 29","Wales","All","Main scheme applicant","All","5","5"," "
"2019","Mixed","25 - 29","Scotland","All","Main scheme applicant","All","20","10","0.556"
"2020","Mixed","25 - 29","Scotland","All","Main scheme applicant","All","20","10","0.5"
"2021","Mixed","25 - 29","Scotland","All","Main scheme applicant","All","20","10","0.47600000000000003"
"2022","Mixed","25 - 29","Scotland","All","Main scheme applicant","All","20","10","0.545"
"2023","Mixed","25 - 29","Scotland","All","Main scheme applicant","All","20","15","0.619"
"2022","Mixed","25 - 29","Wales","All","Main scheme applicant","All","5","0"," "
"2023","Mixed","25 - 29","Wales","All","Main scheme applicant","All","10","5"," "
"2019","Other","25 - 29","Scotland","All","Main scheme applicant","All","5","0"," "
"2020","Other","25 - 29","Scotland","All","Main scheme applicant","All","10","5"," "
"2021","Other","25 - 29","Scotland","All","Main scheme applicant","All","5","0"," "
"2023","Other","25 - 29","Scotland","All","Main scheme applicant","All","5","0"," "
"2023","Other","25 - 29","Wales","All","Main scheme applicant","All","5","5"," "
"2019","Unknown or Prefer Not To Say","25 - 29","Scotland","All","Main scheme applicant","All","10","5"," "
"2020","Unknown or Prefer Not To Say","25 - 29","Scotland","All","Main scheme applicant","All","10","5"," "
"2021","Unknown or Prefer Not To Say","25 - 29","Scotland","All","Main scheme applicant","All","15","5"," "
"2022","Unknown or Prefer Not To Say","25 - 29","Scotland","All","Main scheme applicant","All","10","5"," "
"2023","Unknown or Prefer Not To Say","25 - 29","Scotland","All","Main scheme applicant","All","5","5"," "
"2019","White","30 - 34","Northern Ireland","All","Main scheme applicant","All","5","0"," "
"2020","White","30 - 34","Northern Ireland","All","Main scheme applicant","All","5","0"," "
"2021","White","30 - 34","Northern Ireland","All","Main scheme applicant","All","5","0"," "
"2022","White","30 - 34","Northern Ireland","All","Main scheme applicant","All","5","0"," "
"2023","White","30 - 34","Northern Ireland","All","Main scheme applicant","All","5","0"," "
"2019","White","30 - 34","England","All","Main scheme applicant","All","10","5"," "
"2020","White","30 - 34","England","All","Main scheme applicant","All","20","10","0.667"
"2021","White","30 - 34","England","All","Main scheme applicant","All","20","0"," "
"2022","White","30 - 34","England","All","Main scheme applicant","All","15","5"," "
"2023","White","30 - 34","England","All","Main scheme applicant","All","10","5"," "
"2019","White","30 - 34","Scotland","All","Main scheme applicant","All","565","270","0.483"
"2020","White","30 - 34","Scotland","All","Main scheme applicant","All","595","315","0.529"
"2021","White","30 - 34","Scotland","All","Main scheme applicant","All","665","270","0.40700000000000003"
"2022","White","30 - 34","Scotland","All","Main scheme applicant","All","470","255","0.548"
"2023","White","30 - 34","Scotland","All","Main scheme applicant","All","340","195","0.5690000000000001"
"2022","White","30 - 34","Wales","All","Main scheme applicant","All","85","65","0.756"
"2023","White","30 - 34","Wales","All","Main scheme applicant","All","75","50","0.68"
"2019","Black","30 - 34","Scotland","All","Main scheme applicant","All","5","0"," "
"2021","Black","30 - 34","Scotland","All","Main scheme applicant","All","5","0"," "
"2022","Black","30 - 34","Scotland","All","Main scheme applicant","All","5","0"," "
"2023","Black","30 - 34","Scotland","All","Main scheme applicant","All","5","0"," "
"2019","Asian","30 - 34","England","All","Main scheme applicant","All","5","0"," "
"2019","Asian","30 - 34","Scotland","All","Main scheme applicant","All","20","10"," "
"2020","Asian","30 - 34","Scotland","All","Main scheme applicant","All","15","10"," "
"2021","Asian","30 - 34","Scotland","All","Main scheme applicant","All","20","5"," "
"2022","Asian","30 - 34","Scotland","All","Main scheme applicant","All","15","5"," "
"2023","Asian","30 - 34","Scotland","All","Main scheme applicant","All","15","5"," "
"2019","Mixed","30 - 34","Scotland","All","Main scheme applicant","All","10","0"," "
"2020","Mixed","30 - 34","Scotland","All","Main scheme applicant","All","10","5"," "
"2021","Mixed","30 - 34","Scotland","All","Main scheme applicant","All","15","5"," "
"2022","Mixed","30 - 34","Scotland","All","Main scheme applicant","All","10","5"," "
"2023","Mixed","30 - 34","Scotland","All","Main scheme applicant","All","10","5"," "
"2022","Mixed","30 - 34","Wales","All","Main scheme applicant","All","5","5"," "
"2019","Other","30 - 34","Scotland","All","Main scheme applicant","All","5","0"," "
"2020","Other","30 - 34","Scotland","All","Main scheme applicant","All","5","0"," "
"2021","Other","30 - 34","Scotland","All","Main scheme applicant","All","5","5"," "
"2022","Other","30 - 34","Scotland","All","Main scheme applicant","All","5","0"," "
"2023","Other","30 - 34","Scotland","All","Main scheme applicant","All","5","0"," "
"2019","Unknown or Prefer Not To Say","30 - 34","Scotland","All","Main scheme applicant","All","10","5"," "
"2020","Unknown or Prefer Not To Say","30 - 34","Scotland","All","Main scheme applicant","All","5","0"," "
"2021","Unknown or Prefer Not To Say","30 - 34","Scotland","All","Main scheme applicant","All","15","10"," "
"2022","Unknown or Prefer Not To Say","30 - 34","Scotland","All","Main scheme applicant","All","5","5"," "
"2023","Unknown or Prefer Not To Say","30 - 34","Scotland","All","Main scheme applicant","All","10","5"," "
"2019","White","35 and over","Northern Ireland","All","Main scheme applicant","All","5","0"," "
"2021","White","35 and over","Northern Ireland","All","Main scheme applicant","All","5","5"," "
"2022","White","35 and over","Northern Ireland","All","Main scheme applicant","All","5","5"," "
"2023","White","35 and over","Northern Ireland","All","Main scheme applicant","All","5","0"," "
"2019","White","35 and over","England","All","Main scheme applicant","All","15","5"," "
"2020","White","35 and over","England","All","Main scheme applicant","All","15","5"," "
"2021","White","35 and over","England","All","Main scheme applicant","All","15","10","0.706"
"2022","White","35 and over","England","All","Main scheme applicant","All","15","5"," "
"2023","White","35 and over","England","All","Main scheme applicant","All","10","5"," "
"2019","White","35 and over","Scotland","All","Main scheme applicant","All","940","445","0.47400000000000003"
"2020","White","35 and over","Scotland","All","Main scheme applicant","All","1005","490","0.488"
"2021","White","35 and over","Scotland","All","Main scheme applicant","All","1090","420","0.383"
"2022","White","35 and over","Scotland","All","Main scheme applicant","All","735","385","0.522"
"2023","White","35 and over","Scotland","All","Main scheme applicant","All","585","330","0.5670000000000001"
"2022","White","35 and over","Wales","All","Main scheme applicant","All","115","70","0.637"
"2023","White","35 and over","Wales","All","Main scheme applicant","All","70","50","0.71"
"2019","Black","35 and over","England","All","Main scheme applicant","All","5","0"," "
"2019","Black","35 and over","Scotland","All","Main scheme applicant","All","15","5"," "
"2020","Black","35 and over","Scotland","All","Main scheme applicant","All","30","5"," "
"2021","Black","35 and over","Scotland","All","Main scheme applicant","All","25","10"," "
"2022","Black","35 and over","Scotland","All","Main scheme applicant","All","15","5"," "
"2023","Black","35 and over","Scotland","All","Main scheme applicant","All","20","5"," "
"2022","Black","35 and over","Wales","All","Main scheme applicant","All","5","0"," "
"2019","Asian","35 and over","England","All","Main scheme applicant","All","5","0"," "
"2021","Asian","35 and over","England","All","Main scheme applicant","All","5","0"," "
"2019","Asian","35 and over","Scotland","All","Main scheme applicant","All","70","25","0.333"
"2020","Asian","35 and over","Scotland","All","Main scheme applicant","All","55","20","0.327"
"2021","Asian","35 and over","Scotland","All","Main scheme applicant","All","50","25","0.442"
"2022","Asian","35 and over","Scotland","All","Main scheme applicant","All","40","15","0.381"
"2023","Asian","35 and over","Scotland","All","Main scheme applicant","All","40","10","0.316"
"2022","Asian","35 and over","Wales","All","Main scheme applicant","All","5","0"," "
"2023","Asian","35 and over","Wales","All","Main scheme applicant","All","10","5"," "
"2019","Mixed","35 and over","Scotland","All","Main scheme applicant","All","20","5"," "
"2020","Mixed","35 and over","Scotland","All","Main scheme applicant","All","20","10","0.55"
"2021","Mixed","35 and over","Scotland","All","Main scheme applicant","All","20","5"," "
"2022","Mixed","35 and over","Scotland","All","Main scheme applicant","All","15","5"," "
"2023","Mixed","35 and over","Scotland","All","Main scheme applicant","All","15","10","0.6880000000000001"
"2019","Other","35 and over","Scotland","All","Main scheme applicant","All","15","5"," "
"2020","Other","35 and over","Scotland","All","Main scheme applicant","All","15","10"," "
"2021","Other","35 and over","Scotland","All","Main scheme applicant","All","15","5"," "
"2022","Other","35 and over","Scotland","All","Main scheme applicant","All","15","5"," "
"2023","Other","35 and over","Scotland","All","Main scheme applicant","All","10","5"," "
"2022","Other","35 and over","Wales","All","Main scheme applicant","All","5","0"," "
"2023","Other","35 and over","Wales","All","Main scheme applicant","All","5","0"," "
"2019","Unknown or Prefer Not To Say","35 and over","Scotland","All","Main scheme applicant","All","20","10","0.524"
"2020","Unknown or Prefer Not To Say","35 and over","Scotland","All","Main scheme applicant","All","20","5"," "
"2021","Unknown or Prefer Not To Say","35 and over","Scotland","All","Main scheme applicant","All","25","10","0.444"
"2022","Unknown or Prefer Not To Say","35 and over","Scotland","All","Main scheme applicant","All","20","5"," "
"2023","Unknown or Prefer Not To Say","35 and over","Scotland","All","Main scheme applicant","All","20","5"," "
"2023","Unknown or Prefer Not To Say","35 and over","Wales","All","Main scheme applicant","All","5","0"," "
"2019","All","21 - 24","England","All","Not main scheme applicant","All","5","5"," "
"2020","All","21 - 24","England","All","Not main scheme applicant","All","10","10"," "
"2021","All","21 - 24","England","All","Not main scheme applicant","All","5","0"," "
"2022","All","21 - 24","England","All","Not main scheme applicant","All","15","10"," "
"2023","All","21 - 24","England","All","Not main scheme applicant","All","15","15","1"
"2019","All","21 - 24","Scotland","All","Not main scheme applicant","All","20","20","0.857"
"2020","All","21 - 24","Scotland","All","Not main scheme applicant","All","35","25","0.75"
"2021","All","21 - 24","Scotland","All","Not main scheme applicant","All","20","20","0.864"
"2022","All","21 - 24","Scotland","All","Not main scheme applicant","All","25","20","0.87"
"2023","All","21 - 24","Scotland","All","Not main scheme applicant","All","25","20","0.704"
"2022","All","21 - 24","Wales","All","Not main scheme applicant","All","50","40","0.808"
"2023","All","21 - 24","Wales","All","Not main scheme applicant","All","70","55","0.838"
"2019","All","25 - 29","England","All","Not main scheme applicant","All","5","5"," "
"2020","All","25 - 29","England","All","Not main scheme applicant","All","15","10","0.846"
"2021","All","25 - 29","England","All","Not main scheme applicant","All","5","5"," "
"2022","All","25 - 29","England","All","Not main scheme applicant","All","5","5"," "
"2023","All","25 - 29","England","All","Not main scheme applicant","All","15","15","1"
"2019","All","25 - 29","Scotland","All","Not main scheme applicant","All","30","25","0.8"
"2020","All","25 - 29","Scotland","All","Not main scheme applicant","All","55","45","0.8300000000000001"
"2021","All","25 - 29","Scotland","All","Not main scheme applicant","All","15","10","0.625"
"2022","All","25 - 29","Scotland","All","Not main scheme applicant","All","25","20","0.6920000000000001"
"2023","All","25 - 29","Scotland","All","Not main scheme applicant","All","25","25","0.885"
"2022","All","25 - 29","Wales","All","Not main scheme applicant","All","35","25","0.794"
"2023","All","25 - 29","Wales","All","Not main scheme applicant","All","20","15","0.684"
"2020","All","30 - 34","England","All","Not main scheme applicant","All","5","5"," "
"2021","All","30 - 34","England","All","Not main scheme applicant","All","5","5"," "
"2023","All","30 - 34","England","All","Not main scheme applicant","All","5","5"," "
"2019","All","30 - 34","Scotland","All","Not main scheme applicant","All","10","5"," "
"2020","All","30 - 34","Scotland","All","Not main scheme applicant","All","15","10","0.733"
"2021","All","30 - 34","Scotland","All","Not main scheme applicant","All","5","5"," "
"2022","All","30 - 34","Scotland","All","Not main scheme applicant","All","15","5"," "
"2023","All","30 - 34","Scotland","All","Not main scheme applicant","All","15","10","0.8"
"2022","All","30 - 34","Wales","All","Not main scheme applicant","All","5","5"," "
"2023","All","30 - 34","Wales","All","Not main scheme applicant","All","10","10","0.909"
"2019","All","35 and over","England","All","Not main scheme applicant","All","10","10"," "
"2020","All","35 and over","England","All","Not main scheme applicant","All","10","10","0.917"
"2021","All","35 and over","England","All","Not main scheme applicant","All","10","10"," "
"2022","All","35 and over","England","All","Not main scheme applicant","All","5","5"," "
"2023","All","35 and over","England","All","Not main scheme applicant","All","10","10"," "
"2019","All","35 and over","Scotland","All","Not main scheme applicant","All","25","15","0.56"
"2020","All","35 and over","Scotland","All","Not main scheme applicant","All","40","25","0.675"
"2021","All","35 and over","Scotland","All","Not main scheme applicant","All","20","15","0.682"
"2022","All","35 and over","Scotland","All","Not main scheme applicant","All","30","20","0.7000000000000001"
"2023","All","35 and over","Scotland","All","Not main scheme applicant","All","40","30","0.8160000000000001"
"2022","All","35 and over","Wales","All","Not main scheme applicant","All","20","15","0.778"
"2023","All","35 and over","Wales","All","Not main scheme applicant","All","15","15","0.8130000000000001"
"2020","All","18","England","All","Main scheme applicant","All","5","0"," "
"2022","All","18","England","All","Main scheme applicant","All","10","0"," "
"2023","All","18","England","All","Main scheme applicant","All","5","0"," "
"2019","All","18","Scotland","All","Main scheme applicant","All","15","0"," "
"2020","All","18","Scotland","All","Main scheme applicant","All","25","0"," "
"2021","All","18","Scotland","All","Main scheme applicant","All","25","0"," "
"2022","All","18","Scotland","All","Main scheme applicant","All","20","0"," "
"2023","All","18","Scotland","All","Main scheme applicant","All","25","0"," "
"2020","All","18","Wales","All","Main scheme applicant","All","5","0"," "
"2022","All","18","Wales","All","Main scheme applicant","All","20","0"," "
"2023","All","18","Wales","All","Main scheme applicant","All","5","0"," "
"2019","All","19","Scotland","All","Main scheme applicant","All","5","0"," "
"2020","All","19","Scotland","All","Main scheme applicant","All","5","0"," "
"2021","All","19","Scotland","All","Main scheme applicant","All","5","0"," "
"2022","All","19","Scotland","All","Main scheme applicant","All","10","0"," "
"2023","All","19","Scotland","All","Main scheme applicant","All","10","0"," "
"2019","All","20","Scotland","All","Main scheme applicant","All","5","0"," "
"2020","All","20","Scotland","All","Main scheme applicant","All","10","0"," "
"2021","All","20","Scotland","All","Main scheme applicant","All","15","0"," "
"2022","All","20","Scotland","All","Main scheme applicant","All","10","0"," "
"2023","All","20","Scotland","All","Main scheme applicant","All","10","0"," "
"2023","All","20","Wales","All","Main scheme applicant","All","5","0"," "
"2019","All","21 - 24","Northern Ireland","All","Main scheme applicant","All","60","10","0.17200000000000001"
"2020","All","21 - 24","Northern Ireland","All","Main scheme applicant","All","40","10"," "
"2021","All","21 - 24","Northern Ireland","All","Main scheme applicant","All","65","15","0.254"
"2022","All","21 - 24","Northern Ireland","All","Main scheme applicant","All","45","15","0.28300000000000003"
"2023","All","21 - 24","Northern Ireland","All","Main scheme applicant","All","25","10"," "
"2019","All","21 - 24","England","All","Main scheme applicant","All","70","30","0.423"
"2020","All","21 - 24","England","All","Main scheme applicant","All","50","20","0.404"
"2021","All","21 - 24","England","All","Main scheme applicant","All","90","25","0.295"
"2022","All","21 - 24","England","All","Main scheme applicant","All","145","65","0.455"
"2023","All","21 - 24","England","All","Main scheme applicant","All","130","60","0.447"
"2019","All","21 - 24","Scotland","All","Main scheme applicant","All","1570","830","0.529"
"2020","All","21 - 24","Scotland","All","Main scheme applicant","All","1680","890","0.53"
"2021","All","21 - 24","Scotland","All","Main scheme applicant","All","2115","905","0.429"
"2022","All","21 - 24","Scotland","All","Main scheme applicant","All","1530","805","0.525"
"2023","All","21 - 24","Scotland","All","Main scheme applicant","All","1290","750","0.582"
"2020","All","21 - 24","Wales","All","Main scheme applicant","All","5","0"," "
"2021","All","21 - 24","Wales","All","Main scheme applicant","All","5","0"," "
"2022","All","21 - 24","Wales","All","Main scheme applicant","All","645","475","0.732"
"2023","All","21 - 24","Wales","All","Main scheme applicant","All","600","435","0.721"
"2019","All","25 - 29","Northern Ireland","All","Main scheme applicant","All","25","10","0.423"
"2020","All","25 - 29","Northern Ireland","All","Main scheme applicant","All","20","5"," "
"2021","All","25 - 29","Northern Ireland","All","Main scheme applicant","All","25","10"," "
"2022","All","25 - 29","Northern Ireland","All","Main scheme applicant","All","15","10"," "
"2023","All","25 - 29","Northern Ireland","All","Main scheme applicant","All","15","5"," "
"2019","All","25 - 29","England","All","Main scheme applicant","All","30","10","0.333"
"2020","All","25 - 29","England","All","Main scheme applicant","All","35","20","0.541"
"2021","All","25 - 29","England","All","Main scheme applicant","All","55","20","0.37"
"2022","All","25 - 29","England","All","Main scheme applicant","All","35","10","0.278"
"2023","All","25 - 29","England","All","Main scheme applicant","All","25","10","0.423"
"2019","All","25 - 29","Scotland","All","Main scheme applicant","All","1325","710","0.535"
"2020","All","25 - 29","Scotland","All","Main scheme applicant","All","1325","705","0.532"
"2021","All","25 - 29","Scotland","All","Main scheme applicant","All","1650","750","0.453"
"2022","All","25 - 29","Scotland","All","Main scheme applicant","All","1130","620","0.548"
"2023","All","25 - 29","Scotland","All","Main scheme applicant","All","840","470","0.561"
"2019","All","25 - 29","Wales","All","Main scheme applicant","All","5","0"," "
"2020","All","25 - 29","Wales","All","Main scheme applicant","All","5","0"," "
"2022","All","25 - 29","Wales","All","Main scheme applicant","All","230","155","0.675"
"2023","All","25 - 29","Wales","All","Main scheme applicant","All","220","160","0.729"
"2019","All","30 - 34","Northern Ireland","All","Main scheme applicant","All","5","0"," "
"2020","All","30 - 34","Northern Ireland","All","Main scheme applicant","All","5","0"," "
"2021","All","30 - 34","Northern Ireland","All","Main scheme applicant","All","5","0"," "
"2022","All","30 - 34","Northern Ireland","All","Main scheme applicant","All","5","0"," "
"2023","All","30 - 34","Northern Ireland","All","Main scheme applicant","All","5","0"," "
"2019","All","30 - 34","England","All","Main scheme applicant","All","15","5"," "
"2020","All","30 - 34","England","All","Main scheme applicant","All","20","15","0.667"
"2021","All","30 - 34","England","All","Main scheme applicant","All","20","0"," "
"2022","All","30 - 34","England","All","Main scheme applicant","All","20","5"," "
"2023","All","30 - 34","England","All","Main scheme applicant","All","10","5"," "
"2019","All","30 - 34","Scotland","All","Main scheme applicant","All","605","285","0.47200000000000003"
"2020","All","30 - 34","Scotland","All","Main scheme applicant","All","630","330","0.525"
"2021","All","30 - 34","Scotland","All","Main scheme applicant","All","720","295","0.40800000000000003"
"2022","All","30 - 34","Scotland","All","Main scheme applicant","All","505","275","0.542"
"2023","All","30 - 34","Scotland","All","Main scheme applicant","All","385","210","0.544"
"2022","All","30 - 34","Wales","All","Main scheme applicant","All","95","70","0.774"
"2023","All","30 - 34","Wales","All","Main scheme applicant","All","80","55","0.6920000000000001"
"2019","All","35 and over","Northern Ireland","All","Main scheme applicant","All","5","0"," "
"2021","All","35 and over","Northern Ireland","All","Main scheme applicant","All","5","5"," "
"2022","All","35 and over","Northern Ireland","All","Main scheme applicant","All","5","5"," "
"2023","All","35 and over","Northern Ireland","All","Main scheme applicant","All","5","0"," "
"2019","All","35 and over","England","All","Main scheme applicant","All","25","5"," "
"2020","All","35 and over","England","All","Main scheme applicant","All","20","5"," "
"2021","All","35 and over","England","All","Main scheme applicant","All","20","15","0.682"
"2022","All","35 and over","England","All","Main scheme applicant","All","15","5"," "
"2023","All","35 and over","England","All","Main scheme applicant","All","10","5"," "
"2019","All","35 and over","Scotland","All","Main scheme applicant","All","1085","495","0.456"
"2020","All","35 and over","Scotland","All","Main scheme applicant","All","1145","540","0.47200000000000003"
"2021","All","35 and over","Scotland","All","Main scheme applicant","All","1225","470","0.382"
"2022","All","35 and over","Scotland","All","Main scheme applicant","All","840","420","0.499"
"2023","All","35 and over","Scotland","All","Main scheme applicant","All","690","370","0.537"
"2022","All","35 and over","Wales","All","Main scheme applicant","All","125","75","0.591"
"2023","All","35 and over","Wales","All","Main scheme applicant","All","90","60","0.637"
"2019","White","All","England","All","Not main scheme applicant","All","15","15","1"
"2020","White","All","England","All","Not main scheme applicant","All","35","30","0.9390000000000001"
"2021","White","All","England","All","Not main scheme applicant","All","20","15","0.737"
"2022","White","All","England","All","Not main scheme applicant","All","25","20","0.8260000000000001"
"2023","White","All","England","All","Not main scheme applicant","All","30","30","1"
"2019","White","All","Scotland","All","Not main scheme applicant","All","75","55","0.747"
"2020","White","All","Scotland","All","Not main scheme applicant","All","130","95","0.75"
"2021","White","All","Scotland","All","Not main scheme applicant","All","60","45","0.741"
"2022","White","All","Scotland","All","Not main scheme applicant","All","70","50","0.7000000000000001"
"2023","White","All","Scotland","All","Not main scheme applicant","All","90","75","0.793"
"2022","White","All","Wales","All","Not main scheme applicant","All","100","80","0.81"
"2023","White","All","Wales","All","Not main scheme applicant","All","100","85","0.85"
"2021","Black","All","Scotland","All","Not main scheme applicant","All","5","0"," "
"2020","Asian","All","England","All","Not main scheme applicant","All","5","0"," "
"2023","Asian","All","England","All","Not main scheme applicant","All","5","5"," "
"2019","Asian","All","Scotland","All","Not main scheme applicant","All","5","5"," "
"2020","Asian","All","Scotland","All","Not main scheme applicant","All","10","5"," "
"2022","Asian","All","Scotland","All","Not main scheme applicant","All","10","5"," "
"2023","Asian","All","Scotland","All","Not main scheme applicant","All","5","5"," "
"2022","Asian","All","Wales","All","Not main scheme applicant","All","5","5"," "
"2023","Asian","All","Wales","All","Not main scheme applicant","All","5","0"," "
"2022","Mixed","All","England","All","Not main scheme applicant","All","5","0"," "
"2022","Mixed","All","Scotland","All","Not main scheme applicant","All","5","0"," "
"2023","Mixed","All","Scotland","All","Not main scheme applicant","All","5","0"," "
"2023","Other","All","Scotland","All","Not main scheme applicant","All","5","5"," "
"2020","Unknown or Prefer Not To Say","All","England","All","Not main scheme applicant","All","5","5"," "
"2020","Unknown or Prefer Not To Say","All","Scotland","All","Not main scheme applicant","All","5","5"," "
"2022","Unknown or Prefer Not To Say","All","Scotland","All","Not main scheme applicant","All","10","5"," "
"2023","Unknown or Prefer Not To Say","All","Scotland","All","Not main scheme applicant","All","5","5"," "
"2023","Unknown or Prefer Not To Say","All","Wales","All","Not main scheme applicant","All","5","5"," "
"2019","White","All","Northern Ireland","All","Main scheme applicant","All","90","20","0.244"
"2020","White","All","Northern Ireland","All","Main scheme applicant","All","70","15","0.221"
"2021","White","All","Northern Ireland","All","Main scheme applicant","All","95","30","0.305"
"2022","White","All","Northern Ireland","All","Main scheme applicant","All","70","25","0.382"
"2023","White","All","Northern Ireland","All","Main scheme applicant","All","45","10","0.234"
"2019","White","All","England","All","Main scheme applicant","All","115","45","0.4"
"2020","White","All","England","All","Main scheme applicant","All","115","55","0.47000000000000003"
"2021","White","All","England","All","Main scheme applicant","All","160","55","0.342"
"2022","White","All","England","All","Main scheme applicant","All","210","85","0.402"
"2023","White","All","England","All","Main scheme applicant","All","175","75","0.422"
"2019","White","All","Scotland","All","Main scheme applicant","All","4290","2200","0.513"
"2020","White","All","Scotland","All","Main scheme applicant","All","4490","2335","0.519"
"2021","White","All","Scotland","All","Main scheme applicant","All","5380","2270","0.422"
"2022","White","All","Scotland","All","Main scheme applicant","All","3775","1995","0.528"
"2023","White","All","Scotland","All","Main scheme applicant","All","2960","1670","0.5640000000000001"
"2019","White","All","Wales","All","Main scheme applicant","All","5","0"," "
"2020","White","All","Wales","All","Main scheme applicant","All","10","0"," "
"2021","White","All","Wales","All","Main scheme applicant","All","5","0"," "
"2022","White","All","Wales","All","Main scheme applicant","All","1050","740","0.7020000000000001"
"2023","White","All","Wales","All","Main scheme applicant","All","925","660","0.716"
"2019","Black","All","England","All","Main scheme applicant","All","5","0"," "
"2022","Black","All","England","All","Main scheme applicant","All","5","0"," "
"2019","Black","All","Scotland","All","Main scheme applicant","All","30","5"," "
"2020","Black","All","Scotland","All","Main scheme applicant","All","40","10","0.244"
"2021","Black","All","Scotland","All","Main scheme applicant","All","40","15","0.342"
"2022","Black","All","Scotland","All","Main scheme applicant","All","25","10"," "
"2023","Black","All","Scotland","All","Main scheme applicant","All","35","10","0.294"
"2022","Black","All","Wales","All","Main scheme applicant","All","10","5"," "
"2023","Black","All","Wales","All","Main scheme applicant","All","10","5"," "
"2019","Asian","All","England","All","Main scheme applicant","All","15","5"," "
"2020","Asian","All","England","All","Main scheme applicant","All","5","0"," "
"2021","Asian","All","England","All","Main scheme applicant","All","15","5"," "
"2022","Asian","All","England","All","Main scheme applicant","All","5","0"," "
"2023","Asian","All","England","All","Main scheme applicant","All","5","5"," "
"2019","Asian","All","Scotland","All","Main scheme applicant","All","165","65","0.382"
"2020","Asian","All","Scotland","All","Main scheme applicant","All","145","65","0.455"
"2021","Asian","All","Scotland","All","Main scheme applicant","All","165","65","0.393"
"2022","Asian","All","Scotland","All","Main scheme applicant","All","115","50","0.447"
"2023","Asian","All","Scotland","All","Main scheme applicant","All","115","50","0.452"
"2022","Asian","All","Wales","All","Main scheme applicant","All","25","10","0.4"
"2023","Asian","All","Wales","All","Main scheme applicant","All","30","20","0.625"
"2019","Mixed","All","England","All","Main scheme applicant","All","5","0"," "
"2020","Mixed","All","England","All","Main scheme applicant","All","5","0"," "
"2021","Mixed","All","England","All","Main scheme applicant","All","5","5"," "
"2022","Mixed","All","England","All","Main scheme applicant","All","5","0"," "
"2023","Mixed","All","England","All","Main scheme applicant","All","10","5"," "
"2019","Mixed","All","Scotland","All","Main scheme applicant","All","65","25","0.406"
"2020","Mixed","All","Scotland","All","Main scheme applicant","All","65","30","0.47700000000000004"
"2021","Mixed","All","Scotland","All","Main scheme applicant","All","75","30","0.427"
"2022","Mixed","All","Scotland","All","Main scheme applicant","All","70","35","0.507"
"2023","Mixed","All","Scotland","All","Main scheme applicant","All","70","40","0.577"
"2022","Mixed","All","Wales","All","Main scheme applicant","All","20","15","0.7000000000000001"
"2023","Mixed","All","Wales","All","Main scheme applicant","All","15","10","0.6880000000000001"
"2019","Other","All","Scotland","All","Main scheme applicant","All","20","5"," "
"2020","Other","All","Scotland","All","Main scheme applicant","All","35","15","0.441"
"2021","Other","All","Scotland","All","Main scheme applicant","All","30","10","0.323"
"2022","Other","All","Scotland","All","Main scheme applicant","All","25","5"," "
"2023","Other","All","Scotland","All","Main scheme applicant","All","25","10","0.40700000000000003"
"2022","Other","All","Wales","All","Main scheme applicant","All","10","5"," "
"2023","Other","All","Wales","All","Main scheme applicant","All","10","5"," "
"2019","Unknown or Prefer Not To Say","All","England","All","Main scheme applicant","All","5","0"," "
"2020","Unknown or Prefer Not To Say","All","England","All","Main scheme applicant","All","5","5"," "
"2021","Unknown or Prefer Not To Say","All","England","All","Main scheme applicant","All","5","0"," "
"2019","Unknown or Prefer Not To Say","All","Scotland","All","Main scheme applicant","All","45","20","0.457"
"2020","Unknown or Prefer Not To Say","All","Scotland","All","Main scheme applicant","All","40","15","0.381"
"2021","Unknown or Prefer Not To Say","All","Scotland","All","Main scheme applicant","All","70","30","0.40800000000000003"
"2022","Unknown or Prefer Not To Say","All","Scotland","All","Main scheme applicant","All","40","20","0.537"
"2023","Unknown or Prefer Not To Say","All","Scotland","All","Main scheme applicant","All","40","20","0.462"
"2022","Unknown or Prefer Not To Say","All","Wales","All","Main scheme applicant","All","5","5"," "
"2023","Unknown or Prefer Not To Say","All","Wales","All","Main scheme applicant","All","10","5"," "
"2019","All","All","England","All","Not main scheme applicant","All","15","15","1"
"2020","All","All","England","All","Not main scheme applicant","All","40","35","0.9"
"2021","All","All","England","All","Not main scheme applicant","All","20","15","0.773"
"2022","All","All","England","All","Not main scheme applicant","All","25","20","0.808"
"2023","All","All","England","All","Not main scheme applicant","All","40","35","0.974"
"2019","All","All","Scotland","All","Not main scheme applicant","All","85","60","0.729"
"2020","All","All","Scotland","All","Not main scheme applicant","All","145","110","0.757"
"2021","All","All","Scotland","All","Not main scheme applicant","All","65","50","0.738"
"2022","All","All","Scotland","All","Not main scheme applicant","All","95","65","0.7020000000000001"
"2023","All","All","Scotland","All","Not main scheme applicant","All","105","85","0.802"
"2022","All","All","Wales","All","Not main scheme applicant","All","110","90","0.809"
"2023","All","All","Wales","All","Not main scheme applicant","All","115","95","0.8160000000000001"
"2019","All","All","Northern Ireland","All","Main scheme applicant","All","90","20","0.244"
"2020","All","All","Northern Ireland","All","Main scheme applicant","All","70","15","0.217"
"2021","All","All","Northern Ireland","All","Main scheme applicant","All","95","30","0.302"
"2022","All","All","Northern Ireland","All","Main scheme applicant","All","70","25","0.391"
"2023","All","All","Northern Ireland","All","Main scheme applicant","All","50","10","0.229"
"2019","All","All","England","All","Main scheme applicant","All","140","55","0.38"
"2020","All","All","England","All","Main scheme applicant","All","135","60","0.453"
"2021","All","All","England","All","Main scheme applicant","All","185","65","0.339"
"2022","All","All","England","All","Main scheme applicant","All","225","90","0.388"
"2023","All","All","England","All","Main scheme applicant","All","190","80","0.429"
"2019","All","All","Scotland","All","Main scheme applicant","All","4620","2320","0.503"
"2020","All","All","Scotland","All","Main scheme applicant","All","4815","2470","0.513"
"2021","All","All","Scotland","All","Main scheme applicant","All","5760","2420","0.42"
"2022","All","All","Scotland","All","Main scheme applicant","All","4050","2120","0.523"
"2023","All","All","Scotland","All","Main scheme applicant","All","3245","1805","0.555"
"2019","All","All","Wales","All","Main scheme applicant","All","5","0"," "
"2020","All","All","Wales","All","Main scheme applicant","All","15","0"," "
"2021","All","All","Wales","All","Main scheme applicant","All","5","0"," "
"2022","All","All","Wales","All","Main scheme applicant","All","1120","775","0.6930000000000001"
"2023","All","All","Wales","All","Main scheme applicant","All","1000","705","0.705"
"2019","White","21 - 24","All","All","Not main scheme applicant","All","25","20","0.88"
"2020","White","21 - 24","All","All","Not main scheme applicant","All","40","30","0.78"
"2021","White","21 - 24","All","All","Not main scheme applicant","All","25","20","0.72"
"2022","White","21 - 24","All","All","Not main scheme applicant","All","80","65","0.79"
"2023","White","21 - 24","All","All","Not main scheme applicant","All","95","75","0.8280000000000001"
"2022","Asian","21 - 24","All","All","Not main scheme applicant","All","5","5"," "
"2023","Asian","21 - 24","All","All","Not main scheme applicant","All","10","5"," "
"2023","Unknown or Prefer Not To Say","21 - 24","All","All","Not main scheme applicant","All","5","5"," "
"2019","White","25 - 29","All","All","Not main scheme applicant","All","35","30","0.848"
"2020","White","25 - 29","All","All","Not main scheme applicant","All","60","50","0.8280000000000001"
"2021","White","25 - 29","All","All","Not main scheme applicant","All","15","10","0.647"
"2022","White","25 - 29","All","All","Not main scheme applicant","All","55","40","0.745"
"2023","White","25 - 29","All","All","Not main scheme applicant","All","50","40","0.857"
"2020","Asian","25 - 29","All","All","Not main scheme applicant","All","5","5"," "
"2022","Asian","25 - 29","All","All","Not main scheme applicant","All","5","5"," "
"2023","Other","25 - 29","All","All","Not main scheme applicant","All","5","5"," "
"2020","Unknown or Prefer Not To Say","25 - 29","All","All","Not main scheme applicant","All","5","5"," "
"2022","Unknown or Prefer Not To Say","25 - 29","All","All","Not main scheme applicant","All","5","5"," "
"2023","Unknown or Prefer Not To Say","25 - 29","All","All","Not main scheme applicant","All","5","0"," "
"2019","White","30 - 34","All","All","Not main scheme applicant","All","10","5"," "
"2020","White","30 - 34","All","All","Not main scheme applicant","All","20","15","0.833"
"2021","White","30 - 34","All","All","Not main scheme applicant","All","10","10"," "
"2022","White","30 - 34","All","All","Not main scheme applicant","All","15","10","0.647"
"2023","White","30 - 34","All","All","Not main scheme applicant","All","25","20","0.875"
"2019","White","35 and over","All","All","Not main scheme applicant","All","20","15","0.636"
"2020","White","35 and over","All","All","Not main scheme applicant","All","45","30","0.727"
"2021","White","35 and over","All","All","Not main scheme applicant","All","25","20","0.769"
"2022","White","35 and over","All","All","Not main scheme applicant","All","40","35","0.786"
"2023","White","35 and over","All","All","Not main scheme applicant","All","55","50","0.86"
"2021","Black","35 and over","All","All","Not main scheme applicant","All","5","0"," "
"2019","Asian","35 and over","All","All","Not main scheme applicant","All","5","5"," "
"2020","Asian","35 and over","All","All","Not main scheme applicant","All","5","5"," "
"2022","Asian","35 and over","All","All","Not main scheme applicant","All","5","0"," "
"2022","Mixed","35 and over","All","All","Not main scheme applicant","All","5","0"," "
"2023","Mixed","35 and over","All","All","Not main scheme applicant","All","5","0"," "
"2019","Other","35 and over","All","All","Not main scheme applicant","All","5","5"," "
"2019","White","18","All","All","Main scheme applicant","All","15","0"," "
"2020","White","18","All","All","Main scheme applicant","All","30","0"," "
"2021","White","18","All","All","Main scheme applicant","All","25","0"," "
"2022","White","18","All","All","Main scheme applicant","All","45","0"," "
"2023","White","18","All","All","Main scheme applicant","All","35","0"," "
"2019","White","19","All","All","Main scheme applicant","All","5","0"," "
"2020","White","19","All","All","Main scheme applicant","All","5","0"," "
"2021","White","19","All","All","Main scheme applicant","All","5","0"," "
"2022","White","19","All","All","Main scheme applicant","All","10","0"," "
"2023","White","19","All","All","Main scheme applicant","All","10","0"," "
"2019","White","20","All","All","Main scheme applicant","All","5","0"," "
"2020","White","20","All","All","Main scheme applicant","All","10","0"," "
"2021","White","20","All","All","Main scheme applicant","All","15","0"," "
"2022","White","20","All","All","Main scheme applicant","All","10","0"," "
"2023","White","20","All","All","Main scheme applicant","All","15","0"," "
"2019","White","21 - 24","All","All","Main scheme applicant","All","1620","840","0.518"
"2020","White","21 - 24","All","All","Main scheme applicant","All","1695","885","0.521"
"2021","White","21 - 24","All","All","Main scheme applicant","All","2155","910","0.422"
"2022","White","21 - 24","All","All","Main scheme applicant","All","2250","1290","0.5730000000000001"
"2023","White","21 - 24","All","All","Main scheme applicant","All","1940","1180","0.609"
"2019","Black","21 - 24","All","All","Main scheme applicant","All","5","0"," "
"2020","Black","21 - 24","All","All","Main scheme applicant","All","5","0"," "
"2021","Black","21 - 24","All","All","Main scheme applicant","All","5","0"," "
"2022","Black","21 - 24","All","All","Main scheme applicant","All","10","5"," "
"2023","Black","21 - 24","All","All","Main scheme applicant","All","15","5"," "
"2019","Asian","21 - 24","All","All","Main scheme applicant","All","50","20","0.42"
"2020","Asian","21 - 24","All","All","Main scheme applicant","All","50","25","0.542"
"2021","Asian","21 - 24","All","All","Main scheme applicant","All","60","20","0.367"
"2022","Asian","21 - 24","All","All","Main scheme applicant","All","50","25","0.51"
"2023","Asian","21 - 24","All","All","Main scheme applicant","All","50","35","0.673"
"2019","Mixed","21 - 24","All","All","Main scheme applicant","All","20","10"," "
"2020","Mixed","21 - 24","All","All","Main scheme applicant","All","20","5"," "
"2021","Mixed","21 - 24","All","All","Main scheme applicant","All","25","15","0.481"
"2022","Mixed","21 - 24","All","All","Main scheme applicant","All","40","25","0.625"
"2023","Mixed","21 - 24","All","All","Main scheme applicant","All","35","20","0.629"
"2020","Other","21 - 24","All","All","Main scheme applicant","All","5","0"," "
"2021","Other","21 - 24","All","All","Main scheme applicant","All","5","0"," "
"2022","Other","21 - 24","All","All","Main scheme applicant","All","5","5"," "
"2023","Other","21 - 24","All","All","Main scheme applicant","All","10","5"," "
"2019","Unknown or Prefer Not To Say","21 - 24","All","All","Main scheme applicant","All","5","0"," "
"2020","Unknown or Prefer Not To Say","21 - 24","All","All","Main scheme applicant","All","5","0"," "
"2021","Unknown or Prefer Not To Say","21 - 24","All","All","Main scheme applicant","All","15","5"," "
"2022","Unknown or Prefer Not To Say","21 - 24","All","All","Main scheme applicant","All","10","5"," "
"2023","Unknown or Prefer Not To Say","21 - 24","All","All","Main scheme applicant","All","5","5"," "
"2019","White","25 - 29","All","All","Main scheme applicant","All","1320","700","0.532"
"2020","White","25 - 29","All","All","Main scheme applicant","All","1305","695","0.531"
"2021","White","25 - 29","All","All","Main scheme applicant","All","1640","740","0.451"
"2022","White","25 - 29","All","All","Main scheme applicant","All","1340","755","0.5630000000000001"
"2023","White","25 - 29","All","All","Main scheme applicant","All","1010","600","0.591"
"2019","Black","25 - 29","All","All","Main scheme applicant","All","5","0"," "
"2020","Black","25 - 29","All","All","Main scheme applicant","All","5","0"," "
"2021","Black","25 - 29","All","All","Main scheme applicant","All","5","5"," "
"2022","Black","25 - 29","All","All","Main scheme applicant","All","5","0"," "
"2023","Black","25 - 29","All","All","Main scheme applicant","All","5","0"," "
"2019","Asian","25 - 29","All","All","Main scheme applicant","All","30","10","0.429"
"2020","Asian","25 - 29","All","All","Main scheme applicant","All","30","15","0.483"
"2021","Asian","25 - 29","All","All","Main scheme applicant","All","40","15","0.375"
"2022","Asian","25 - 29","All","All","Main scheme applicant","All","30","15","0.5"
"2023","Asian","25 - 29","All","All","Main scheme applicant","All","35","20","0.514"
"2019","Mixed","25 - 29","All","All","Main scheme applicant","All","20","10","0.524"
"2020","Mixed","25 - 29","All","All","Main scheme applicant","All","20","10","0.524"
"2021","Mixed","25 - 29","All","All","Main scheme applicant","All","25","10","0.47800000000000004"
"2022","Mixed","25 - 29","All","All","Main scheme applicant","All","25","15","0.519"
"2023","Mixed","25 - 29","All","All","Main scheme applicant","All","30","20","0.633"
"2019","Other","25 - 29","All","All","Main scheme applicant","All","5","0"," "
"2020","Other","25 - 29","All","All","Main scheme applicant","All","10","5"," "
"2021","Other","25 - 29","All","All","Main scheme applicant","All","5","0"," "
"2022","Other","25 - 29","All","All","Main scheme applicant","All","5","0"," "
"2023","Other","25 - 29","All","All","Main scheme applicant","All","5","5"," "
"2019","Unknown or Prefer Not To Say","25 - 29","All","All","Main scheme applicant","All","10","5"," "
"2020","Unknown or Prefer Not To Say","25 - 29","All","All","Main scheme applicant","All","10","5"," "
"2021","Unknown or Prefer Not To Say","25 - 29","All","All","Main scheme applicant","All","20","5"," "
"2022","Unknown or Prefer Not To Say","25 - 29","All","All","Main scheme applicant","All","10","10"," "
"2023","Unknown or Prefer Not To Say","25 - 29","All","All","Main scheme applicant","All","10","5"," "
"2019","White","30 - 34","All","All","Main scheme applicant","All","580","280","0.481"
"2020","White","30 - 34","All","All","Main scheme applicant","All","620","330","0.531"
"2021","White","30 - 34","All","All","Main scheme applicant","All","685","275","0.398"
"2022","White","30 - 34","All","All","Main scheme applicant","All","575","330","0.5750000000000001"
"2023","White","30 - 34","All","All","Main scheme applicant","All","425","250","0.587"
"2019","Black","30 - 34","All","All","Main scheme applicant","All","5","0"," "
"2021","Black","30 - 34","All","All","Main scheme applicant","All","5","0"," "
"2022","Black","30 - 34","All","All","Main scheme applicant","All","5","0"," "
"2023","Black","30 - 34","All","All","Main scheme applicant","All","5","0"," "
"2019","Asian","30 - 34","All","All","Main scheme applicant","All","20","10","0.455"
"2020","Asian","30 - 34","All","All","Main scheme applicant","All","15","10"," "
"2021","Asian","30 - 34","All","All","Main scheme applicant","All","20","5"," "
"2022","Asian","30 - 34","All","All","Main scheme applicant","All","15","5"," "
"2023","Asian","30 - 34","All","All","Main scheme applicant","All","20","5"," "
"2019","Mixed","30 - 34","All","All","Main scheme applicant","All","10","0"," "
"2020","Mixed","30 - 34","All","All","Main scheme applicant","All","10","5"," "
"2021","Mixed","30 - 34","All","All","Main scheme applicant","All","15","5"," "
"2022","Mixed","30 - 34","All","All","Main scheme applicant","All","15","5"," "
"2023","Mixed","30 - 34","All","All","Main scheme applicant","All","10","5"," "
"2019","Other","30 - 34","All","All","Main scheme applicant","All","5","0"," "
"2020","Other","30 - 34","All","All","Main scheme applicant","All","5","0"," "
"2021","Other","30 - 34","All","All","Main scheme applicant","All","5","5"," "
"2022","Other","30 - 34","All","All","Main scheme applicant","All","5","5"," "
"2023","Other","30 - 34","All","All","Main scheme applicant","All","5","0"," "
"2019","Unknown or Prefer Not To Say","30 - 34","All","All","Main scheme applicant","All","10","5"," "
"2020","Unknown or Prefer Not To Say","30 - 34","All","All","Main scheme applicant","All","5","5"," "
"2021","Unknown or Prefer Not To Say","30 - 34","All","All","Main scheme applicant","All","15","10"," "
"2022","Unknown or Prefer Not To Say","30 - 34","All","All","Main scheme applicant","All","10","10"," "
"2023","Unknown or Prefer Not To Say","30 - 34","All","All","Main scheme applicant","All","10","5"," "
"2019","White","35 and over","All","All","Main scheme applicant","All","960","450","0.46900000000000003"
"2020","White","35 and over","All","All","Main scheme applicant","All","1025","495","0.485"
"2021","White","35 and over","All","All","Main scheme applicant","All","1110","435","0.39"
"2022","White","35 and over","All","All","Main scheme applicant","All","865","465","0.537"
"2023","White","35 and over","All","All","Main scheme applicant","All","670","385","0.5760000000000001"
"2019","Black","35 and over","All","All","Main scheme applicant","All","20","5"," "
"2020","Black","35 and over","All","All","Main scheme applicant","All","30","5"," "
"2021","Black","35 and over","All","All","Main scheme applicant","All","25","10"," "
"2022","Black","35 and over","All","All","Main scheme applicant","All","20","5"," "
"2023","Black","35 and over","All","All","Main scheme applicant","All","20","5"," "
"2019","Asian","35 and over","All","All","Main scheme applicant","All","75","25","0.333"
"2020","Asian","35 and over","All","All","Main scheme applicant","All","55","20","0.339"
"2021","Asian","35 and over","All","All","Main scheme applicant","All","55","25","0.436"
"2022","Asian","35 and over","All","All","Main scheme applicant","All","45","15","0.34"
"2023","Asian","35 and over","All","All","Main scheme applicant","All","50","20","0.38"
"2019","Mixed","35 and over","All","All","Main scheme applicant","All","20","5"," "
"2020","Mixed","35 and over","All","All","Main scheme applicant","All","20","10","0.55"
"2021","Mixed","35 and over","All","All","Main scheme applicant","All","20","5"," "
"2022","Mixed","35 and over","All","All","Main scheme applicant","All","15","5"," "
"2023","Mixed","35 and over","All","All","Main scheme applicant","All","20","10","0.667"
"2019","Other","35 and over","All","All","Main scheme applicant","All","15","5"," "
"2020","Other","35 and over","All","All","Main scheme applicant","All","20","10"," "
"2021","Other","35 and over","All","All","Main scheme applicant","All","15","5"," "
"2022","Other","35 and over","All","All","Main scheme applicant","All","20","5"," "
"2023","Other","35 and over","All","All","Main scheme applicant","All","15","5"," "
"2019","Unknown or Prefer Not To Say","35 and over","All","All","Main scheme applicant","All","20","10","0.5"
"2020","Unknown or Prefer Not To Say","35 and over","All","All","Main scheme applicant","All","20","5"," "
"2021","Unknown or Prefer Not To Say","35 and over","All","All","Main scheme applicant","All","30","15","0.464"
"2022","Unknown or Prefer Not To Say","35 and over","All","All","Main scheme applicant","All","20","5"," "
"2023","Unknown or Prefer Not To Say","35 and over","All","All","Main scheme applicant","All","25","10"," "
"2019","All","21 - 24","All","All","Not main scheme applicant","All","25","20","0.88"
"2020","All","21 - 24","All","All","Not main scheme applicant","All","45","35","0.778"
"2021","All","21 - 24","All","All","Not main scheme applicant","All","25","20","0.741"
"2022","All","21 - 24","All","All","Not main scheme applicant","All","90","70","0.789"
"2023","All","21 - 24","All","All","Not main scheme applicant","All","110","90","0.8240000000000001"
"2019","All","25 - 29","All","All","Not main scheme applicant","All","35","30","0.8240000000000001"
"2020","All","25 - 29","All","All","Not main scheme applicant","All","65","55","0.833"
"2021","All","25 - 29","All","All","Not main scheme applicant","All","20","15","0.684"
"2022","All","25 - 29","All","All","Not main scheme applicant","All","65","50","0.773"
"2023","All","25 - 29","All","All","Not main scheme applicant","All","60","50","0.845"
"2019","All","30 - 34","All","All","Not main scheme applicant","All","10","5"," "
"2020","All","30 - 34","All","All","Not main scheme applicant","All","20","15","0.81"
"2021","All","30 - 34","All","All","Not main scheme applicant","All","10","10"," "
"2022","All","30 - 34","All","All","Not main scheme applicant","All","20","15","0.636"
"2023","All","30 - 34","All","All","Not main scheme applicant","All","30","25","0.862"
"2019","All","35 and over","All","All","Not main scheme applicant","All","35","20","0.667"
"2020","All","35 and over","All","All","Not main scheme applicant","All","50","40","0.731"
"2021","All","35 and over","All","All","Not main scheme applicant","All","30","25","0.742"
"2022","All","35 and over","All","All","Not main scheme applicant","All","55","40","0.741"
"2023","All","35 and over","All","All","Not main scheme applicant","All","65","50","0.8250000000000001"
"2019","All","18","All","All","Main scheme applicant","All","15","0"," "
"2020","All","18","All","All","Main scheme applicant","All","30","0"," "
"2021","All","18","All","All","Main scheme applicant","All","25","0"," "
"2022","All","18","All","All","Main scheme applicant","All","50","0"," "
"2023","All","18","All","All","Main scheme applicant","All","40","0"," "
"2019","All","19","All","All","Main scheme applicant","All","10","0"," "
"2020","All","19","All","All","Main scheme applicant","All","5","0"," "
"2021","All","19","All","All","Main scheme applicant","All","5","0"," "
"2022","All","19","All","All","Main scheme applicant","All","15","0"," "
"2023","All","19","All","All","Main scheme applicant","All","15","0"," "
"2019","All","20","All","All","Main scheme applicant","All","5","0"," "
"2020","All","20","All","All","Main scheme applicant","All","10","0"," "
"2021","All","20","All","All","Main scheme applicant","All","15","0"," "
"2022","All","20","All","All","Main scheme applicant","All","15","0"," "
"2023","All","20","All","All","Main scheme applicant","All","15","0"," "
"2019","All","21 - 24","All","All","Main scheme applicant","All","1700","870","0.512"
"2020","All","21 - 24","All","All","Main scheme applicant","All","1780","920","0.518"
"2021","All","21 - 24","All","All","Main scheme applicant","All","2265","950","0.419"
"2022","All","21 - 24","All","All","Main scheme applicant","All","2365","1355","0.5720000000000001"
"2023","All","21 - 24","All","All","Main scheme applicant","All","2050","1250","0.61"
"2019","All","25 - 29","All","All","Main scheme applicant","All","1385","730","0.528"
"2020","All","25 - 29","All","All","Main scheme applicant","All","1385","730","0.528"
"2021","All","25 - 29","All","All","Main scheme applicant","All","1730","775","0.448"
"2022","All","25 - 29","All","All","Main scheme applicant","All","1410","795","0.562"
"2023","All","25 - 29","All","All","Main scheme applicant","All","1100","645","0.587"
"2019","All","30 - 34","All","All","Main scheme applicant","All","625","295","0.47000000000000003"
"2020","All","30 - 34","All","All","Main scheme applicant","All","655","345","0.528"
"2021","All","30 - 34","All","All","Main scheme applicant","All","745","295","0.399"
"2022","All","30 - 34","All","All","Main scheme applicant","All","620","355","0.5690000000000001"
"2023","All","30 - 34","All","All","Main scheme applicant","All","475","270","0.5650000000000001"
"2019","All","35 and over","All","All","Main scheme applicant","All","1110","500","0.451"
"2020","All","35 and over","All","All","Main scheme applicant","All","1170","550","0.46900000000000003"
"2021","All","35 and over","All","All","Main scheme applicant","All","1255","490","0.389"
"2022","All","35 and over","All","All","Main scheme applicant","All","985","505","0.511"
"2023","All","35 and over","All","All","Main scheme applicant","All","795","435","0.545"
"2019","White","All","All","All","Not main scheme applicant","All","90","70","0.787"
"2020","White","All","All","All","Not main scheme applicant","All","160","125","0.789"
"2021","White","All","All","All","Not main scheme applicant","All","75","55","0.74"
"2022","White","All","All","All","Not main scheme applicant","All","195","150","0.764"
"2023","White","All","All","All","Not main scheme applicant","All","225","190","0.848"
"2021","Black","All","All","All","Not main scheme applicant","All","5","5"," "
"2023","Black","All","All","All","Not main scheme applicant","All","5","0"," "
"2019","Asian","All","All","All","Not main scheme applicant","All","5","5"," "
"2020","Asian","All","All","All","Not main scheme applicant","All","10","10"," "
"2021","Asian","All","All","All","Not main scheme applicant","All","5","5"," "
"2022","Asian","All","All","All","Not main scheme applicant","All","15","10"," "
"2023","Asian","All","All","All","Not main scheme applicant","All","10","10"," "
"2019","Mixed","All","All","All","Not main scheme applicant","All","5","0"," "
"2022","Mixed","All","All","All","Not main scheme applicant","All","10","5"," "
"2023","Mixed","All","All","All","Not main scheme applicant","All","5","5"," "
"2019","Other","All","All","All","Not main scheme applicant","All","5","5"," "
"2020","Other","All","All","All","Not main scheme applicant","All","5","5"," "
"2023","Other","All","All","All","Not main scheme applicant","All","5","5"," "
"2020","Unknown or Prefer Not To Say","All","All","All","Not main scheme applicant","All","5","5"," "
"2022","Unknown or Prefer Not To Say","All","All","All","Not main scheme applicant","All","10","10"," "
"2023","Unknown or Prefer Not To Say","All","All","All","Not main scheme applicant","All","10","5"," "
"2019","White","All","All","All","Main scheme applicant","All","4500","2270","0.504"
"2020","White","All","All","All","Main scheme applicant","All","4690","2405","0.513"
"2021","White","All","All","All","Main scheme applicant","All","5640","2355","0.418"
"2022","White","All","All","All","Main scheme applicant","All","5105","2840","0.557"
"2023","White","All","All","All","Main scheme applicant","All","4105","2415","0.589"
"2019","Black","All","All","All","Main scheme applicant","All","35","10"," "
"2020","Black","All","All","All","Main scheme applicant","All","45","10","0.233"
"2021","Black","All","All","All","Main scheme applicant","All","40","15","0.333"
"2022","Black","All","All","All","Main scheme applicant","All","40","15","0.342"
"2023","Black","All","All","All","Main scheme applicant","All","45","15","0.277"
"2019","Asian","All","All","All","Main scheme applicant","All","180","70","0.382"
"2020","Asian","All","All","All","Main scheme applicant","All","150","70","0.453"
"2021","Asian","All","All","All","Main scheme applicant","All","180","70","0.382"
"2022","Asian","All","All","All","Main scheme applicant","All","145","60","0.431"
"2023","Asian","All","All","All","Main scheme applicant","All","155","75","0.487"
"2019","Mixed","All","All","All","Main scheme applicant","All","70","30","0.41400000000000003"
"2020","Mixed","All","All","All","Main scheme applicant","All","70","35","0.458"
"2021","Mixed","All","All","All","Main scheme applicant","All","80","35","0.427"
"2022","Mixed","All","All","All","Main scheme applicant","All","100","50","0.531"
"2023","Mixed","All","All","All","Main scheme applicant","All","95","55","0.594"
"2019","Other","All","All","All","Main scheme applicant","All","25","5"," "
"2020","Other","All","All","All","Main scheme applicant","All","35","15","0.417"
"2021","Other","All","All","All","Main scheme applicant","All","30","10","0.323"
"2022","Other","All","All","All","Main scheme applicant","All","35","15","0.361"
"2023","Other","All","All","All","Main scheme applicant","All","35","15","0.459"
"2019","Unknown or Prefer Not To Say","All","All","All","Main scheme applicant","All","50","20","0.429"
"2020","Unknown or Prefer Not To Say","All","All","All","Main scheme applicant","All","45","20","0.41300000000000003"
"2021","Unknown or Prefer Not To Say","All","All","All","Main scheme applicant","All","75","30","0.405"
"2022","Unknown or Prefer Not To Say","All","All","All","Main scheme applicant","All","45","25","0.587"
"2023","Unknown or Prefer Not To Say","All","All","All","Main scheme applicant","All","50","25","0.47900000000000004"
"2019","All","All","All","All","Not main scheme applicant","All","100","80","0.775"
"2020","All","All","All","All","Not main scheme applicant","All","185","145","0.788"
"2021","All","All","All","All","Not main scheme applicant","All","85","65","0.747"
"2022","All","All","All","All","Not main scheme applicant","All","230","175","0.759"
"2023","All","All","All","All","Not main scheme applicant","All","260","215","0.833"
"2019","All","All","All","All","Main scheme applicant","All","4855","2400","0.494"
"2020","All","All","All","All","Main scheme applicant","All","5035","2550","0.506"
"2021","All","All","All","All","Main scheme applicant","All","6045","2510","0.41500000000000004"
"2022","All","All","All","All","Main scheme applicant","All","5465","3010","0.55"
"2023","All","All","All","All","Main scheme applicant","All","4485","2600","0.58"
"2020","White","18","England","Female","All","All","5","0"," "
"2022","White","18","England","Female","All","All","5","0"," "
"2019","White","18","Scotland","Female","All","All","10","0"," "
"2020","White","18","Scotland","Female","All","All","20","0"," "
"2021","White","18","Scotland","Female","All","All","20","0"," "
"2022","White","18","Scotland","Female","All","All","20","0"," "
"2023","White","18","Scotland","Female","All","All","15","0"," "
"2020","White","18","Wales","Female","All","All","5","0"," "
"2022","White","18","Wales","Female","All","All","10","0"," "
"2019","White","19","Scotland","Female","All","All","5","0"," "
"2021","White","19","Scotland","Female","All","All","5","0"," "
"2022","White","19","Scotland","Female","All","All","10","0"," "
"2023","White","19","Scotland","Female","All","All","5","0"," "
"2019","White","20","Scotland","Female","All","All","5","0"," "
"2020","White","20","Scotland","Female","All","All","5","0"," "
"2021","White","20","Scotland","Female","All","All","15","0"," "
"2022","White","20","Scotland","Female","All","All","5","0"," "
"2023","White","20","Scotland","Female","All","All","5","0"," "
"2019","White","21 - 24","Northern Ireland","Female","All","All","45","10","0.222"
"2020","White","21 - 24","Northern Ireland","Female","All","All","35","10"," "
"2021","White","21 - 24","Northern Ireland","Female","All","All","45","15","0.311"
"2022","White","21 - 24","Northern Ireland","Female","All","All","30","10"," "
"2023","White","21 - 24","Northern Ireland","Female","All","All","20","5"," "
"2019","White","21 - 24","England","Female","All","All","45","25","0.489"
"2020","White","21 - 24","England","Female","All","All","35","15","0.47100000000000003"
"2021","White","21 - 24","England","Female","All","All","60","20","0.31"
"2022","White","21 - 24","England","Female","All","All","105","50","0.5"
"2023","White","21 - 24","England","Female","All","All","95","40","0.43"
"2019","White","21 - 24","Scotland","Female","All","All","1095","630","0.5750000000000001"
"2020","White","21 - 24","Scotland","Female","All","All","1235","690","0.558"
"2021","White","21 - 24","Scotland","Female","All","All","1525","685","0.451"
"2022","White","21 - 24","Scotland","Female","All","All","1075","610","0.5650000000000001"
"2023","White","21 - 24","Scotland","Female","All","All","920","560","0.605"
"2020","White","21 - 24","Wales","Female","All","All","5","0"," "
"2022","White","21 - 24","Wales","Female","All","All","485","375","0.77"
"2023","White","21 - 24","Wales","Female","All","All","460","335","0.728"
"2019","Black","21 - 24","Scotland","Female","All","All","5","0"," "
"2021","Black","21 - 24","Scotland","Female","All","All","5","0"," "
"2023","Black","21 - 24","Scotland","Female","All","All","10","5"," "
"2023","Black","21 - 24","Wales","Female","All","All","5","0"," "
"2019","Asian","21 - 24","England","Female","All","All","5","0"," "
"2021","Asian","21 - 24","England","Female","All","All","10","0"," "
"2019","Asian","21 - 24","Scotland","Female","All","All","40","15","0.421"
"2020","Asian","21 - 24","Scotland","Female","All","All","35","20","0.595"
"2021","Asian","21 - 24","Scotland","Female","All","All","45","15","0.372"
"2022","Asian","21 - 24","Scotland","Female","All","All","30","20","0.6"
"2023","Asian","21 - 24","Scotland","Female","All","All","35","25","0.6970000000000001"
"2022","Asian","21 - 24","Wales","Female","All","All","15","5"," "
"2023","Asian","21 - 24","Wales","Female","All","All","10","5"," "
"2019","Mixed","21 - 24","England","Female","All","All","5","0"," "
"2020","Mixed","21 - 24","England","Female","All","All","5","0"," "
"2023","Mixed","21 - 24","England","Female","All","All","5","5"," "
"2019","Mixed","21 - 24","Scotland","Female","All","All","10","5"," "
"2020","Mixed","21 - 24","Scotland","Female","All","All","10","5"," "
"2021","Mixed","21 - 24","Scotland","Female","All","All","15","10"," "
"2022","Mixed","21 - 24","Scotland","Female","All","All","20","15","0.682"
"2023","Mixed","21 - 24","Scotland","Female","All","All","15","10"," "
"2022","Mixed","21 - 24","Wales","Female","All","All","5","5"," "
"2023","Mixed","21 - 24","Wales","Female","All","All","5","5"," "
"2020","Other","21 - 24","Scotland","Female","All","All","5","0"," "
"2023","Other","21 - 24","Scotland","Female","All","All","5","5"," "
"2019","Unknown or Prefer Not To Say","21 - 24","Scotland","Female","All","All","5","0"," "
"2021","Unknown or Prefer Not To Say","21 - 24","Scotland","Female","All","All","10","5"," "
"2022","Unknown or Prefer Not To Say","21 - 24","Scotland","Female","All","All","5","5"," "
"2023","Unknown or Prefer Not To Say","21 - 24","Wales","Female","All","All","5","5"," "
"2019","White","25 - 29","Northern Ireland","Female","All","All","15","10"," "
"2020","White","25 - 29","Northern Ireland","Female","All","All","15","5"," "
"2021","White","25 - 29","Northern Ireland","Female","All","All","15","5"," "
"2022","White","25 - 29","Northern Ireland","Female","All","All","10","5"," "
"2023","White","25 - 29","Northern Ireland","Female","All","All","10","5"," "
"2019","White","25 - 29","England","Female","All","All","15","5"," "
"2020","White","25 - 29","England","Female","All","All","30","15","0.607"
"2021","White","25 - 29","England","Female","All","All","40","15","0.421"
"2022","White","25 - 29","England","Female","All","All","25","5"," "
"2023","White","25 - 29","England","Female","All","All","25","15","0.708"
"2019","White","25 - 29","Scotland","Female","All","All","925","530","0.5730000000000001"
"2020","White","25 - 29","Scotland","Female","All","All","860","490","0.5710000000000001"
"2021","White","25 - 29","Scotland","Female","All","All","1090","530","0.484"
"2022","White","25 - 29","Scotland","Female","All","All","740","430","0.579"
"2023","White","25 - 29","Scotland","Female","All","All","530","310","0.583"
"2022","White","25 - 29","Wales","Female","All","All","175","115","0.653"
"2023","White","25 - 29","Wales","Female","All","All","135","105","0.752"
"2019","Black","25 - 29","Scotland","Female","All","All","5","0"," "
"2020","Black","25 - 29","Scotland","Female","All","All","5","0"," "
"2021","Black","25 - 29","Scotland","Female","All","All","5","5"," "
"2021","Asian","25 - 29","England","Female","All","All","5","0"," "
"2019","Asian","25 - 29","Scotland","Female","All","All","20","10"," "
"2020","Asian","25 - 29","Scotland","Female","All","All","25","10","0.44"
"2021","Asian","25 - 29","Scotland","Female","All","All","30","10","0.367"
"2022","Asian","25 - 29","Scotland","Female","All","All","25","10","0.522"
"2023","Asian","25 - 29","Scotland","Female","All","All","20","10","0.5"
"2023","Asian","25 - 29","Wales","Female","All","All","5","0"," "
"2019","Mixed","25 - 29","Scotland","Female","All","All","15","10"," "
"2020","Mixed","25 - 29","Scotland","Female","All","All","15","10"," "
"2021","Mixed","25 - 29","Scotland","Female","All","All","15","5"," "
"2022","Mixed","25 - 29","Scotland","Female","All","All","15","10","0.733"
"2023","Mixed","25 - 29","Scotland","Female","All","All","15","10"," "
"2022","Mixed","25 - 29","Wales","Female","All","All","5","5"," "
"2023","Mixed","25 - 29","Wales","Female","All","All","5","5"," "
"2019","Other","25 - 29","Scotland","Female","All","All","5","0"," "
"2020","Other","25 - 29","Scotland","Female","All","All","5","0"," "
"2021","Other","25 - 29","Scotland","Female","All","All","5","0"," "
"2023","Other","25 - 29","Scotland","Female","All","All","5","5"," "
"2019","Unknown or Prefer Not To Say","25 - 29","Scotland","Female","All","All","5","5"," "
"2020","Unknown or Prefer Not To Say","25 - 29","Scotland","Female","All","All","10","5"," "
"2021","Unknown or Prefer Not To Say","25 - 29","Scotland","Female","All","All","10","0"," "
"2022","Unknown or Prefer Not To Say","25 - 29","Scotland","Female","All","All","5","5"," "
"2023","Unknown or Prefer Not To Say","25 - 29","Scotland","Female","All","All","5","0"," "
"2021","White","30 - 34","Northern Ireland","Female","All","All","5","0"," "
"2022","White","30 - 34","Northern Ireland","Female","All","All","5","0"," "
"2019","White","30 - 34","England","Female","All","All","10","5"," "
"2020","White","30 - 34","England","Female","All","All","15","10","0.667"
"2021","White","30 - 34","England","Female","All","All","15","5"," "
"2022","White","30 - 34","England","Female","All","All","10","5"," "
"2023","White","30 - 34","England","Female","All","All","5","5"," "
"2019","White","30 - 34","Scotland","Female","All","All","380","180","0.47600000000000003"
"2020","White","30 - 34","Scotland","Female","All","All","415","235","0.5630000000000001"
"2021","White","30 - 34","Scotland","Female","All","All","450","180","0.402"
"2022","White","30 - 34","Scotland","Female","All","All","295","170","0.5760000000000001"
"2023","White","30 - 34","Scotland","Female","All","All","235","150","0.644"
"2022","White","30 - 34","Wales","Female","All","All","60","50","0.8"
"2023","White","30 - 34","Wales","Female","All","All","60","40","0.655"
"2019","Black","30 - 34","Scotland","Female","All","All","5","0"," "
"2020","Black","30 - 34","Scotland","Female","All","All","5","0"," "
"2023","Black","30 - 34","Scotland","Female","All","All","5","0"," "
"2019","Asian","30 - 34","Scotland","Female","All","All","15","5"," "
"2020","Asian","30 - 34","Scotland","Female","All","All","15","10"," "
"2021","Asian","30 - 34","Scotland","Female","All","All","20","5"," "
"2022","Asian","30 - 34","Scotland","Female","All","All","10","5"," "
"2023","Asian","30 - 34","Scotland","Female","All","All","15","5"," "
"2019","Mixed","30 - 34","Scotland","Female","All","All","5","0"," "
"2020","Mixed","30 - 34","Scotland","Female","All","All","5","5"," "
"2021","Mixed","30 - 34","Scotland","Female","All","All","10","5"," "
"2022","Mixed","30 - 34","Scotland","Female","All","All","5","5"," "
"2023","Mixed","30 - 34","Scotland","Female","All","All","5","0"," "
"2020","Other","30 - 34","Scotland","Female","All","All","5","0"," "
"2021","Other","30 - 34","Scotland","Female","All","All","5","5"," "
"2023","Other","30 - 34","Scotland","Female","All","All","5","0"," "
"2019","Unknown or Prefer Not To Say","30 - 34","Scotland","Female","All","All","5","0"," "
"2020","Unknown or Prefer Not To Say","30 - 34","Scotland","Female","All","All","5","0"," "
"2021","Unknown or Prefer Not To Say","30 - 34","Scotland","Female","All","All","5","5"," "
"2023","Unknown or Prefer Not To Say","30 - 34","Scotland","Female","All","All","5","5"," "
"2019","White","35 and over","Northern Ireland","Female","All","All","5","0"," "
"2019","White","35 and over","England","Female","All","All","15","10"," "
"2020","White","35 and over","England","Female","All","All","25","15","0.625"
"2021","White","35 and over","England","Female","All","All","20","15","0.778"
"2022","White","35 and over","England","Female","All","All","15","10"," "
"2023","White","35 and over","England","Female","All","All","10","10"," "
"2019","White","35 and over","Scotland","Female","All","All","675","320","0.47200000000000003"
"2020","White","35 and over","Scotland","Female","All","All","755","375","0.5"
"2021","White","35 and over","Scotland","Female","All","All","795","320","0.402"
"2022","White","35 and over","Scotland","Female","All","All","540","295","0.548"
"2023","White","35 and over","Scotland","Female","All","All","455","270","0.59"
"2022","White","35 and over","Wales","Female","All","All","90","60","0.63"
"2023","White","35 and over","Wales","Female","All","All","55","40","0.737"
"2019","Black","35 and over","England","Female","All","All","5","0"," "
"2019","Black","35 and over","Scotland","Female","All","All","10","5"," "
"2020","Black","35 and over","Scotland","Female","All","All","20","5"," "
"2021","Black","35 and over","Scotland","Female","All","All","10","0"," "
"2022","Black","35 and over","Scotland","Female","All","All","5","0"," "
"2023","Black","35 and over","Scotland","Female","All","All","15","5"," "
"2022","Black","35 and over","Wales","Female","All","All","5","0"," "
"2021","Asian","35 and over","England","Female","All","All","5","0"," "
"2019","Asian","35 and over","Scotland","Female","All","All","55","20","0.358"
"2020","Asian","35 and over","Scotland","Female","All","All","50","15","0.308"
"2021","Asian","35 and over","Scotland","Female","All","All","45","20","0.47800000000000004"
"2022","Asian","35 and over","Scotland","Female","All","All","35","15","0.4"
"2023","Asian","35 and over","Scotland","Female","All","All","30","10","0.323"
"2022","Asian","35 and over","Wales","Female","All","All","5","0"," "
"2023","Asian","35 and over","Wales","Female","All","All","10","5"," "
"2019","Mixed","35 and over","Scotland","Female","All","All","15","5"," "
"2020","Mixed","35 and over","Scotland","Female","All","All","15","5"," "
"2021","Mixed","35 and over","Scotland","Female","All","All","15","5"," "
"2022","Mixed","35 and over","Scotland","Female","All","All","10","5"," "
"2023","Mixed","35 and over","Scotland","Female","All","All","10","10"," "
"2019","Other","35 and over","England","Female","All","All","5","0"," "
"2019","Other","35 and over","Scotland","Female","All","All","15","5"," "
"2020","Other","35 and over","Scotland","Female","All","All","10","5"," "
"2021","Other","35 and over","Scotland","Female","All","All","10","0"," "
"2022","Other","35 and over","Scotland","Female","All","All","10","5"," "
"2023","Other","35 and over","Scotland","Female","All","All","10","5"," "
"2022","Other","35 and over","Wales","Female","All","All","5","0"," "
"2019","Unknown or Prefer Not To Say","35 and over","Scotland","Female","All","All","10","5"," "
"2020","Unknown or Prefer Not To Say","35 and over","Scotland","Female","All","All","5","0"," "
"2021","Unknown or Prefer Not To Say","35 and over","Scotland","Female","All","All","15","5"," "
"2022","Unknown or Prefer Not To Say","35 and over","Scotland","Female","All","All","10","5"," "
"2023","Unknown or Prefer Not To Say","35 and over","Scotland","Female","All","All","10","5"," "
"2023","White","18","England","Male","All","All","5","0"," "
"2019","White","18","Scotland","Male","All","All","5","0"," "
"2020","White","18","Scotland","Male","All","All","5","0"," "
"2021","White","18","Scotland","Male","All","All","5","0"," "
"2022","White","18","Scotland","Male","All","All","5","0"," "
"2023","White","18","Scotland","Male","All","All","5","0"," "
"2022","White","18","Wales","Male","All","All","5","0"," "
"2023","White","18","Wales","Male","All","All","5","0"," "
"2021","White","20","Scotland","Male","All","All","5","0"," "
"2022","White","20","Scotland","Male","All","All","5","0"," "
"2023","White","20","Scotland","Male","All","All","5","0"," "
"2019","White","21 - 24","Northern Ireland","Male","All","All","15","0"," "
"2020","White","21 - 24","Northern Ireland","Male","All","All","5","0"," "
"2021","White","21 - 24","Northern Ireland","Male","All","All","20","0"," "
"2022","White","21 - 24","Northern Ireland","Male","All","All","15","5"," "
"2023","White","21 - 24","Northern Ireland","Male","All","All","5","0"," "
"2019","White","21 - 24","England","Male","All","All","20","5"," "
"2020","White","21 - 24","England","Male","All","All","15","10"," "
"2021","White","21 - 24","England","Male","All","All","20","5"," "
"2022","White","21 - 24","England","Male","All","All","45","20","0.391"
"2023","White","21 - 24","England","Male","All","All","35","25","0.622"
"2019","White","21 - 24","Scotland","Male","All","All","420","185","0.445"
"2020","White","21 - 24","Scotland","Male","All","All","405","190","0.47200000000000003"
"2021","White","21 - 24","Scotland","Male","All","All","515","200","0.389"
"2022","White","21 - 24","Scotland","Male","All","All","400","170","0.425"
"2023","White","21 - 24","Scotland","Male","All","All","320","160","0.508"
"2022","White","21 - 24","Wales","Male","All","All","170","120","0.686"
"2023","White","21 - 24","Wales","Male","All","All","175","130","0.763"
"2022","Black","21 - 24","Scotland","Male","All","All","5","0"," "
"2020","Asian","21 - 24","England","Male","All","All","5","0"," "
"2023","Asian","21 - 24","England","Male","All","All","5","0"," "
"2019","Asian","21 - 24","Scotland","Male","All","All","10","5"," "
"2020","Asian","21 - 24","Scotland","Male","All","All","10","5"," "
"2021","Asian","21 - 24","Scotland","Male","All","All","10","5"," "
"2022","Asian","21 - 24","Scotland","Male","All","All","5","0"," "
"2023","Asian","21 - 24","Scotland","Male","All","All","5","5"," "
"2022","Asian","21 - 24","Wales","Male","All","All","5","5"," "
"2023","Asian","21 - 24","Wales","Male","All","All","5","5"," "
"2023","Mixed","21 - 24","England","Male","All","All","5","0"," "
"2019","Mixed","21 - 24","Scotland","Male","All","All","5","0"," "
"2020","Mixed","21 - 24","Scotland","Male","All","All","5","0"," "
"2021","Mixed","21 - 24","Scotland","Male","All","All","10","5"," "
"2022","Mixed","21 - 24","Scotland","Male","All","All","5","0"," "
"2023","Mixed","21 - 24","Scotland","Male","All","All","5","5"," "
"2022","Mixed","21 - 24","Wales","Male","All","All","5","5"," "
"2021","Unknown or Prefer Not To Say","21 - 24","Scotland","Male","All","All","5","0"," "
"2022","Unknown or Prefer Not To Say","21 - 24","Scotland","Male","All","All","5","0"," "
"2019","White","25 - 29","Northern Ireland","Male","All","All","10","5"," "
"2020","White","25 - 29","Northern Ireland","Male","All","All","5","0"," "
"2021","White","25 - 29","Northern Ireland","Male","All","All","10","5"," "
"2022","White","25 - 29","Northern Ireland","Male","All","All","5","0"," "
"2019","White","25 - 29","England","Male","All","All","10","5"," "
"2020","White","25 - 29","England","Male","All","All","15","10"," "
"2021","White","25 - 29","England","Male","All","All","15","5"," "
"2022","White","25 - 29","England","Male","All","All","15","10","0.6880000000000001"
"2023","White","25 - 29","England","Male","All","All","15","5"," "
"2019","White","25 - 29","Scotland","Male","All","All","370","175","0.47400000000000003"
"2020","White","25 - 29","Scotland","Male","All","All","440","220","0.499"
"2021","White","25 - 29","Scotland","Male","All","All","485","190","0.395"
"2022","White","25 - 29","Scotland","Male","All","All","350","170","0.489"
"2023","White","25 - 29","Scotland","Male","All","All","270","150","0.551"
"2020","White","25 - 29","Wales","Male","All","All","5","0"," "
"2022","White","25 - 29","Wales","Male","All","All","80","60","0.747"
"2023","White","25 - 29","Wales","Male","All","All","75","55","0.72"
"2019","Asian","25 - 29","Scotland","Male","All","All","5","5"," "
"2020","Asian","25 - 29","Scotland","Male","All","All","5","5"," "
"2021","Asian","25 - 29","Scotland","Male","All","All","10","5"," "
"2022","Asian","25 - 29","Scotland","Male","All","All","5","5"," "
"2023","Asian","25 - 29","Scotland","Male","All","All","10","5"," "
"2019","Mixed","25 - 29","Scotland","Male","All","All","5","0"," "
"2020","Mixed","25 - 29","Scotland","Male","All","All","5","0"," "
"2021","Mixed","25 - 29","Scotland","Male","All","All","5","5"," "
"2022","Mixed","25 - 29","Scotland","Male","All","All","10","0"," "
"2023","Mixed","25 - 29","Scotland","Male","All","All","10","5"," "
"2023","Mixed","25 - 29","Wales","Male","All","All","5","0"," "
"2020","Other","25 - 29","Scotland","Male","All","All","5","5"," "
"2023","Other","25 - 29","Scotland","Male","All","All","5","0"," "
"2023","Other","25 - 29","Wales","Male","All","All","5","0"," "
"2019","Unknown or Prefer Not To Say","25 - 29","Scotland","Male","All","All","5","0"," "
"2020","Unknown or Prefer Not To Say","25 - 29","Scotland","Male","All","All","5","0"," "
"2021","Unknown or Prefer Not To Say","25 - 29","Scotland","Male","All","All","10","5"," "
"2022","Unknown or Prefer Not To Say","25 - 29","Scotland","Male","All","All","5","5"," "
"2023","Unknown or Prefer Not To Say","25 - 29","Scotland","Male","All","All","5","0"," "
"2020","White","30 - 34","Northern Ireland","Male","All","All","5","0"," "
"2019","White","30 - 34","England","Male","All","All","5","0"," "
"2020","White","30 - 34","England","Male","All","All","10","10"," "
"2021","White","30 - 34","England","Male","All","All","5","0"," "
"2022","White","30 - 34","England","Male","All","All","5","5"," "
"2023","White","30 - 34","England","Male","All","All","5","5"," "
"2019","White","30 - 34","Scotland","Male","All","All","190","95","0.503"
"2020","White","30 - 34","Scotland","Male","All","All","195","90","0.46900000000000003"
"2021","White","30 - 34","Scotland","Male","All","All","220","95","0.425"
"2022","White","30 - 34","Scotland","Male","All","All","185","90","0.497"
"2023","White","30 - 34","Scotland","Male","All","All","120","55","0.445"
"2022","White","30 - 34","Wales","Male","All","All","30","20","0.71"
"2023","White","30 - 34","Wales","Male","All","All","25","20","0.846"
"2021","Black","30 - 34","Scotland","Male","All","All","5","0"," "
"2022","Black","30 - 34","Scotland","Male","All","All","5","0"," "
"2021","Asian","30 - 34","Scotland","Male","All","All","5","0"," "
"2022","Asian","30 - 34","Scotland","Male","All","All","5","0"," "
"2020","Mixed","30 - 34","Scotland","Male","All","All","5","0"," "
"2021","Mixed","30 - 34","Scotland","Male","All","All","5","0"," "
"2022","Mixed","30 - 34","Scotland","Male","All","All","5","0"," "
"2023","Mixed","30 - 34","Scotland","Male","All","All","5","0"," "
"2022","Mixed","30 - 34","Wales","Male","All","All","5","5"," "
"2020","Unknown or Prefer Not To Say","30 - 34","Scotland","Male","All","All","5","0"," "
"2021","Unknown or Prefer Not To Say","30 - 34","Scotland","Male","All","All","10","5"," "
"2022","Unknown or Prefer Not To Say","30 - 34","Scotland","Male","All","All","10","5"," "
"2023","Unknown or Prefer Not To Say","30 - 34","Scotland","Male","All","All","5","5"," "
"2019","White","35 and over","England","Male","All","All","5","0"," "
"2020","White","35 and over","England","Male","All","All","5","0"," "
"2021","White","35 and over","England","Male","All","All","5","5"," "
"2022","White","35 and over","England","Male","All","All","5","0"," "
"2023","White","35 and over","England","Male","All","All","5","0"," "
"2019","White","35 and over","Scotland","Male","All","All","280","135","0.482"
"2020","White","35 and over","Scotland","Male","All","All","280","135","0.47500000000000003"
"2021","White","35 and over","Scotland","Male","All","All","315","115","0.358"
"2022","White","35 and over","Scotland","Male","All","All","215","105","0.47900000000000004"
"2023","White","35 and over","Scotland","Male","All","All","165","95","0.56"
"2022","White","35 and over","Wales","Male","All","All","35","25","0.73"
"2023","White","35 and over","Wales","Male","All","All","25","20","0.741"
"2019","Black","35 and over","Scotland","Male","All","All","10","0"," "
"2020","Black","35 and over","Scotland","Male","All","All","10","5"," "
"2021","Black","35 and over","Scotland","Male","All","All","15","5"," "
"2022","Black","35 and over","Scotland","Male","All","All","10","5"," "
"2019","Asian","35 and over","Scotland","Male","All","All","25","10"," "
"2020","Asian","35 and over","Scotland","Male","All","All","10","5"," "
"2021","Asian","35 and over","Scotland","Male","All","All","5","0"," "
"2022","Asian","35 and over","Scotland","Male","All","All","10","5"," "
"2023","Asian","35 and over","Scotland","Male","All","All","5","0"," "
"2022","Asian","35 and over","Wales","Male","All","All","5","0"," "
"2019","Mixed","35 and over","Scotland","Male","All","All","5","0"," "
"2020","Mixed","35 and over","Scotland","Male","All","All","5","5"," "
"2021","Mixed","35 and over","Scotland","Male","All","All","5","0"," "
"2022","Mixed","35 and over","Scotland","Male","All","All","5","0"," "
"2023","Mixed","35 and over","Scotland","Male","All","All","5","5"," "
"2019","Other","35 and over","Scotland","Male","All","All","5","0"," "
"2020","Other","35 and over","Scotland","Male","All","All","5","5"," "
"2021","Other","35 and over","Scotland","Male","All","All","5","0"," "
"2022","Other","35 and over","Scotland","Male","All","All","5","0"," "
"2019","Unknown or Prefer Not To Say","35 and over","Scotland","Male","All","All","10","5"," "
"2020","Unknown or Prefer Not To Say","35 and over","Scotland","Male","All","All","15","5"," "
"2021","Unknown or Prefer Not To Say","35 and over","Scotland","Male","All","All","10","5"," "
"2022","Unknown or Prefer Not To Say","35 and over","Scotland","Male","All","All","10","0"," "
"2023","Unknown or Prefer Not To Say","35 and over","Scotland","Male","All","All","15","5"," "
"2020","All","18","England","Female","All","All","5","0"," "
"2022","All","18","England","Female","All","All","5","0"," "
"2019","All","18","Scotland","Female","All","All","10","0"," "
"2020","All","18","Scotland","Female","All","All","20","0"," "
"2021","All","18","Scotland","Female","All","All","20","0"," "
"2022","All","18","Scotland","Female","All","All","20","0"," "
"2023","All","18","Scotland","Female","All","All","20","0"," "
"2020","All","18","Wales","Female","All","All","5","0"," "
"2022","All","18","Wales","Female","All","All","15","0"," "
"2019","All","19","Scotland","Female","All","All","5","0"," "
"2021","All","19","Scotland","Female","All","All","5","0"," "
"2022","All","19","Scotland","Female","All","All","10","0"," "
"2023","All","19","Scotland","Female","All","All","5","0"," "
"2019","All","20","Scotland","Female","All","All","5","0"," "
"2020","All","20","Scotland","Female","All","All","5","0"," "
"2021","All","20","Scotland","Female","All","All","15","0"," "
"2022","All","20","Scotland","Female","All","All","5","0"," "
"2023","All","20","Scotland","Female","All","All","5","0"," "
"2019","All","21 - 24","Northern Ireland","Female","All","All","45","10","0.222"
"2020","All","21 - 24","Northern Ireland","Female","All","All","35","10"," "
"2021","All","21 - 24","Northern Ireland","Female","All","All","45","15","0.311"
"2022","All","21 - 24","Northern Ireland","Female","All","All","30","10"," "
"2023","All","21 - 24","Northern Ireland","Female","All","All","20","5"," "
"2019","All","21 - 24","England","Female","All","All","55","25","0.491"
"2020","All","21 - 24","England","Female","All","All","40","20","0.45"
"2021","All","21 - 24","England","Female","All","All","70","20","0.304"
"2022","All","21 - 24","England","Female","All","All","110","55","0.514"
"2023","All","21 - 24","England","Female","All","All","100","45","0.44"
"2019","All","21 - 24","Scotland","Female","All","All","1155","655","0.5680000000000001"
"2020","All","21 - 24","Scotland","Female","All","All","1295","720","0.558"
"2021","All","21 - 24","Scotland","Female","All","All","1595","715","0.449"
"2022","All","21 - 24","Scotland","Female","All","All","1140","650","0.5710000000000001"
"2023","All","21 - 24","Scotland","Female","All","All","985","600","0.608"
"2020","All","21 - 24","Wales","Female","All","All","5","0"," "
"2022","All","21 - 24","Wales","Female","All","All","515","385","0.751"
"2023","All","21 - 24","Wales","Female","All","All","485","350","0.722"
"2019","All","25 - 29","Northern Ireland","Female","All","All","15","10"," "
"2020","All","25 - 29","Northern Ireland","Female","All","All","15","5"," "
"2021","All","25 - 29","Northern Ireland","Female","All","All","15","5"," "
"2022","All","25 - 29","Northern Ireland","Female","All","All","10","5"," "
"2023","All","25 - 29","Northern Ireland","Female","All","All","10","5"," "
"2019","All","25 - 29","England","Female","All","All","20","5"," "
"2020","All","25 - 29","England","Female","All","All","35","20","0.636"
"2021","All","25 - 29","England","Female","All","All","40","20","0.429"
"2022","All","25 - 29","England","Female","All","All","25","5"," "
"2023","All","25 - 29","England","Female","All","All","25","15","0.708"
"2019","All","25 - 29","Scotland","Female","All","All","970","550","0.5690000000000001"
"2020","All","25 - 29","Scotland","Female","All","All","920","520","0.5640000000000001"
"2021","All","25 - 29","Scotland","Female","All","All","1155","555","0.47900000000000004"
"2022","All","25 - 29","Scotland","Female","All","All","785","455","0.581"
"2023","All","25 - 29","Scotland","Female","All","All","570","330","0.582"
"2022","All","25 - 29","Wales","Female","All","All","180","120","0.665"
"2023","All","25 - 29","Wales","Female","All","All","150","110","0.737"
"2021","All","30 - 34","Northern Ireland","Female","All","All","5","0"," "
"2022","All","30 - 34","Northern Ireland","Female","All","All","5","0"," "
"2019","All","30 - 34","England","Female","All","All","10","5"," "
"2020","All","30 - 34","England","Female","All","All","15","10","0.647"
"2021","All","30 - 34","England","Female","All","All","15","5"," "
"2022","All","30 - 34","England","Female","All","All","15","5"," "
"2023","All","30 - 34","England","Female","All","All","5","5"," "
"2019","All","30 - 34","Scotland","Female","All","All","415","195","0.465"
"2020","All","30 - 34","Scotland","Female","All","All","445","250","0.562"
"2021","All","30 - 34","Scotland","Female","All","All","485","200","0.40700000000000003"
"2022","All","30 - 34","Scotland","Female","All","All","320","180","0.5660000000000001"
"2023","All","30 - 34","Scotland","Female","All","All","265","160","0.604"
"2022","All","30 - 34","Wales","Female","All","All","65","50","0.8130000000000001"
"2023","All","30 - 34","Wales","Female","All","All","60","40","0.661"
"2019","All","35 and over","Northern Ireland","Female","All","All","5","0"," "
"2019","All","35 and over","England","Female","All","All","25","15","0.5"
"2020","All","35 and over","England","Female","All","All","25","15","0.577"
"2021","All","35 and over","England","Female","All","All","25","20","0.783"
"2022","All","35 and over","England","Female","All","All","15","10"," "
"2023","All","35 and over","England","Female","All","All","15","10","0.733"
"2019","All","35 and over","Scotland","Female","All","All","775","355","0.457"
"2020","All","35 and over","Scotland","Female","All","All","855","410","0.481"
"2021","All","35 and over","Scotland","Female","All","All","890","355","0.399"
"2022","All","35 and over","Scotland","Female","All","All","615","325","0.529"
"2023","All","35 and over","Scotland","Female","All","All","535","300","0.5630000000000001"
"2022","All","35 and over","Wales","Female","All","All","105","60","0.587"
"2023","All","35 and over","Wales","Female","All","All","75","50","0.685"
"2023","All","18","England","Male","All","All","5","0"," "
"2019","All","18","Scotland","Male","All","All","5","0"," "
"2020","All","18","Scotland","Male","All","All","5","0"," "
"2021","All","18","Scotland","Male","All","All","5","0"," "
"2022","All","18","Scotland","Male","All","All","5","0"," "
"2023","All","18","Scotland","Male","All","All","5","0"," "
"2022","All","18","Wales","Male","All","All","5","0"," "
"2023","All","18","Wales","Male","All","All","5","0"," "
"2021","All","20","Scotland","Male","All","All","5","0"," "
"2022","All","20","Scotland","Male","All","All","5","0"," "
"2023","All","20","Scotland","Male","All","All","5","0"," "
"2023","All","20","Wales","Male","All","All","5","0"," "
"2019","All","21 - 24","Northern Ireland","Male","All","All","15","0"," "
"2020","All","21 - 24","Northern Ireland","Male","All","All","10","0"," "
"2021","All","21 - 24","Northern Ireland","Male","All","All","20","0"," "
"2022","All","21 - 24","Northern Ireland","Male","All","All","15","5"," "
"2023","All","21 - 24","Northern Ireland","Male","All","All","5","0"," "
"2019","All","21 - 24","England","Male","All","All","20","5"," "
"2020","All","21 - 24","England","Male","All","All","20","10","0.524"
"2021","All","21 - 24","England","Male","All","All","25","5"," "
"2022","All","21 - 24","England","Male","All","All","50","20","0.388"
"2023","All","21 - 24","England","Male","All","All","45","30","0.622"
"2019","All","21 - 24","Scotland","Male","All","All","435","190","0.439"
"2020","All","21 - 24","Scotland","Male","All","All","425","195","0.464"
"2021","All","21 - 24","Scotland","Male","All","All","540","210","0.388"
"2022","All","21 - 24","Scotland","Male","All","All","415","175","0.417"
"2023","All","21 - 24","Scotland","Male","All","All","335","170","0.514"
"2022","All","21 - 24","Wales","Male","All","All","185","130","0.6990000000000001"
"2023","All","21 - 24","Wales","Male","All","All","185","140","0.761"
"2019","All","25 - 29","Northern Ireland","Male","All","All","10","5"," "
"2020","All","25 - 29","Northern Ireland","Male","All","All","5","0"," "
"2021","All","25 - 29","Northern Ireland","Male","All","All","10","5"," "
"2022","All","25 - 29","Northern Ireland","Male","All","All","5","0"," "
"2023","All","25 - 29","Northern Ireland","Male","All","All","5","0"," "
"2019","All","25 - 29","England","Male","All","All","15","5"," "
"2020","All","25 - 29","England","Male","All","All","15","10","0.588"
"2021","All","25 - 29","England","Male","All","All","15","5"," "
"2022","All","25 - 29","England","Male","All","All","15","10","0.6880000000000001"
"2023","All","25 - 29","England","Male","All","All","15","5"," "
"2019","All","25 - 29","Scotland","Male","All","All","390","185","0.47200000000000003"
"2020","All","25 - 29","Scotland","Male","All","All","455","230","0.502"
"2021","All","25 - 29","Scotland","Male","All","All","515","205","0.4"
"2022","All","25 - 29","Scotland","Male","All","All","370","180","0.488"
"2023","All","25 - 29","Scotland","Male","All","All","300","165","0.55"
"2020","All","25 - 29","Wales","Male","All","All","5","0"," "
"2022","All","25 - 29","Wales","Male","All","All","85","60","0.747"
"2023","All","25 - 29","Wales","Male","All","All","85","60","0.706"
"2020","All","30 - 34","Northern Ireland","Male","All","All","5","0"," "
"2019","All","30 - 34","England","Male","All","All","5","5"," "
"2020","All","30 - 34","England","Male","All","All","10","10"," "
"2021","All","30 - 34","England","Male","All","All","10","0"," "
"2022","All","30 - 34","England","Male","All","All","5","5"," "
"2023","All","30 - 34","England","Male","All","All","10","5"," "
"2019","All","30 - 34","Scotland","Male","All","All","200","100","0.495"
"2020","All","30 - 34","Scotland","Male","All","All","200","95","0.46"
"2021","All","30 - 34","Scotland","Male","All","All","240","100","0.42"
"2022","All","30 - 34","Scotland","Male","All","All","205","100","0.498"
"2023","All","30 - 34","Scotland","Male","All","All","135","60","0.455"
"2022","All","30 - 34","Wales","Male","All","All","35","25","0.743"
"2023","All","30 - 34","Wales","Male","All","All","25","25","0.852"
"2019","All","35 and over","England","Male","All","All","5","0"," "
"2020","All","35 and over","England","Male","All","All","5","5"," "
"2021","All","35 and over","England","Male","All","All","10","5"," "
"2022","All","35 and over","England","Male","All","All","5","0"," "
"2023","All","35 and over","England","Male","All","All","5","0"," "
"2019","All","35 and over","Scotland","Male","All","All","330","155","0.461"
"2020","All","35 and over","Scotland","Male","All","All","330","155","0.47400000000000003"
"2021","All","35 and over","Scotland","Male","All","All","355","130","0.359"
"2022","All","35 and over","Scotland","Male","All","All","255","115","0.451"
"2023","All","35 and over","Scotland","Male","All","All","195","100","0.52"
"2022","All","35 and over","Wales","Male","All","All","40","30","0.683"
"2023","All","35 and over","Wales","Male","All","All","35","20","0.618"
"2019","White","All","Northern Ireland","Female","All","All","65","20","0.28400000000000003"
"2020","White","All","Northern Ireland","Female","All","All","50","15","0.275"
"2021","White","All","Northern Ireland","Female","All","All","65","20","0.323"
"2022","White","All","Northern Ireland","Female","All","All","45","15","0.378"
"2023","White","All","Northern Ireland","Female","All","All","35","10"," "
"2019","White","All","England","Female","All","All","90","45","0.47800000000000004"
"2020","White","All","England","Female","All","All","105","60","0.547"
"2021","White","All","England","Female","All","All","130","55","0.405"
"2022","White","All","England","Female","All","All","160","70","0.431"
"2023","White","All","England","Female","All","All","135","70","0.511"
"2019","White","All","Scotland","Female","All","All","3100","1665","0.537"
"2020","White","All","Scotland","Female","All","All","3290","1795","0.545"
"2021","White","All","Scotland","Female","All","All","3895","1715","0.44"
"2022","White","All","Scotland","Female","All","All","2690","1505","0.56"
"2023","White","All","Scotland","Female","All","All","2165","1285","0.594"
"2020","White","All","Wales","Female","All","All","10","0"," "
"2021","White","All","Wales","Female","All","All","5","0"," "
"2022","White","All","Wales","Female","All","All","825","595","0.719"
"2023","White","All","Wales","Female","All","All","715","520","0.722"
"2019","Black","All","England","Female","All","All","5","0"," "
"2019","Black","All","Scotland","Female","All","All","20","5"," "
"2020","Black","All","Scotland","Female","All","All","30","5"," "
"2021","Black","All","Scotland","Female","All","All","20","5"," "
"2022","Black","All","Scotland","Female","All","All","10","5"," "
"2023","Black","All","Scotland","Female","All","All","30","10","0.333"
"2022","Black","All","Wales","Female","All","All","5","0"," "
"2023","Black","All","Wales","Female","All","All","10","5"," "
"2019","Asian","All","England","Female","All","All","10","0"," "
"2021","Asian","All","England","Female","All","All","15","5"," "
"2022","Asian","All","England","Female","All","All","5","0"," "
"2023","Asian","All","England","Female","All","All","5","5"," "
"2019","Asian","All","Scotland","Female","All","All","130","50","0.385"
"2020","Asian","All","Scotland","Female","All","All","130","60","0.45"
"2021","Asian","All","Scotland","Female","All","All","135","55","0.401"
"2022","Asian","All","Scotland","Female","All","All","100","50","0.47500000000000003"
"2023","Asian","All","Scotland","Female","All","All","100","45","0.465"
"2022","Asian","All","Wales","Female","All","All","25","10"," "
"2023","Asian","All","Wales","Female","All","All","25","15","0.583"
"2019","Mixed","All","England","Female","All","All","5","5"," "
"2020","Mixed","All","England","Female","All","All","5","0"," "
"2021","Mixed","All","England","Female","All","All","5","5"," "
"2022","Mixed","All","England","Female","All","All","5","5"," "
"2023","Mixed","All","England","Female","All","All","5","5"," "
"2019","Mixed","All","Scotland","Female","All","All","50","20","0.44"
"2020","Mixed","All","Scotland","Female","All","All","45","25","0.543"
"2021","Mixed","All","Scotland","Female","All","All","55","25","0.453"
"2022","Mixed","All","Scotland","Female","All","All","55","35","0.6"
"2023","Mixed","All","Scotland","Female","All","All","45","30","0.651"
"2022","Mixed","All","Wales","Female","All","All","15","10"," "
"2023","Mixed","All","Wales","Female","All","All","15","10","0.786"
"2019","Other","All","England","Female","All","All","5","0"," "
"2019","Other","All","Scotland","Female","All","All","20","5"," "
"2020","Other","All","Scotland","Female","All","All","25","10","0.44"
"2021","Other","All","Scotland","Female","All","All","25","10"," "
"2022","Other","All","Scotland","Female","All","All","15","5"," "
"2023","Other","All","Scotland","Female","All","All","25","10","0.458"
"2022","Other","All","Wales","Female","All","All","10","5"," "
"2023","Other","All","Wales","Female","All","All","5","5"," "
"2020","Unknown or Prefer Not To Say","All","England","Female","All","All","5","5"," "
"2019","Unknown or Prefer Not To Say","All","Scotland","Female","All","All","25","10","0.48"
"2020","Unknown or Prefer Not To Say","All","Scotland","Female","All","All","20","10"," "
"2021","Unknown or Prefer Not To Say","All","Scotland","Female","All","All","35","15","0.405"
"2022","Unknown or Prefer Not To Say","All","Scotland","Female","All","All","20","15","0.7000000000000001"
"2023","Unknown or Prefer Not To Say","All","Scotland","Female","All","All","15","10"," "
"2023","Unknown or Prefer Not To Say","All","Wales","Female","All","All","5","5"," "
"2019","White","All","Northern Ireland","Male","All","All","25","5"," "
"2020","White","All","Northern Ireland","Male","All","All","15","0"," "
"2021","White","All","Northern Ireland","Male","All","All","30","10"," "
"2022","White","All","Northern Ireland","Male","All","All","25","10"," "
"2023","White","All","Northern Ireland","Male","All","All","10","0"," "
"2019","White","All","England","Male","All","All","40","15","0.421"
"2020","White","All","England","Male","All","All","45","30","0.636"
"2021","White","All","England","Male","All","All","50","15","0.327"
"2022","White","All","England","Male","All","All","70","35","0.47200000000000003"
"2023","White","All","England","Male","All","All","70","35","0.507"
"2019","White","All","Scotland","Male","All","All","1270","595","0.468"
"2020","White","All","Scotland","Male","All","All","1330","635","0.47900000000000004"
"2021","White","All","Scotland","Male","All","All","1545","600","0.387"
"2022","White","All","Scotland","Male","All","All","1155","535","0.464"
"2023","White","All","Scotland","Male","All","All","890","460","0.517"
"2019","White","All","Wales","Male","All","All","5","0"," "
"2020","White","All","Wales","Male","All","All","5","0"," "
"2022","White","All","Wales","Male","All","All","325","225","0.6930000000000001"
"2023","White","All","Wales","Male","All","All","305","230","0.746"
"2022","Black","All","England","Male","All","All","5","0"," "
"2019","Black","All","Scotland","Male","All","All","10","0"," "
"2020","Black","All","Scotland","Male","All","All","15","5"," "
"2021","Black","All","Scotland","Male","All","All","20","10"," "
"2022","Black","All","Scotland","Male","All","All","15","5"," "
"2023","Black","All","Scotland","Male","All","All","5","0"," "
"2023","Black","All","Wales","Male","All","All","5","0"," "
"2019","Asian","All","England","Male","All","All","5","5"," "
"2020","Asian","All","England","Male","All","All","5","0"," "
"2023","Asian","All","England","Male","All","All","5","5"," "
"2019","Asian","All","Scotland","Male","All","All","40","15","0.4"
"2020","Asian","All","Scotland","Male","All","All","25","15","0.609"
"2021","Asian","All","Scotland","Male","All","All","25","10","0.37"
"2022","Asian","All","Scotland","Male","All","All","25","10"," "
"2023","Asian","All","Scotland","Male","All","All","20","10","0.47600000000000003"
"2022","Asian","All","Wales","Male","All","All","5","5"," "
"2023","Asian","All","Wales","Male","All","All","10","10"," "
"2022","Mixed","All","England","Male","All","All","5","0"," "
"2023","Mixed","All","England","Male","All","All","5","5"," "
"2019","Mixed","All","Scotland","Male","All","All","15","5"," "
"2020","Mixed","All","Scotland","Male","All","All","20","5"," "
"2021","Mixed","All","Scotland","Male","All","All","25","10"," "
"2022","Mixed","All","Scotland","Male","All","All","20","5"," "
"2023","Mixed","All","Scotland","Male","All","All","30","15","0.484"
"2022","Mixed","All","Wales","Male","All","All","10","5"," "
"2023","Mixed","All","Wales","Male","All","All","5","0"," "
"2019","Other","All","Scotland","Male","All","All","5","0"," "
"2020","Other","All","Scotland","Male","All","All","10","5"," "
"2021","Other","All","Scotland","Male","All","All","10","0"," "
"2022","Other","All","Scotland","Male","All","All","10","0"," "
"2023","Other","All","Scotland","Male","All","All","5","5"," "
"2023","Other","All","Wales","Male","All","All","5","5"," "
"2019","Unknown or Prefer Not To Say","All","Scotland","Male","All","All","20","10","0.455"
"2020","Unknown or Prefer Not To Say","All","Scotland","Male","All","All","25","10","0.4"
"2021","Unknown or Prefer Not To Say","All","Scotland","Male","All","All","35","15","0.429"
"2022","Unknown or Prefer Not To Say","All","Scotland","Male","All","All","30","15","0.517"
"2023","Unknown or Prefer Not To Say","All","Scotland","Male","All","All","25","10","0.48"
"2022","Unknown or Prefer Not To Say","All","Wales","Male","All","All","5","5"," "
"2023","Unknown or Prefer Not To Say","All","Wales","Male","All","All","5","0"," "
"2019","All","All","Northern Ireland","Female","All","All","65","20","0.28400000000000003"
"2020","All","All","Northern Ireland","Female","All","All","50","15","0.275"
"2021","All","All","Northern Ireland","Female","All","All","65","20","0.323"
"2022","All","All","Northern Ireland","Female","All","All","45","20","0.391"
"2023","All","All","Northern Ireland","Female","All","All","35","10"," "
"2019","All","All","England","Female","All","All","110","50","0.455"
"2020","All","All","England","Female","All","All","120","65","0.537"
"2021","All","All","England","Female","All","All","150","60","0.40800000000000003"
"2022","All","All","England","Female","All","All","170","75","0.43"
"2023","All","All","England","Female","All","All","145","75","0.517"
"2019","All","All","Scotland","Female","All","All","3340","1760","0.526"
"2020","All","All","Scotland","Female","All","All","3540","1905","0.538"
"2021","All","All","Scotland","Female","All","All","4165","1825","0.438"
"2022","All","All","Scotland","Female","All","All","2890","1610","0.558"
"2023","All","All","Scotland","Female","All","All","2380","1390","0.584"
"2019","All","All","Wales","Female","All","All","5","0"," "
"2020","All","All","Wales","Female","All","All","10","0"," "
"2021","All","All","Wales","Female","All","All","5","0"," "
"2022","All","All","Wales","Female","All","All","880","620","0.706"
"2023","All","All","Wales","Female","All","All","780","555","0.712"
"2019","All","All","Northern Ireland","Male","All","All","25","5"," "
"2020","All","All","Northern Ireland","Male","All","All","20","0"," "
"2021","All","All","Northern Ireland","Male","All","All","30","10"," "
"2022","All","All","Northern Ireland","Male","All","All","25","10"," "
"2023","All","All","Northern Ireland","Male","All","All","10","0"," "
"2019","All","All","England","Male","All","All","45","20","0.41300000000000003"
"2020","All","All","England","Male","All","All","55","35","0.589"
"2021","All","All","England","Male","All","All","55","20","0.321"
"2022","All","All","England","Male","All","All","80","35","0.432"
"2023","All","All","England","Male","All","All","80","45","0.524"
"2019","All","All","Scotland","Male","All","All","1360","625","0.46"
"2020","All","All","Scotland","Male","All","All","1420","675","0.47600000000000003"
"2021","All","All","Scotland","Male","All","All","1655","640","0.387"
"2022","All","All","Scotland","Male","All","All","1255","570","0.456"
"2023","All","All","Scotland","Male","All","All","975","500","0.512"
"2019","All","All","Wales","Male","All","All","5","0"," "
"2020","All","All","Wales","Male","All","All","5","0"," "
"2022","All","All","Wales","Male","All","All","350","245","0.6990000000000001"
"2023","All","All","Wales","Male","All","All","335","245","0.727"
"2019","White","18","All","Female","All","All","10","0"," "
"2020","White","18","All","Female","All","All","30","0"," "
"2021","White","18","All","Female","All","All","20","0"," "
"2022","White","18","All","Female","All","All","35","0"," "
"2023","White","18","All","Female","All","All","25","0"," "
"2019","White","19","All","Female","All","All","5","0"," "
"2021","White","19","All","Female","All","All","5","0"," "
"2022","White","19","All","Female","All","All","10","0"," "
"2023","White","19","All","Female","All","All","5","0"," "
"2019","White","20","All","Female","All","All","5","0"," "
"2020","White","20","All","Female","All","All","5","0"," "
"2021","White","20","All","Female","All","All","15","0"," "
"2022","White","20","All","Female","All","All","10","0"," "
"2023","White","20","All","Female","All","All","5","0"," "
"2019","White","21 - 24","All","Female","All","All","1190","665","0.559"
"2020","White","21 - 24","All","Female","All","All","1310","715","0.546"
"2021","White","21 - 24","All","Female","All","All","1625","720","0.443"
"2022","White","21 - 24","All","Female","All","All","1700","1045","0.615"
"2023","White","21 - 24","All","Female","All","All","1495","940","0.628"
"2019","Black","21 - 24","All","Female","All","All","5","0"," "
"2021","Black","21 - 24","All","Female","All","All","5","0"," "
"2022","Black","21 - 24","All","Female","All","All","5","5"," "
"2023","Black","21 - 24","All","Female","All","All","15","5"," "
"2019","Asian","21 - 24","All","Female","All","All","40","15","0.41500000000000004"
"2020","Asian","21 - 24","All","Female","All","All","40","20","0.579"
"2021","Asian","21 - 24","All","Female","All","All","50","20","0.353"
"2022","Asian","21 - 24","All","Female","All","All","50","25","0.51"
"2023","Asian","21 - 24","All","Female","All","All","45","30","0.6980000000000001"
"2019","Mixed","21 - 24","All","Female","All","All","15","10"," "
"2020","Mixed","21 - 24","All","Female","All","All","15","5"," "
"2021","Mixed","21 - 24","All","Female","All","All","15","10","0.588"
"2022","Mixed","21 - 24","All","Female","All","All","30","20","0.677"
"2023","Mixed","21 - 24","All","Female","All","All","25","20","0.6920000000000001"
"2020","Other","21 - 24","All","Female","All","All","5","0"," "
"2022","Other","21 - 24","All","Female","All","All","5","5"," "
"2023","Other","21 - 24","All","Female","All","All","5","5"," "
"2019","Unknown or Prefer Not To Say","21 - 24","All","Female","All","All","5","0"," "
"2020","Unknown or Prefer Not To Say","21 - 24","All","Female","All","All","5","0"," "
"2021","Unknown or Prefer Not To Say","21 - 24","All","Female","All","All","10","5"," "
"2022","Unknown or Prefer Not To Say","21 - 24","All","Female","All","All","5","5"," "
"2023","Unknown or Prefer Not To Say","21 - 24","All","Female","All","All","5","5"," "
"2019","White","25 - 29","All","Female","All","All","960","545","0.5680000000000001"
"2020","White","25 - 29","All","Female","All","All","900","515","0.5690000000000001"
"2021","White","25 - 29","All","Female","All","All","1145","550","0.48"
"2022","White","25 - 29","All","Female","All","All","945","550","0.584"
"2023","White","25 - 29","All","Female","All","All","700","430","0.617"
"2019","Black","25 - 29","All","Female","All","All","5","0"," "
"2020","Black","25 - 29","All","Female","All","All","5","0"," "
"2021","Black","25 - 29","All","Female","All","All","5","5"," "
"2022","Black","25 - 29","All","Female","All","All","5","0"," "
"2023","Black","25 - 29","All","Female","All","All","5","0"," "
"2019","Asian","25 - 29","All","Female","All","All","20","10"," "
"2020","Asian","25 - 29","All","Female","All","All","25","15","0.481"
"2021","Asian","25 - 29","All","Female","All","All","35","10","0.364"
"2022","Asian","25 - 29","All","Female","All","All","25","15","0.538"
"2023","Asian","25 - 29","All","Female","All","All","25","10","0.5"
"2019","Mixed","25 - 29","All","Female","All","All","20","10"," "
"2020","Mixed","25 - 29","All","Female","All","All","15","10","0.588"
"2021","Mixed","25 - 29","All","Female","All","All","15","5"," "
"2022","Mixed","25 - 29","All","Female","All","All","20","15","0.7000000000000001"
"2023","Mixed","25 - 29","All","Female","All","All","20","10","0.632"
"2019","Other","25 - 29","All","Female","All","All","5","0"," "
"2020","Other","25 - 29","All","Female","All","All","5","0"," "
"2021","Other","25 - 29","All","Female","All","All","5","0"," "
"2022","Other","25 - 29","All","Female","All","All","5","0"," "
"2023","Other","25 - 29","All","Female","All","All","5","5"," "
"2019","Unknown or Prefer Not To Say","25 - 29","All","Female","All","All","5","5"," "
"2020","Unknown or Prefer Not To Say","25 - 29","All","Female","All","All","10","5"," "
"2021","Unknown or Prefer Not To Say","25 - 29","All","Female","All","All","10","0"," "
"2022","Unknown or Prefer Not To Say","25 - 29","All","Female","All","All","5","5"," "
"2023","Unknown or Prefer Not To Say","25 - 29","All","Female","All","All","5","0"," "
"2019","White","30 - 34","All","Female","All","All","395","190","0.47800000000000004"
"2020","White","30 - 34","All","Female","All","All","430","245","0.5670000000000001"
"2021","White","30 - 34","All","Female","All","All","465","185","0.396"
"2022","White","30 - 34","All","Female","All","All","370","225","0.604"
"2023","White","30 - 34","All","Female","All","All","295","190","0.643"
"2019","Black","30 - 34","All","Female","All","All","5","0"," "
"2020","Black","30 - 34","All","Female","All","All","5","0"," "
"2022","Black","30 - 34","All","Female","All","All","5","0"," "
"2023","Black","30 - 34","All","Female","All","All","5","0"," "
"2019","Asian","30 - 34","All","Female","All","All","20","5"," "
"2020","Asian","30 - 34","All","Female","All","All","15","10"," "
"2021","Asian","30 - 34","All","Female","All","All","20","5"," "
"2022","Asian","30 - 34","All","Female","All","All","15","5"," "
"2023","Asian","30 - 34","All","Female","All","All","15","5"," "
"2019","Mixed","30 - 34","All","Female","All","All","5","0"," "
"2020","Mixed","30 - 34","All","Female","All","All","5","5"," "
"2021","Mixed","30 - 34","All","Female","All","All","10","5"," "
"2022","Mixed","30 - 34","All","Female","All","All","5","5"," "
"2023","Mixed","30 - 34","All","Female","All","All","5","5"," "
"2020","Other","30 - 34","All","Female","All","All","5","0"," "
"2021","Other","30 - 34","All","Female","All","All","5","5"," "
"2022","Other","30 - 34","All","Female","All","All","5","5"," "
"2023","Other","30 - 34","All","Female","All","All","5","0"," "
"2019","Unknown or Prefer Not To Say","30 - 34","All","Female","All","All","10","0"," "
"2020","Unknown or Prefer Not To Say","30 - 34","All","Female","All","All","5","0"," "
"2021","Unknown or Prefer Not To Say","30 - 34","All","Female","All","All","5","5"," "
"2023","Unknown or Prefer Not To Say","30 - 34","All","Female","All","All","5","5"," "
"2019","White","35 and over","All","Female","All","All","695","325","0.47000000000000003"
"2020","White","35 and over","All","Female","All","All","780","390","0.503"
"2021","White","35 and over","All","Female","All","All","815","335","0.41200000000000003"
"2022","White","35 and over","All","Female","All","All","650","365","0.561"
"2023","White","35 and over","All","Female","All","All","525","320","0.608"
"2019","Black","35 and over","All","Female","All","All","10","5"," "
"2020","Black","35 and over","All","Female","All","All","20","5"," "
"2021","Black","35 and over","All","Female","All","All","10","0"," "
"2022","Black","35 and over","All","Female","All","All","10","0"," "
"2023","Black","35 and over","All","Female","All","All","20","5"," "
"2019","Asian","35 and over","All","Female","All","All","55","20","0.364"
"2020","Asian","35 and over","All","Female","All","All","50","15","0.308"
"2021","Asian","35 and over","All","Female","All","All","50","25","0.49"
"2022","Asian","35 and over","All","Female","All","All","40","15","0.368"
"2023","Asian","35 and over","All","Female","All","All","40","15","0.405"
"2019","Mixed","35 and over","All","Female","All","All","15","5"," "
"2020","Mixed","35 and over","All","Female","All","All","15","5"," "
"2021","Mixed","35 and over","All","Female","All","All","15","5"," "
"2022","Mixed","35 and over","All","Female","All","All","15","5"," "
"2023","Mixed","35 and over","All","Female","All","All","15","10","0.769"
"2019","Other","35 and over","All","Female","All","All","15","5"," "
"2020","Other","35 and over","All","Female","All","All","10","5"," "
"2021","Other","35 and over","All","Female","All","All","10","0"," "
"2022","Other","35 and over","All","Female","All","All","15","5"," "
"2023","Other","35 and over","All","Female","All","All","15","5"," "
"2019","Unknown or Prefer Not To Say","35 and over","All","Female","All","All","10","5"," "
"2020","Unknown or Prefer Not To Say","35 and over","All","Female","All","All","5","0"," "
"2021","Unknown or Prefer Not To Say","35 and over","All","Female","All","All","15","10"," "
"2022","Unknown or Prefer Not To Say","35 and over","All","Female","All","All","10","5"," "
"2023","Unknown or Prefer Not To Say","35 and over","All","Female","All","All","10","5"," "
"2019","White","18","All","Male","All","All","5","0"," "
"2020","White","18","All","Male","All","All","5","0"," "
"2021","White","18","All","Male","All","All","5","0"," "
"2022","White","18","All","Male","All","All","10","0"," "
"2023","White","18","All","Male","All","All","10","0"," "
"2023","White","19","All","Male","All","All","5","0"," "
"2021","White","20","All","Male","All","All","5","0"," "
"2022","White","20","All","Male","All","All","5","0"," "
"2023","White","20","All","Male","All","All","10","0"," "
"2019","White","21 - 24","All","Male","All","All","455","195","0.43"
"2020","White","21 - 24","All","Male","All","All","430","200","0.46900000000000003"
"2021","White","21 - 24","All","Male","All","All","555","210","0.375"
"2022","White","21 - 24","All","Male","All","All","635","310","0.488"
"2023","White","21 - 24","All","Male","All","All","535","320","0.596"
"2022","Black","21 - 24","All","Male","All","All","5","0"," "
"2019","Asian","21 - 24","All","Male","All","All","10","5"," "
"2020","Asian","21 - 24","All","Male","All","All","10","5"," "
"2021","Asian","21 - 24","All","Male","All","All","10","5"," "
"2022","Asian","21 - 24","All","Male","All","All","5","5"," "
"2023","Asian","21 - 24","All","Male","All","All","15","10"," "
"2019","Mixed","21 - 24","All","Male","All","All","5","0"," "
"2020","Mixed","21 - 24","All","Male","All","All","5","0"," "
"2021","Mixed","21 - 24","All","Male","All","All","10","5"," "
"2022","Mixed","21 - 24","All","Male","All","All","10","5"," "
"2023","Mixed","21 - 24","All","Male","All","All","10","5"," "
"2020","Unknown or Prefer Not To Say","21 - 24","All","Male","All","All","5","0"," "
"2021","Unknown or Prefer Not To Say","21 - 24","All","Male","All","All","5","0"," "
"2022","Unknown or Prefer Not To Say","21 - 24","All","Male","All","All","5","5"," "
"2023","Unknown or Prefer Not To Say","21 - 24","All","Male","All","All","5","5"," "
"2019","White","25 - 29","All","Male","All","All","395","185","0.47100000000000003"
"2020","White","25 - 29","All","Male","All","All","465","230","0.494"
"2021","White","25 - 29","All","Male","All","All","510","200","0.394"
"2022","White","25 - 29","All","Male","All","All","450","245","0.541"
"2023","White","25 - 29","All","Male","All","All","360","210","0.577"
"2019","Asian","25 - 29","All","Male","All","All","5","5"," "
"2020","Asian","25 - 29","All","Male","All","All","5","5"," "
"2021","Asian","25 - 29","All","Male","All","All","10","5"," "
"2022","Asian","25 - 29","All","Male","All","All","10","5"," "
"2023","Asian","25 - 29","All","Male","All","All","10","5"," "
"2019","Mixed","25 - 29","All","Male","All","All","5","0"," "
"2020","Mixed","25 - 29","All","Male","All","All","5","0"," "
"2021","Mixed","25 - 29","All","Male","All","All","10","5"," "
"2022","Mixed","25 - 29","All","Male","All","All","10","0"," "
"2023","Mixed","25 - 29","All","Male","All","All","10","10"," "
"2020","Other","25 - 29","All","Male","All","All","5","5"," "
"2023","Other","25 - 29","All","Male","All","All","5","5"," "
"2019","Unknown or Prefer Not To Say","25 - 29","All","Male","All","All","5","0"," "
"2020","Unknown or Prefer Not To Say","25 - 29","All","Male","All","All","5","5"," "
"2021","Unknown or Prefer Not To Say","25 - 29","All","Male","All","All","10","5"," "
"2022","Unknown or Prefer Not To Say","25 - 29","All","Male","All","All","5","5"," "
"2023","Unknown or Prefer Not To Say","25 - 29","All","Male","All","All","5","5"," "
"2019","White","30 - 34","All","Male","All","All","195","95","0.495"
"2020","White","30 - 34","All","Male","All","All","205","100","0.481"
"2021","White","30 - 34","All","Male","All","All","230","95","0.421"
"2022","White","30 - 34","All","Male","All","All","220","115","0.532"
"2023","White","30 - 34","All","Male","All","All","155","80","0.523"
"2021","Black","30 - 34","All","Male","All","All","5","0"," "
"2022","Black","30 - 34","All","Male","All","All","5","0"," "
"2019","Asian","30 - 34","All","Male","All","All","5","5"," "
"2021","Asian","30 - 34","All","Male","All","All","5","0"," "
"2022","Asian","30 - 34","All","Male","All","All","5","0"," "
"2023","Asian","30 - 34","All","Male","All","All","5","0"," "
"2020","Mixed","30 - 34","All","Male","All","All","5","0"," "
"2021","Mixed","30 - 34","All","Male","All","All","5","0"," "
"2022","Mixed","30 - 34","All","Male","All","All","10","5"," "
"2023","Mixed","30 - 34","All","Male","All","All","5","0"," "
"2019","Unknown or Prefer Not To Say","30 - 34","All","Male","All","All","5","0"," "
"2020","Unknown or Prefer Not To Say","30 - 34","All","Male","All","All","5","0"," "
"2021","Unknown or Prefer Not To Say","30 - 34","All","Male","All","All","10","5"," "
"2022","Unknown or Prefer Not To Say","30 - 34","All","Male","All","All","10","10"," "
"2023","Unknown or Prefer Not To Say","30 - 34","All","Male","All","All","5","5"," "
"2019","White","35 and over","All","Male","All","All","285","140","0.481"
"2020","White","35 and over","All","Male","All","All","285","135","0.47400000000000003"
"2021","White","35 and over","All","Male","All","All","325","120","0.367"
"2022","White","35 and over","All","Male","All","All","260","135","0.519"
"2023","White","35 and over","All","Male","All","All","200","115","0.5730000000000001"
"2019","Black","35 and over","All","Male","All","All","10","0"," "
"2020","Black","35 and over","All","Male","All","All","15","5"," "
"2021","Black","35 and over","All","Male","All","All","15","10"," "
"2022","Black","35 and over","All","Male","All","All","10","5"," "
"2023","Black","35 and over","All","Male","All","All","5","0"," "
"2019","Asian","35 and over","All","Male","All","All","25","10"," "
"2020","Asian","35 and over","All","Male","All","All","10","5"," "
"2021","Asian","35 and over","All","Male","All","All","5","0"," "
"2022","Asian","35 and over","All","Male","All","All","15","5"," "
"2023","Asian","35 and over","All","Male","All","All","10","5"," "
"2019","Mixed","35 and over","All","Male","All","All","5","0"," "
"2020","Mixed","35 and over","All","Male","All","All","5","5"," "
"2021","Mixed","35 and over","All","Male","All","All","5","0"," "
"2022","Mixed","35 and over","All","Male","All","All","5","0"," "
"2023","Mixed","35 and over","All","Male","All","All","10","5"," "
"2019","Other","35 and over","All","Male","All","All","5","0"," "
"2020","Other","35 and over","All","Male","All","All","5","5"," "
"2021","Other","35 and over","All","Male","All","All","5","0"," "
"2022","Other","35 and over","All","Male","All","All","5","0"," "
"2023","Other","35 and over","All","Male","All","All","5","0"," "
"2019","Unknown or Prefer Not To Say","35 and over","All","Male","All","All","10","5"," "
"2020","Unknown or Prefer Not To Say","35 and over","All","Male","All","All","15","5"," "
"2021","Unknown or Prefer Not To Say","35 and over","All","Male","All","All","10","5"," "
"2022","Unknown or Prefer Not To Say","35 and over","All","Male","All","All","10","0"," "
"2023","Unknown or Prefer Not To Say","35 and over","All","Male","All","All","15","5"," "
"2019","All","18","All","Female","All","All","10","0"," "
"2020","All","18","All","Female","All","All","30","0"," "
"2021","All","18","All","Female","All","All","20","0"," "
"2022","All","18","All","Female","All","All","40","0"," "
"2023","All","18","All","Female","All","All","25","0"," "
"2019","All","19","All","Female","All","All","5","0"," "
"2020","All","19","All","Female","All","All","5","0"," "
"2021","All","19","All","Female","All","All","5","0"," "
"2022","All","19","All","Female","All","All","10","0"," "
"2023","All","19","All","Female","All","All","10","0"," "
"2019","All","20","All","Female","All","All","5","0"," "
"2020","All","20","All","Female","All","All","10","0"," "
"2021","All","20","All","Female","All","All","15","0"," "
"2022","All","20","All","Female","All","All","10","0"," "
"2023","All","20","All","Female","All","All","5","0"," "
"2019","All","21 - 24","All","Female","All","All","1255","695","0.553"
"2020","All","21 - 24","All","Female","All","All","1370","750","0.546"
"2021","All","21 - 24","All","Female","All","All","1710","755","0.44"
"2022","All","21 - 24","All","Female","All","All","1795","1100","0.615"
"2023","All","21 - 24","All","Female","All","All","1590","1000","0.628"
"2019","All","25 - 29","All","Female","All","All","1010","565","0.562"
"2020","All","25 - 29","All","Female","All","All","970","545","0.5640000000000001"
"2021","All","25 - 29","All","Female","All","All","1215","575","0.47500000000000003"
"2022","All","25 - 29","All","Female","All","All","1005","590","0.587"
"2023","All","25 - 29","All","Female","All","All","755","465","0.613"
"2019","All","30 - 34","All","Female","All","All","430","200","0.465"
"2020","All","30 - 34","All","Female","All","All","460","260","0.5660000000000001"
"2021","All","30 - 34","All","Female","All","All","505","205","0.4"
"2022","All","30 - 34","All","Female","All","All","400","235","0.595"
"2023","All","30 - 34","All","Female","All","All","335","205","0.612"
"2019","All","35 and over","All","Female","All","All","805","370","0.457"
"2020","All","35 and over","All","Female","All","All","885","425","0.482"
"2021","All","35 and over","All","Female","All","All","915","375","0.41000000000000003"
"2022","All","35 and over","All","Female","All","All","735","395","0.539"
"2023","All","35 and over","All","Female","All","All","620","360","0.58"
"2019","All","18","All","Male","All","All","5","0"," "
"2020","All","18","All","Male","All","All","5","0"," "
"2021","All","18","All","Male","All","All","10","0"," "
"2022","All","18","All","Male","All","All","10","0"," "
"2023","All","18","All","Male","All","All","15","0"," "
"2022","All","19","All","Male","All","All","5","0"," "
"2023","All","19","All","Male","All","All","5","0"," "
"2021","All","20","All","Male","All","All","5","0"," "
"2022","All","20","All","Male","All","All","5","0"," "
"2023","All","20","All","Male","All","All","10","0"," "
"2019","All","21 - 24","All","Male","All","All","470","200","0.424"
"2020","All","21 - 24","All","Male","All","All","455","210","0.458"
"2021","All","21 - 24","All","Male","All","All","585","220","0.374"
"2022","All","21 - 24","All","Male","All","All","665","325","0.488"
"2023","All","21 - 24","All","Male","All","All","570","340","0.6"
"2019","All","25 - 29","All","Male","All","All","410","195","0.47000000000000003"
"2020","All","25 - 29","All","Male","All","All","485","240","0.497"
"2021","All","25 - 29","All","Male","All","All","535","215","0.397"
"2022","All","25 - 29","All","Male","All","All","475","255","0.54"
"2023","All","25 - 29","All","Male","All","All","400","230","0.5760000000000001"
"2019","All","30 - 34","All","Male","All","All","205","100","0.49"
"2020","All","30 - 34","All","Male","All","All","215","100","0.47400000000000003"
"2021","All","30 - 34","All","Male","All","All","250","105","0.41500000000000004"
"2022","All","30 - 34","All","Male","All","All","245","130","0.533"
"2023","All","30 - 34","All","Male","All","All","170","90","0.524"
"2019","All","35 and over","All","Male","All","All","340","155","0.457"
"2020","All","35 and over","All","Male","All","All","340","160","0.47300000000000003"
"2021","All","35 and over","All","Male","All","All","365","135","0.368"
"2022","All","35 and over","All","Male","All","All","305","150","0.484"
"2023","All","35 and over","All","Male","All","All","240","125","0.525"
"2019","White","All","All","Female","All","All","3255","1725","0.53"
"2020","White","All","All","Female","All","All","3455","1865","0.54"
"2021","White","All","All","Female","All","All","4095","1790","0.437"
"2022","White","All","All","Female","All","All","3720","2185","0.588"
"2023","White","All","All","Female","All","All","3055","1880","0.616"
"2019","Black","All","All","Female","All","All","25","10"," "
"2020","Black","All","All","Female","All","All","30","5"," "
"2021","Black","All","All","Female","All","All","25","5"," "
"2022","Black","All","All","Female","All","All","20","5"," "
"2023","Black","All","All","Female","All","All","40","15","0.317"
"2019","Asian","All","All","Female","All","All","140","50","0.377"
"2020","Asian","All","All","Female","All","All","130","60","0.455"
"2021","Asian","All","All","Female","All","All","150","60","0.395"
"2022","Asian","All","All","Female","All","All","130","60","0.453"
"2023","Asian","All","All","Female","All","All","125","65","0.496"
"2019","Mixed","All","All","Female","All","All","55","25","0.456"
"2020","Mixed","All","All","Female","All","All","50","25","0.519"
"2021","Mixed","All","All","Female","All","All","55","25","0.47400000000000003"
"2022","Mixed","All","All","Female","All","All","75","45","0.616"
"2023","Mixed","All","All","Female","All","All","65","45","0.672"
"2019","Other","All","All","Female","All","All","20","5"," "
"2020","Other","All","All","Female","All","All","25","10","0.40700000000000003"
"2021","Other","All","All","Female","All","All","25","10"," "
"2022","Other","All","All","Female","All","All","25","15","0.5"
"2023","Other","All","All","Female","All","All","30","15","0.467"
"2019","Unknown or Prefer Not To Say","All","All","Female","All","All","25","10","0.462"
"2020","Unknown or Prefer Not To Say","All","All","Female","All","All","25","15","0.542"
"2021","Unknown or Prefer Not To Say","All","All","Female","All","All","40","15","0.421"
"2022","Unknown or Prefer Not To Say","All","All","Female","All","All","20","15","0.727"
"2023","Unknown or Prefer Not To Say","All","All","Female","All","All","25","15","0.583"
"2019","White","All","All","Male","All","All","1335","615","0.46"
"2020","White","All","All","Male","All","All","1395","665","0.47700000000000004"
"2021","White","All","All","Male","All","All","1625","625","0.383"
"2022","White","All","All","Male","All","All","1580","805","0.51"
"2023","White","All","All","Male","All","All","1275","725","0.5690000000000001"
"2019","Black","All","All","Male","All","All","10","0"," "
"2020","Black","All","All","Male","All","All","15","5"," "
"2021","Black","All","All","Male","All","All","20","10"," "
"2022","Black","All","All","Male","All","All","20","10"," "
"2023","Black","All","All","Male","All","All","10","0"," "
"2019","Asian","All","All","Male","All","All","45","20","0.422"
"2020","Asian","All","All","Male","All","All","30","15","0.533"
"2021","Asian","All","All","Male","All","All","30","10","0.379"
"2022","Asian","All","All","Male","All","All","30","15","0.406"
"2023","Asian","All","All","Male","All","All","40","20","0.538"
"2019","Mixed","All","All","Male","All","All","15","5"," "
"2020","Mixed","All","All","Male","All","All","20","5"," "
"2021","Mixed","All","All","Male","All","All","25","10"," "
"2022","Mixed","All","All","Male","All","All","35","15","0.394"
"2023","Mixed","All","All","Male","All","All","40","20","0.513"
"2019","Other","All","All","Male","All","All","5","0"," "
"2020","Other","All","All","Male","All","All","10","5"," "
"2021","Other","All","All","Male","All","All","10","0"," "
"2022","Other","All","All","Male","All","All","10","0"," "
"2023","Other","All","All","Male","All","All","10","5"," "
"2019","Unknown or Prefer Not To Say","All","All","Male","All","All","25","10","0.417"
"2020","Unknown or Prefer Not To Say","All","All","Male","All","All","30","10","0.429"
"2021","Unknown or Prefer Not To Say","All","All","Male","All","All","35","15","0.405"
"2022","Unknown or Prefer Not To Say","All","All","Male","All","All","35","20","0.5760000000000001"
"2023","Unknown or Prefer Not To Say","All","All","Male","All","All","30","15","0.5"
"2019","All","All","All","Female","All","All","3525","1830","0.519"
"2020","All","All","All","Female","All","All","3720","1985","0.533"
"2021","All","All","All","Female","All","All","4385","1910","0.435"
"2022","All","All","All","Female","All","All","3990","2325","0.583"
"2023","All","All","All","Female","All","All","3340","2030","0.607"
"2019","All","All","All","Male","All","All","1435","650","0.452"
"2020","All","All","All","Male","All","All","1500","710","0.47400000000000003"
"2021","All","All","All","Male","All","All","1745","670","0.383"
"2022","All","All","All","Male","All","All","1710","860","0.503"
"2023","All","All","All","Male","All","All","1405","790","0.561"
"2020","White","18","England","All","All","All","5","0"," "
"2022","White","18","England","All","All","All","5","0"," "
"2023","White","18","England","All","All","All","5","0"," "
"2019","White","18","Scotland","All","All","All","15","0"," "
"2020","White","18","Scotland","All","All","All","25","0"," "
"2021","White","18","Scotland","All","All","All","25","0"," "
"2022","White","18","Scotland","All","All","All","20","0"," "
"2023","White","18","Scotland","All","All","All","20","0"," "
"2020","White","18","Wales","All","All","All","5","0"," "
"2022","White","18","Wales","All","All","All","20","0"," "
"2023","White","18","Wales","All","All","All","5","0"," "
"2019","White","19","Scotland","All","All","All","5","0"," "
"2021","White","19","Scotland","All","All","All","5","0"," "
"2022","White","19","Scotland","All","All","All","10","0"," "
"2023","White","19","Scotland","All","All","All","10","0"," "
"2019","White","20","Scotland","All","All","All","5","0"," "
"2020","White","20","Scotland","All","All","All","10","0"," "
"2021","White","20","Scotland","All","All","All","15","0"," "
"2022","White","20","Scotland","All","All","All","10","0"," "
"2023","White","20","Scotland","All","All","All","10","0"," "
"2023","White","20","Wales","All","All","All","5","0"," "
"2019","White","21 - 24","Northern Ireland","All","All","All","60","10","0.186"
"2020","White","21 - 24","Northern Ireland","All","All","All","40","10"," "
"2021","White","21 - 24","Northern Ireland","All","All","All","65","15","0.254"
"2022","White","21 - 24","Northern Ireland","All","All","All","50","15","0.271"
"2023","White","21 - 24","Northern Ireland","All","All","All","25","10"," "
"2019","White","21 - 24","England","All","All","All","65","30","0.455"
"2020","White","21 - 24","England","All","All","All","50","25","0.51"
"2021","White","21 - 24","England","All","All","All","80","25","0.291"
"2022","White","21 - 24","England","All","All","All","150","70","0.467"
"2023","White","21 - 24","England","All","All","All","130","65","0.485"
"2019","White","21 - 24","Scotland","All","All","All","1515","820","0.539"
"2020","White","21 - 24","Scotland","All","All","All","1645","880","0.536"
"2021","White","21 - 24","Scotland","All","All","All","2035","885","0.435"
"2022","White","21 - 24","Scotland","All","All","All","1475","780","0.527"
"2023","White","21 - 24","Scotland","All","All","All","1240","720","0.58"
"2020","White","21 - 24","Wales","All","All","All","5","0"," "
"2021","White","21 - 24","Wales","All","All","All","5","0"," "
"2022","White","21 - 24","Wales","All","All","All","660","495","0.748"
"2023","White","21 - 24","Wales","All","All","All","635","465","0.738"
"2019","Black","21 - 24","Scotland","All","All","All","5","0"," "
"2020","Black","21 - 24","Scotland","All","All","All","5","0"," "
"2021","Black","21 - 24","Scotland","All","All","All","5","0"," "
"2022","Black","21 - 24","Scotland","All","All","All","5","0"," "
"2023","Black","21 - 24","Scotland","All","All","All","10","5"," "
"2022","Black","21 - 24","Wales","All","All","All","5","0"," "
"2023","Black","21 - 24","Wales","All","All","All","5","0"," "
"2019","Asian","21 - 24","England","All","All","All","5","0"," "
"2020","Asian","21 - 24","England","All","All","All","5","0"," "
"2021","Asian","21 - 24","England","All","All","All","10","5"," "
"2022","Asian","21 - 24","England","All","All","All","5","0"," "
"2023","Asian","21 - 24","England","All","All","All","5","5"," "
"2019","Asian","21 - 24","Scotland","All","All","All","45","20","0.435"
"2020","Asian","21 - 24","Scotland","All","All","All","45","25","0.587"
"2021","Asian","21 - 24","Scotland","All","All","All","50","20","0.373"
"2022","Asian","21 - 24","Scotland","All","All","All","35","20","0.5760000000000001"
"2023","Asian","21 - 24","Scotland","All","All","All","35","25","0.7030000000000001"
"2022","Asian","21 - 24","Wales","All","All","All","20","10"," "
"2023","Asian","21 - 24","Wales","All","All","All","15","10","0.667"
"2019","Mixed","21 - 24","England","All","All","All","5","0"," "
"2020","Mixed","21 - 24","England","All","All","All","5","0"," "
"2021","Mixed","21 - 24","England","All","All","All","5","0"," "
"2022","Mixed","21 - 24","England","All","All","All","5","5"," "
"2023","Mixed","21 - 24","England","All","All","All","10","5"," "
"2019","Mixed","21 - 24","Scotland","All","All","All","20","5"," "
"2020","Mixed","21 - 24","Scotland","All","All","All","15","5"," "
"2021","Mixed","21 - 24","Scotland","All","All","All","25","15","0.542"
"2022","Mixed","21 - 24","Scotland","All","All","All","25","15","0.615"
"2023","Mixed","21 - 24","Scotland","All","All","All","20","15","0.619"
"2022","Mixed","21 - 24","Wales","All","All","All","10","10"," "
"2023","Mixed","21 - 24","Wales","All","All","All","5","5"," "
"2020","Other","21 - 24","Scotland","All","All","All","5","0"," "
"2021","Other","21 - 24","Scotland","All","All","All","5","0"," "
"2022","Other","21 - 24","Scotland","All","All","All","5","0"," "
"2023","Other","21 - 24","Scotland","All","All","All","5","5"," "
"2023","Other","21 - 24","Wales","All","All","All","5","0"," "
"2019","Unknown or Prefer Not To Say","21 - 24","Scotland","All","All","All","5","0"," "
"2020","Unknown or Prefer Not To Say","21 - 24","Scotland","All","All","All","5","0"," "
"2021","Unknown or Prefer Not To Say","21 - 24","Scotland","All","All","All","15","5"," "
"2022","Unknown or Prefer Not To Say","21 - 24","Scotland","All","All","All","10","5"," "
"2023","Unknown or Prefer Not To Say","21 - 24","Wales","All","All","All","5","5"," "
"2019","White","25 - 29","Northern Ireland","All","All","All","25","10","0.423"
"2020","White","25 - 29","Northern Ireland","All","All","All","20","5"," "
"2021","White","25 - 29","Northern Ireland","All","All","All","25","10"," "
"2022","White","25 - 29","Northern Ireland","All","All","All","15","10"," "
"2023","White","25 - 29","Northern Ireland","All","All","All","10","5"," "
"2019","White","25 - 29","England","All","All","All","30","15","0.464"
"2020","White","25 - 29","England","All","All","All","45","25","0.605"
"2021","White","25 - 29","England","All","All","All","50","20","0.404"
"2022","White","25 - 29","England","All","All","All","40","15","0.41000000000000003"
"2023","White","25 - 29","England","All","All","All","35","20","0.595"
"2019","White","25 - 29","Scotland","All","All","All","1295","705","0.545"
"2020","White","25 - 29","Scotland","All","All","All","1300","710","0.547"
"2021","White","25 - 29","Scotland","All","All","All","1580","720","0.457"
"2022","White","25 - 29","Scotland","All","All","All","1090","600","0.55"
"2023","White","25 - 29","Scotland","All","All","All","800","460","0.5730000000000001"
"2020","White","25 - 29","Wales","All","All","All","5","0"," "
"2022","White","25 - 29","Wales","All","All","All","250","170","0.683"
"2023","White","25 - 29","Wales","All","All","All","210","155","0.741"
"2019","Black","25 - 29","Scotland","All","All","All","5","0"," "
"2020","Black","25 - 29","Scotland","All","All","All","5","0"," "
"2021","Black","25 - 29","Scotland","All","All","All","5","5"," "
"2023","Black","25 - 29","Scotland","All","All","All","5","0"," "
"2023","Black","25 - 29","Wales","All","All","All","5","0"," "
"2019","Asian","25 - 29","England","All","All","All","5","0"," "
"2021","Asian","25 - 29","England","All","All","All","5","0"," "
"2019","Asian","25 - 29","Scotland","All","All","All","25","10","0.44"
"2020","Asian","25 - 29","Scotland","All","All","All","30","15","0.5"
"2021","Asian","25 - 29","Scotland","All","All","All","40","15","0.41000000000000003"
"2022","Asian","25 - 29","Scotland","All","All","All","30","15","0.5"
"2023","Asian","25 - 29","Scotland","All","All","All","30","15","0.5"
"2022","Asian","25 - 29","Wales","All","All","All","5","5"," "
"2023","Asian","25 - 29","Wales","All","All","All","5","5"," "
"2019","Mixed","25 - 29","Scotland","All","All","All","20","10","0.526"
"2020","Mixed","25 - 29","Scotland","All","All","All","20","10","0.5"
"2021","Mixed","25 - 29","Scotland","All","All","All","20","10","0.47600000000000003"
"2022","Mixed","25 - 29","Scotland","All","All","All","25","15","0.5650000000000001"
"2023","Mixed","25 - 29","Scotland","All","All","All","20","15","0.636"
"2022","Mixed","25 - 29","Wales","All","All","All","5","5"," "
"2023","Mixed","25 - 29","Wales","All","All","All","10","5"," "
"2019","Other","25 - 29","Scotland","All","All","All","5","0"," "
"2020","Other","25 - 29","Scotland","All","All","All","10","5"," "
"2021","Other","25 - 29","Scotland","All","All","All","5","0"," "
"2023","Other","25 - 29","Scotland","All","All","All","5","5"," "
"2023","Other","25 - 29","Wales","All","All","All","5","5"," "
"2020","Unknown or Prefer Not To Say","25 - 29","England","All","All","All","5","5"," "
"2019","Unknown or Prefer Not To Say","25 - 29","Scotland","All","All","All","10","5"," "
"2020","Unknown or Prefer Not To Say","25 - 29","Scotland","All","All","All","10","5"," "
"2021","Unknown or Prefer Not To Say","25 - 29","Scotland","All","All","All","15","5"," "
"2022","Unknown or Prefer Not To Say","25 - 29","Scotland","All","All","All","10","10"," "
"2023","Unknown or Prefer Not To Say","25 - 29","Scotland","All","All","All","10","5"," "
"2019","White","30 - 34","Northern Ireland","All","All","All","5","0"," "
"2020","White","30 - 34","Northern Ireland","All","All","All","5","0"," "
"2021","White","30 - 34","Northern Ireland","All","All","All","5","0"," "
"2022","White","30 - 34","Northern Ireland","All","All","All","5","0"," "
"2023","White","30 - 34","Northern Ireland","All","All","All","5","0"," "
"2019","White","30 - 34","England","All","All","All","10","5"," "
"2020","White","30 - 34","England","All","All","All","25","20","0.75"
"2021","White","30 - 34","England","All","All","All","25","5"," "
"2022","White","30 - 34","England","All","All","All","15","5"," "
"2023","White","30 - 34","England","All","All","All","10","10"," "
"2019","White","30 - 34","Scotland","All","All","All","570","275","0.485"
"2020","White","30 - 34","Scotland","All","All","All","610","325","0.533"
"2021","White","30 - 34","Scotland","All","All","All","665","275","0.40900000000000003"
"2022","White","30 - 34","Scotland","All","All","All","480","260","0.546"
"2023","White","30 - 34","Scotland","All","All","All","350","205","0.577"
"2022","White","30 - 34","Wales","All","All","All","90","70","0.769"
"2023","White","30 - 34","Wales","All","All","All","85","60","0.714"
"2019","Black","30 - 34","Scotland","All","All","All","5","0"," "
"2020","Black","30 - 34","Scotland","All","All","All","5","0"," "
"2021","Black","30 - 34","Scotland","All","All","All","5","0"," "
"2022","Black","30 - 34","Scotland","All","All","All","5","0"," "
"2023","Black","30 - 34","Scotland","All","All","All","5","0"," "
"2019","Asian","30 - 34","England","All","All","All","5","0"," "
"2019","Asian","30 - 34","Scotland","All","All","All","20","10"," "
"2020","Asian","30 - 34","Scotland","All","All","All","15","10"," "
"2021","Asian","30 - 34","Scotland","All","All","All","20","5"," "
"2022","Asian","30 - 34","Scotland","All","All","All","15","5"," "
"2023","Asian","30 - 34","Scotland","All","All","All","15","5"," "
"2019","Mixed","30 - 34","Scotland","All","All","All","10","5"," "
"2020","Mixed","30 - 34","Scotland","All","All","All","10","5"," "
"2021","Mixed","30 - 34","Scotland","All","All","All","15","5"," "
"2022","Mixed","30 - 34","Scotland","All","All","All","10","5"," "
"2023","Mixed","30 - 34","Scotland","All","All","All","10","5"," "
"2022","Mixed","30 - 34","Wales","All","All","All","5","5"," "
"2019","Other","30 - 34","Scotland","All","All","All","5","0"," "
"2020","Other","30 - 34","Scotland","All","All","All","5","0"," "
"2021","Other","30 - 34","Scotland","All","All","All","5","5"," "
"2022","Other","30 - 34","Scotland","All","All","All","5","0"," "
"2023","Other","30 - 34","Scotland","All","All","All","5","0"," "
"2019","Unknown or Prefer Not To Say","30 - 34","Scotland","All","All","All","10","5"," "
"2020","Unknown or Prefer Not To Say","30 - 34","Scotland","All","All","All","5","0"," "
"2021","Unknown or Prefer Not To Say","30 - 34","Scotland","All","All","All","15","10"," "
"2022","Unknown or Prefer Not To Say","30 - 34","Scotland","All","All","All","10","5"," "
"2023","Unknown or Prefer Not To Say","30 - 34","Scotland","All","All","All","10","10"," "
"2019","White","35 and over","Northern Ireland","All","All","All","5","0"," "
"2021","White","35 and over","Northern Ireland","All","All","All","5","5"," "
"2022","White","35 and over","Northern Ireland","All","All","All","5","5"," "
"2023","White","35 and over","Northern Ireland","All","All","All","5","0"," "
"2019","White","35 and over","England","All","All","All","20","10","0.47600000000000003"
"2020","White","35 and over","England","All","All","All","30","15","0.586"
"2021","White","35 and over","England","All","All","All","25","20","0.75"
"2022","White","35 and over","England","All","All","All","20","10","0.556"
"2023","White","35 and over","England","All","All","All","15","10","0.625"
"2019","White","35 and over","Scotland","All","All","All","960","455","0.47500000000000003"
"2020","White","35 and over","Scotland","All","All","All","1035","510","0.493"
"2021","White","35 and over","Scotland","All","All","All","1110","430","0.389"
"2022","White","35 and over","Scotland","All","All","All","760","400","0.528"
"2023","White","35 and over","Scotland","All","All","All","620","360","0.582"
"2022","White","35 and over","Wales","All","All","All","130","85","0.659"
"2023","White","35 and over","Wales","All","All","All","85","60","0.738"
"2019","Black","35 and over","England","All","All","All","5","0"," "
"2019","Black","35 and over","Scotland","All","All","All","15","5"," "
"2020","Black","35 and over","Scotland","All","All","All","30","5"," "
"2021","Black","35 and over","Scotland","All","All","All","25","10"," "
"2022","Black","35 and over","Scotland","All","All","All","15","5"," "
"2023","Black","35 and over","Scotland","All","All","All","20","5"," "
"2022","Black","35 and over","Wales","All","All","All","5","0"," "
"2023","Black","35 and over","Wales","All","All","All","5","0"," "
"2019","Asian","35 and over","England","All","All","All","5","0"," "
"2021","Asian","35 and over","England","All","All","All","5","0"," "
"2019","Asian","35 and over","Scotland","All","All","All","75","25","0.35100000000000003"
"2020","Asian","35 and over","Scotland","All","All","All","60","20","0.35000000000000003"
"2021","Asian","35 and over","Scotland","All","All","All","50","25","0.442"
"2022","Asian","35 and over","Scotland","All","All","All","45","20","0.391"
"2023","Asian","35 and over","Scotland","All","All","All","40","10","0.316"
"2022","Asian","35 and over","Wales","All","All","All","5","0"," "
"2023","Asian","35 and over","Wales","All","All","All","10","5"," "
"2022","Mixed","35 and over","England","All","All","All","5","0"," "
"2019","Mixed","35 and over","Scotland","All","All","All","20","5"," "
"2020","Mixed","35 and over","Scotland","All","All","All","20","10","0.55"
"2021","Mixed","35 and over","Scotland","All","All","All","20","5"," "
"2022","Mixed","35 and over","Scotland","All","All","All","15","5"," "
"2023","Mixed","35 and over","Scotland","All","All","All","20","10","0.667"
"2019","Other","35 and over","England","All","All","All","5","0"," "
"2019","Other","35 and over","Scotland","All","All","All","15","5"," "
"2020","Other","35 and over","Scotland","All","All","All","15","10"," "
"2021","Other","35 and over","Scotland","All","All","All","15","5"," "
"2022","Other","35 and over","Scotland","All","All","All","15","5"," "
"2023","Other","35 and over","Scotland","All","All","All","10","5"," "
"2022","Other","35 and over","Wales","All","All","All","5","0"," "
"2023","Other","35 and over","Wales","All","All","All","5","0"," "
"2019","Unknown or Prefer Not To Say","35 and over","Scotland","All","All","All","20","10","0.545"
"2020","Unknown or Prefer Not To Say","35 and over","Scotland","All","All","All","25","10"," "
"2021","Unknown or Prefer Not To Say","35 and over","Scotland","All","All","All","25","10","0.444"
"2022","Unknown or Prefer Not To Say","35 and over","Scotland","All","All","All","20","5"," "
"2023","Unknown or Prefer Not To Say","35 and over","Scotland","All","All","All","20","5"," "
"2023","Unknown or Prefer Not To Say","35 and over","Wales","All","All","All","5","0"," "
"2020","All","18","England","All","All","All","5","0"," "
"2022","All","18","England","All","All","All","10","0"," "
"2023","All","18","England","All","All","All","5","0"," "
"2019","All","18","Scotland","All","All","All","15","0"," "
"2020","All","18","Scotland","All","All","All","25","0"," "
"2021","All","18","Scotland","All","All","All","25","0"," "
"2022","All","18","Scotland","All","All","All","20","0"," "
"2023","All","18","Scotland","All","All","All","25","0"," "
"2020","All","18","Wales","All","All","All","5","0"," "
"2022","All","18","Wales","All","All","All","20","0"," "
"2023","All","18","Wales","All","All","All","5","0"," "
"2019","All","19","Scotland","All","All","All","5","0"," "
"2020","All","19","Scotland","All","All","All","5","0"," "
"2021","All","19","Scotland","All","All","All","5","0"," "
"2022","All","19","Scotland","All","All","All","10","0"," "
"2023","All","19","Scotland","All","All","All","10","0"," "
"2019","All","20","Scotland","All","All","All","5","0"," "
"2020","All","20","Scotland","All","All","All","10","0"," "
"2021","All","20","Scotland","All","All","All","15","0"," "
"2022","All","20","Scotland","All","All","All","10","0"," "
"2023","All","20","Scotland","All","All","All","10","0"," "
"2023","All","20","Wales","All","All","All","5","0"," "
"2019","All","21 - 24","Northern Ireland","All","All","All","60","10","0.186"
"2020","All","21 - 24","Northern Ireland","All","All","All","40","10"," "
"2021","All","21 - 24","Northern Ireland","All","All","All","65","15","0.254"
"2022","All","21 - 24","Northern Ireland","All","All","All","50","15","0.271"
"2023","All","21 - 24","Northern Ireland","All","All","All","25","10"," "
"2019","All","21 - 24","England","All","All","All","75","35","0.446"
"2020","All","21 - 24","England","All","All","All","60","30","0.47500000000000003"
"2021","All","21 - 24","England","All","All","All","95","25","0.29"
"2022","All","21 - 24","England","All","All","All","160","75","0.47500000000000003"
"2023","All","21 - 24","England","All","All","All","145","70","0.497"
"2019","All","21 - 24","Scotland","All","All","All","1595","850","0.533"
"2020","All","21 - 24","Scotland","All","All","All","1720","920","0.535"
"2021","All","21 - 24","Scotland","All","All","All","2135","925","0.434"
"2022","All","21 - 24","Scotland","All","All","All","1555","825","0.53"
"2023","All","21 - 24","Scotland","All","All","All","1315","770","0.584"
"2020","All","21 - 24","Wales","All","All","All","5","0"," "
"2021","All","21 - 24","Wales","All","All","All","5","0"," "
"2022","All","21 - 24","Wales","All","All","All","700","515","0.738"
"2023","All","21 - 24","Wales","All","All","All","670","490","0.733"
"2019","All","25 - 29","Northern Ireland","All","All","All","25","10","0.423"
"2020","All","25 - 29","Northern Ireland","All","All","All","20","5"," "
"2021","All","25 - 29","Northern Ireland","All","All","All","25","10"," "
"2022","All","25 - 29","Northern Ireland","All","All","All","15","10"," "
"2023","All","25 - 29","Northern Ireland","All","All","All","15","5"," "
"2019","All","25 - 29","England","All","All","All","35","15","0.41200000000000003"
"2020","All","25 - 29","England","All","All","All","50","30","0.62"
"2021","All","25 - 29","England","All","All","All","55","25","0.404"
"2022","All","25 - 29","England","All","All","All","40","15","0.381"
"2023","All","25 - 29","England","All","All","All","40","25","0.615"
"2019","All","25 - 29","Scotland","All","All","All","1355","735","0.541"
"2020","All","25 - 29","Scotland","All","All","All","1375","750","0.543"
"2021","All","25 - 29","Scotland","All","All","All","1665","760","0.455"
"2022","All","25 - 29","Scotland","All","All","All","1155","635","0.551"
"2023","All","25 - 29","Scotland","All","All","All","865","495","0.5710000000000001"
"2019","All","25 - 29","Wales","All","All","All","5","0"," "
"2020","All","25 - 29","Wales","All","All","All","5","0"," "
"2022","All","25 - 29","Wales","All","All","All","265","185","0.6910000000000001"
"2023","All","25 - 29","Wales","All","All","All","235","170","0.726"
"2019","All","30 - 34","Northern Ireland","All","All","All","5","0"," "
"2020","All","30 - 34","Northern Ireland","All","All","All","5","0"," "
"2021","All","30 - 34","Northern Ireland","All","All","All","5","0"," "
"2022","All","30 - 34","Northern Ireland","All","All","All","5","0"," "
"2023","All","30 - 34","Northern Ireland","All","All","All","5","0"," "
"2019","All","30 - 34","England","All","All","All","15","10"," "
"2020","All","30 - 34","England","All","All","All","25","20","0.741"
"2021","All","30 - 34","England","All","All","All","25","5"," "
"2022","All","30 - 34","England","All","All","All","20","5"," "
"2023","All","30 - 34","England","All","All","All","15","10"," "
"2019","All","30 - 34","Scotland","All","All","All","615","290","0.47500000000000003"
"2020","All","30 - 34","Scotland","All","All","All","645","340","0.53"
"2021","All","30 - 34","Scotland","All","All","All","725","300","0.41100000000000003"
"2022","All","30 - 34","Scotland","All","All","All","520","280","0.539"
"2023","All","30 - 34","Scotland","All","All","All","400","220","0.554"
"2022","All","30 - 34","Wales","All","All","All","100","80","0.788"
"2023","All","30 - 34","Wales","All","All","All","90","65","0.719"
"2019","All","35 and over","Northern Ireland","All","All","All","5","0"," "
"2021","All","35 and over","Northern Ireland","All","All","All","5","5"," "
"2022","All","35 and over","Northern Ireland","All","All","All","5","5"," "
"2023","All","35 and over","Northern Ireland","All","All","All","5","0"," "
"2019","All","35 and over","England","All","All","All","30","15","0.46900000000000003"
"2020","All","35 and over","England","All","All","All","35","20","0.545"
"2021","All","35 and over","England","All","All","All","30","25","0.742"
"2022","All","35 and over","England","All","All","All","20","10","0.5"
"2023","All","35 and over","England","All","All","All","20","15","0.619"
"2019","All","35 and over","Scotland","All","All","All","1110","510","0.458"
"2020","All","35 and over","Scotland","All","All","All","1185","570","0.47900000000000004"
"2021","All","35 and over","Scotland","All","All","All","1250","485","0.388"
"2022","All","35 and over","Scotland","All","All","All","870","440","0.506"
"2023","All","35 and over","Scotland","All","All","All","730","400","0.551"
"2022","All","35 and over","Wales","All","All","All","145","90","0.614"
"2023","All","35 and over","Wales","All","All","All","105","70","0.664"
"2019","White","All","Northern Ireland","All","All","All","90","25","0.253"
"2020","White","All","Northern Ireland","All","All","All","70","15","0.221"
"2021","White","All","Northern Ireland","All","All","All","95","30","0.305"
"2022","White","All","Northern Ireland","All","All","All","70","25","0.371"
"2023","White","All","Northern Ireland","All","All","All","45","10","0.234"
"2019","White","All","England","All","All","All","130","60","0.461"
"2020","White","All","England","All","All","All","150","85","0.5730000000000001"
"2021","White","All","England","All","All","All","180","70","0.383"
"2022","White","All","England","All","All","All","230","105","0.444"
"2023","White","All","England","All","All","All","205","105","0.51"
"2019","White","All","Scotland","All","All","All","4365","2255","0.517"
"2020","White","All","Scotland","All","All","All","4620","2430","0.526"
"2021","White","All","Scotland","All","All","All","5440","2315","0.425"
"2022","White","All","Scotland","All","All","All","3845","2040","0.531"
"2023","White","All","Scotland","All","All","All","3055","1745","0.5710000000000001"
"2019","White","All","Wales","All","All","All","5","0"," "
"2020","White","All","Wales","All","All","All","10","0"," "
"2021","White","All","Wales","All","All","All","5","0"," "
"2022","White","All","Wales","All","All","All","1150","820","0.712"
"2023","White","All","Wales","All","All","All","1025","745","0.729"
"2019","Black","All","England","All","All","All","5","0"," "
"2022","Black","All","England","All","All","All","5","0"," "
"2019","Black","All","Scotland","All","All","All","30","5"," "
"2020","Black","All","Scotland","All","All","All","45","10","0.256"
"2021","Black","All","Scotland","All","All","All","40","15","0.366"
"2022","Black","All","Scotland","All","All","All","25","10","0.423"
"2023","Black","All","Scotland","All","All","All","35","10","0.294"
"2022","Black","All","Wales","All","All","All","10","5"," "
"2023","Black","All","Wales","All","All","All","15","5"," "
"2019","Asian","All","England","All","All","All","15","5"," "
"2020","Asian","All","England","All","All","All","10","5"," "
"2021","Asian","All","England","All","All","All","15","5"," "
"2022","Asian","All","England","All","All","All","5","0"," "
"2023","Asian","All","England","All","All","All","10","5"," "
"2019","Asian","All","Scotland","All","All","All","170","65","0.388"
"2020","Asian","All","Scotland","All","All","All","150","70","0.47400000000000003"
"2021","Asian","All","Scotland","All","All","All","165","65","0.396"
"2022","Asian","All","Scotland","All","All","All","125","55","0.456"
"2023","Asian","All","Scotland","All","All","All","120","55","0.467"
"2022","Asian","All","Wales","All","All","All","30","15","0.433"
"2023","Asian","All","Wales","All","All","All","35","20","0.611"
"2019","Mixed","All","England","All","All","All","5","5"," "
"2020","Mixed","All","England","All","All","All","5","0"," "
"2021","Mixed","All","England","All","All","All","5","5"," "
"2022","Mixed","All","England","All","All","All","10","5"," "
"2023","Mixed","All","England","All","All","All","10","5"," "
"2019","Mixed","All","Scotland","All","All","All","65","25","0.40900000000000003"
"2020","Mixed","All","Scotland","All","All","All","65","30","0.47700000000000004"
"2021","Mixed","All","Scotland","All","All","All","75","35","0.429"
"2022","Mixed","All","Scotland","All","All","All","75","40","0.514"
"2023","Mixed","All","Scotland","All","All","All","75","45","0.581"
"2022","Mixed","All","Wales","All","All","All","20","15","0.727"
"2023","Mixed","All","Wales","All","All","All","20","15","0.722"
"2019","Other","All","England","All","All","All","5","0"," "
"2020","Other","All","England","All","All","All","5","0"," "
"2019","Other","All","Scotland","All","All","All","25","5"," "
"2020","Other","All","Scotland","All","All","All","35","15","0.47200000000000003"
"2021","Other","All","Scotland","All","All","All","30","10","0.323"
"2022","Other","All","Scotland","All","All","All","25","5"," "
"2023","Other","All","Scotland","All","All","All","30","15","0.467"
"2022","Other","All","Wales","All","All","All","10","5"," "
"2023","Other","All","Wales","All","All","All","10","5"," "
"2019","Unknown or Prefer Not To Say","All","England","All","All","All","5","0"," "
"2020","Unknown or Prefer Not To Say","All","England","All","All","All","5","5"," "
"2021","Unknown or Prefer Not To Say","All","England","All","All","All","5","0"," "
"2019","Unknown or Prefer Not To Say","All","Scotland","All","All","All","45","20","0.468"
"2020","Unknown or Prefer Not To Say","All","Scotland","All","All","All","45","20","0.422"
"2021","Unknown or Prefer Not To Say","All","Scotland","All","All","All","70","30","0.417"
"2022","Unknown or Prefer Not To Say","All","Scotland","All","All","All","50","30","0.592"
"2023","Unknown or Prefer Not To Say","All","Scotland","All","All","All","40","20","0.5"
"2022","Unknown or Prefer Not To Say","All","Wales","All","All","All","5","5"," "
"2023","Unknown or Prefer Not To Say","All","Wales","All","All","All","10","5"," "
"2019","All","All","Northern Ireland","All","All","All","90","25","0.253"
"2020","All","All","Northern Ireland","All","All","All","70","15","0.217"
"2021","All","All","Northern Ireland","All","All","All","95","30","0.302"
"2022","All","All","Northern Ireland","All","All","All","70","25","0.38"
"2023","All","All","Northern Ireland","All","All","All","50","10","0.229"
"2019","All","All","England","All","All","All","160","70","0.443"
"2020","All","All","England","All","All","All","175","100","0.554"
"2021","All","All","England","All","All","All","210","80","0.385"
"2022","All","All","England","All","All","All","255","110","0.431"
"2023","All","All","England","All","All","All","230","120","0.52"
"2019","All","All","Scotland","All","All","All","4705","2385","0.507"
"2020","All","All","Scotland","All","All","All","4960","2580","0.52"
"2021","All","All","Scotland","All","All","All","5825","2465","0.423"
"2022","All","All","Scotland","All","All","All","4145","2185","0.527"
"2023","All","All","Scotland","All","All","All","3355","1890","0.5630000000000001"
"2019","All","All","Wales","All","All","All","5","0"," "
"2020","All","All","Wales","All","All","All","15","0"," "
"2021","All","All","Wales","All","All","All","5","0"," "
"2022","All","All","Wales","All","All","All","1230","865","0.704"
"2023","All","All","Wales","All","All","All","1115","800","0.717"
"2019","White","18","All","All","All","All","15","0"," "
"2020","White","18","All","All","All","All","30","0"," "
"2021","White","18","All","All","All","All","25","0"," "
"2022","White","18","All","All","All","All","45","0"," "
"2023","White","18","All","All","All","All","35","0"," "
"2019","White","19","All","All","All","All","5","0"," "
"2020","White","19","All","All","All","All","5","0"," "
"2021","White","19","All","All","All","All","5","0"," "
"2022","White","19","All","All","All","All","10","0"," "
"2023","White","19","All","All","All","All","10","0"," "
"2019","White","20","All","All","All","All","5","0"," "
"2020","White","20","All","All","All","All","10","0"," "
"2021","White","20","All","All","All","All","15","0"," "
"2022","White","20","All","All","All","All","10","0"," "
"2023","White","20","All","All","All","All","15","0"," "
"2019","White","21 - 24","All","All","All","All","1645","860","0.523"
"2020","White","21 - 24","All","All","All","All","1740","915","0.527"
"2021","White","21 - 24","All","All","All","All","2180","930","0.425"
"2022","White","21 - 24","All","All","All","All","2330","1355","0.581"
"2023","White","21 - 24","All","All","All","All","2030","1260","0.619"
"2019","Black","21 - 24","All","All","All","All","5","0"," "
"2020","Black","21 - 24","All","All","All","All","5","0"," "
"2021","Black","21 - 24","All","All","All","All","5","0"," "
"2022","Black","21 - 24","All","All","All","All","10","5"," "
"2023","Black","21 - 24","All","All","All","All","15","5"," "
"2019","Asian","21 - 24","All","All","All","All","50","20","0.42"
"2020","Asian","21 - 24","All","All","All","All","50","25","0.54"
"2021","Asian","21 - 24","All","All","All","All","60","20","0.367"
"2022","Asian","21 - 24","All","All","All","All","55","30","0.518"
"2023","Asian","21 - 24","All","All","All","All","55","40","0.684"
"2019","Mixed","21 - 24","All","All","All","All","20","10"," "
"2020","Mixed","21 - 24","All","All","All","All","20","5"," "
"2021","Mixed","21 - 24","All","All","All","All","30","15","0.5"
"2022","Mixed","21 - 24","All","All","All","All","40","25","0.643"
"2023","Mixed","21 - 24","All","All","All","All","35","25","0.649"
"2020","Other","21 - 24","All","All","All","All","5","0"," "
"2021","Other","21 - 24","All","All","All","All","5","0"," "
"2022","Other","21 - 24","All","All","All","All","5","5"," "
"2023","Other","21 - 24","All","All","All","All","10","5"," "
"2019","Unknown or Prefer Not To Say","21 - 24","All","All","All","All","5","0"," "
"2020","Unknown or Prefer Not To Say","21 - 24","All","All","All","All","5","5"," "
"2021","Unknown or Prefer Not To Say","21 - 24","All","All","All","All","15","5"," "
"2022","Unknown or Prefer Not To Say","21 - 24","All","All","All","All","10","10"," "
"2023","Unknown or Prefer Not To Say","21 - 24","All","All","All","All","10","10"," "
"2019","White","25 - 29","All","All","All","All","1350","730","0.54"
"2020","White","25 - 29","All","All","All","All","1365","740","0.544"
"2021","White","25 - 29","All","All","All","All","1655","750","0.453"
"2022","White","25 - 29","All","All","All","All","1395","795","0.5700000000000001"
"2023","White","25 - 29","All","All","All","All","1060","640","0.603"
"2019","Black","25 - 29","All","All","All","All","5","0"," "
"2020","Black","25 - 29","All","All","All","All","5","0"," "
"2021","Black","25 - 29","All","All","All","All","5","5"," "
"2022","Black","25 - 29","All","All","All","All","5","0"," "
"2023","Black","25 - 29","All","All","All","All","5","0"," "
"2019","Asian","25 - 29","All","All","All","All","30","10","0.429"
"2020","Asian","25 - 29","All","All","All","All","35","15","0.515"
"2021","Asian","25 - 29","All","All","All","All","40","15","0.405"
"2022","Asian","25 - 29","All","All","All","All","35","20","0.529"
"2023","Asian","25 - 29","All","All","All","All","35","20","0.528"
"2019","Mixed","25 - 29","All","All","All","All","20","10","0.5"
"2020","Mixed","25 - 29","All","All","All","All","20","10","0.524"
"2021","Mixed","25 - 29","All","All","All","All","25","10","0.47800000000000004"
"2022","Mixed","25 - 29","All","All","All","All","30","15","0.552"
"2023","Mixed","25 - 29","All","All","All","All","30","20","0.645"
"2019","Other","25 - 29","All","All","All","All","5","0"," "
"2020","Other","25 - 29","All","All","All","All","10","5"," "
"2021","Other","25 - 29","All","All","All","All","5","0"," "
"2022","Other","25 - 29","All","All","All","All","5","0"," "
"2023","Other","25 - 29","All","All","All","All","10","10"," "
"2019","Unknown or Prefer Not To Say","25 - 29","All","All","All","All","10","5"," "
"2020","Unknown or Prefer Not To Say","25 - 29","All","All","All","All","15","10","0.667"
"2021","Unknown or Prefer Not To Say","25 - 29","All","All","All","All","20","5"," "
"2022","Unknown or Prefer Not To Say","25 - 29","All","All","All","All","15","10","0.857"
"2023","Unknown or Prefer Not To Say","25 - 29","All","All","All","All","10","5"," "
"2019","White","30 - 34","All","All","All","All","585","285","0.484"
"2020","White","30 - 34","All","All","All","All","635","345","0.539"
"2021","White","30 - 34","All","All","All","All","695","280","0.404"
"2022","White","30 - 34","All","All","All","All","590","340","0.577"
"2023","White","30 - 34","All","All","All","All","450","270","0.602"
"2019","Black","30 - 34","All","All","All","All","5","0"," "
"2020","Black","30 - 34","All","All","All","All","5","0"," "
"2021","Black","30 - 34","All","All","All","All","5","0"," "
"2022","Black","30 - 34","All","All","All","All","5","0"," "
"2023","Black","30 - 34","All","All","All","All","5","0"," "
"2019","Asian","30 - 34","All","All","All","All","20","10","0.455"
"2020","Asian","30 - 34","All","All","All","All","15","10","0.667"
"2021","Asian","30 - 34","All","All","All","All","20","5"," "
"2022","Asian","30 - 34","All","All","All","All","15","5"," "
"2023","Asian","30 - 34","All","All","All","All","20","5"," "
"2019","Mixed","30 - 34","All","All","All","All","10","5"," "
"2020","Mixed","30 - 34","All","All","All","All","10","5"," "
"2021","Mixed","30 - 34","All","All","All","All","15","5"," "
"2022","Mixed","30 - 34","All","All","All","All","15","10"," "
"2023","Mixed","30 - 34","All","All","All","All","15","5"," "
"2019","Other","30 - 34","All","All","All","All","5","0"," "
"2020","Other","30 - 34","All","All","All","All","5","0"," "
"2021","Other","30 - 34","All","All","All","All","5","5"," "
"2022","Other","30 - 34","All","All","All","All","5","5"," "
"2023","Other","30 - 34","All","All","All","All","5","0"," "
"2019","Unknown or Prefer Not To Say","30 - 34","All","All","All","All","10","5"," "
"2020","Unknown or Prefer Not To Say","30 - 34","All","All","All","All","5","5"," "
"2021","Unknown or Prefer Not To Say","30 - 34","All","All","All","All","15","10"," "
"2022","Unknown or Prefer Not To Say","30 - 34","All","All","All","All","10","10"," "
"2023","Unknown or Prefer Not To Say","30 - 34","All","All","All","All","10","10"," "
"2019","White","35 and over","All","All","All","All","985","465","0.47300000000000003"
"2020","White","35 and over","All","All","All","All","1065","530","0.495"
"2021","White","35 and over","All","All","All","All","1140","455","0.399"
"2022","White","35 and over","All","All","All","All","910","500","0.549"
"2023","White","35 and over","All","All","All","All","725","435","0.599"
"2019","Black","35 and over","All","All","All","All","20","5"," "
"2020","Black","35 and over","All","All","All","All","30","5"," "
"2021","Black","35 and over","All","All","All","All","25","10","0.385"
"2022","Black","35 and over","All","All","All","All","20","5"," "
"2023","Black","35 and over","All","All","All","All","20","5"," "
"2019","Asian","35 and over","All","All","All","All","80","30","0.35000000000000003"
"2020","Asian","35 and over","All","All","All","All","60","20","0.361"
"2021","Asian","35 and over","All","All","All","All","55","25","0.446"
"2022","Asian","35 and over","All","All","All","All","50","20","0.34600000000000003"
"2023","Asian","35 and over","All","All","All","All","50","20","0.392"
"2019","Mixed","35 and over","All","All","All","All","20","10"," "
"2020","Mixed","35 and over","All","All","All","All","20","10","0.55"
"2021","Mixed","35 and over","All","All","All","All","20","5"," "
"2022","Mixed","35 and over","All","All","All","All","20","5"," "
"2023","Mixed","35 and over","All","All","All","All","20","15","0.667"
"2019","Other","35 and over","All","All","All","All","20","5"," "
"2020","Other","35 and over","All","All","All","All","20","10"," "
"2021","Other","35 and over","All","All","All","All","15","5"," "
"2022","Other","35 and over","All","All","All","All","20","5"," "
"2023","Other","35 and over","All","All","All","All","15","5"," "
"2019","Unknown or Prefer Not To Say","35 and over","All","All","All","All","25","10","0.522"
"2020","Unknown or Prefer Not To Say","35 and over","All","All","All","All","25","10"," "
"2021","Unknown or Prefer Not To Say","35 and over","All","All","All","All","30","15","0.464"
"2022","Unknown or Prefer Not To Say","35 and over","All","All","All","All","20","5"," "
"2023","Unknown or Prefer Not To Say","35 and over","All","All","All","All","25","10"," "
"2019","All","18","All","All","All","All","15","0"," "
"2020","All","18","All","All","All","All","30","0"," "
"2021","All","18","All","All","All","All","25","0"," "
"2022","All","18","All","All","All","All","50","0"," "
"2023","All","18","All","All","All","All","40","0"," "
"2019","All","19","All","All","All","All","10","0"," "
"2020","All","19","All","All","All","All","5","0"," "
"2021","All","19","All","All","All","All","5","0"," "
"2022","All","19","All","All","All","All","15","0"," "
"2023","All","19","All","All","All","All","15","0"," "
"2019","All","20","All","All","All","All","5","0"," "
"2020","All","20","All","All","All","All","10","0"," "
"2021","All","20","All","All","All","All","15","0"," "
"2022","All","20","All","All","All","All","15","0"," "
"2023","All","20","All","All","All","All","15","0"," "
"2019","All","21 - 24","All","All","All","All","1725","895","0.518"
"2020","All","21 - 24","All","All","All","All","1825","955","0.524"
"2021","All","21 - 24","All","All","All","All","2295","970","0.423"
"2022","All","21 - 24","All","All","All","All","2455","1425","0.58"
"2023","All","21 - 24","All","All","All","All","2160","1340","0.621"
"2019","All","25 - 29","All","All","All","All","1420","760","0.535"
"2020","All","25 - 29","All","All","All","All","1450","785","0.542"
"2021","All","25 - 29","All","All","All","All","1750","790","0.451"
"2022","All","25 - 29","All","All","All","All","1480","845","0.5720000000000001"
"2023","All","25 - 29","All","All","All","All","1155","695","0.6"
"2019","All","30 - 34","All","All","All","All","635","300","0.47300000000000003"
"2020","All","30 - 34","All","All","All","All","675","365","0.537"
"2021","All","30 - 34","All","All","All","All","755","305","0.405"
"2022","All","30 - 34","All","All","All","All","645","370","0.5710000000000001"
"2023","All","30 - 34","All","All","All","All","505","295","0.582"
"2019","All","35 and over","All","All","All","All","1145","525","0.457"
"2020","All","35 and over","All","All","All","All","1220","585","0.48"
"2021","All","35 and over","All","All","All","All","1285","510","0.398"
"2022","All","35 and over","All","All","All","All","1040","545","0.523"
"2023","All","35 and over","All","All","All","All","860","485","0.5650000000000001"
"2019","White","All","All","All","All","All","4590","2340","0.51"
"2020","White","All","All","All","All","All","4850","2530","0.522"
"2021","White","All","All","All","All","All","5720","2415","0.422"
"2022","White","All","All","All","All","All","5300","2990","0.5640000000000001"
"2023","White","All","All","All","All","All","4330","2605","0.602"
"2019","Black","All","All","All","All","All","35","10"," "
"2020","Black","All","All","All","All","All","45","10","0.244"
"2021","Black","All","All","All","All","All","45","15","0.372"
"2022","Black","All","All","All","All","All","40","15","0.375"
"2023","Black","All","All","All","All","All","50","15","0.26"
"2019","Asian","All","All","All","All","All","185","70","0.388"
"2020","Asian","All","All","All","All","All","160","75","0.46900000000000003"
"2021","Asian","All","All","All","All","All","180","70","0.392"
"2022","Asian","All","All","All","All","All","160","70","0.444"
"2023","Asian","All","All","All","All","All","165","85","0.506"
"2019","Mixed","All","All","All","All","All","75","30","0.425"
"2020","Mixed","All","All","All","All","All","70","35","0.458"
"2021","Mixed","All","All","All","All","All","85","35","0.429"
"2022","Mixed","All","All","All","All","All","105","60","0.547"
"2023","Mixed","All","All","All","All","All","105","65","0.612"
"2019","Other","All","All","All","All","All","25","5"," "
"2020","Other","All","All","All","All","All","40","20","0.462"
"2021","Other","All","All","All","All","All","30","10","0.323"
"2022","Other","All","All","All","All","All","40","15","0.395"
"2023","Other","All","All","All","All","All","40","20","0.5"
"2019","Unknown or Prefer Not To Say","All","All","All","All","All","50","20","0.44"
"2020","Unknown or Prefer Not To Say","All","All","All","All","All","50","25","0.481"
"2021","Unknown or Prefer Not To Say","All","All","All","All","All","75","30","0.41300000000000003"
"2022","Unknown or Prefer Not To Say","All","All","All","All","All","55","35","0.636"
"2023","Unknown or Prefer Not To Say","All","All","All","All","All","55","30","0.536"
"2019","All","All","All","All","All","All","4960","2480","0.5"
"2020","All","All","All","All","All","All","5220","2695","0.516"
"2021","All","All","All","All","All","All","6135","2575","0.42"
"2022","All","All","All","All","All","All","5700","3185","0.559"
"2023","All","All","All","All","All","All","4745","2815","0.594"