"Year","Difference between predicted and achieved SQA advanced higher points","POLAR4 Quintile","Main scheme applicant","Main scheme application","Applicants","Accepted applicants","Acceptance rate","Applicants with no applications"
"2022","Less than -6 points","Quintile 1","Main scheme applicant","Not main scheme application","5","5"," ","0"
"2023","0 points","Quintile 2","Main scheme applicant","Not main scheme application","5","5"," ","0"
"2012","-2 points","Quintile 2","Main scheme applicant","Not main scheme application","5","5"," ","0"
"2010","-3 points","Quintile 2","Main scheme applicant","Not main scheme application","5","5"," ","0"
"2016","-3 points","Quintile 2","Main scheme applicant","Not main scheme application","5","0"," ","0"
"2018","-3 points","Quintile 2","Main scheme applicant","Not main scheme application","5","5"," ","0"
"2010","Less than -6 points","Quintile 2","Main scheme applicant","Not main scheme application","5","5"," ","0"
"2018","0 points","Quintile 3","Main scheme applicant","Not main scheme application","5","5"," ","0"
"2017","-1 points","Quintile 3","Main scheme applicant","Not main scheme application","5","5"," ","0"
"2019","-1 points","Quintile 3","Main scheme applicant","Not main scheme application","5","5"," ","0"
"2012","-2 points","Quintile 3","Main scheme applicant","Not main scheme application","5","5"," ","0"
"2014","-2 points","Quintile 3","Main scheme applicant","Not main scheme application","5","0"," ","0"
"2011","-3 points","Quintile 3","Main scheme applicant","Not main scheme application","5","0"," ","0"
"2022","-3 points","Quintile 3","Main scheme applicant","Not main scheme application","5","5"," ","0"
"2023","-3 points","Quintile 3","Main scheme applicant","Not main scheme application","5","5"," ","0"
"2022","-4 points","Quintile 3","Main scheme applicant","Not main scheme application","5","0"," ","0"
"2010","-5 points","Quintile 3","Main scheme applicant","Not main scheme application","5","0"," ","0"
"2015","-5 points","Quintile 3","Main scheme applicant","Not main scheme application","5","0"," ","0"
"2012","-6 points","Quintile 3","Main scheme applicant","Not main scheme application","5","5"," ","0"
"2014","Less than -6 points","Quintile 3","Main scheme applicant","Not main scheme application","5","5"," ","0"
"2016","Less than -6 points","Quintile 3","Main scheme applicant","Not main scheme application","5","0"," ","0"
"2017","Less than -6 points","Quintile 3","Main scheme applicant","Not main scheme application","5","0"," ","0"
"2019","Less than -6 points","Quintile 3","Main scheme applicant","Not main scheme application","5","5"," ","0"
"2023","Less than -6 points","Quintile 3","Main scheme applicant","Not main scheme application","5","0"," ","0"
"2011","0 points","Quintile 4","Main scheme applicant","Not main scheme application","5","5"," ","0"
"2016","0 points","Quintile 4","Main scheme applicant","Not main scheme application","5","5"," ","0"
"2019","0 points","Quintile 4","Main scheme applicant","Not main scheme application","5","5"," ","0"
"2020","0 points","Quintile 4","Main scheme applicant","Not main scheme application","10","5"," ","0"
"2023","0 points","Quintile 4","Main scheme applicant","Not main scheme application","5","5"," ","0"
"2012","-1 points","Quintile 4","Main scheme applicant","Not main scheme application","5","5"," ","0"
"2013","-1 points","Quintile 4","Main scheme applicant","Not main scheme application","5","5"," ","0"
"2015","-1 points","Quintile 4","Main scheme applicant","Not main scheme application","5","5"," ","0"
"2017","-1 points","Quintile 4","Main scheme applicant","Not main scheme application","5","0"," ","0"
"2019","-1 points","Quintile 4","Main scheme applicant","Not main scheme application","5","5"," ","0"
"2020","-1 points","Quintile 4","Main scheme applicant","Not main scheme application","5","5"," ","0"
"2021","-1 points","Quintile 4","Main scheme applicant","Not main scheme application","5","5"," ","0"
"2013","-2 points","Quintile 4","Main scheme applicant","Not main scheme application","5","0"," ","0"
"2014","-2 points","Quintile 4","Main scheme applicant","Not main scheme application","5","0"," ","0"
"2020","-2 points","Quintile 4","Main scheme applicant","Not main scheme application","5","0"," ","0"
"2021","-2 points","Quintile 4","Main scheme applicant","Not main scheme application","5","5"," ","0"
"2022","-2 points","Quintile 4","Main scheme applicant","Not main scheme application","5","5"," ","0"
"2023","-2 points","Quintile 4","Main scheme applicant","Not main scheme application","5","5"," ","0"
"2011","-3 points","Quintile 4","Main scheme applicant","Not main scheme application","5","0"," ","0"
"2013","-3 points","Quintile 4","Main scheme applicant","Not main scheme application","5","5"," ","0"
"2014","-3 points","Quintile 4","Main scheme applicant","Not main scheme application","5","0"," ","0"
"2015","-3 points","Quintile 4","Main scheme applicant","Not main scheme application","5","0"," ","0"
"2016","-3 points","Quintile 4","Main scheme applicant","Not main scheme application","5","5"," ","0"
"2017","-3 points","Quintile 4","Main scheme applicant","Not main scheme application","5","5"," ","0"
"2020","-3 points","Quintile 4","Main scheme applicant","Not main scheme application","5","5"," ","0"
"2022","-3 points","Quintile 4","Main scheme applicant","Not main scheme application","5","5"," ","0"
"2023","-3 points","Quintile 4","Main scheme applicant","Not main scheme application","5","5"," ","0"
"2011","-4 points","Quintile 4","Main scheme applicant","Not main scheme application","5","5"," ","0"
"2013","-4 points","Quintile 4","Main scheme applicant","Not main scheme application","5","5"," ","0"
"2014","-4 points","Quintile 4","Main scheme applicant","Not main scheme application","5","5"," ","0"
"2022","-4 points","Quintile 4","Main scheme applicant","Not main scheme application","5","5"," ","0"
"2014","-5 points","Quintile 4","Main scheme applicant","Not main scheme application","5","5"," ","0"
"2019","-5 points","Quintile 4","Main scheme applicant","Not main scheme application","5","5"," ","0"
"2022","-5 points","Quintile 4","Main scheme applicant","Not main scheme application","5","5"," ","0"
"2023","-6 points","Quintile 4","Main scheme applicant","Not main scheme application","5","5"," ","0"
"2011","Less than -6 points","Quintile 4","Main scheme applicant","Not main scheme application","5","5"," ","0"
"2013","Less than -6 points","Quintile 4","Main scheme applicant","Not main scheme application","5","0"," ","0"
"2015","Less than -6 points","Quintile 4","Main scheme applicant","Not main scheme application","5","5"," ","0"
"2017","Less than -6 points","Quintile 4","Main scheme applicant","Not main scheme application","5","5"," ","0"
"2020","Less than -6 points","Quintile 4","Main scheme applicant","Not main scheme application","5","5"," ","0"
"2022","Less than -6 points","Quintile 4","Main scheme applicant","Not main scheme application","5","5"," ","0"
"2010","0 points","Quintile 5","Main scheme applicant","Not main scheme application","5","5"," ","0"
"2011","0 points","Quintile 5","Main scheme applicant","Not main scheme application","5","5"," ","0"
"2012","0 points","Quintile 5","Main scheme applicant","Not main scheme application","5","5"," ","0"
"2013","0 points","Quintile 5","Main scheme applicant","Not main scheme application","10","5"," ","0"
"2014","0 points","Quintile 5","Main scheme applicant","Not main scheme application","5","5"," ","0"
"2015","0 points","Quintile 5","Main scheme applicant","Not main scheme application","10","5"," ","0"
"2016","0 points","Quintile 5","Main scheme applicant","Not main scheme application","5","5"," ","0"
"2017","0 points","Quintile 5","Main scheme applicant","Not main scheme application","5","5"," ","0"
"2018","0 points","Quintile 5","Main scheme applicant","Not main scheme application","5","5"," ","0"
"2019","0 points","Quintile 5","Main scheme applicant","Not main scheme application","5","5"," ","0"
"2020","0 points","Quintile 5","Main scheme applicant","Not main scheme application","20","15","0.889","0"
"2021","0 points","Quintile 5","Main scheme applicant","Not main scheme application","10","10","0.833","0"
"2022","0 points","Quintile 5","Main scheme applicant","Not main scheme application","10","10"," ","0"
"2023","0 points","Quintile 5","Main scheme applicant","Not main scheme application","5","5"," ","0"
"2021","1 points","Quintile 5","Main scheme applicant","Not main scheme application","5","0"," ","0"
"2012","-1 points","Quintile 5","Main scheme applicant","Not main scheme application","5","5"," ","0"
"2013","-1 points","Quintile 5","Main scheme applicant","Not main scheme application","10","10","1","0"
"2014","-1 points","Quintile 5","Main scheme applicant","Not main scheme application","5","5"," ","0"
"2015","-1 points","Quintile 5","Main scheme applicant","Not main scheme application","5","5"," ","0"
"2016","-1 points","Quintile 5","Main scheme applicant","Not main scheme application","5","5"," ","0"
"2017","-1 points","Quintile 5","Main scheme applicant","Not main scheme application","10","5"," ","0"
"2018","-1 points","Quintile 5","Main scheme applicant","Not main scheme application","5","5"," ","0"
"2019","-1 points","Quintile 5","Main scheme applicant","Not main scheme application","5","5"," ","0"
"2020","-1 points","Quintile 5","Main scheme applicant","Not main scheme application","10","10"," ","0"
"2021","-1 points","Quintile 5","Main scheme applicant","Not main scheme application","5","5"," ","0"
"2022","-1 points","Quintile 5","Main scheme applicant","Not main scheme application","10","10"," ","0"
"2023","-1 points","Quintile 5","Main scheme applicant","Not main scheme application","5","5"," ","0"
"2012","-2 points","Quintile 5","Main scheme applicant","Not main scheme application","5","5"," ","0"
"2013","-2 points","Quintile 5","Main scheme applicant","Not main scheme application","5","5"," ","0"
"2014","-2 points","Quintile 5","Main scheme applicant","Not main scheme application","10","5"," ","0"
"2015","-2 points","Quintile 5","Main scheme applicant","Not main scheme application","5","5"," ","0"
"2016","-2 points","Quintile 5","Main scheme applicant","Not main scheme application","5","5"," ","0"
"2017","-2 points","Quintile 5","Main scheme applicant","Not main scheme application","5","5"," ","0"
"2018","-2 points","Quintile 5","Main scheme applicant","Not main scheme application","5","0"," ","0"
"2019","-2 points","Quintile 5","Main scheme applicant","Not main scheme application","5","5"," ","0"
"2020","-2 points","Quintile 5","Main scheme applicant","Not main scheme application","5","5"," ","0"
"2021","-2 points","Quintile 5","Main scheme applicant","Not main scheme application","5","5"," ","0"
"2022","-2 points","Quintile 5","Main scheme applicant","Not main scheme application","5","5"," ","0"
"2023","-2 points","Quintile 5","Main scheme applicant","Not main scheme application","5","0"," ","0"
"2010","-3 points","Quintile 5","Main scheme applicant","Not main scheme application","5","5"," ","0"
"2014","-3 points","Quintile 5","Main scheme applicant","Not main scheme application","5","5"," ","0"
"2015","-3 points","Quintile 5","Main scheme applicant","Not main scheme application","5","5"," ","0"
"2016","-3 points","Quintile 5","Main scheme applicant","Not main scheme application","10","10"," ","0"
"2017","-3 points","Quintile 5","Main scheme applicant","Not main scheme application","10","10"," ","0"
"2018","-3 points","Quintile 5","Main scheme applicant","Not main scheme application","5","5"," ","0"
"2019","-3 points","Quintile 5","Main scheme applicant","Not main scheme application","10","10","0.833","0"
"2020","-3 points","Quintile 5","Main scheme applicant","Not main scheme application","10","5"," ","0"
"2021","-3 points","Quintile 5","Main scheme applicant","Not main scheme application","5","5"," ","0"
"2022","-3 points","Quintile 5","Main scheme applicant","Not main scheme application","5","5"," ","0"
"2023","-3 points","Quintile 5","Main scheme applicant","Not main scheme application","5","5"," ","0"
"2010","-4 points","Quintile 5","Main scheme applicant","Not main scheme application","5","5"," ","0"
"2011","-4 points","Quintile 5","Main scheme applicant","Not main scheme application","5","0"," ","0"
"2012","-4 points","Quintile 5","Main scheme applicant","Not main scheme application","5","0"," ","0"
"2013","-4 points","Quintile 5","Main scheme applicant","Not main scheme application","5","5"," ","0"
"2014","-4 points","Quintile 5","Main scheme applicant","Not main scheme application","5","5"," ","0"
"2015","-4 points","Quintile 5","Main scheme applicant","Not main scheme application","10","5"," ","0"
"2016","-4 points","Quintile 5","Main scheme applicant","Not main scheme application","5","5"," ","0"
"2017","-4 points","Quintile 5","Main scheme applicant","Not main scheme application","5","5"," ","0"
"2018","-4 points","Quintile 5","Main scheme applicant","Not main scheme application","5","5"," ","0"
"2020","-4 points","Quintile 5","Main scheme applicant","Not main scheme application","5","5"," ","0"
"2021","-4 points","Quintile 5","Main scheme applicant","Not main scheme application","5","5"," ","0"
"2022","-4 points","Quintile 5","Main scheme applicant","Not main scheme application","5","0"," ","0"
"2023","-4 points","Quintile 5","Main scheme applicant","Not main scheme application","5","5"," ","0"
"2010","-5 points","Quintile 5","Main scheme applicant","Not main scheme application","5","5"," ","0"
"2012","-5 points","Quintile 5","Main scheme applicant","Not main scheme application","10","5"," ","0"
"2013","-5 points","Quintile 5","Main scheme applicant","Not main scheme application","5","5"," ","0"
"2014","-5 points","Quintile 5","Main scheme applicant","Not main scheme application","5","5"," ","0"
"2015","-5 points","Quintile 5","Main scheme applicant","Not main scheme application","5","5"," ","0"
"2016","-5 points","Quintile 5","Main scheme applicant","Not main scheme application","5","0"," ","0"
"2017","-5 points","Quintile 5","Main scheme applicant","Not main scheme application","5","5"," ","0"
"2018","-5 points","Quintile 5","Main scheme applicant","Not main scheme application","5","5"," ","0"
"2019","-5 points","Quintile 5","Main scheme applicant","Not main scheme application","5","5"," ","0"
"2020","-5 points","Quintile 5","Main scheme applicant","Not main scheme application","5","5"," ","0"
"2022","-5 points","Quintile 5","Main scheme applicant","Not main scheme application","5","5"," ","0"
"2023","-5 points","Quintile 5","Main scheme applicant","Not main scheme application","15","10","0.923","0"
"2012","-6 points","Quintile 5","Main scheme applicant","Not main scheme application","5","5"," ","0"
"2014","-6 points","Quintile 5","Main scheme applicant","Not main scheme application","5","5"," ","0"
"2015","-6 points","Quintile 5","Main scheme applicant","Not main scheme application","5","5"," ","0"
"2016","-6 points","Quintile 5","Main scheme applicant","Not main scheme application","5","5"," ","0"
"2017","-6 points","Quintile 5","Main scheme applicant","Not main scheme application","5","5"," ","0"
"2019","-6 points","Quintile 5","Main scheme applicant","Not main scheme application","5","5"," ","0"
"2020","-6 points","Quintile 5","Main scheme applicant","Not main scheme application","5","0"," ","0"
"2022","-6 points","Quintile 5","Main scheme applicant","Not main scheme application","5","5"," ","0"
"2010","Less than -6 points","Quintile 5","Main scheme applicant","Not main scheme application","5","5"," ","0"
"2011","Less than -6 points","Quintile 5","Main scheme applicant","Not main scheme application","10","5"," ","0"
"2012","Less than -6 points","Quintile 5","Main scheme applicant","Not main scheme application","10","10"," ","0"
"2013","Less than -6 points","Quintile 5","Main scheme applicant","Not main scheme application","5","5"," ","0"
"2014","Less than -6 points","Quintile 5","Main scheme applicant","Not main scheme application","5","0"," ","0"
"2015","Less than -6 points","Quintile 5","Main scheme applicant","Not main scheme application","10","5"," ","0"
"2016","Less than -6 points","Quintile 5","Main scheme applicant","Not main scheme application","10","5"," ","0"
"2017","Less than -6 points","Quintile 5","Main scheme applicant","Not main scheme application","10","10"," ","0"
"2018","Less than -6 points","Quintile 5","Main scheme applicant","Not main scheme application","5","5"," ","0"
"2019","Less than -6 points","Quintile 5","Main scheme applicant","Not main scheme application","5","5"," ","0"
"2021","Less than -6 points","Quintile 5","Main scheme applicant","Not main scheme application","10","5"," ","0"
"2022","Less than -6 points","Quintile 5","Main scheme applicant","Not main scheme application","5","0"," ","0"
"2023","Less than -6 points","Quintile 5","Main scheme applicant","Not main scheme application","10","10"," ","0"
"2011","0 points","Unknown","Main scheme applicant","Main scheme application","5","5"," ","0"
"2010","0 points","Quintile 1","Main scheme applicant","Main scheme application","10","10"," ","0"
"2011","0 points","Quintile 1","Main scheme applicant","Main scheme application","5","5"," ","0"
"2012","0 points","Quintile 1","Main scheme applicant","Main scheme application","10","10"," ","0"
"2013","0 points","Quintile 1","Main scheme applicant","Main scheme application","10","5"," ","0"
"2014","0 points","Quintile 1","Main scheme applicant","Main scheme application","5","5"," ","0"
"2015","0 points","Quintile 1","Main scheme applicant","Main scheme application","10","10"," ","0"
"2016","0 points","Quintile 1","Main scheme applicant","Main scheme application","15","10","0.923","0"
"2017","0 points","Quintile 1","Main scheme applicant","Main scheme application","15","10","0.923","0"
"2018","0 points","Quintile 1","Main scheme applicant","Main scheme application","10","10"," ","0"
"2019","0 points","Quintile 1","Main scheme applicant","Main scheme application","10","10"," ","0"
"2020","0 points","Quintile 1","Main scheme applicant","Main scheme application","25","25","0.889","0"
"2021","0 points","Quintile 1","Main scheme applicant","Main scheme application","30","25","0.929","0"
"2022","0 points","Quintile 1","Main scheme applicant","Main scheme application","20","20","0.9520000000000001","0"
"2023","0 points","Quintile 1","Main scheme applicant","Main scheme application","20","20","0.9470000000000001","0"
"2016","1 points","Quintile 1","Main scheme applicant","Main scheme application","5","5"," ","0"
"2020","1 points","Quintile 1","Main scheme applicant","Main scheme application","5","0"," ","0"
"2021","1 points","Quintile 1","Main scheme applicant","Main scheme application","5","5"," ","0"
"2023","1 points","Quintile 1","Main scheme applicant","Main scheme application","5","5"," ","0"
"2015","2 points","Quintile 1","Main scheme applicant","Main scheme application","5","5"," ","0"
"2021","3 points","Quintile 1","Main scheme applicant","Main scheme application","5","0"," ","0"
"2010","-1 points","Quintile 1","Main scheme applicant","Main scheme application","5","5"," ","0"
"2011","-1 points","Quintile 1","Main scheme applicant","Main scheme application","5","5"," ","0"
"2012","-1 points","Quintile 1","Main scheme applicant","Main scheme application","5","5"," ","0"
"2013","-1 points","Quintile 1","Main scheme applicant","Main scheme application","5","5"," ","0"
"2014","-1 points","Quintile 1","Main scheme applicant","Main scheme application","5","5"," ","0"
"2015","-1 points","Quintile 1","Main scheme applicant","Main scheme application","10","10"," ","0"
"2016","-1 points","Quintile 1","Main scheme applicant","Main scheme application","5","5"," ","0"
"2017","-1 points","Quintile 1","Main scheme applicant","Main scheme application","10","10"," ","0"
"2018","-1 points","Quintile 1","Main scheme applicant","Main scheme application","15","15","0.882","0"
"2019","-1 points","Quintile 1","Main scheme applicant","Main scheme application","10","10"," ","0"
"2020","-1 points","Quintile 1","Main scheme applicant","Main scheme application","20","20","0.9470000000000001","0"
"2021","-1 points","Quintile 1","Main scheme applicant","Main scheme application","15","15","0.882","0"
"2022","-1 points","Quintile 1","Main scheme applicant","Main scheme application","20","15","0.833","0"
"2023","-1 points","Quintile 1","Main scheme applicant","Main scheme application","5","5"," ","0"
"2010","-2 points","Quintile 1","Main scheme applicant","Main scheme application","5","5"," ","0"
"2011","-2 points","Quintile 1","Main scheme applicant","Main scheme application","5","5"," ","0"
"2012","-2 points","Quintile 1","Main scheme applicant","Main scheme application","5","5"," ","0"
"2013","-2 points","Quintile 1","Main scheme applicant","Main scheme application","5","5"," ","0"
"2014","-2 points","Quintile 1","Main scheme applicant","Main scheme application","5","5"," ","0"
"2015","-2 points","Quintile 1","Main scheme applicant","Main scheme application","10","5"," ","0"
"2016","-2 points","Quintile 1","Main scheme applicant","Main scheme application","5","5"," ","0"
"2017","-2 points","Quintile 1","Main scheme applicant","Main scheme application","5","5"," ","0"
"2018","-2 points","Quintile 1","Main scheme applicant","Main scheme application","5","5"," ","0"
"2019","-2 points","Quintile 1","Main scheme applicant","Main scheme application","10","10"," ","0"
"2020","-2 points","Quintile 1","Main scheme applicant","Main scheme application","5","5"," ","0"
"2021","-2 points","Quintile 1","Main scheme applicant","Main scheme application","5","5"," ","0"
"2022","-2 points","Quintile 1","Main scheme applicant","Main scheme application","15","10","0.786","0"
"2023","-2 points","Quintile 1","Main scheme applicant","Main scheme application","20","15","0.833","0"
"2010","-3 points","Quintile 1","Main scheme applicant","Main scheme application","5","5"," ","0"
"2011","-3 points","Quintile 1","Main scheme applicant","Main scheme application","10","10"," ","0"
"2012","-3 points","Quintile 1","Main scheme applicant","Main scheme application","5","5"," ","0"
"2013","-3 points","Quintile 1","Main scheme applicant","Main scheme application","5","5"," ","0"
"2015","-3 points","Quintile 1","Main scheme applicant","Main scheme application","5","5"," ","0"
"2016","-3 points","Quintile 1","Main scheme applicant","Main scheme application","10","10"," ","0"
"2017","-3 points","Quintile 1","Main scheme applicant","Main scheme application","10","10","1","0"
"2018","-3 points","Quintile 1","Main scheme applicant","Main scheme application","10","10"," ","0"
"2019","-3 points","Quintile 1","Main scheme applicant","Main scheme application","10","10"," ","0"
"2020","-3 points","Quintile 1","Main scheme applicant","Main scheme application","5","5"," ","0"
"2021","-3 points","Quintile 1","Main scheme applicant","Main scheme application","5","5"," ","0"
"2022","-3 points","Quintile 1","Main scheme applicant","Main scheme application","20","15","0.9440000000000001","0"
"2023","-3 points","Quintile 1","Main scheme applicant","Main scheme application","10","10","0.909","0"
"2010","-4 points","Quintile 1","Main scheme applicant","Main scheme application","5","0"," ","0"
"2012","-4 points","Quintile 1","Main scheme applicant","Main scheme application","5","5"," ","0"
"2013","-4 points","Quintile 1","Main scheme applicant","Main scheme application","5","5"," ","0"
"2014","-4 points","Quintile 1","Main scheme applicant","Main scheme application","5","5"," ","0"
"2016","-4 points","Quintile 1","Main scheme applicant","Main scheme application","5","0"," ","0"
"2018","-4 points","Quintile 1","Main scheme applicant","Main scheme application","5","5"," ","0"
"2019","-4 points","Quintile 1","Main scheme applicant","Main scheme application","5","5"," ","0"
"2020","-4 points","Quintile 1","Main scheme applicant","Main scheme application","5","5"," ","0"
"2021","-4 points","Quintile 1","Main scheme applicant","Main scheme application","5","5"," ","0"
"2022","-4 points","Quintile 1","Main scheme applicant","Main scheme application","20","15","0.833","0"
"2023","-4 points","Quintile 1","Main scheme applicant","Main scheme application","20","20","1","0"
"2010","-5 points","Quintile 1","Main scheme applicant","Main scheme application","5","5"," ","0"
"2012","-5 points","Quintile 1","Main scheme applicant","Main scheme application","5","5"," ","0"
"2015","-5 points","Quintile 1","Main scheme applicant","Main scheme application","5","5"," ","0"
"2017","-5 points","Quintile 1","Main scheme applicant","Main scheme application","10","10"," ","0"
"2018","-5 points","Quintile 1","Main scheme applicant","Main scheme application","5","5"," ","0"
"2019","-5 points","Quintile 1","Main scheme applicant","Main scheme application","10","10"," ","0"
"2020","-5 points","Quintile 1","Main scheme applicant","Main scheme application","5","0"," ","0"
"2021","-5 points","Quintile 1","Main scheme applicant","Main scheme application","5","5"," ","0"
"2022","-5 points","Quintile 1","Main scheme applicant","Main scheme application","10","10"," ","0"
"2023","-5 points","Quintile 1","Main scheme applicant","Main scheme application","10","10"," ","0"
"2011","-6 points","Quintile 1","Main scheme applicant","Main scheme application","5","5"," ","0"
"2015","-6 points","Quintile 1","Main scheme applicant","Main scheme application","5","0"," ","0"
"2016","-6 points","Quintile 1","Main scheme applicant","Main scheme application","5","5"," ","0"
"2019","-6 points","Quintile 1","Main scheme applicant","Main scheme application","5","5"," ","0"
"2020","-6 points","Quintile 1","Main scheme applicant","Main scheme application","5","5"," ","0"
"2022","-6 points","Quintile 1","Main scheme applicant","Main scheme application","10","5"," ","0"
"2023","-6 points","Quintile 1","Main scheme applicant","Main scheme application","10","5"," ","0"
"2010","Less than -6 points","Quintile 1","Main scheme applicant","Main scheme application","5","0"," ","0"
"2011","Less than -6 points","Quintile 1","Main scheme applicant","Main scheme application","5","5"," ","0"
"2012","Less than -6 points","Quintile 1","Main scheme applicant","Main scheme application","5","5"," ","0"
"2013","Less than -6 points","Quintile 1","Main scheme applicant","Main scheme application","5","5"," ","0"
"2014","Less than -6 points","Quintile 1","Main scheme applicant","Main scheme application","5","5"," ","0"
"2015","Less than -6 points","Quintile 1","Main scheme applicant","Main scheme application","10","10"," ","0"
"2016","Less than -6 points","Quintile 1","Main scheme applicant","Main scheme application","5","5"," ","0"
"2017","Less than -6 points","Quintile 1","Main scheme applicant","Main scheme application","10","10"," ","0"
"2018","Less than -6 points","Quintile 1","Main scheme applicant","Main scheme application","5","5"," ","0"
"2019","Less than -6 points","Quintile 1","Main scheme applicant","Main scheme application","5","5"," ","0"
"2021","Less than -6 points","Quintile 1","Main scheme applicant","Main scheme application","5","5"," ","0"
"2022","Less than -6 points","Quintile 1","Main scheme applicant","Main scheme application","15","10","0.8","0"
"2023","Less than -6 points","Quintile 1","Main scheme applicant","Main scheme application","10","10"," ","0"
"2010","0 points","Quintile 2","Main scheme applicant","Main scheme application","30","25","0.929","0"
"2011","0 points","Quintile 2","Main scheme applicant","Main scheme application","20","20","0.9500000000000001","0"
"2012","0 points","Quintile 2","Main scheme applicant","Main scheme application","20","20","0.9520000000000001","0"
"2013","0 points","Quintile 2","Main scheme applicant","Main scheme application","20","20","1","0"
"2014","0 points","Quintile 2","Main scheme applicant","Main scheme application","15","15","1","0"
"2015","0 points","Quintile 2","Main scheme applicant","Main scheme application","20","20","1","0"
"2016","0 points","Quintile 2","Main scheme applicant","Main scheme application","35","35","0.919","0"
"2017","0 points","Quintile 2","Main scheme applicant","Main scheme application","20","20","0.9500000000000001","0"
"2018","0 points","Quintile 2","Main scheme applicant","Main scheme application","35","35","0.9440000000000001","0"
"2019","0 points","Quintile 2","Main scheme applicant","Main scheme application","30","30","1","0"
"2020","0 points","Quintile 2","Main scheme applicant","Main scheme application","55","50","0.895","0"
"2021","0 points","Quintile 2","Main scheme applicant","Main scheme application","55","55","0.964","0"
"2022","0 points","Quintile 2","Main scheme applicant","Main scheme application","40","40","0.9500000000000001","0"
"2023","0 points","Quintile 2","Main scheme applicant","Main scheme application","45","40","0.913","0"
"2010","1 points","Quintile 2","Main scheme applicant","Main scheme application","5","5"," ","0"
"2011","1 points","Quintile 2","Main scheme applicant","Main scheme application","5","5"," ","0"
"2012","1 points","Quintile 2","Main scheme applicant","Main scheme application","5","5"," ","0"
"2013","1 points","Quintile 2","Main scheme applicant","Main scheme application","5","5"," ","0"
"2015","1 points","Quintile 2","Main scheme applicant","Main scheme application","5","5"," ","0"
"2016","1 points","Quintile 2","Main scheme applicant","Main scheme application","5","5"," ","0"
"2018","1 points","Quintile 2","Main scheme applicant","Main scheme application","5","0"," ","0"
"2019","1 points","Quintile 2","Main scheme applicant","Main scheme application","5","5"," ","0"
"2020","1 points","Quintile 2","Main scheme applicant","Main scheme application","15","10","0.923","0"
"2021","1 points","Quintile 2","Main scheme applicant","Main scheme application","10","10","0.909","0"
"2010","2 points","Quintile 2","Main scheme applicant","Main scheme application","5","5"," ","0"
"2013","2 points","Quintile 2","Main scheme applicant","Main scheme application","5","5"," ","0"
"2014","2 points","Quintile 2","Main scheme applicant","Main scheme application","5","5"," ","0"
"2016","2 points","Quintile 2","Main scheme applicant","Main scheme application","5","5"," ","0"
"2021","2 points","Quintile 2","Main scheme applicant","Main scheme application","5","0"," ","0"
"2010","-1 points","Quintile 2","Main scheme applicant","Main scheme application","5","5"," ","0"
"2011","-1 points","Quintile 2","Main scheme applicant","Main scheme application","15","15","0.875","0"
"2012","-1 points","Quintile 2","Main scheme applicant","Main scheme application","25","20","0.917","0"
"2013","-1 points","Quintile 2","Main scheme applicant","Main scheme application","20","20","0.905","0"
"2014","-1 points","Quintile 2","Main scheme applicant","Main scheme application","15","15","1","0"
"2015","-1 points","Quintile 2","Main scheme applicant","Main scheme application","10","10","0.917","0"
"2016","-1 points","Quintile 2","Main scheme applicant","Main scheme application","10","10","1","0"
"2017","-1 points","Quintile 2","Main scheme applicant","Main scheme application","15","15","1","0"
"2018","-1 points","Quintile 2","Main scheme applicant","Main scheme application","15","15","0.882","0"
"2019","-1 points","Quintile 2","Main scheme applicant","Main scheme application","35","30","0.9410000000000001","0"
"2020","-1 points","Quintile 2","Main scheme applicant","Main scheme application","25","25","0.963","0"
"2021","-1 points","Quintile 2","Main scheme applicant","Main scheme application","30","25","0.893","0"
"2022","-1 points","Quintile 2","Main scheme applicant","Main scheme application","20","20","0.905","0"
"2023","-1 points","Quintile 2","Main scheme applicant","Main scheme application","30","25","0.893","0"
"2010","-2 points","Quintile 2","Main scheme applicant","Main scheme application","15","10","0.923","0"
"2011","-2 points","Quintile 2","Main scheme applicant","Main scheme application","15","10","0.846","0"
"2012","-2 points","Quintile 2","Main scheme applicant","Main scheme application","15","10","0.733","0"
"2013","-2 points","Quintile 2","Main scheme applicant","Main scheme application","10","10","0.909","0"
"2014","-2 points","Quintile 2","Main scheme applicant","Main scheme application","20","20","0.9470000000000001","0"
"2015","-2 points","Quintile 2","Main scheme applicant","Main scheme application","15","15","0.867","0"
"2016","-2 points","Quintile 2","Main scheme applicant","Main scheme application","20","15","0.889","0"
"2017","-2 points","Quintile 2","Main scheme applicant","Main scheme application","20","20","0.9","0"
"2018","-2 points","Quintile 2","Main scheme applicant","Main scheme application","20","20","0.909","0"
"2019","-2 points","Quintile 2","Main scheme applicant","Main scheme application","20","20","0.864","0"
"2020","-2 points","Quintile 2","Main scheme applicant","Main scheme application","25","20","0.9570000000000001","0"
"2021","-2 points","Quintile 2","Main scheme applicant","Main scheme application","15","15","0.9380000000000001","0"
"2022","-2 points","Quintile 2","Main scheme applicant","Main scheme application","30","20","0.759","0"
"2023","-2 points","Quintile 2","Main scheme applicant","Main scheme application","25","25","0.926","0"
"2010","-3 points","Quintile 2","Main scheme applicant","Main scheme application","15","10","0.667","0"
"2011","-3 points","Quintile 2","Main scheme applicant","Main scheme application","10","10","0.917","0"
"2012","-3 points","Quintile 2","Main scheme applicant","Main scheme application","20","15","0.737","0"
"2013","-3 points","Quintile 2","Main scheme applicant","Main scheme application","15","15","0.9410000000000001","0"
"2014","-3 points","Quintile 2","Main scheme applicant","Main scheme application","25","20","0.913","0"
"2015","-3 points","Quintile 2","Main scheme applicant","Main scheme application","15","15","0.875","0"
"2016","-3 points","Quintile 2","Main scheme applicant","Main scheme application","25","15","0.708","0"
"2017","-3 points","Quintile 2","Main scheme applicant","Main scheme application","15","15","0.867","0"
"2018","-3 points","Quintile 2","Main scheme applicant","Main scheme application","20","15","0.667","0"
"2019","-3 points","Quintile 2","Main scheme applicant","Main scheme application","20","15","0.85","0"
"2020","-3 points","Quintile 2","Main scheme applicant","Main scheme application","10","5"," ","0"
"2021","-3 points","Quintile 2","Main scheme applicant","Main scheme application","10","10"," ","0"
"2022","-3 points","Quintile 2","Main scheme applicant","Main scheme application","20","20","0.9550000000000001","0"
"2023","-3 points","Quintile 2","Main scheme applicant","Main scheme application","15","15","0.882","0"
"2010","-4 points","Quintile 2","Main scheme applicant","Main scheme application","15","15","0.929","0"
"2011","-4 points","Quintile 2","Main scheme applicant","Main scheme application","15","10","0.8","0"
"2012","-4 points","Quintile 2","Main scheme applicant","Main scheme application","10","10"," ","0"
"2013","-4 points","Quintile 2","Main scheme applicant","Main scheme application","20","15","0.833","0"
"2014","-4 points","Quintile 2","Main scheme applicant","Main scheme application","10","10","0.917","0"
"2015","-4 points","Quintile 2","Main scheme applicant","Main scheme application","10","10"," ","0"
"2016","-4 points","Quintile 2","Main scheme applicant","Main scheme application","15","15","0.929","0"
"2017","-4 points","Quintile 2","Main scheme applicant","Main scheme application","10","5"," ","0"
"2018","-4 points","Quintile 2","Main scheme applicant","Main scheme application","20","15","0.762","0"
"2019","-4 points","Quintile 2","Main scheme applicant","Main scheme application","5","5"," ","0"
"2020","-4 points","Quintile 2","Main scheme applicant","Main scheme application","10","5"," ","0"
"2021","-4 points","Quintile 2","Main scheme applicant","Main scheme application","10","10"," ","0"
"2022","-4 points","Quintile 2","Main scheme applicant","Main scheme application","20","15","0.889","0"
"2023","-4 points","Quintile 2","Main scheme applicant","Main scheme application","25","25","0.926","0"
"2010","-5 points","Quintile 2","Main scheme applicant","Main scheme application","10","5"," ","0"
"2011","-5 points","Quintile 2","Main scheme applicant","Main scheme application","5","5"," ","0"
"2012","-5 points","Quintile 2","Main scheme applicant","Main scheme application","5","5"," ","0"
"2013","-5 points","Quintile 2","Main scheme applicant","Main scheme application","10","10","0.917","0"
"2014","-5 points","Quintile 2","Main scheme applicant","Main scheme application","10","5"," ","0"
"2015","-5 points","Quintile 2","Main scheme applicant","Main scheme application","10","10","1","0"
"2016","-5 points","Quintile 2","Main scheme applicant","Main scheme application","5","5"," ","0"
"2017","-5 points","Quintile 2","Main scheme applicant","Main scheme application","10","10","1","0"
"2018","-5 points","Quintile 2","Main scheme applicant","Main scheme application","10","10"," ","0"
"2019","-5 points","Quintile 2","Main scheme applicant","Main scheme application","15","15","0.867","0"
"2020","-5 points","Quintile 2","Main scheme applicant","Main scheme application","5","0"," ","0"
"2021","-5 points","Quintile 2","Main scheme applicant","Main scheme application","10","5"," ","0"
"2022","-5 points","Quintile 2","Main scheme applicant","Main scheme application","15","15","0.933","0"
"2023","-5 points","Quintile 2","Main scheme applicant","Main scheme application","10","10","1","0"
"2010","-6 points","Quintile 2","Main scheme applicant","Main scheme application","5","5"," ","0"
"2011","-6 points","Quintile 2","Main scheme applicant","Main scheme application","5","5"," ","0"
"2012","-6 points","Quintile 2","Main scheme applicant","Main scheme application","5","5"," ","0"
"2013","-6 points","Quintile 2","Main scheme applicant","Main scheme application","5","5"," ","0"
"2014","-6 points","Quintile 2","Main scheme applicant","Main scheme application","5","5"," ","0"
"2015","-6 points","Quintile 2","Main scheme applicant","Main scheme application","5","5"," ","0"
"2016","-6 points","Quintile 2","Main scheme applicant","Main scheme application","5","5"," ","0"
"2017","-6 points","Quintile 2","Main scheme applicant","Main scheme application","10","5"," ","0"
"2018","-6 points","Quintile 2","Main scheme applicant","Main scheme application","10","10"," ","0"
"2019","-6 points","Quintile 2","Main scheme applicant","Main scheme application","5","5"," ","0"
"2020","-6 points","Quintile 2","Main scheme applicant","Main scheme application","10","5"," ","0"
"2021","-6 points","Quintile 2","Main scheme applicant","Main scheme application","5","5"," ","0"
"2022","-6 points","Quintile 2","Main scheme applicant","Main scheme application","10","10"," ","0"
"2023","-6 points","Quintile 2","Main scheme applicant","Main scheme application","10","10","1","0"
"2010","Less than -6 points","Quintile 2","Main scheme applicant","Main scheme application","15","10","0.6880000000000001","0"
"2011","Less than -6 points","Quintile 2","Main scheme applicant","Main scheme application","10","10"," ","0"
"2012","Less than -6 points","Quintile 2","Main scheme applicant","Main scheme application","15","15","0.929","0"
"2013","Less than -6 points","Quintile 2","Main scheme applicant","Main scheme application","10","10","0.909","0"
"2014","Less than -6 points","Quintile 2","Main scheme applicant","Main scheme application","15","15","0.882","0"
"2015","Less than -6 points","Quintile 2","Main scheme applicant","Main scheme application","15","10"," ","0"
"2016","Less than -6 points","Quintile 2","Main scheme applicant","Main scheme application","20","20","0.9","0"
"2017","Less than -6 points","Quintile 2","Main scheme applicant","Main scheme application","15","15","0.8130000000000001","0"
"2018","Less than -6 points","Quintile 2","Main scheme applicant","Main scheme application","30","30","0.9380000000000001","0"
"2019","Less than -6 points","Quintile 2","Main scheme applicant","Main scheme application","20","20","0.9","0"
"2020","Less than -6 points","Quintile 2","Main scheme applicant","Main scheme application","5","5"," ","0"
"2021","Less than -6 points","Quintile 2","Main scheme applicant","Main scheme application","10","10","0.909","0"
"2022","Less than -6 points","Quintile 2","Main scheme applicant","Main scheme application","30","30","0.966","0"
"2023","Less than -6 points","Quintile 2","Main scheme applicant","Main scheme application","20","20","1","0"
"2010","0 points","Quintile 3","Main scheme applicant","Main scheme application","35","35","0.9460000000000001","0"
"2011","0 points","Quintile 3","Main scheme applicant","Main scheme application","40","40","0.975","0"
"2012","0 points","Quintile 3","Main scheme applicant","Main scheme application","50","50","0.9410000000000001","0"
"2013","0 points","Quintile 3","Main scheme applicant","Main scheme application","55","50","0.877","0"
"2014","0 points","Quintile 3","Main scheme applicant","Main scheme application","55","45","0.855","0"
"2015","0 points","Quintile 3","Main scheme applicant","Main scheme application","60","55","0.914","0"
"2016","0 points","Quintile 3","Main scheme applicant","Main scheme application","80","75","0.9380000000000001","0"
"2017","0 points","Quintile 3","Main scheme applicant","Main scheme application","70","65","0.903","0"
"2018","0 points","Quintile 3","Main scheme applicant","Main scheme application","65","55","0.875","0"
"2019","0 points","Quintile 3","Main scheme applicant","Main scheme application","70","70","1","0"
"2020","0 points","Quintile 3","Main scheme applicant","Main scheme application","115","105","0.906","0"
"2021","0 points","Quintile 3","Main scheme applicant","Main scheme application","120","105","0.891","0"
"2022","0 points","Quintile 3","Main scheme applicant","Main scheme application","80","75","0.915","0"
"2023","0 points","Quintile 3","Main scheme applicant","Main scheme application","75","75","0.974","0"
"2010","1 points","Quintile 3","Main scheme applicant","Main scheme application","10","10"," ","0"
"2011","1 points","Quintile 3","Main scheme applicant","Main scheme application","10","10"," ","0"
"2012","1 points","Quintile 3","Main scheme applicant","Main scheme application","10","5"," ","0"
"2013","1 points","Quintile 3","Main scheme applicant","Main scheme application","10","10"," ","0"
"2014","1 points","Quintile 3","Main scheme applicant","Main scheme application","10","5"," ","0"
"2015","1 points","Quintile 3","Main scheme applicant","Main scheme application","10","10"," ","0"
"2016","1 points","Quintile 3","Main scheme applicant","Main scheme application","10","10"," ","0"
"2017","1 points","Quintile 3","Main scheme applicant","Main scheme application","10","5"," ","0"
"2018","1 points","Quintile 3","Main scheme applicant","Main scheme application","10","10","0.909","0"
"2019","1 points","Quintile 3","Main scheme applicant","Main scheme application","10","10","1","0"
"2020","1 points","Quintile 3","Main scheme applicant","Main scheme application","25","25","1","0"
"2021","1 points","Quintile 3","Main scheme applicant","Main scheme application","25","25","0.923","0"
"2022","1 points","Quintile 3","Main scheme applicant","Main scheme application","5","5"," ","0"
"2023","1 points","Quintile 3","Main scheme applicant","Main scheme application","5","5"," ","0"
"2011","2 points","Quintile 3","Main scheme applicant","Main scheme application","5","5"," ","0"
"2013","2 points","Quintile 3","Main scheme applicant","Main scheme application","5","5"," ","0"
"2014","2 points","Quintile 3","Main scheme applicant","Main scheme application","5","5"," ","0"
"2015","2 points","Quintile 3","Main scheme applicant","Main scheme application","5","5"," ","0"
"2016","2 points","Quintile 3","Main scheme applicant","Main scheme application","5","5"," ","0"
"2018","2 points","Quintile 3","Main scheme applicant","Main scheme application","5","5"," ","0"
"2020","2 points","Quintile 3","Main scheme applicant","Main scheme application","10","10"," ","0"
"2021","2 points","Quintile 3","Main scheme applicant","Main scheme application","5","5"," ","0"
"2023","2 points","Quintile 3","Main scheme applicant","Main scheme application","5","5"," ","0"
"2020","3 points","Quintile 3","Main scheme applicant","Main scheme application","5","5"," ","0"
"2010","-1 points","Quintile 3","Main scheme applicant","Main scheme application","40","35","0.868","0"
"2011","-1 points","Quintile 3","Main scheme applicant","Main scheme application","35","30","0.9390000000000001","0"
"2012","-1 points","Quintile 3","Main scheme applicant","Main scheme application","25","25","0.926","0"
"2013","-1 points","Quintile 3","Main scheme applicant","Main scheme application","35","30","0.8240000000000001","0"
"2014","-1 points","Quintile 3","Main scheme applicant","Main scheme application","45","40","0.93","0"
"2015","-1 points","Quintile 3","Main scheme applicant","Main scheme application","35","30","0.9410000000000001","0"
"2016","-1 points","Quintile 3","Main scheme applicant","Main scheme application","40","35","0.85","0"
"2017","-1 points","Quintile 3","Main scheme applicant","Main scheme application","45","45","0.936","0"
"2018","-1 points","Quintile 3","Main scheme applicant","Main scheme application","40","35","0.925","0"
"2019","-1 points","Quintile 3","Main scheme applicant","Main scheme application","30","25","0.75","0"
"2020","-1 points","Quintile 3","Main scheme applicant","Main scheme application","40","35","0.868","0"
"2021","-1 points","Quintile 3","Main scheme applicant","Main scheme application","55","50","0.9430000000000001","0"
"2022","-1 points","Quintile 3","Main scheme applicant","Main scheme application","65","60","0.925","0"
"2023","-1 points","Quintile 3","Main scheme applicant","Main scheme application","50","50","0.9410000000000001","0"
"2010","-2 points","Quintile 3","Main scheme applicant","Main scheme application","25","20","0.913","0"
"2011","-2 points","Quintile 3","Main scheme applicant","Main scheme application","40","35","0.9470000000000001","0"
"2012","-2 points","Quintile 3","Main scheme applicant","Main scheme application","30","25","0.806","0"
"2013","-2 points","Quintile 3","Main scheme applicant","Main scheme application","35","35","1","0"
"2014","-2 points","Quintile 3","Main scheme applicant","Main scheme application","30","25","0.742","0"
"2015","-2 points","Quintile 3","Main scheme applicant","Main scheme application","45","35","0.86","0"
"2016","-2 points","Quintile 3","Main scheme applicant","Main scheme application","25","20","0.917","0"
"2017","-2 points","Quintile 3","Main scheme applicant","Main scheme application","25","25","0.885","0"
"2018","-2 points","Quintile 3","Main scheme applicant","Main scheme application","30","25","0.897","0"
"2019","-2 points","Quintile 3","Main scheme applicant","Main scheme application","45","45","0.935","0"
"2020","-2 points","Quintile 3","Main scheme applicant","Main scheme application","30","30","0.969","0"
"2021","-2 points","Quintile 3","Main scheme applicant","Main scheme application","35","35","0.919","0"
"2022","-2 points","Quintile 3","Main scheme applicant","Main scheme application","30","30","0.9380000000000001","0"
"2023","-2 points","Quintile 3","Main scheme applicant","Main scheme application","55","50","0.909","0"
"2010","-3 points","Quintile 3","Main scheme applicant","Main scheme application","20","15","0.762","0"
"2011","-3 points","Quintile 3","Main scheme applicant","Main scheme application","35","30","0.8240000000000001","0"
"2012","-3 points","Quintile 3","Main scheme applicant","Main scheme application","30","25","0.844","0"
"2013","-3 points","Quintile 3","Main scheme applicant","Main scheme application","25","25","0.926","0"
"2014","-3 points","Quintile 3","Main scheme applicant","Main scheme application","40","35","0.9470000000000001","0"
"2015","-3 points","Quintile 3","Main scheme applicant","Main scheme application","25","20","0.846","0"
"2016","-3 points","Quintile 3","Main scheme applicant","Main scheme application","30","30","0.968","0"
"2017","-3 points","Quintile 3","Main scheme applicant","Main scheme application","25","25","0.926","0"
"2018","-3 points","Quintile 3","Main scheme applicant","Main scheme application","25","20","0.704","0"
"2019","-3 points","Quintile 3","Main scheme applicant","Main scheme application","25","20","0.875","0"
"2020","-3 points","Quintile 3","Main scheme applicant","Main scheme application","25","20","0.8","0"
"2021","-3 points","Quintile 3","Main scheme applicant","Main scheme application","20","15","0.85","0"
"2022","-3 points","Quintile 3","Main scheme applicant","Main scheme application","50","35","0.75","0"
"2023","-3 points","Quintile 3","Main scheme applicant","Main scheme application","40","35","0.833","0"
"2010","-4 points","Quintile 3","Main scheme applicant","Main scheme application","25","20","0.917","0"
"2011","-4 points","Quintile 3","Main scheme applicant","Main scheme application","20","20","0.909","0"
"2012","-4 points","Quintile 3","Main scheme applicant","Main scheme application","25","25","0.852","0"
"2013","-4 points","Quintile 3","Main scheme applicant","Main scheme application","25","20","0.875","0"
"2014","-4 points","Quintile 3","Main scheme applicant","Main scheme application","30","25","0.964","0"
"2015","-4 points","Quintile 3","Main scheme applicant","Main scheme application","30","25","0.8130000000000001","0"
"2016","-4 points","Quintile 3","Main scheme applicant","Main scheme application","20","15","0.727","0"
"2017","-4 points","Quintile 3","Main scheme applicant","Main scheme application","25","20","0.917","0"
"2018","-4 points","Quintile 3","Main scheme applicant","Main scheme application","30","25","0.839","0"
"2019","-4 points","Quintile 3","Main scheme applicant","Main scheme application","30","30","0.875","0"
"2020","-4 points","Quintile 3","Main scheme applicant","Main scheme application","10","10","0.909","0"
"2021","-4 points","Quintile 3","Main scheme applicant","Main scheme application","25","20","0.917","0"
"2022","-4 points","Quintile 3","Main scheme applicant","Main scheme application","40","30","0.789","0"
"2023","-4 points","Quintile 3","Main scheme applicant","Main scheme application","50","50","0.9410000000000001","0"
"2010","-5 points","Quintile 3","Main scheme applicant","Main scheme application","15","10","0.667","0"
"2011","-5 points","Quintile 3","Main scheme applicant","Main scheme application","20","20","0.905","0"
"2012","-5 points","Quintile 3","Main scheme applicant","Main scheme application","15","10","0.75","0"
"2013","-5 points","Quintile 3","Main scheme applicant","Main scheme application","20","15","0.895","0"
"2014","-5 points","Quintile 3","Main scheme applicant","Main scheme application","15","15","0.8240000000000001","0"
"2015","-5 points","Quintile 3","Main scheme applicant","Main scheme application","25","15","0.625","0"
"2016","-5 points","Quintile 3","Main scheme applicant","Main scheme application","20","15","0.789","0"
"2017","-5 points","Quintile 3","Main scheme applicant","Main scheme application","20","20","0.9470000000000001","0"
"2018","-5 points","Quintile 3","Main scheme applicant","Main scheme application","25","20","0.846","0"
"2019","-5 points","Quintile 3","Main scheme applicant","Main scheme application","25","20","0.875","0"
"2020","-5 points","Quintile 3","Main scheme applicant","Main scheme application","10","10"," ","0"
"2021","-5 points","Quintile 3","Main scheme applicant","Main scheme application","10","10","0.833","0"
"2022","-5 points","Quintile 3","Main scheme applicant","Main scheme application","35","30","0.865","0"
"2023","-5 points","Quintile 3","Main scheme applicant","Main scheme application","25","25","1","0"
"2010","-6 points","Quintile 3","Main scheme applicant","Main scheme application","15","15","0.765","0"
"2011","-6 points","Quintile 3","Main scheme applicant","Main scheme application","15","10","0.857","0"
"2012","-6 points","Quintile 3","Main scheme applicant","Main scheme application","20","15","0.773","0"
"2013","-6 points","Quintile 3","Main scheme applicant","Main scheme application","15","10","0.923","0"
"2014","-6 points","Quintile 3","Main scheme applicant","Main scheme application","20","20","0.9","0"
"2015","-6 points","Quintile 3","Main scheme applicant","Main scheme application","15","15","0.875","0"
"2016","-6 points","Quintile 3","Main scheme applicant","Main scheme application","15","10","0.75","0"
"2017","-6 points","Quintile 3","Main scheme applicant","Main scheme application","15","15","0.929","0"
"2018","-6 points","Quintile 3","Main scheme applicant","Main scheme application","15","15","0.9410000000000001","0"
"2019","-6 points","Quintile 3","Main scheme applicant","Main scheme application","25","20","0.8","0"
"2020","-6 points","Quintile 3","Main scheme applicant","Main scheme application","10","10"," ","0"
"2021","-6 points","Quintile 3","Main scheme applicant","Main scheme application","10","10","0.909","0"
"2022","-6 points","Quintile 3","Main scheme applicant","Main scheme application","15","15","0.882","0"
"2023","-6 points","Quintile 3","Main scheme applicant","Main scheme application","10","10","1","0"
"2010","Less than -6 points","Quintile 3","Main scheme applicant","Main scheme application","30","25","0.897","0"
"2011","Less than -6 points","Quintile 3","Main scheme applicant","Main scheme application","20","15","0.789","0"
"2012","Less than -6 points","Quintile 3","Main scheme applicant","Main scheme application","25","20","0.8","0"
"2013","Less than -6 points","Quintile 3","Main scheme applicant","Main scheme application","30","25","0.929","0"
"2014","Less than -6 points","Quintile 3","Main scheme applicant","Main scheme application","25","15","0.56","0"
"2015","Less than -6 points","Quintile 3","Main scheme applicant","Main scheme application","25","25","0.885","0"
"2016","Less than -6 points","Quintile 3","Main scheme applicant","Main scheme application","30","20","0.759","0"
"2017","Less than -6 points","Quintile 3","Main scheme applicant","Main scheme application","30","20","0.759","0"
"2018","Less than -6 points","Quintile 3","Main scheme applicant","Main scheme application","30","25","0.774","0"
"2019","Less than -6 points","Quintile 3","Main scheme applicant","Main scheme application","30","20","0.6900000000000001","0"
"2020","Less than -6 points","Quintile 3","Main scheme applicant","Main scheme application","10","5"," ","0"
"2021","Less than -6 points","Quintile 3","Main scheme applicant","Main scheme application","20","15","0.81","0"
"2022","Less than -6 points","Quintile 3","Main scheme applicant","Main scheme application","45","40","0.886","0"
"2023","Less than -6 points","Quintile 3","Main scheme applicant","Main scheme application","40","35","0.895","0"
"2010","0 points","Quintile 4","Main scheme applicant","Main scheme application","80","70","0.886","0"
"2011","0 points","Quintile 4","Main scheme applicant","Main scheme application","95","85","0.885","0"
"2012","0 points","Quintile 4","Main scheme applicant","Main scheme application","80","75","0.927","0"
"2013","0 points","Quintile 4","Main scheme applicant","Main scheme application","100","90","0.898","0"
"2014","0 points","Quintile 4","Main scheme applicant","Main scheme application","90","85","0.9560000000000001","0"
"2015","0 points","Quintile 4","Main scheme applicant","Main scheme application","85","75","0.906","0"
"2016","0 points","Quintile 4","Main scheme applicant","Main scheme application","115","100","0.886","0"
"2017","0 points","Quintile 4","Main scheme applicant","Main scheme application","115","105","0.93","0"
"2018","0 points","Quintile 4","Main scheme applicant","Main scheme application","115","105","0.9390000000000001","0"
"2019","0 points","Quintile 4","Main scheme applicant","Main scheme application","115","105","0.93","0"
"2020","0 points","Quintile 4","Main scheme applicant","Main scheme application","175","160","0.893","0"
"2021","0 points","Quintile 4","Main scheme applicant","Main scheme application","210","185","0.894","0"
"2022","0 points","Quintile 4","Main scheme applicant","Main scheme application","125","115","0.927","0"
"2023","0 points","Quintile 4","Main scheme applicant","Main scheme application","130","120","0.924","0"
"2010","1 points","Quintile 4","Main scheme applicant","Main scheme application","25","25","1","0"
"2011","1 points","Quintile 4","Main scheme applicant","Main scheme application","15","15","0.9410000000000001","0"
"2012","1 points","Quintile 4","Main scheme applicant","Main scheme application","15","10","0.786","0"
"2013","1 points","Quintile 4","Main scheme applicant","Main scheme application","20","15","0.895","0"
"2014","1 points","Quintile 4","Main scheme applicant","Main scheme application","25","20","0.913","0"
"2015","1 points","Quintile 4","Main scheme applicant","Main scheme application","15","15","1","0"
"2016","1 points","Quintile 4","Main scheme applicant","Main scheme application","30","25","0.964","0"
"2017","1 points","Quintile 4","Main scheme applicant","Main scheme application","10","5"," ","0"
"2018","1 points","Quintile 4","Main scheme applicant","Main scheme application","20","20","0.905","0"
"2019","1 points","Quintile 4","Main scheme applicant","Main scheme application","10","10","1","0"
"2020","1 points","Quintile 4","Main scheme applicant","Main scheme application","30","25","0.9","0"
"2021","1 points","Quintile 4","Main scheme applicant","Main scheme application","25","20","0.917","0"
"2022","1 points","Quintile 4","Main scheme applicant","Main scheme application","20","20","0.9520000000000001","0"
"2023","1 points","Quintile 4","Main scheme applicant","Main scheme application","15","15","0.933","0"
"2010","2 points","Quintile 4","Main scheme applicant","Main scheme application","5","5"," ","0"
"2011","2 points","Quintile 4","Main scheme applicant","Main scheme application","5","5"," ","0"
"2012","2 points","Quintile 4","Main scheme applicant","Main scheme application","5","5"," ","0"
"2013","2 points","Quintile 4","Main scheme applicant","Main scheme application","5","5"," ","0"
"2014","2 points","Quintile 4","Main scheme applicant","Main scheme application","5","5"," ","0"
"2016","2 points","Quintile 4","Main scheme applicant","Main scheme application","5","5"," ","0"
"2017","2 points","Quintile 4","Main scheme applicant","Main scheme application","5","5"," ","0"
"2018","2 points","Quintile 4","Main scheme applicant","Main scheme application","5","5"," ","0"
"2019","2 points","Quintile 4","Main scheme applicant","Main scheme application","5","0"," ","0"
"2020","2 points","Quintile 4","Main scheme applicant","Main scheme application","10","10","1","0"
"2021","2 points","Quintile 4","Main scheme applicant","Main scheme application","5","5"," ","0"
"2022","2 points","Quintile 4","Main scheme applicant","Main scheme application","10","5"," ","0"
"2023","2 points","Quintile 4","Main scheme applicant","Main scheme application","10","5"," ","0"
"2020","3 points","Quintile 4","Main scheme applicant","Main scheme application","5","5"," ","0"
"2010","-1 points","Quintile 4","Main scheme applicant","Main scheme application","55","55","0.93","0"
"2011","-1 points","Quintile 4","Main scheme applicant","Main scheme application","55","45","0.855","0"
"2012","-1 points","Quintile 4","Main scheme applicant","Main scheme application","65","55","0.862","0"
"2013","-1 points","Quintile 4","Main scheme applicant","Main scheme application","55","50","0.895","0"
"2014","-1 points","Quintile 4","Main scheme applicant","Main scheme application","70","70","0.9580000000000001","0"
"2015","-1 points","Quintile 4","Main scheme applicant","Main scheme application","75","65","0.87","0"
"2016","-1 points","Quintile 4","Main scheme applicant","Main scheme application","65","55","0.891","0"
"2017","-1 points","Quintile 4","Main scheme applicant","Main scheme application","70","60","0.843","0"
"2018","-1 points","Quintile 4","Main scheme applicant","Main scheme application","50","50","0.962","0"
"2019","-1 points","Quintile 4","Main scheme applicant","Main scheme application","65","55","0.851","0"
"2020","-1 points","Quintile 4","Main scheme applicant","Main scheme application","70","60","0.886","0"
"2021","-1 points","Quintile 4","Main scheme applicant","Main scheme application","70","60","0.899","0"
"2022","-1 points","Quintile 4","Main scheme applicant","Main scheme application","80","75","0.936","0"
"2023","-1 points","Quintile 4","Main scheme applicant","Main scheme application","95","95","0.979","0"
"2010","-2 points","Quintile 4","Main scheme applicant","Main scheme application","45","35","0.8140000000000001","0"
"2011","-2 points","Quintile 4","Main scheme applicant","Main scheme application","60","55","0.934","0"
"2012","-2 points","Quintile 4","Main scheme applicant","Main scheme application","60","50","0.881","0"
"2013","-2 points","Quintile 4","Main scheme applicant","Main scheme application","65","60","0.906","0"
"2014","-2 points","Quintile 4","Main scheme applicant","Main scheme application","70","60","0.897","0"
"2015","-2 points","Quintile 4","Main scheme applicant","Main scheme application","65","60","0.9520000000000001","0"
"2016","-2 points","Quintile 4","Main scheme applicant","Main scheme application","65","60","0.923","0"
"2017","-2 points","Quintile 4","Main scheme applicant","Main scheme application","55","50","0.893","0"
"2018","-2 points","Quintile 4","Main scheme applicant","Main scheme application","60","55","0.919","0"
"2019","-2 points","Quintile 4","Main scheme applicant","Main scheme application","50","45","0.863","0"
"2020","-2 points","Quintile 4","Main scheme applicant","Main scheme application","45","35","0.8","0"
"2021","-2 points","Quintile 4","Main scheme applicant","Main scheme application","45","40","0.8260000000000001","0"
"2022","-2 points","Quintile 4","Main scheme applicant","Main scheme application","80","65","0.838","0"
"2023","-2 points","Quintile 4","Main scheme applicant","Main scheme application","95","85","0.926","0"
"2010","-3 points","Quintile 4","Main scheme applicant","Main scheme application","45","40","0.864","0"
"2011","-3 points","Quintile 4","Main scheme applicant","Main scheme application","40","35","0.854","0"
"2012","-3 points","Quintile 4","Main scheme applicant","Main scheme application","40","35","0.9490000000000001","0"
"2013","-3 points","Quintile 4","Main scheme applicant","Main scheme application","45","35","0.86","0"
"2014","-3 points","Quintile 4","Main scheme applicant","Main scheme application","50","50","0.923","0"
"2015","-3 points","Quintile 4","Main scheme applicant","Main scheme application","60","50","0.8280000000000001","0"
"2016","-3 points","Quintile 4","Main scheme applicant","Main scheme application","45","40","0.867","0"
"2017","-3 points","Quintile 4","Main scheme applicant","Main scheme application","65","55","0.8280000000000001","0"
"2018","-3 points","Quintile 4","Main scheme applicant","Main scheme application","55","45","0.868","0"
"2019","-3 points","Quintile 4","Main scheme applicant","Main scheme application","35","35","0.919","0"
"2020","-3 points","Quintile 4","Main scheme applicant","Main scheme application","40","30","0.8210000000000001","0"
"2021","-3 points","Quintile 4","Main scheme applicant","Main scheme application","30","25","0.806","0"
"2022","-3 points","Quintile 4","Main scheme applicant","Main scheme application","65","55","0.851","0"
"2023","-3 points","Quintile 4","Main scheme applicant","Main scheme application","75","60","0.8160000000000001","0"
"2010","-4 points","Quintile 4","Main scheme applicant","Main scheme application","40","35","0.868","0"
"2011","-4 points","Quintile 4","Main scheme applicant","Main scheme application","50","40","0.804","0"
"2012","-4 points","Quintile 4","Main scheme applicant","Main scheme application","40","35","0.8250000000000001","0"
"2013","-4 points","Quintile 4","Main scheme applicant","Main scheme application","25","20","0.8150000000000001","0"
"2014","-4 points","Quintile 4","Main scheme applicant","Main scheme application","40","35","0.881","0"
"2015","-4 points","Quintile 4","Main scheme applicant","Main scheme application","55","50","0.906","0"
"2016","-4 points","Quintile 4","Main scheme applicant","Main scheme application","35","30","0.865","0"
"2017","-4 points","Quintile 4","Main scheme applicant","Main scheme application","40","35","0.878","0"
"2018","-4 points","Quintile 4","Main scheme applicant","Main scheme application","45","40","0.907","0"
"2019","-4 points","Quintile 4","Main scheme applicant","Main scheme application","45","35","0.841","0"
"2020","-4 points","Quintile 4","Main scheme applicant","Main scheme application","25","20","0.76","0"
"2021","-4 points","Quintile 4","Main scheme applicant","Main scheme application","25","25","0.9580000000000001","0"
"2022","-4 points","Quintile 4","Main scheme applicant","Main scheme application","40","35","0.881","0"
"2023","-4 points","Quintile 4","Main scheme applicant","Main scheme application","55","50","0.926","0"
"2010","-5 points","Quintile 4","Main scheme applicant","Main scheme application","30","30","0.933","0"
"2011","-5 points","Quintile 4","Main scheme applicant","Main scheme application","30","25","0.8210000000000001","0"
"2012","-5 points","Quintile 4","Main scheme applicant","Main scheme application","30","25","0.871","0"
"2013","-5 points","Quintile 4","Main scheme applicant","Main scheme application","30","25","0.774","0"
"2014","-5 points","Quintile 4","Main scheme applicant","Main scheme application","30","25","0.774","0"
"2015","-5 points","Quintile 4","Main scheme applicant","Main scheme application","35","30","0.882","0"
"2016","-5 points","Quintile 4","Main scheme applicant","Main scheme application","30","30","0.875","0"
"2017","-5 points","Quintile 4","Main scheme applicant","Main scheme application","30","30","0.906","0"
"2018","-5 points","Quintile 4","Main scheme applicant","Main scheme application","35","30","0.914","0"
"2019","-5 points","Quintile 4","Main scheme applicant","Main scheme application","25","20","0.808","0"
"2020","-5 points","Quintile 4","Main scheme applicant","Main scheme application","10","10"," ","0"
"2021","-5 points","Quintile 4","Main scheme applicant","Main scheme application","20","15","0.842","0"
"2022","-5 points","Quintile 4","Main scheme applicant","Main scheme application","35","30","0.8","0"
"2023","-5 points","Quintile 4","Main scheme applicant","Main scheme application","40","35","0.881","0"
"2010","-6 points","Quintile 4","Main scheme applicant","Main scheme application","15","15","0.9410000000000001","0"
"2011","-6 points","Quintile 4","Main scheme applicant","Main scheme application","25","15","0.708","0"
"2012","-6 points","Quintile 4","Main scheme applicant","Main scheme application","30","30","0.903","0"
"2013","-6 points","Quintile 4","Main scheme applicant","Main scheme application","30","25","0.857","0"
"2014","-6 points","Quintile 4","Main scheme applicant","Main scheme application","15","15","0.765","0"
"2015","-6 points","Quintile 4","Main scheme applicant","Main scheme application","30","25","0.893","0"
"2016","-6 points","Quintile 4","Main scheme applicant","Main scheme application","15","15","1","0"
"2017","-6 points","Quintile 4","Main scheme applicant","Main scheme application","20","20","0.909","0"
"2018","-6 points","Quintile 4","Main scheme applicant","Main scheme application","25","20","0.88","0"
"2019","-6 points","Quintile 4","Main scheme applicant","Main scheme application","10","10"," ","0"
"2020","-6 points","Quintile 4","Main scheme applicant","Main scheme application","5","5"," ","0"
"2021","-6 points","Quintile 4","Main scheme applicant","Main scheme application","15","10","0.667","0"
"2022","-6 points","Quintile 4","Main scheme applicant","Main scheme application","25","25","0.926","0"
"2023","-6 points","Quintile 4","Main scheme applicant","Main scheme application","30","25","0.833","0"
"2010","Less than -6 points","Quintile 4","Main scheme applicant","Main scheme application","50","45","0.918","0"
"2011","Less than -6 points","Quintile 4","Main scheme applicant","Main scheme application","30","30","0.875","0"
"2012","Less than -6 points","Quintile 4","Main scheme applicant","Main scheme application","40","35","0.81","0"
"2013","Less than -6 points","Quintile 4","Main scheme applicant","Main scheme application","50","40","0.857","0"
"2014","Less than -6 points","Quintile 4","Main scheme applicant","Main scheme application","40","30","0.795","0"
"2015","Less than -6 points","Quintile 4","Main scheme applicant","Main scheme application","50","35","0.735","0"
"2016","Less than -6 points","Quintile 4","Main scheme applicant","Main scheme application","35","30","0.857","0"
"2017","Less than -6 points","Quintile 4","Main scheme applicant","Main scheme application","50","40","0.854","0"
"2018","Less than -6 points","Quintile 4","Main scheme applicant","Main scheme application","50","40","0.875","0"
"2019","Less than -6 points","Quintile 4","Main scheme applicant","Main scheme application","40","30","0.744","0"
"2020","Less than -6 points","Quintile 4","Main scheme applicant","Main scheme application","25","20","0.833","0"
"2021","Less than -6 points","Quintile 4","Main scheme applicant","Main scheme application","30","25","0.871","0"
"2022","Less than -6 points","Quintile 4","Main scheme applicant","Main scheme application","45","35","0.791","0"
"2023","Less than -6 points","Quintile 4","Main scheme applicant","Main scheme application","55","50","0.906","0"
"2010","0 points","Quintile 5","Main scheme applicant","Main scheme application","320","300","0.932","0"
"2011","0 points","Quintile 5","Main scheme applicant","Main scheme application","340","320","0.933","0"
"2012","0 points","Quintile 5","Main scheme applicant","Main scheme application","340","300","0.888","0"
"2013","0 points","Quintile 5","Main scheme applicant","Main scheme application","425","390","0.915","0"
"2014","0 points","Quintile 5","Main scheme applicant","Main scheme application","385","355","0.92","0"
"2015","0 points","Quintile 5","Main scheme applicant","Main scheme application","435","400","0.915","0"
"2016","0 points","Quintile 5","Main scheme applicant","Main scheme application","440","395","0.904","0"
"2017","0 points","Quintile 5","Main scheme applicant","Main scheme application","430","400","0.928","0"
"2018","0 points","Quintile 5","Main scheme applicant","Main scheme application","460","430","0.937","0"
"2019","0 points","Quintile 5","Main scheme applicant","Main scheme application","430","405","0.9400000000000001","0"
"2020","0 points","Quintile 5","Main scheme applicant","Main scheme application","660","605","0.912","0"
"2021","0 points","Quintile 5","Main scheme applicant","Main scheme application","855","790","0.926","0"
"2022","0 points","Quintile 5","Main scheme applicant","Main scheme application","600","555","0.92","0"
"2023","0 points","Quintile 5","Main scheme applicant","Main scheme application","575","545","0.9440000000000001","0"
"2010","1 points","Quintile 5","Main scheme applicant","Main scheme application","40","35","0.902","0"
"2011","1 points","Quintile 5","Main scheme applicant","Main scheme application","45","40","0.894","0"
"2012","1 points","Quintile 5","Main scheme applicant","Main scheme application","45","45","0.915","0"
"2013","1 points","Quintile 5","Main scheme applicant","Main scheme application","60","60","0.983","0"
"2014","1 points","Quintile 5","Main scheme applicant","Main scheme application","35","35","1","0"
"2015","1 points","Quintile 5","Main scheme applicant","Main scheme application","45","45","1","0"
"2016","1 points","Quintile 5","Main scheme applicant","Main scheme application","50","45","0.9380000000000001","0"
"2017","1 points","Quintile 5","Main scheme applicant","Main scheme application","40","35","0.9490000000000001","0"
"2018","1 points","Quintile 5","Main scheme applicant","Main scheme application","40","35","0.854","0"
"2019","1 points","Quintile 5","Main scheme applicant","Main scheme application","45","40","0.907","0"
"2020","1 points","Quintile 5","Main scheme applicant","Main scheme application","65","55","0.873","0"
"2021","1 points","Quintile 5","Main scheme applicant","Main scheme application","85","70","0.8210000000000001","0"
"2022","1 points","Quintile 5","Main scheme applicant","Main scheme application","45","45","1","0"
"2023","1 points","Quintile 5","Main scheme applicant","Main scheme application","45","35","0.841","0"
"2010","2 points","Quintile 5","Main scheme applicant","Main scheme application","25","25","0.96","0"
"2011","2 points","Quintile 5","Main scheme applicant","Main scheme application","15","15","0.9380000000000001","0"
"2012","2 points","Quintile 5","Main scheme applicant","Main scheme application","10","10","0.909","0"
"2013","2 points","Quintile 5","Main scheme applicant","Main scheme application","15","10","0.857","0"
"2014","2 points","Quintile 5","Main scheme applicant","Main scheme application","10","10","1","0"
"2015","2 points","Quintile 5","Main scheme applicant","Main scheme application","15","10","0.786","0"
"2016","2 points","Quintile 5","Main scheme applicant","Main scheme application","10","5"," ","0"
"2017","2 points","Quintile 5","Main scheme applicant","Main scheme application","10","10"," ","0"
"2018","2 points","Quintile 5","Main scheme applicant","Main scheme application","5","5"," ","0"
"2019","2 points","Quintile 5","Main scheme applicant","Main scheme application","10","10","0.917","0"
"2020","2 points","Quintile 5","Main scheme applicant","Main scheme application","10","10","1","0"
"2021","2 points","Quintile 5","Main scheme applicant","Main scheme application","20","15","0.789","0"
"2022","2 points","Quintile 5","Main scheme applicant","Main scheme application","15","15","0.929","0"
"2023","2 points","Quintile 5","Main scheme applicant","Main scheme application","5","5"," ","0"
"2011","3 points","Quintile 5","Main scheme applicant","Main scheme application","5","5"," ","0"
"2013","3 points","Quintile 5","Main scheme applicant","Main scheme application","5","5"," ","0"
"2014","3 points","Quintile 5","Main scheme applicant","Main scheme application","5","5"," ","0"
"2015","3 points","Quintile 5","Main scheme applicant","Main scheme application","5","5"," ","0"
"2016","3 points","Quintile 5","Main scheme applicant","Main scheme application","5","5"," ","0"
"2017","3 points","Quintile 5","Main scheme applicant","Main scheme application","5","5"," ","0"
"2020","3 points","Quintile 5","Main scheme applicant","Main scheme application","10","10"," ","0"
"2021","3 points","Quintile 5","Main scheme applicant","Main scheme application","5","5"," ","0"
"2022","3 points","Quintile 5","Main scheme applicant","Main scheme application","5","5"," ","0"
"2023","3 points","Quintile 5","Main scheme applicant","Main scheme application","5","0"," ","0"
"2011","More than 3 points","Quintile 5","Main scheme applicant","Main scheme application","5","5"," ","0"
"2010","-1 points","Quintile 5","Main scheme applicant","Main scheme application","160","145","0.9","0"
"2011","-1 points","Quintile 5","Main scheme applicant","Main scheme application","220","195","0.89","0"
"2012","-1 points","Quintile 5","Main scheme applicant","Main scheme application","185","155","0.84","0"
"2013","-1 points","Quintile 5","Main scheme applicant","Main scheme application","220","190","0.863","0"
"2014","-1 points","Quintile 5","Main scheme applicant","Main scheme application","190","170","0.889","0"
"2015","-1 points","Quintile 5","Main scheme applicant","Main scheme application","235","205","0.872","0"
"2016","-1 points","Quintile 5","Main scheme applicant","Main scheme application","230","210","0.905","0"
"2017","-1 points","Quintile 5","Main scheme applicant","Main scheme application","240","205","0.855","0"
"2018","-1 points","Quintile 5","Main scheme applicant","Main scheme application","245","215","0.87","0"
"2019","-1 points","Quintile 5","Main scheme applicant","Main scheme application","195","180","0.919","0"
"2020","-1 points","Quintile 5","Main scheme applicant","Main scheme application","210","185","0.89","0"
"2021","-1 points","Quintile 5","Main scheme applicant","Main scheme application","220","195","0.874","0"
"2022","-1 points","Quintile 5","Main scheme applicant","Main scheme application","245","210","0.861","0"
"2023","-1 points","Quintile 5","Main scheme applicant","Main scheme application","260","240","0.923","0"
"2010","-2 points","Quintile 5","Main scheme applicant","Main scheme application","140","130","0.901","0"
"2011","-2 points","Quintile 5","Main scheme applicant","Main scheme application","165","150","0.902","0"
"2012","-2 points","Quintile 5","Main scheme applicant","Main scheme application","175","150","0.869","0"
"2013","-2 points","Quintile 5","Main scheme applicant","Main scheme application","180","165","0.896","0"
"2014","-2 points","Quintile 5","Main scheme applicant","Main scheme application","160","130","0.8140000000000001","0"
"2015","-2 points","Quintile 5","Main scheme applicant","Main scheme application","195","175","0.883","0"
"2016","-2 points","Quintile 5","Main scheme applicant","Main scheme application","180","160","0.883","0"
"2017","-2 points","Quintile 5","Main scheme applicant","Main scheme application","180","165","0.916","0"
"2018","-2 points","Quintile 5","Main scheme applicant","Main scheme application","190","175","0.906","0"
"2019","-2 points","Quintile 5","Main scheme applicant","Main scheme application","160","145","0.906","0"
"2020","-2 points","Quintile 5","Main scheme applicant","Main scheme application","140","125","0.887","0"
"2021","-2 points","Quintile 5","Main scheme applicant","Main scheme application","140","125","0.872","0"
"2022","-2 points","Quintile 5","Main scheme applicant","Main scheme application","200","175","0.879","0"
"2023","-2 points","Quintile 5","Main scheme applicant","Main scheme application","235","225","0.9450000000000001","0"
"2010","-3 points","Quintile 5","Main scheme applicant","Main scheme application","145","125","0.854","0"
"2011","-3 points","Quintile 5","Main scheme applicant","Main scheme application","135","125","0.934","0"
"2012","-3 points","Quintile 5","Main scheme applicant","Main scheme application","105","95","0.896","0"
"2013","-3 points","Quintile 5","Main scheme applicant","Main scheme application","125","110","0.911","0"
"2014","-3 points","Quintile 5","Main scheme applicant","Main scheme application","145","130","0.895","0"
"2015","-3 points","Quintile 5","Main scheme applicant","Main scheme application","140","120","0.851","0"
"2016","-3 points","Quintile 5","Main scheme applicant","Main scheme application","120","95","0.807","0"
"2017","-3 points","Quintile 5","Main scheme applicant","Main scheme application","140","120","0.845","0"
"2018","-3 points","Quintile 5","Main scheme applicant","Main scheme application","135","120","0.876","0"
"2019","-3 points","Quintile 5","Main scheme applicant","Main scheme application","140","120","0.878","0"
"2020","-3 points","Quintile 5","Main scheme applicant","Main scheme application","90","80","0.857","0"
"2021","-3 points","Quintile 5","Main scheme applicant","Main scheme application","85","75","0.862","0"
"2022","-3 points","Quintile 5","Main scheme applicant","Main scheme application","135","120","0.868","0"
"2023","-3 points","Quintile 5","Main scheme applicant","Main scheme application","165","145","0.902","0"
"2010","-4 points","Quintile 5","Main scheme applicant","Main scheme application","120","105","0.881","0"
"2011","-4 points","Quintile 5","Main scheme applicant","Main scheme application","125","110","0.895","0"
"2012","-4 points","Quintile 5","Main scheme applicant","Main scheme application","130","115","0.879","0"
"2013","-4 points","Quintile 5","Main scheme applicant","Main scheme application","115","105","0.904","0"
"2014","-4 points","Quintile 5","Main scheme applicant","Main scheme application","120","100","0.835","0"
"2015","-4 points","Quintile 5","Main scheme applicant","Main scheme application","120","105","0.874","0"
"2016","-4 points","Quintile 5","Main scheme applicant","Main scheme application","120","110","0.909","0"
"2017","-4 points","Quintile 5","Main scheme applicant","Main scheme application","105","90","0.858","0"
"2018","-4 points","Quintile 5","Main scheme applicant","Main scheme application","105","95","0.914","0"
"2019","-4 points","Quintile 5","Main scheme applicant","Main scheme application","115","100","0.867","0"
"2020","-4 points","Quintile 5","Main scheme applicant","Main scheme application","75","65","0.855","0"
"2021","-4 points","Quintile 5","Main scheme applicant","Main scheme application","70","60","0.843","0"
"2022","-4 points","Quintile 5","Main scheme applicant","Main scheme application","115","100","0.879","0"
"2023","-4 points","Quintile 5","Main scheme applicant","Main scheme application","145","130","0.877","0"
"2010","-5 points","Quintile 5","Main scheme applicant","Main scheme application","80","70","0.886","0"
"2011","-5 points","Quintile 5","Main scheme applicant","Main scheme application","70","60","0.897","0"
"2012","-5 points","Quintile 5","Main scheme applicant","Main scheme application","85","65","0.75","0"
"2013","-5 points","Quintile 5","Main scheme applicant","Main scheme application","110","100","0.875","0"
"2014","-5 points","Quintile 5","Main scheme applicant","Main scheme application","90","70","0.8180000000000001","0"
"2015","-5 points","Quintile 5","Main scheme applicant","Main scheme application","90","80","0.89","0"
"2016","-5 points","Quintile 5","Main scheme applicant","Main scheme application","75","70","0.934","0"
"2017","-5 points","Quintile 5","Main scheme applicant","Main scheme application","80","70","0.877","0"
"2018","-5 points","Quintile 5","Main scheme applicant","Main scheme application","85","70","0.8160000000000001","0"
"2019","-5 points","Quintile 5","Main scheme applicant","Main scheme application","90","80","0.89","0"
"2020","-5 points","Quintile 5","Main scheme applicant","Main scheme application","45","35","0.8220000000000001","0"
"2021","-5 points","Quintile 5","Main scheme applicant","Main scheme application","50","40","0.857","0"
"2022","-5 points","Quintile 5","Main scheme applicant","Main scheme application","95","80","0.862","0"
"2023","-5 points","Quintile 5","Main scheme applicant","Main scheme application","115","95","0.843","0"
"2010","-6 points","Quintile 5","Main scheme applicant","Main scheme application","60","50","0.847","0"
"2011","-6 points","Quintile 5","Main scheme applicant","Main scheme application","60","50","0.847","0"
"2012","-6 points","Quintile 5","Main scheme applicant","Main scheme application","65","55","0.877","0"
"2013","-6 points","Quintile 5","Main scheme applicant","Main scheme application","50","45","0.865","0"
"2014","-6 points","Quintile 5","Main scheme applicant","Main scheme application","60","45","0.767","0"
"2015","-6 points","Quintile 5","Main scheme applicant","Main scheme application","60","45","0.776","0"
"2016","-6 points","Quintile 5","Main scheme applicant","Main scheme application","70","55","0.838","0"
"2017","-6 points","Quintile 5","Main scheme applicant","Main scheme application","55","45","0.811","0"
"2018","-6 points","Quintile 5","Main scheme applicant","Main scheme application","50","40","0.837","0"
"2019","-6 points","Quintile 5","Main scheme applicant","Main scheme application","50","40","0.78","0"
"2020","-6 points","Quintile 5","Main scheme applicant","Main scheme application","25","20","0.88","0"
"2021","-6 points","Quintile 5","Main scheme applicant","Main scheme application","30","25","0.893","0"
"2022","-6 points","Quintile 5","Main scheme applicant","Main scheme application","60","50","0.803","0"
"2023","-6 points","Quintile 5","Main scheme applicant","Main scheme application","65","60","0.922","0"
"2010","Less than -6 points","Quintile 5","Main scheme applicant","Main scheme application","125","105","0.846","0"
"2011","Less than -6 points","Quintile 5","Main scheme applicant","Main scheme application","125","100","0.8130000000000001","0"
"2012","Less than -6 points","Quintile 5","Main scheme applicant","Main scheme application","105","85","0.794","0"
"2013","Less than -6 points","Quintile 5","Main scheme applicant","Main scheme application","120","100","0.8250000000000001","0"
"2014","Less than -6 points","Quintile 5","Main scheme applicant","Main scheme application","130","120","0.909","0"
"2015","Less than -6 points","Quintile 5","Main scheme applicant","Main scheme application","115","95","0.833","0"
"2016","Less than -6 points","Quintile 5","Main scheme applicant","Main scheme application","120","100","0.8310000000000001","0"
"2017","Less than -6 points","Quintile 5","Main scheme applicant","Main scheme application","125","95","0.758","0"
"2018","Less than -6 points","Quintile 5","Main scheme applicant","Main scheme application","115","100","0.878","0"
"2019","Less than -6 points","Quintile 5","Main scheme applicant","Main scheme application","120","95","0.783","0"
"2020","Less than -6 points","Quintile 5","Main scheme applicant","Main scheme application","40","35","0.8250000000000001","0"
"2021","Less than -6 points","Quintile 5","Main scheme applicant","Main scheme application","95","80","0.8210000000000001","0"
"2022","Less than -6 points","Quintile 5","Main scheme applicant","Main scheme application","100","85","0.888","0"
"2023","Less than -6 points","Quintile 5","Main scheme applicant","Main scheme application","100","85","0.8320000000000001","0"
"2011","All","Quintile 1","Main scheme applicant","Not main scheme application","5","5"," ","0"
"2012","All","Quintile 1","Main scheme applicant","Not main scheme application","5","5"," ","0"
"2018","All","Quintile 1","Main scheme applicant","Not main scheme application","5","0"," ","0"
"2020","All","Quintile 1","Main scheme applicant","Not main scheme application","5","5"," ","0"
"2021","All","Quintile 1","Main scheme applicant","Not main scheme application","5","5"," ","0"
"2022","All","Quintile 1","Main scheme applicant","Not main scheme application","10","10","1","0"
"2010","All","Quintile 2","Main scheme applicant","Not main scheme application","10","10"," ","0"
"2012","All","Quintile 2","Main scheme applicant","Not main scheme application","10","10"," ","0"
"2013","All","Quintile 2","Main scheme applicant","Not main scheme application","5","5"," ","0"
"2014","All","Quintile 2","Main scheme applicant","Not main scheme application","5","5"," ","0"
"2015","All","Quintile 2","Main scheme applicant","Not main scheme application","5","5"," ","0"
"2016","All","Quintile 2","Main scheme applicant","Not main scheme application","10","5"," ","0"
"2017","All","Quintile 2","Main scheme applicant","Not main scheme application","5","0"," ","0"
"2018","All","Quintile 2","Main scheme applicant","Not main scheme application","10","5"," ","0"
"2019","All","Quintile 2","Main scheme applicant","Not main scheme application","5","5"," ","0"
"2020","All","Quintile 2","Main scheme applicant","Not main scheme application","5","5"," ","0"
"2021","All","Quintile 2","Main scheme applicant","Not main scheme application","5","5"," ","0"
"2022","All","Quintile 2","Main scheme applicant","Not main scheme application","5","5"," ","0"
"2023","All","Quintile 2","Main scheme applicant","Not main scheme application","5","5"," ","0"
"2010","All","Quintile 3","Main scheme applicant","Not main scheme application","10","10"," ","0"
"2011","All","Quintile 3","Main scheme applicant","Not main scheme application","5","5"," ","0"
"2012","All","Quintile 3","Main scheme applicant","Not main scheme application","10","10"," ","0"
"2013","All","Quintile 3","Main scheme applicant","Not main scheme application","5","5"," ","0"
"2014","All","Quintile 3","Main scheme applicant","Not main scheme application","15","10"," ","0"
"2015","All","Quintile 3","Main scheme applicant","Not main scheme application","10","10","0.909","0"
"2016","All","Quintile 3","Main scheme applicant","Not main scheme application","15","5"," ","0"
"2017","All","Quintile 3","Main scheme applicant","Not main scheme application","10","10"," ","0"
"2018","All","Quintile 3","Main scheme applicant","Not main scheme application","15","15","0.933","0"
"2019","All","Quintile 3","Main scheme applicant","Not main scheme application","15","15","1","0"
"2020","All","Quintile 3","Main scheme applicant","Not main scheme application","5","5"," ","0"
"2021","All","Quintile 3","Main scheme applicant","Not main scheme application","5","5"," ","0"
"2022","All","Quintile 3","Main scheme applicant","Not main scheme application","10","10","0.833","0"
"2023","All","Quintile 3","Main scheme applicant","Not main scheme application","10","10","0.917","0"
"2010","All","Quintile 4","Main scheme applicant","Not main scheme application","10","10","1","0"
"2011","All","Quintile 4","Main scheme applicant","Not main scheme application","20","15","0.81","0"
"2012","All","Quintile 4","Main scheme applicant","Not main scheme application","15","10","0.8","0"
"2013","All","Quintile 4","Main scheme applicant","Not main scheme application","15","15","0.8240000000000001","0"
"2014","All","Quintile 4","Main scheme applicant","Not main scheme application","20","15","0.833","0"
"2015","All","Quintile 4","Main scheme applicant","Not main scheme application","15","10","0.786","0"
"2016","All","Quintile 4","Main scheme applicant","Not main scheme application","15","15","1","0"
"2017","All","Quintile 4","Main scheme applicant","Not main scheme application","15","15","0.933","0"
"2018","All","Quintile 4","Main scheme applicant","Not main scheme application","10","10","1","0"
"2019","All","Quintile 4","Main scheme applicant","Not main scheme application","20","20","0.909","0"
"2020","All","Quintile 4","Main scheme applicant","Not main scheme application","25","20","0.833","0"
"2021","All","Quintile 4","Main scheme applicant","Not main scheme application","10","10","0.909","0"
"2022","All","Quintile 4","Main scheme applicant","Not main scheme application","30","25","0.8280000000000001","0"
"2023","All","Quintile 4","Main scheme applicant","Not main scheme application","20","20","0.9","0"
"2010","All","Quintile 5","Main scheme applicant","Not main scheme application","30","25","0.893","0"
"2011","All","Quintile 5","Main scheme applicant","Not main scheme application","30","20","0.724","0"
"2012","All","Quintile 5","Main scheme applicant","Not main scheme application","45","40","0.8300000000000001","0"
"2013","All","Quintile 5","Main scheme applicant","Not main scheme application","45","40","0.907","0"
"2014","All","Quintile 5","Main scheme applicant","Not main scheme application","50","40","0.8160000000000001","0"
"2015","All","Quintile 5","Main scheme applicant","Not main scheme application","50","45","0.863","0"
"2016","All","Quintile 5","Main scheme applicant","Not main scheme application","45","40","0.891","0"
"2017","All","Quintile 5","Main scheme applicant","Not main scheme application","60","45","0.783","0"
"2018","All","Quintile 5","Main scheme applicant","Not main scheme application","40","35","0.81","0"
"2019","All","Quintile 5","Main scheme applicant","Not main scheme application","45","40","0.851","0"
"2020","All","Quintile 5","Main scheme applicant","Not main scheme application","55","50","0.909","0"
"2021","All","Quintile 5","Main scheme applicant","Not main scheme application","55","40","0.774","0"
"2022","All","Quintile 5","Main scheme applicant","Not main scheme application","50","40","0.796","0"
"2023","All","Quintile 5","Main scheme applicant","Not main scheme application","50","45","0.896","0"
"2011","All","Unknown","Main scheme applicant","Main scheme application","5","5"," ","0"
"2013","All","Unknown","Main scheme applicant","Main scheme application","5","0"," ","0"
"2010","All","Quintile 1","Main scheme applicant","Main scheme application","40","35","0.921","0"
"2011","All","Quintile 1","Main scheme applicant","Main scheme application","35","35","0.892","0"
"2012","All","Quintile 1","Main scheme applicant","Main scheme application","50","40","0.854","0"
"2013","All","Quintile 1","Main scheme applicant","Main scheme application","40","35","0.833","0"
"2014","All","Quintile 1","Main scheme applicant","Main scheme application","35","35","0.9460000000000001","0"
"2015","All","Quintile 1","Main scheme applicant","Main scheme application","55","45","0.887","0"
"2016","All","Quintile 1","Main scheme applicant","Main scheme application","55","45","0.849","0"
"2017","All","Quintile 1","Main scheme applicant","Main scheme application","65","60","0.909","0"
"2018","All","Quintile 1","Main scheme applicant","Main scheme application","55","50","0.893","0"
"2019","All","Quintile 1","Main scheme applicant","Main scheme application","65","60","0.896","0"
"2020","All","Quintile 1","Main scheme applicant","Main scheme application","80","65","0.859","0"
"2021","All","Quintile 1","Main scheme applicant","Main scheme application","85","75","0.917","0"
"2022","All","Quintile 1","Main scheme applicant","Main scheme application","125","105","0.87","0"
"2023","All","Quintile 1","Main scheme applicant","Main scheme application","100","95","0.931","0"
"2010","All","Quintile 2","Main scheme applicant","Main scheme application","115","95","0.851","0"
"2011","All","Quintile 2","Main scheme applicant","Main scheme application","100","90","0.889","0"
"2012","All","Quintile 2","Main scheme applicant","Main scheme application","125","105","0.846","0"
"2013","All","Quintile 2","Main scheme applicant","Main scheme application","125","115","0.912","0"
"2014","All","Quintile 2","Main scheme applicant","Main scheme application","125","115","0.928","0"
"2015","All","Quintile 2","Main scheme applicant","Main scheme application","115","100","0.867","0"
"2016","All","Quintile 2","Main scheme applicant","Main scheme application","145","130","0.883","0"
"2017","All","Quintile 2","Main scheme applicant","Main scheme application","115","100","0.878","0"
"2018","All","Quintile 2","Main scheme applicant","Main scheme application","175","150","0.861","0"
"2019","All","Quintile 2","Main scheme applicant","Main scheme application","165","150","0.921","0"
"2020","All","Quintile 2","Main scheme applicant","Main scheme application","155","140","0.892","0"
"2021","All","Quintile 2","Main scheme applicant","Main scheme application","160","145","0.918","0"
"2022","All","Quintile 2","Main scheme applicant","Main scheme application","190","170","0.899","0"
"2023","All","Quintile 2","Main scheme applicant","Main scheme application","190","175","0.932","0"
"2010","All","Quintile 3","Main scheme applicant","Main scheme application","215","185","0.866","0"
"2011","All","Quintile 3","Main scheme applicant","Main scheme application","235","210","0.898","0"
"2012","All","Quintile 3","Main scheme applicant","Main scheme application","240","205","0.851","0"
"2013","All","Quintile 3","Main scheme applicant","Main scheme application","255","230","0.902","0"
"2014","All","Quintile 3","Main scheme applicant","Main scheme application","275","235","0.854","0"
"2015","All","Quintile 3","Main scheme applicant","Main scheme application","270","235","0.864","0"
"2016","All","Quintile 3","Main scheme applicant","Main scheme application","275","240","0.866","0"
"2017","All","Quintile 3","Main scheme applicant","Main scheme application","270","240","0.896","0"
"2018","All","Quintile 3","Main scheme applicant","Main scheme application","280","240","0.854","0"
"2019","All","Quintile 3","Main scheme applicant","Main scheme application","295","260","0.882","0"
"2020","All","Quintile 3","Main scheme applicant","Main scheme application","290","260","0.903","0"
"2021","All","Quintile 3","Main scheme applicant","Main scheme application","325","295","0.899","0"
"2022","All","Quintile 3","Main scheme applicant","Main scheme application","375","325","0.874","0"
"2023","All","Quintile 3","Main scheme applicant","Main scheme application","365","340","0.931","0"
"2010","All","Quintile 4","Main scheme applicant","Main scheme application","390","350","0.895","0"
"2011","All","Quintile 4","Main scheme applicant","Main scheme application","415","355","0.86","0"
"2012","All","Quintile 4","Main scheme applicant","Main scheme application","410","360","0.878","0"
"2013","All","Quintile 4","Main scheme applicant","Main scheme application","425","370","0.873","0"
"2014","All","Quintile 4","Main scheme applicant","Main scheme application","440","400","0.9","0"
"2015","All","Quintile 4","Main scheme applicant","Main scheme application","465","410","0.877","0"
"2016","All","Quintile 4","Main scheme applicant","Main scheme application","445","400","0.896","0"
"2017","All","Quintile 4","Main scheme applicant","Main scheme application","460","405","0.874","0"
"2018","All","Quintile 4","Main scheme applicant","Main scheme application","460","420","0.913","0"
"2019","All","Quintile 4","Main scheme applicant","Main scheme application","405","350","0.864","0"
"2020","All","Quintile 4","Main scheme applicant","Main scheme application","440","380","0.866","0"
"2021","All","Quintile 4","Main scheme applicant","Main scheme application","475","415","0.876","0"
"2022","All","Quintile 4","Main scheme applicant","Main scheme application","525","465","0.88","0"
"2023","All","Quintile 4","Main scheme applicant","Main scheme application","605","550","0.907","0"
"2010","All","Quintile 5","Main scheme applicant","Main scheme application","1215","1085","0.894","0"
"2011","All","Quintile 5","Main scheme applicant","Main scheme application","1305","1175","0.9","0"
"2012","All","Quintile 5","Main scheme applicant","Main scheme application","1255","1080","0.861","0"
"2013","All","Quintile 5","Main scheme applicant","Main scheme application","1425","1275","0.893","0"
"2014","All","Quintile 5","Main scheme applicant","Main scheme application","1330","1170","0.88","0"
"2015","All","Quintile 5","Main scheme applicant","Main scheme application","1455","1285","0.883","0"
"2016","All","Quintile 5","Main scheme applicant","Main scheme application","1415","1250","0.886","0"
"2017","All","Quintile 5","Main scheme applicant","Main scheme application","1410","1240","0.88","0"
"2018","All","Quintile 5","Main scheme applicant","Main scheme application","1435","1285","0.895","0"
"2019","All","Quintile 5","Main scheme applicant","Main scheme application","1355","1215","0.896","0"
"2020","All","Quintile 5","Main scheme applicant","Main scheme application","1370","1225","0.893","0"
"2021","All","Quintile 5","Main scheme applicant","Main scheme application","1650","1475","0.892","0"
"2022","All","Quintile 5","Main scheme applicant","Main scheme application","1610","1435","0.891","0"
"2023","All","Quintile 5","Main scheme applicant","Main scheme application","1715","1565","0.914","0"
"2010","0 points","All","Main scheme applicant","Not main scheme application","5","5"," ","0"
"2011","0 points","All","Main scheme applicant","Not main scheme application","10","5"," ","0"
"2012","0 points","All","Main scheme applicant","Not main scheme application","5","5"," ","0"
"2013","0 points","All","Main scheme applicant","Not main scheme application","10","10"," ","0"
"2014","0 points","All","Main scheme applicant","Not main scheme application","10","10"," ","0"
"2015","0 points","All","Main scheme applicant","Not main scheme application","10","10","0.909","0"
"2016","0 points","All","Main scheme applicant","Not main scheme application","15","15","1","0"
"2017","0 points","All","Main scheme applicant","Not main scheme application","10","10"," ","0"
"2018","0 points","All","Main scheme applicant","Not main scheme application","15","15","0.929","0"
"2019","0 points","All","Main scheme applicant","Not main scheme application","10","10"," ","0"
"2020","0 points","All","Main scheme applicant","Not main scheme application","30","25","0.867","0"
"2021","0 points","All","Main scheme applicant","Not main scheme application","15","10","0.8","0"
"2022","0 points","All","Main scheme applicant","Not main scheme application","10","10","0.917","0"
"2023","0 points","All","Main scheme applicant","Not main scheme application","15","15","0.929","0"
"2011","1 points","All","Main scheme applicant","Not main scheme application","5","5"," ","0"
"2021","1 points","All","Main scheme applicant","Not main scheme application","5","0"," ","0"
"2022","2 points","All","Main scheme applicant","Not main scheme application","5","5"," ","0"
"2010","-1 points","All","Main scheme applicant","Not main scheme application","5","5"," ","0"
"2011","-1 points","All","Main scheme applicant","Not main scheme application","5","0"," ","0"
"2012","-1 points","All","Main scheme applicant","Not main scheme application","10","10","0.909","0"
"2013","-1 points","All","Main scheme applicant","Not main scheme application","15","15","1","0"
"2014","-1 points","All","Main scheme applicant","Not main scheme application","10","5"," ","0"
"2015","-1 points","All","Main scheme applicant","Not main scheme application","10","10"," ","0"
"2016","-1 points","All","Main scheme applicant","Not main scheme application","10","5"," ","0"
"2017","-1 points","All","Main scheme applicant","Not main scheme application","15","10","0.75","0"
"2018","-1 points","All","Main scheme applicant","Not main scheme application","10","10"," ","0"
"2019","-1 points","All","Main scheme applicant","Not main scheme application","15","15","1","0"
"2020","-1 points","All","Main scheme applicant","Not main scheme application","15","10","0.733","0"
"2021","-1 points","All","Main scheme applicant","Not main scheme application","15","10","0.923","0"
"2022","-1 points","All","Main scheme applicant","Not main scheme application","15","10","0.923","0"
"2023","-1 points","All","Main scheme applicant","Not main scheme application","5","5"," ","0"
"2010","-2 points","All","Main scheme applicant","Not main scheme application","5","5"," ","0"
"2011","-2 points","All","Main scheme applicant","Not main scheme application","5","5"," ","0"
"2012","-2 points","All","Main scheme applicant","Not main scheme application","15","15","0.933","0"
"2013","-2 points","All","Main scheme applicant","Not main scheme application","10","10"," ","0"
"2014","-2 points","All","Main scheme applicant","Not main scheme application","15","10","0.706","0"
"2015","-2 points","All","Main scheme applicant","Not main scheme application","10","10"," ","0"
"2016","-2 points","All","Main scheme applicant","Not main scheme application","5","5"," ","0"
"2017","-2 points","All","Main scheme applicant","Not main scheme application","5","5"," ","0"
"2018","-2 points","All","Main scheme applicant","Not main scheme application","5","5"," ","0"
"2019","-2 points","All","Main scheme applicant","Not main scheme application","10","10"," ","0"
"2020","-2 points","All","Main scheme applicant","Not main scheme application","10","10","0.917","0"
"2021","-2 points","All","Main scheme applicant","Not main scheme application","10","10","0.909","0"
"2022","-2 points","All","Main scheme applicant","Not main scheme application","20","10","0.611","0"
"2023","-2 points","All","Main scheme applicant","Not main scheme application","10","10","0.909","0"
"2010","-3 points","All","Main scheme applicant","Not main scheme application","10","10","1","0"
"2011","-3 points","All","Main scheme applicant","Not main scheme application","10","5"," ","0"
"2012","-3 points","All","Main scheme applicant","Not main scheme application","5","5"," ","0"
"2013","-3 points","All","Main scheme applicant","Not main scheme application","5","5"," ","0"
"2014","-3 points","All","Main scheme applicant","Not main scheme application","10","5"," ","0"
"2015","-3 points","All","Main scheme applicant","Not main scheme application","15","10","0.923","0"
"2016","-3 points","All","Main scheme applicant","Not main scheme application","15","15","0.765","0"
"2017","-3 points","All","Main scheme applicant","Not main scheme application","15","15","0.933","0"
"2018","-3 points","All","Main scheme applicant","Not main scheme application","15","10","0.8","0"
"2019","-3 points","All","Main scheme applicant","Not main scheme application","15","10","0.857","0"
"2020","-3 points","All","Main scheme applicant","Not main scheme application","15","15","0.929","0"
"2021","-3 points","All","Main scheme applicant","Not main scheme application","5","5"," ","0"
"2022","-3 points","All","Main scheme applicant","Not main scheme application","10","10","1","0"
"2023","-3 points","All","Main scheme applicant","Not main scheme application","15","10","0.923","0"
"2010","-4 points","All","Main scheme applicant","Not main scheme application","10","10"," ","0"
"2011","-4 points","All","Main scheme applicant","Not main scheme application","5","5"," ","0"
"2012","-4 points","All","Main scheme applicant","Not main scheme application","10","5"," ","0"
"2013","-4 points","All","Main scheme applicant","Not main scheme application","10","10"," ","0"
"2014","-4 points","All","Main scheme applicant","Not main scheme application","15","10"," ","0"
"2015","-4 points","All","Main scheme applicant","Not main scheme application","10","10"," ","0"
"2016","-4 points","All","Main scheme applicant","Not main scheme application","10","5"," ","0"
"2017","-4 points","All","Main scheme applicant","Not main scheme application","10","5"," ","0"
"2018","-4 points","All","Main scheme applicant","Not main scheme application","10","5"," ","0"
"2019","-4 points","All","Main scheme applicant","Not main scheme application","5","5"," ","0"
"2020","-4 points","All","Main scheme applicant","Not main scheme application","5","5"," ","0"
"2021","-4 points","All","Main scheme applicant","Not main scheme application","10","5"," ","0"
"2022","-4 points","All","Main scheme applicant","Not main scheme application","10","10","0.833","0"
"2023","-4 points","All","Main scheme applicant","Not main scheme application","10","10"," ","0"
"2010","-5 points","All","Main scheme applicant","Not main scheme application","10","5"," ","0"
"2011","-5 points","All","Main scheme applicant","Not main scheme application","5","5"," ","0"
"2012","-5 points","All","Main scheme applicant","Not main scheme application","10","5"," ","0"
"2013","-5 points","All","Main scheme applicant","Not main scheme application","10","5"," ","0"
"2014","-5 points","All","Main scheme applicant","Not main scheme application","10","10","0.917","0"
"2015","-5 points","All","Main scheme applicant","Not main scheme application","10","5"," ","0"
"2016","-5 points","All","Main scheme applicant","Not main scheme application","5","5"," ","0"
"2017","-5 points","All","Main scheme applicant","Not main scheme application","5","5"," ","0"
"2018","-5 points","All","Main scheme applicant","Not main scheme application","10","5"," ","0"
"2019","-5 points","All","Main scheme applicant","Not main scheme application","10","10","0.917","0"
"2020","-5 points","All","Main scheme applicant","Not main scheme application","10","10"," ","0"
"2021","-5 points","All","Main scheme applicant","Not main scheme application","5","5"," ","0"
"2022","-5 points","All","Main scheme applicant","Not main scheme application","10","10"," ","0"
"2023","-5 points","All","Main scheme applicant","Not main scheme application","15","15","0.929","0"
"2010","-6 points","All","Main scheme applicant","Not main scheme application","5","5"," ","0"
"2011","-6 points","All","Main scheme applicant","Not main scheme application","5","5"," ","0"
"2012","-6 points","All","Main scheme applicant","Not main scheme application","10","10"," ","0"
"2013","-6 points","All","Main scheme applicant","Not main scheme application","5","5"," ","0"
"2014","-6 points","All","Main scheme applicant","Not main scheme application","5","5"," ","0"
"2015","-6 points","All","Main scheme applicant","Not main scheme application","5","5"," ","0"
"2016","-6 points","All","Main scheme applicant","Not main scheme application","5","5"," ","0"
"2017","-6 points","All","Main scheme applicant","Not main scheme application","10","5"," ","0"
"2018","-6 points","All","Main scheme applicant","Not main scheme application","5","5"," ","0"
"2019","-6 points","All","Main scheme applicant","Not main scheme application","10","10"," ","0"
"2020","-6 points","All","Main scheme applicant","Not main scheme application","5","5"," ","0"
"2022","-6 points","All","Main scheme applicant","Not main scheme application","10","10"," ","0"
"2023","-6 points","All","Main scheme applicant","Not main scheme application","5","5"," ","0"
"2010","Less than -6 points","All","Main scheme applicant","Not main scheme application","10","10","1","0"
"2011","Less than -6 points","All","Main scheme applicant","Not main scheme application","15","10","0.8","0"
"2012","Less than -6 points","All","Main scheme applicant","Not main scheme application","15","10","0.857","0"
"2013","Less than -6 points","All","Main scheme applicant","Not main scheme application","10","10","0.833","0"
"2014","Less than -6 points","All","Main scheme applicant","Not main scheme application","10","5"," ","0"
"2015","Less than -6 points","All","Main scheme applicant","Not main scheme application","15","10"," ","0"
"2016","Less than -6 points","All","Main scheme applicant","Not main scheme application","15","10","0.769","0"
"2017","Less than -6 points","All","Main scheme applicant","Not main scheme application","20","15","0.682","0"
"2018","Less than -6 points","All","Main scheme applicant","Not main scheme application","10","10"," ","0"
"2019","Less than -6 points","All","Main scheme applicant","Not main scheme application","15","10","0.769","0"
"2020","Less than -6 points","All","Main scheme applicant","Not main scheme application","5","5"," ","0"
"2021","Less than -6 points","All","Main scheme applicant","Not main scheme application","10","5"," ","0"
"2022","Less than -6 points","All","Main scheme applicant","Not main scheme application","15","10","0.733","0"
"2023","Less than -6 points","All","Main scheme applicant","Not main scheme application","10","10","0.917","0"
"2010","0 points","All","Main scheme applicant","Main scheme application","475","440","0.926","0"
"2011","0 points","All","Main scheme applicant","Main scheme application","505","470","0.929","0"
"2012","0 points","All","Main scheme applicant","Main scheme application","505","455","0.901","0"
"2013","0 points","All","Main scheme applicant","Main scheme application","610","555","0.908","0"
"2014","0 points","All","Main scheme applicant","Main scheme application","555","515","0.923","0"
"2015","0 points","All","Main scheme applicant","Main scheme application","615","560","0.915","0"
"2016","0 points","All","Main scheme applicant","Main scheme application","685","620","0.905","0"
"2017","0 points","All","Main scheme applicant","Main scheme application","650","605","0.926","0"
"2018","0 points","All","Main scheme applicant","Main scheme application","680","635","0.931","0"
"2019","0 points","All","Main scheme applicant","Main scheme application","660","625","0.9470000000000001","0"
"2020","0 points","All","Main scheme applicant","Main scheme application","1040","940","0.907","0"
"2021","0 points","All","Main scheme applicant","Main scheme application","1265","1160","0.919","0"
"2022","0 points","All","Main scheme applicant","Main scheme application","870","800","0.923","0"
"2023","0 points","All","Main scheme applicant","Main scheme application","850","800","0.9420000000000001","0"
"2010","1 points","All","Main scheme applicant","Main scheme application","85","75","0.916","0"
"2011","1 points","All","Main scheme applicant","Main scheme application","80","70","0.887","0"
"2012","1 points","All","Main scheme applicant","Main scheme application","75","65","0.88","0"
"2013","1 points","All","Main scheme applicant","Main scheme application","95","85","0.935","0"
"2014","1 points","All","Main scheme applicant","Main scheme application","70","65","0.928","0"
"2015","1 points","All","Main scheme applicant","Main scheme application","75","70","0.986","0"
"2016","1 points","All","Main scheme applicant","Main scheme application","95","90","0.9470000000000001","0"
"2017","1 points","All","Main scheme applicant","Main scheme application","60","50","0.864","0"
"2018","1 points","All","Main scheme applicant","Main scheme application","80","65","0.859","0"
"2019","1 points","All","Main scheme applicant","Main scheme application","70","65","0.9440000000000001","0"
"2020","1 points","All","Main scheme applicant","Main scheme application","135","120","0.891","0"
"2021","1 points","All","Main scheme applicant","Main scheme application","150","130","0.867","0"
"2022","1 points","All","Main scheme applicant","Main scheme application","70","70","0.972","0"
"2023","1 points","All","Main scheme applicant","Main scheme application","70","60","0.873","0"
"2010","2 points","All","Main scheme applicant","Main scheme application","35","35","0.9440000000000001","0"
"2011","2 points","All","Main scheme applicant","Main scheme application","25","25","0.889","0"
"2012","2 points","All","Main scheme applicant","Main scheme application","20","20","0.9","0"
"2013","2 points","All","Main scheme applicant","Main scheme application","30","30","0.903","0"
"2014","2 points","All","Main scheme applicant","Main scheme application","25","25","1","0"
"2015","2 points","All","Main scheme applicant","Main scheme application","25","20","0.875","0"
"2016","2 points","All","Main scheme applicant","Main scheme application","25","20","0.846","0"
"2017","2 points","All","Main scheme applicant","Main scheme application","20","15","0.895","0"
"2018","2 points","All","Main scheme applicant","Main scheme application","15","15","0.8130000000000001","0"
"2019","2 points","All","Main scheme applicant","Main scheme application","20","15","0.833","0"
"2020","2 points","All","Main scheme applicant","Main scheme application","35","35","1","0"
"2021","2 points","All","Main scheme applicant","Main scheme application","35","25","0.794","0"
"2022","2 points","All","Main scheme applicant","Main scheme application","30","25","0.893","0"
"2023","2 points","All","Main scheme applicant","Main scheme application","20","15","0.778","0"
"2010","3 points","All","Main scheme applicant","Main scheme application","5","0"," ","0"
"2011","3 points","All","Main scheme applicant","Main scheme application","5","5"," ","0"
"2012","3 points","All","Main scheme applicant","Main scheme application","5","5"," ","0"
"2013","3 points","All","Main scheme applicant","Main scheme application","10","10"," ","0"
"2014","3 points","All","Main scheme applicant","Main scheme application","5","5"," ","0"
"2015","3 points","All","Main scheme applicant","Main scheme application","5","5"," ","0"
"2016","3 points","All","Main scheme applicant","Main scheme application","5","5"," ","0"
"2017","3 points","All","Main scheme applicant","Main scheme application","5","5"," ","0"
"2019","3 points","All","Main scheme applicant","Main scheme application","5","5"," ","0"
"2020","3 points","All","Main scheme applicant","Main scheme application","15","15","1","0"
"2021","3 points","All","Main scheme applicant","Main scheme application","10","10","0.833","0"
"2022","3 points","All","Main scheme applicant","Main scheme application","5","5"," ","0"
"2023","3 points","All","Main scheme applicant","Main scheme application","5","5"," ","0"
"2011","More than 3 points","All","Main scheme applicant","Main scheme application","5","5"," ","0"
"2012","More than 3 points","All","Main scheme applicant","Main scheme application","5","5"," ","0"
"2014","More than 3 points","All","Main scheme applicant","Main scheme application","5","5"," ","0"
"2010","-1 points","All","Main scheme applicant","Main scheme application","265","240","0.906","0"
"2011","-1 points","All","Main scheme applicant","Main scheme application","325","290","0.89","0"
"2012","-1 points","All","Main scheme applicant","Main scheme application","310","265","0.861","0"
"2013","-1 points","All","Main scheme applicant","Main scheme application","340","295","0.87","0"
"2014","-1 points","All","Main scheme applicant","Main scheme application","325","300","0.914","0"
"2015","-1 points","All","Main scheme applicant","Main scheme application","365","325","0.883","0"
"2016","-1 points","All","Main scheme applicant","Main scheme application","350","315","0.899","0"
"2017","-1 points","All","Main scheme applicant","Main scheme application","380","330","0.871","0"
"2018","-1 points","All","Main scheme applicant","Main scheme application","375","330","0.89","0"
"2019","-1 points","All","Main scheme applicant","Main scheme application","340","305","0.894","0"
"2020","-1 points","All","Main scheme applicant","Main scheme application","365","325","0.895","0"
"2021","-1 points","All","Main scheme applicant","Main scheme application","390","345","0.889","0"
"2022","-1 points","All","Main scheme applicant","Main scheme application","430","380","0.886","0"
"2023","-1 points","All","Main scheme applicant","Main scheme application","440","415","0.937","0"
"2010","-2 points","All","Main scheme applicant","Main scheme application","225","200","0.89","0"
"2011","-2 points","All","Main scheme applicant","Main scheme application","285","260","0.908","0"
"2012","-2 points","All","Main scheme applicant","Main scheme application","285","245","0.857","0"
"2013","-2 points","All","Main scheme applicant","Main scheme application","300","270","0.906","0"
"2014","-2 points","All","Main scheme applicant","Main scheme application","285","240","0.839","0"
"2015","-2 points","All","Main scheme applicant","Main scheme application","325","290","0.892","0"
"2016","-2 points","All","Main scheme applicant","Main scheme application","295","260","0.891","0"
"2017","-2 points","All","Main scheme applicant","Main scheme application","285","260","0.909","0"
"2018","-2 points","All","Main scheme applicant","Main scheme application","305","280","0.909","0"
"2019","-2 points","All","Main scheme applicant","Main scheme application","285","260","0.899","0"
"2020","-2 points","All","Main scheme applicant","Main scheme application","245","220","0.887","0"
"2021","-2 points","All","Main scheme applicant","Main scheme application","245","215","0.878","0"
"2022","-2 points","All","Main scheme applicant","Main scheme application","355","305","0.861","0"
"2023","-2 points","All","Main scheme applicant","Main scheme application","430","400","0.93","0"
"2010","-3 points","All","Main scheme applicant","Main scheme application","230","195","0.84","0"
"2011","-3 points","All","Main scheme applicant","Main scheme application","230","210","0.905","0"
"2012","-3 points","All","Main scheme applicant","Main scheme application","200","175","0.884","0"
"2013","-3 points","All","Main scheme applicant","Main scheme application","215","195","0.907","0"
"2014","-3 points","All","Main scheme applicant","Main scheme application","260","235","0.907","0"
"2015","-3 points","All","Main scheme applicant","Main scheme application","245","210","0.849","0"
"2016","-3 points","All","Main scheme applicant","Main scheme application","225","190","0.837","0"
"2017","-3 points","All","Main scheme applicant","Main scheme application","260","220","0.857","0"
"2018","-3 points","All","Main scheme applicant","Main scheme application","245","205","0.838","0"
"2019","-3 points","All","Main scheme applicant","Main scheme application","230","200","0.882","0"
"2020","-3 points","All","Main scheme applicant","Main scheme application","170","140","0.835","0"
"2021","-3 points","All","Main scheme applicant","Main scheme application","150","130","0.862","0"
"2022","-3 points","All","Main scheme applicant","Main scheme application","290","250","0.856","0"
"2023","-3 points","All","Main scheme applicant","Main scheme application","310","270","0.871","0"
"2010","-4 points","All","Main scheme applicant","Main scheme application","195","175","0.883","0"
"2011","-4 points","All","Main scheme applicant","Main scheme application","215","185","0.869","0"
"2012","-4 points","All","Main scheme applicant","Main scheme application","215","185","0.856","0"
"2013","-4 points","All","Main scheme applicant","Main scheme application","185","165","0.882","0"
"2014","-4 points","All","Main scheme applicant","Main scheme application","205","180","0.87","0"
"2015","-4 points","All","Main scheme applicant","Main scheme application","215","190","0.87","0"
"2016","-4 points","All","Main scheme applicant","Main scheme application","200","170","0.864","0"
"2017","-4 points","All","Main scheme applicant","Main scheme application","180","155","0.863","0"
"2018","-4 points","All","Main scheme applicant","Main scheme application","205","180","0.888","0"
"2019","-4 points","All","Main scheme applicant","Main scheme application","200","175","0.866","0"
"2020","-4 points","All","Main scheme applicant","Main scheme application","125","105","0.847","0"
"2021","-4 points","All","Main scheme applicant","Main scheme application","135","120","0.881","0"
"2022","-4 points","All","Main scheme applicant","Main scheme application","230","200","0.862","0"
"2023","-4 points","All","Main scheme applicant","Main scheme application","295","270","0.909","0"
"2010","-5 points","All","Main scheme applicant","Main scheme application","135","120","0.875","0"
"2011","-5 points","All","Main scheme applicant","Main scheme application","120","110","0.885","0"
"2012","-5 points","All","Main scheme applicant","Main scheme application","145","110","0.783","0"
"2013","-5 points","All","Main scheme applicant","Main scheme application","175","150","0.863","0"
"2014","-5 points","All","Main scheme applicant","Main scheme application","145","120","0.808","0"
"2015","-5 points","All","Main scheme applicant","Main scheme application","165","140","0.86","0"
"2016","-5 points","All","Main scheme applicant","Main scheme application","135","120","0.904","0"
"2017","-5 points","All","Main scheme applicant","Main scheme application","155","140","0.896","0"
"2018","-5 points","All","Main scheme applicant","Main scheme application","160","135","0.856","0"
"2019","-5 points","All","Main scheme applicant","Main scheme application","165","145","0.862","0"
"2020","-5 points","All","Main scheme applicant","Main scheme application","75","60","0.784","0"
"2021","-5 points","All","Main scheme applicant","Main scheme application","95","80","0.842","0"
"2022","-5 points","All","Main scheme applicant","Main scheme application","190","165","0.858","0"
"2023","-5 points","All","Main scheme applicant","Main scheme application","205","180","0.882","0"
"2010","-6 points","All","Main scheme applicant","Main scheme application","100","85","0.85","0"
"2011","-6 points","All","Main scheme applicant","Main scheme application","110","90","0.8150000000000001","0"
"2012","-6 points","All","Main scheme applicant","Main scheme application","125","110","0.85","0"
"2013","-6 points","All","Main scheme applicant","Main scheme application","100","85","0.85","0"
"2014","-6 points","All","Main scheme applicant","Main scheme application","105","85","0.811","0"
"2015","-6 points","All","Main scheme applicant","Main scheme application","110","90","0.811","0"
"2016","-6 points","All","Main scheme applicant","Main scheme application","110","95","0.845","0"
"2017","-6 points","All","Main scheme applicant","Main scheme application","100","85","0.851","0"
"2018","-6 points","All","Main scheme applicant","Main scheme application","105","90","0.856","0"
"2019","-6 points","All","Main scheme applicant","Main scheme application","95","75","0.794","0"
"2020","-6 points","All","Main scheme applicant","Main scheme application","55","45","0.868","0"
"2021","-6 points","All","Main scheme applicant","Main scheme application","60","50","0.85","0"
"2022","-6 points","All","Main scheme applicant","Main scheme application","125","105","0.839","0"
"2023","-6 points","All","Main scheme applicant","Main scheme application","125","115","0.913","0"
"2010","Less than -6 points","All","Main scheme applicant","Main scheme application","220","190","0.855","0"
"2011","Less than -6 points","All","Main scheme applicant","Main scheme application","190","155","0.8250000000000001","0"
"2012","Less than -6 points","All","Main scheme applicant","Main scheme application","195","160","0.8140000000000001","0"
"2013","Less than -6 points","All","Main scheme applicant","Main scheme application","215","185","0.848","0"
"2014","Less than -6 points","All","Main scheme applicant","Main scheme application","220","185","0.85","0"
"2015","Less than -6 points","All","Main scheme applicant","Main scheme application","215","170","0.803","0"
"2016","Less than -6 points","All","Main scheme applicant","Main scheme application","210","175","0.833","0"
"2017","Less than -6 points","All","Main scheme applicant","Main scheme application","230","180","0.782","0"
"2018","Less than -6 points","All","Main scheme applicant","Main scheme application","235","205","0.871","0"
"2019","Less than -6 points","All","Main scheme applicant","Main scheme application","215","165","0.78","0"
"2020","Less than -6 points","All","Main scheme applicant","Main scheme application","80","65","0.8250000000000001","0"
"2021","Less than -6 points","All","Main scheme applicant","Main scheme application","165","135","0.84","0"
"2022","Less than -6 points","All","Main scheme applicant","Main scheme application","230","200","0.873","0"
"2023","Less than -6 points","All","Main scheme applicant","Main scheme application","220","195","0.882","0"
"2010","All","All","Main scheme applicant","Not main scheme application","55","55","0.93","0"
"2011","All","All","Main scheme applicant","Not main scheme application","60","50","0.774","0"
"2012","All","All","Main scheme applicant","Not main scheme application","85","70","0.845","0"
"2013","All","All","Main scheme applicant","Not main scheme application","70","65","0.903","0"
"2014","All","All","Main scheme applicant","Not main scheme application","85","70","0.81","0"
"2015","All","All","Main scheme applicant","Not main scheme application","80","70","0.841","0"
"2016","All","All","Main scheme applicant","Not main scheme application","80","65","0.8170000000000001","0"
"2017","All","All","Main scheme applicant","Not main scheme application","90","70","0.791","0"
"2018","All","All","Main scheme applicant","Not main scheme application","80","65","0.846","0"
"2019","All","All","Main scheme applicant","Not main scheme application","90","80","0.888","0"
"2020","All","All","Main scheme applicant","Not main scheme application","100","85","0.878","0"
"2021","All","All","Main scheme applicant","Not main scheme application","75","60","0.8160000000000001","0"
"2022","All","All","Main scheme applicant","Not main scheme application","105","85","0.8210000000000001","0"
"2023","All","All","Main scheme applicant","Not main scheme application","90","80","0.909","0"
"2010","All","All","Main scheme applicant","Main scheme application","1975","1755","0.889","0"
"2011","All","All","Main scheme applicant","Main scheme application","2095","1870","0.891","0"
"2012","All","All","Main scheme applicant","Main scheme application","2080","1795","0.862","0"
"2013","All","All","Main scheme applicant","Main scheme application","2275","2025","0.89","0"
"2014","All","All","Main scheme applicant","Main scheme application","2210","1955","0.885","0"
"2015","All","All","Main scheme applicant","Main scheme application","2360","2075","0.879","0"
"2016","All","All","Main scheme applicant","Main scheme application","2335","2065","0.884","0"
"2017","All","All","Main scheme applicant","Main scheme application","2325","2050","0.881","0"
"2018","All","All","Main scheme applicant","Main scheme application","2410","2145","0.891","0"
"2019","All","All","Main scheme applicant","Main scheme application","2290","2040","0.89","0"
"2020","All","All","Main scheme applicant","Main scheme application","2335","2075","0.888","0"
"2021","All","All","Main scheme applicant","Main scheme application","2700","2410","0.892","0"
"2022","All","All","Main scheme applicant","Main scheme application","2825","2505","0.887","0"
"2023","All","All","Main scheme applicant","Main scheme application","2975","2725","0.916","0"
"2022","Less than -6 points","Quintile 1","All","Not main scheme application","5","5"," ","0"
"2023","0 points","Quintile 2","All","Not main scheme application","5","5"," ","0"
"2012","-2 points","Quintile 2","All","Not main scheme application","5","5"," ","0"
"2010","-3 points","Quintile 2","All","Not main scheme application","5","5"," ","0"
"2016","-3 points","Quintile 2","All","Not main scheme application","5","0"," ","0"
"2018","-3 points","Quintile 2","All","Not main scheme application","5","5"," ","0"
"2010","Less than -6 points","Quintile 2","All","Not main scheme application","5","5"," ","0"
"2018","0 points","Quintile 3","All","Not main scheme application","5","5"," ","0"
"2017","-1 points","Quintile 3","All","Not main scheme application","5","5"," ","0"
"2019","-1 points","Quintile 3","All","Not main scheme application","5","5"," ","0"
"2012","-2 points","Quintile 3","All","Not main scheme application","5","5"," ","0"
"2014","-2 points","Quintile 3","All","Not main scheme application","5","0"," ","0"
"2011","-3 points","Quintile 3","All","Not main scheme application","5","0"," ","0"
"2022","-3 points","Quintile 3","All","Not main scheme application","5","5"," ","0"
"2023","-3 points","Quintile 3","All","Not main scheme application","5","5"," ","0"
"2022","-4 points","Quintile 3","All","Not main scheme application","5","0"," ","0"
"2010","-5 points","Quintile 3","All","Not main scheme application","5","0"," ","0"
"2015","-5 points","Quintile 3","All","Not main scheme application","5","0"," ","0"
"2012","-6 points","Quintile 3","All","Not main scheme application","5","5"," ","0"
"2014","Less than -6 points","Quintile 3","All","Not main scheme application","5","5"," ","0"
"2016","Less than -6 points","Quintile 3","All","Not main scheme application","5","0"," ","0"
"2017","Less than -6 points","Quintile 3","All","Not main scheme application","5","0"," ","0"
"2019","Less than -6 points","Quintile 3","All","Not main scheme application","5","5"," ","0"
"2023","Less than -6 points","Quintile 3","All","Not main scheme application","5","0"," ","0"
"2011","0 points","Quintile 4","All","Not main scheme application","5","5"," ","0"
"2016","0 points","Quintile 4","All","Not main scheme application","5","5"," ","0"
"2019","0 points","Quintile 4","All","Not main scheme application","5","5"," ","0"
"2020","0 points","Quintile 4","All","Not main scheme application","10","5"," ","0"
"2023","0 points","Quintile 4","All","Not main scheme application","5","5"," ","0"
"2012","-1 points","Quintile 4","All","Not main scheme application","5","5"," ","0"
"2013","-1 points","Quintile 4","All","Not main scheme application","5","5"," ","0"
"2015","-1 points","Quintile 4","All","Not main scheme application","5","5"," ","0"
"2017","-1 points","Quintile 4","All","Not main scheme application","5","0"," ","0"
"2019","-1 points","Quintile 4","All","Not main scheme application","5","5"," ","0"
"2020","-1 points","Quintile 4","All","Not main scheme application","5","5"," ","0"
"2021","-1 points","Quintile 4","All","Not main scheme application","5","5"," ","0"
"2013","-2 points","Quintile 4","All","Not main scheme application","5","0"," ","0"
"2014","-2 points","Quintile 4","All","Not main scheme application","5","0"," ","0"
"2020","-2 points","Quintile 4","All","Not main scheme application","5","0"," ","0"
"2021","-2 points","Quintile 4","All","Not main scheme application","5","5"," ","0"
"2022","-2 points","Quintile 4","All","Not main scheme application","5","5"," ","0"
"2023","-2 points","Quintile 4","All","Not main scheme application","5","5"," ","0"
"2011","-3 points","Quintile 4","All","Not main scheme application","5","0"," ","0"
"2013","-3 points","Quintile 4","All","Not main scheme application","5","5"," ","0"
"2014","-3 points","Quintile 4","All","Not main scheme application","5","0"," ","0"
"2015","-3 points","Quintile 4","All","Not main scheme application","5","0"," ","0"
"2016","-3 points","Quintile 4","All","Not main scheme application","5","5"," ","0"
"2017","-3 points","Quintile 4","All","Not main scheme application","5","5"," ","0"
"2020","-3 points","Quintile 4","All","Not main scheme application","5","5"," ","0"
"2022","-3 points","Quintile 4","All","Not main scheme application","5","5"," ","0"
"2023","-3 points","Quintile 4","All","Not main scheme application","5","5"," ","0"
"2011","-4 points","Quintile 4","All","Not main scheme application","5","5"," ","0"
"2013","-4 points","Quintile 4","All","Not main scheme application","5","5"," ","0"
"2014","-4 points","Quintile 4","All","Not main scheme application","5","5"," ","0"
"2022","-4 points","Quintile 4","All","Not main scheme application","5","5"," ","0"
"2014","-5 points","Quintile 4","All","Not main scheme application","5","5"," ","0"
"2019","-5 points","Quintile 4","All","Not main scheme application","5","5"," ","0"
"2022","-5 points","Quintile 4","All","Not main scheme application","5","5"," ","0"
"2023","-6 points","Quintile 4","All","Not main scheme application","5","5"," ","0"
"2011","Less than -6 points","Quintile 4","All","Not main scheme application","5","5"," ","0"
"2013","Less than -6 points","Quintile 4","All","Not main scheme application","5","0"," ","0"
"2015","Less than -6 points","Quintile 4","All","Not main scheme application","5","5"," ","0"
"2017","Less than -6 points","Quintile 4","All","Not main scheme application","5","5"," ","0"
"2020","Less than -6 points","Quintile 4","All","Not main scheme application","5","5"," ","0"
"2022","Less than -6 points","Quintile 4","All","Not main scheme application","5","5"," ","0"
"2010","0 points","Quintile 5","All","Not main scheme application","5","5"," ","0"
"2011","0 points","Quintile 5","All","Not main scheme application","5","5"," ","0"
"2012","0 points","Quintile 5","All","Not main scheme application","5","5"," ","0"
"2013","0 points","Quintile 5","All","Not main scheme application","10","5"," ","0"
"2014","0 points","Quintile 5","All","Not main scheme application","5","5"," ","0"
"2015","0 points","Quintile 5","All","Not main scheme application","10","5"," ","0"
"2016","0 points","Quintile 5","All","Not main scheme application","5","5"," ","0"
"2017","0 points","Quintile 5","All","Not main scheme application","5","5"," ","0"
"2018","0 points","Quintile 5","All","Not main scheme application","5","5"," ","0"
"2019","0 points","Quintile 5","All","Not main scheme application","5","5"," ","0"
"2020","0 points","Quintile 5","All","Not main scheme application","20","15","0.889","0"
"2021","0 points","Quintile 5","All","Not main scheme application","10","10","0.833","0"
"2022","0 points","Quintile 5","All","Not main scheme application","10","10"," ","0"
"2023","0 points","Quintile 5","All","Not main scheme application","5","5"," ","0"
"2021","1 points","Quintile 5","All","Not main scheme application","5","0"," ","0"
"2012","-1 points","Quintile 5","All","Not main scheme application","5","5"," ","0"
"2013","-1 points","Quintile 5","All","Not main scheme application","10","10","1","0"
"2014","-1 points","Quintile 5","All","Not main scheme application","5","5"," ","0"
"2015","-1 points","Quintile 5","All","Not main scheme application","5","5"," ","0"
"2016","-1 points","Quintile 5","All","Not main scheme application","5","5"," ","0"
"2017","-1 points","Quintile 5","All","Not main scheme application","10","5"," ","0"
"2018","-1 points","Quintile 5","All","Not main scheme application","5","5"," ","0"
"2019","-1 points","Quintile 5","All","Not main scheme application","5","5"," ","0"
"2020","-1 points","Quintile 5","All","Not main scheme application","10","10"," ","0"
"2021","-1 points","Quintile 5","All","Not main scheme application","5","5"," ","0"
"2022","-1 points","Quintile 5","All","Not main scheme application","10","10"," ","0"
"2023","-1 points","Quintile 5","All","Not main scheme application","5","5"," ","0"
"2012","-2 points","Quintile 5","All","Not main scheme application","5","5"," ","0"
"2013","-2 points","Quintile 5","All","Not main scheme application","5","5"," ","0"
"2014","-2 points","Quintile 5","All","Not main scheme application","10","5"," ","0"
"2015","-2 points","Quintile 5","All","Not main scheme application","5","5"," ","0"
"2016","-2 points","Quintile 5","All","Not main scheme application","5","5"," ","0"
"2017","-2 points","Quintile 5","All","Not main scheme application","5","5"," ","0"
"2018","-2 points","Quintile 5","All","Not main scheme application","5","0"," ","0"
"2019","-2 points","Quintile 5","All","Not main scheme application","5","5"," ","0"
"2020","-2 points","Quintile 5","All","Not main scheme application","5","5"," ","0"
"2021","-2 points","Quintile 5","All","Not main scheme application","5","5"," ","0"
"2022","-2 points","Quintile 5","All","Not main scheme application","5","5"," ","0"
"2023","-2 points","Quintile 5","All","Not main scheme application","5","0"," ","0"
"2010","-3 points","Quintile 5","All","Not main scheme application","5","5"," ","0"
"2014","-3 points","Quintile 5","All","Not main scheme application","5","5"," ","0"
"2015","-3 points","Quintile 5","All","Not main scheme application","5","5"," ","0"
"2016","-3 points","Quintile 5","All","Not main scheme application","10","10"," ","0"
"2017","-3 points","Quintile 5","All","Not main scheme application","10","10"," ","0"
"2018","-3 points","Quintile 5","All","Not main scheme application","5","5"," ","0"
"2019","-3 points","Quintile 5","All","Not main scheme application","10","10","0.833","0"
"2020","-3 points","Quintile 5","All","Not main scheme application","10","5"," ","0"
"2021","-3 points","Quintile 5","All","Not main scheme application","5","5"," ","0"
"2022","-3 points","Quintile 5","All","Not main scheme application","5","5"," ","0"
"2023","-3 points","Quintile 5","All","Not main scheme application","5","5"," ","0"
"2010","-4 points","Quintile 5","All","Not main scheme application","5","5"," ","0"
"2011","-4 points","Quintile 5","All","Not main scheme application","5","0"," ","0"
"2012","-4 points","Quintile 5","All","Not main scheme application","5","0"," ","0"
"2013","-4 points","Quintile 5","All","Not main scheme application","5","5"," ","0"
"2014","-4 points","Quintile 5","All","Not main scheme application","5","5"," ","0"
"2015","-4 points","Quintile 5","All","Not main scheme application","10","5"," ","0"
"2016","-4 points","Quintile 5","All","Not main scheme application","5","5"," ","0"
"2017","-4 points","Quintile 5","All","Not main scheme application","5","5"," ","0"
"2018","-4 points","Quintile 5","All","Not main scheme application","5","5"," ","0"
"2020","-4 points","Quintile 5","All","Not main scheme application","5","5"," ","0"
"2021","-4 points","Quintile 5","All","Not main scheme application","5","5"," ","0"
"2022","-4 points","Quintile 5","All","Not main scheme application","5","0"," ","0"
"2023","-4 points","Quintile 5","All","Not main scheme application","5","5"," ","0"
"2010","-5 points","Quintile 5","All","Not main scheme application","5","5"," ","0"
"2012","-5 points","Quintile 5","All","Not main scheme application","10","5"," ","0"
"2013","-5 points","Quintile 5","All","Not main scheme application","5","5"," ","0"
"2014","-5 points","Quintile 5","All","Not main scheme application","5","5"," ","0"
"2015","-5 points","Quintile 5","All","Not main scheme application","5","5"," ","0"
"2016","-5 points","Quintile 5","All","Not main scheme application","5","0"," ","0"
"2017","-5 points","Quintile 5","All","Not main scheme application","5","5"," ","0"
"2018","-5 points","Quintile 5","All","Not main scheme application","5","5"," ","0"
"2019","-5 points","Quintile 5","All","Not main scheme application","5","5"," ","0"
"2020","-5 points","Quintile 5","All","Not main scheme application","5","5"," ","0"
"2022","-5 points","Quintile 5","All","Not main scheme application","5","5"," ","0"
"2023","-5 points","Quintile 5","All","Not main scheme application","15","10","0.923","0"
"2012","-6 points","Quintile 5","All","Not main scheme application","5","5"," ","0"
"2014","-6 points","Quintile 5","All","Not main scheme application","5","5"," ","0"
"2015","-6 points","Quintile 5","All","Not main scheme application","5","5"," ","0"
"2016","-6 points","Quintile 5","All","Not main scheme application","5","5"," ","0"
"2017","-6 points","Quintile 5","All","Not main scheme application","5","5"," ","0"
"2019","-6 points","Quintile 5","All","Not main scheme application","5","5"," ","0"
"2020","-6 points","Quintile 5","All","Not main scheme application","5","0"," ","0"
"2022","-6 points","Quintile 5","All","Not main scheme application","5","5"," ","0"
"2010","Less than -6 points","Quintile 5","All","Not main scheme application","5","5"," ","0"
"2011","Less than -6 points","Quintile 5","All","Not main scheme application","10","5"," ","0"
"2012","Less than -6 points","Quintile 5","All","Not main scheme application","10","10"," ","0"
"2013","Less than -6 points","Quintile 5","All","Not main scheme application","5","5"," ","0"
"2014","Less than -6 points","Quintile 5","All","Not main scheme application","5","0"," ","0"
"2015","Less than -6 points","Quintile 5","All","Not main scheme application","10","5"," ","0"
"2016","Less than -6 points","Quintile 5","All","Not main scheme application","10","5"," ","0"
"2017","Less than -6 points","Quintile 5","All","Not main scheme application","10","10"," ","0"
"2018","Less than -6 points","Quintile 5","All","Not main scheme application","5","5"," ","0"
"2019","Less than -6 points","Quintile 5","All","Not main scheme application","5","5"," ","0"
"2021","Less than -6 points","Quintile 5","All","Not main scheme application","10","5"," ","0"
"2022","Less than -6 points","Quintile 5","All","Not main scheme application","5","0"," ","0"
"2023","Less than -6 points","Quintile 5","All","Not main scheme application","10","10"," ","0"
"2011","0 points","Unknown","All","Main scheme application","5","5"," ","0"
"2010","0 points","Quintile 1","All","Main scheme application","10","10"," ","0"
"2011","0 points","Quintile 1","All","Main scheme application","5","5"," ","0"
"2012","0 points","Quintile 1","All","Main scheme application","10","10"," ","0"
"2013","0 points","Quintile 1","All","Main scheme application","10","5"," ","0"
"2014","0 points","Quintile 1","All","Main scheme application","5","5"," ","0"
"2015","0 points","Quintile 1","All","Main scheme application","10","10"," ","0"
"2016","0 points","Quintile 1","All","Main scheme application","15","10","0.923","0"
"2017","0 points","Quintile 1","All","Main scheme application","15","10","0.923","0"
"2018","0 points","Quintile 1","All","Main scheme application","10","10"," ","0"
"2019","0 points","Quintile 1","All","Main scheme application","10","10"," ","0"
"2020","0 points","Quintile 1","All","Main scheme application","25","25","0.889","0"
"2021","0 points","Quintile 1","All","Main scheme application","30","25","0.929","0"
"2022","0 points","Quintile 1","All","Main scheme application","20","20","0.9520000000000001","0"
"2023","0 points","Quintile 1","All","Main scheme application","20","20","0.9470000000000001","0"
"2016","1 points","Quintile 1","All","Main scheme application","5","5"," ","0"
"2020","1 points","Quintile 1","All","Main scheme application","5","0"," ","0"
"2021","1 points","Quintile 1","All","Main scheme application","5","5"," ","0"
"2023","1 points","Quintile 1","All","Main scheme application","5","5"," ","0"
"2015","2 points","Quintile 1","All","Main scheme application","5","5"," ","0"
"2021","3 points","Quintile 1","All","Main scheme application","5","0"," ","0"
"2010","-1 points","Quintile 1","All","Main scheme application","5","5"," ","0"
"2011","-1 points","Quintile 1","All","Main scheme application","5","5"," ","0"
"2012","-1 points","Quintile 1","All","Main scheme application","5","5"," ","0"
"2013","-1 points","Quintile 1","All","Main scheme application","5","5"," ","0"
"2014","-1 points","Quintile 1","All","Main scheme application","5","5"," ","0"
"2015","-1 points","Quintile 1","All","Main scheme application","10","10"," ","0"
"2016","-1 points","Quintile 1","All","Main scheme application","5","5"," ","0"
"2017","-1 points","Quintile 1","All","Main scheme application","10","10"," ","0"
"2018","-1 points","Quintile 1","All","Main scheme application","15","15","0.882","0"
"2019","-1 points","Quintile 1","All","Main scheme application","10","10"," ","0"
"2020","-1 points","Quintile 1","All","Main scheme application","20","20","0.9470000000000001","0"
"2021","-1 points","Quintile 1","All","Main scheme application","15","15","0.882","0"
"2022","-1 points","Quintile 1","All","Main scheme application","20","15","0.833","0"
"2023","-1 points","Quintile 1","All","Main scheme application","5","5"," ","0"
"2010","-2 points","Quintile 1","All","Main scheme application","5","5"," ","0"
"2011","-2 points","Quintile 1","All","Main scheme application","5","5"," ","0"
"2012","-2 points","Quintile 1","All","Main scheme application","5","5"," ","0"
"2013","-2 points","Quintile 1","All","Main scheme application","5","5"," ","0"
"2014","-2 points","Quintile 1","All","Main scheme application","5","5"," ","0"
"2015","-2 points","Quintile 1","All","Main scheme application","10","5"," ","0"
"2016","-2 points","Quintile 1","All","Main scheme application","5","5"," ","0"
"2017","-2 points","Quintile 1","All","Main scheme application","5","5"," ","0"
"2018","-2 points","Quintile 1","All","Main scheme application","5","5"," ","0"
"2019","-2 points","Quintile 1","All","Main scheme application","10","10"," ","0"
"2020","-2 points","Quintile 1","All","Main scheme application","5","5"," ","0"
"2021","-2 points","Quintile 1","All","Main scheme application","5","5"," ","0"
"2022","-2 points","Quintile 1","All","Main scheme application","15","10","0.786","0"
"2023","-2 points","Quintile 1","All","Main scheme application","20","15","0.833","0"
"2010","-3 points","Quintile 1","All","Main scheme application","5","5"," ","0"
"2011","-3 points","Quintile 1","All","Main scheme application","10","10"," ","0"
"2012","-3 points","Quintile 1","All","Main scheme application","5","5"," ","0"
"2013","-3 points","Quintile 1","All","Main scheme application","5","5"," ","0"
"2015","-3 points","Quintile 1","All","Main scheme application","5","5"," ","0"
"2016","-3 points","Quintile 1","All","Main scheme application","10","10"," ","0"
"2017","-3 points","Quintile 1","All","Main scheme application","10","10","1","0"
"2018","-3 points","Quintile 1","All","Main scheme application","10","10"," ","0"
"2019","-3 points","Quintile 1","All","Main scheme application","10","10"," ","0"
"2020","-3 points","Quintile 1","All","Main scheme application","5","5"," ","0"
"2021","-3 points","Quintile 1","All","Main scheme application","5","5"," ","0"
"2022","-3 points","Quintile 1","All","Main scheme application","20","15","0.9440000000000001","0"
"2023","-3 points","Quintile 1","All","Main scheme application","10","10","0.909","0"
"2010","-4 points","Quintile 1","All","Main scheme application","5","0"," ","0"
"2012","-4 points","Quintile 1","All","Main scheme application","5","5"," ","0"
"2013","-4 points","Quintile 1","All","Main scheme application","5","5"," ","0"
"2014","-4 points","Quintile 1","All","Main scheme application","5","5"," ","0"
"2016","-4 points","Quintile 1","All","Main scheme application","5","0"," ","0"
"2018","-4 points","Quintile 1","All","Main scheme application","5","5"," ","0"
"2019","-4 points","Quintile 1","All","Main scheme application","5","5"," ","0"
"2020","-4 points","Quintile 1","All","Main scheme application","5","5"," ","0"
"2021","-4 points","Quintile 1","All","Main scheme application","5","5"," ","0"
"2022","-4 points","Quintile 1","All","Main scheme application","20","15","0.833","0"
"2023","-4 points","Quintile 1","All","Main scheme application","20","20","1","0"
"2010","-5 points","Quintile 1","All","Main scheme application","5","5"," ","0"
"2012","-5 points","Quintile 1","All","Main scheme application","5","5"," ","0"
"2015","-5 points","Quintile 1","All","Main scheme application","5","5"," ","0"
"2017","-5 points","Quintile 1","All","Main scheme application","10","10"," ","0"
"2018","-5 points","Quintile 1","All","Main scheme application","5","5"," ","0"
"2019","-5 points","Quintile 1","All","Main scheme application","10","10"," ","0"
"2020","-5 points","Quintile 1","All","Main scheme application","5","0"," ","0"
"2021","-5 points","Quintile 1","All","Main scheme application","5","5"," ","0"
"2022","-5 points","Quintile 1","All","Main scheme application","10","10"," ","0"
"2023","-5 points","Quintile 1","All","Main scheme application","10","10"," ","0"
"2011","-6 points","Quintile 1","All","Main scheme application","5","5"," ","0"
"2015","-6 points","Quintile 1","All","Main scheme application","5","0"," ","0"
"2016","-6 points","Quintile 1","All","Main scheme application","5","5"," ","0"
"2019","-6 points","Quintile 1","All","Main scheme application","5","5"," ","0"
"2020","-6 points","Quintile 1","All","Main scheme application","5","5"," ","0"
"2022","-6 points","Quintile 1","All","Main scheme application","10","5"," ","0"
"2023","-6 points","Quintile 1","All","Main scheme application","10","5"," ","0"
"2010","Less than -6 points","Quintile 1","All","Main scheme application","5","0"," ","0"
"2011","Less than -6 points","Quintile 1","All","Main scheme application","5","5"," ","0"
"2012","Less than -6 points","Quintile 1","All","Main scheme application","5","5"," ","0"
"2013","Less than -6 points","Quintile 1","All","Main scheme application","5","5"," ","0"
"2014","Less than -6 points","Quintile 1","All","Main scheme application","5","5"," ","0"
"2015","Less than -6 points","Quintile 1","All","Main scheme application","10","10"," ","0"
"2016","Less than -6 points","Quintile 1","All","Main scheme application","5","5"," ","0"
"2017","Less than -6 points","Quintile 1","All","Main scheme application","10","10"," ","0"
"2018","Less than -6 points","Quintile 1","All","Main scheme application","5","5"," ","0"
"2019","Less than -6 points","Quintile 1","All","Main scheme application","5","5"," ","0"
"2021","Less than -6 points","Quintile 1","All","Main scheme application","5","5"," ","0"
"2022","Less than -6 points","Quintile 1","All","Main scheme application","15","10","0.8","0"
"2023","Less than -6 points","Quintile 1","All","Main scheme application","10","10"," ","0"
"2010","0 points","Quintile 2","All","Main scheme application","30","25","0.929","0"
"2011","0 points","Quintile 2","All","Main scheme application","20","20","0.9500000000000001","0"
"2012","0 points","Quintile 2","All","Main scheme application","20","20","0.9520000000000001","0"
"2013","0 points","Quintile 2","All","Main scheme application","20","20","1","0"
"2014","0 points","Quintile 2","All","Main scheme application","15","15","1","0"
"2015","0 points","Quintile 2","All","Main scheme application","20","20","1","0"
"2016","0 points","Quintile 2","All","Main scheme application","35","35","0.919","0"
"2017","0 points","Quintile 2","All","Main scheme application","20","20","0.9500000000000001","0"
"2018","0 points","Quintile 2","All","Main scheme application","35","35","0.9440000000000001","0"
"2019","0 points","Quintile 2","All","Main scheme application","30","30","1","0"
"2020","0 points","Quintile 2","All","Main scheme application","55","50","0.895","0"
"2021","0 points","Quintile 2","All","Main scheme application","55","55","0.964","0"
"2022","0 points","Quintile 2","All","Main scheme application","40","40","0.9500000000000001","0"
"2023","0 points","Quintile 2","All","Main scheme application","45","40","0.913","0"
"2010","1 points","Quintile 2","All","Main scheme application","5","5"," ","0"
"2011","1 points","Quintile 2","All","Main scheme application","5","5"," ","0"
"2012","1 points","Quintile 2","All","Main scheme application","5","5"," ","0"
"2013","1 points","Quintile 2","All","Main scheme application","5","5"," ","0"
"2015","1 points","Quintile 2","All","Main scheme application","5","5"," ","0"
"2016","1 points","Quintile 2","All","Main scheme application","5","5"," ","0"
"2018","1 points","Quintile 2","All","Main scheme application","5","0"," ","0"
"2019","1 points","Quintile 2","All","Main scheme application","5","5"," ","0"
"2020","1 points","Quintile 2","All","Main scheme application","15","10","0.923","0"
"2021","1 points","Quintile 2","All","Main scheme application","10","10","0.909","0"
"2010","2 points","Quintile 2","All","Main scheme application","5","5"," ","0"
"2013","2 points","Quintile 2","All","Main scheme application","5","5"," ","0"
"2014","2 points","Quintile 2","All","Main scheme application","5","5"," ","0"
"2016","2 points","Quintile 2","All","Main scheme application","5","5"," ","0"
"2021","2 points","Quintile 2","All","Main scheme application","5","0"," ","0"
"2010","-1 points","Quintile 2","All","Main scheme application","5","5"," ","0"
"2011","-1 points","Quintile 2","All","Main scheme application","15","15","0.875","0"
"2012","-1 points","Quintile 2","All","Main scheme application","25","20","0.917","0"
"2013","-1 points","Quintile 2","All","Main scheme application","20","20","0.905","0"
"2014","-1 points","Quintile 2","All","Main scheme application","15","15","1","0"
"2015","-1 points","Quintile 2","All","Main scheme application","10","10","0.917","0"
"2016","-1 points","Quintile 2","All","Main scheme application","10","10","1","0"
"2017","-1 points","Quintile 2","All","Main scheme application","15","15","1","0"
"2018","-1 points","Quintile 2","All","Main scheme application","15","15","0.882","0"
"2019","-1 points","Quintile 2","All","Main scheme application","35","30","0.9410000000000001","0"
"2020","-1 points","Quintile 2","All","Main scheme application","25","25","0.963","0"
"2021","-1 points","Quintile 2","All","Main scheme application","30","25","0.893","0"
"2022","-1 points","Quintile 2","All","Main scheme application","20","20","0.905","0"
"2023","-1 points","Quintile 2","All","Main scheme application","30","25","0.893","0"
"2010","-2 points","Quintile 2","All","Main scheme application","15","10","0.923","0"
"2011","-2 points","Quintile 2","All","Main scheme application","15","10","0.846","0"
"2012","-2 points","Quintile 2","All","Main scheme application","15","10","0.733","0"
"2013","-2 points","Quintile 2","All","Main scheme application","10","10","0.909","0"
"2014","-2 points","Quintile 2","All","Main scheme application","20","20","0.9470000000000001","0"
"2015","-2 points","Quintile 2","All","Main scheme application","15","15","0.867","0"
"2016","-2 points","Quintile 2","All","Main scheme application","20","15","0.889","0"
"2017","-2 points","Quintile 2","All","Main scheme application","20","20","0.9","0"
"2018","-2 points","Quintile 2","All","Main scheme application","20","20","0.909","0"
"2019","-2 points","Quintile 2","All","Main scheme application","20","20","0.864","0"
"2020","-2 points","Quintile 2","All","Main scheme application","25","20","0.9570000000000001","0"
"2021","-2 points","Quintile 2","All","Main scheme application","15","15","0.9380000000000001","0"
"2022","-2 points","Quintile 2","All","Main scheme application","30","20","0.759","0"
"2023","-2 points","Quintile 2","All","Main scheme application","25","25","0.926","0"
"2010","-3 points","Quintile 2","All","Main scheme application","15","10","0.667","0"
"2011","-3 points","Quintile 2","All","Main scheme application","10","10","0.917","0"
"2012","-3 points","Quintile 2","All","Main scheme application","20","15","0.737","0"
"2013","-3 points","Quintile 2","All","Main scheme application","15","15","0.9410000000000001","0"
"2014","-3 points","Quintile 2","All","Main scheme application","25","20","0.913","0"
"2015","-3 points","Quintile 2","All","Main scheme application","15","15","0.875","0"
"2016","-3 points","Quintile 2","All","Main scheme application","25","15","0.708","0"
"2017","-3 points","Quintile 2","All","Main scheme application","15","15","0.867","0"
"2018","-3 points","Quintile 2","All","Main scheme application","20","15","0.667","0"
"2019","-3 points","Quintile 2","All","Main scheme application","20","15","0.85","0"
"2020","-3 points","Quintile 2","All","Main scheme application","10","5"," ","0"
"2021","-3 points","Quintile 2","All","Main scheme application","10","10"," ","0"
"2022","-3 points","Quintile 2","All","Main scheme application","20","20","0.9550000000000001","0"
"2023","-3 points","Quintile 2","All","Main scheme application","15","15","0.882","0"
"2010","-4 points","Quintile 2","All","Main scheme application","15","15","0.929","0"
"2011","-4 points","Quintile 2","All","Main scheme application","15","10","0.8","0"
"2012","-4 points","Quintile 2","All","Main scheme application","10","10"," ","0"
"2013","-4 points","Quintile 2","All","Main scheme application","20","15","0.833","0"
"2014","-4 points","Quintile 2","All","Main scheme application","10","10","0.917","0"
"2015","-4 points","Quintile 2","All","Main scheme application","10","10"," ","0"
"2016","-4 points","Quintile 2","All","Main scheme application","15","15","0.929","0"
"2017","-4 points","Quintile 2","All","Main scheme application","10","5"," ","0"
"2018","-4 points","Quintile 2","All","Main scheme application","20","15","0.762","0"
"2019","-4 points","Quintile 2","All","Main scheme application","5","5"," ","0"
"2020","-4 points","Quintile 2","All","Main scheme application","10","5"," ","0"
"2021","-4 points","Quintile 2","All","Main scheme application","10","10"," ","0"
"2022","-4 points","Quintile 2","All","Main scheme application","20","15","0.889","0"
"2023","-4 points","Quintile 2","All","Main scheme application","25","25","0.926","0"
"2010","-5 points","Quintile 2","All","Main scheme application","10","5"," ","0"
"2011","-5 points","Quintile 2","All","Main scheme application","5","5"," ","0"
"2012","-5 points","Quintile 2","All","Main scheme application","5","5"," ","0"
"2013","-5 points","Quintile 2","All","Main scheme application","10","10","0.917","0"
"2014","-5 points","Quintile 2","All","Main scheme application","10","5"," ","0"
"2015","-5 points","Quintile 2","All","Main scheme application","10","10","1","0"
"2016","-5 points","Quintile 2","All","Main scheme application","5","5"," ","0"
"2017","-5 points","Quintile 2","All","Main scheme application","10","10","1","0"
"2018","-5 points","Quintile 2","All","Main scheme application","10","10"," ","0"
"2019","-5 points","Quintile 2","All","Main scheme application","15","15","0.867","0"
"2020","-5 points","Quintile 2","All","Main scheme application","5","0"," ","0"
"2021","-5 points","Quintile 2","All","Main scheme application","10","5"," ","0"
"2022","-5 points","Quintile 2","All","Main scheme application","15","15","0.933","0"
"2023","-5 points","Quintile 2","All","Main scheme application","10","10","1","0"
"2010","-6 points","Quintile 2","All","Main scheme application","5","5"," ","0"
"2011","-6 points","Quintile 2","All","Main scheme application","5","5"," ","0"
"2012","-6 points","Quintile 2","All","Main scheme application","5","5"," ","0"
"2013","-6 points","Quintile 2","All","Main scheme application","5","5"," ","0"
"2014","-6 points","Quintile 2","All","Main scheme application","5","5"," ","0"
"2015","-6 points","Quintile 2","All","Main scheme application","5","5"," ","0"
"2016","-6 points","Quintile 2","All","Main scheme application","5","5"," ","0"
"2017","-6 points","Quintile 2","All","Main scheme application","10","5"," ","0"
"2018","-6 points","Quintile 2","All","Main scheme application","10","10"," ","0"
"2019","-6 points","Quintile 2","All","Main scheme application","5","5"," ","0"
"2020","-6 points","Quintile 2","All","Main scheme application","10","5"," ","0"
"2021","-6 points","Quintile 2","All","Main scheme application","5","5"," ","0"
"2022","-6 points","Quintile 2","All","Main scheme application","10","10"," ","0"
"2023","-6 points","Quintile 2","All","Main scheme application","10","10","1","0"
"2010","Less than -6 points","Quintile 2","All","Main scheme application","15","10","0.6880000000000001","0"
"2011","Less than -6 points","Quintile 2","All","Main scheme application","10","10"," ","0"
"2012","Less than -6 points","Quintile 2","All","Main scheme application","15","15","0.929","0"
"2013","Less than -6 points","Quintile 2","All","Main scheme application","10","10","0.909","0"
"2014","Less than -6 points","Quintile 2","All","Main scheme application","15","15","0.882","0"
"2015","Less than -6 points","Quintile 2","All","Main scheme application","15","10"," ","0"
"2016","Less than -6 points","Quintile 2","All","Main scheme application","20","20","0.9","0"
"2017","Less than -6 points","Quintile 2","All","Main scheme application","15","15","0.8130000000000001","0"
"2018","Less than -6 points","Quintile 2","All","Main scheme application","30","30","0.9380000000000001","0"
"2019","Less than -6 points","Quintile 2","All","Main scheme application","20","20","0.9","0"
"2020","Less than -6 points","Quintile 2","All","Main scheme application","5","5"," ","0"
"2021","Less than -6 points","Quintile 2","All","Main scheme application","10","10","0.909","0"
"2022","Less than -6 points","Quintile 2","All","Main scheme application","30","30","0.966","0"
"2023","Less than -6 points","Quintile 2","All","Main scheme application","20","20","1","0"
"2010","0 points","Quintile 3","All","Main scheme application","35","35","0.9460000000000001","0"
"2011","0 points","Quintile 3","All","Main scheme application","40","40","0.975","0"
"2012","0 points","Quintile 3","All","Main scheme application","50","50","0.9410000000000001","0"
"2013","0 points","Quintile 3","All","Main scheme application","55","50","0.877","0"
"2014","0 points","Quintile 3","All","Main scheme application","55","45","0.855","0"
"2015","0 points","Quintile 3","All","Main scheme application","60","55","0.914","0"
"2016","0 points","Quintile 3","All","Main scheme application","80","75","0.9380000000000001","0"
"2017","0 points","Quintile 3","All","Main scheme application","70","65","0.903","0"
"2018","0 points","Quintile 3","All","Main scheme application","65","55","0.875","0"
"2019","0 points","Quintile 3","All","Main scheme application","70","70","1","0"
"2020","0 points","Quintile 3","All","Main scheme application","115","105","0.906","0"
"2021","0 points","Quintile 3","All","Main scheme application","120","105","0.891","0"
"2022","0 points","Quintile 3","All","Main scheme application","80","75","0.915","0"
"2023","0 points","Quintile 3","All","Main scheme application","75","75","0.974","0"
"2010","1 points","Quintile 3","All","Main scheme application","10","10"," ","0"
"2011","1 points","Quintile 3","All","Main scheme application","10","10"," ","0"
"2012","1 points","Quintile 3","All","Main scheme application","10","5"," ","0"
"2013","1 points","Quintile 3","All","Main scheme application","10","10"," ","0"
"2014","1 points","Quintile 3","All","Main scheme application","10","5"," ","0"
"2015","1 points","Quintile 3","All","Main scheme application","10","10"," ","0"
"2016","1 points","Quintile 3","All","Main scheme application","10","10"," ","0"
"2017","1 points","Quintile 3","All","Main scheme application","10","5"," ","0"
"2018","1 points","Quintile 3","All","Main scheme application","10","10","0.909","0"
"2019","1 points","Quintile 3","All","Main scheme application","10","10","1","0"
"2020","1 points","Quintile 3","All","Main scheme application","25","25","1","0"
"2021","1 points","Quintile 3","All","Main scheme application","25","25","0.923","0"
"2022","1 points","Quintile 3","All","Main scheme application","5","5"," ","0"
"2023","1 points","Quintile 3","All","Main scheme application","5","5"," ","0"
"2011","2 points","Quintile 3","All","Main scheme application","5","5"," ","0"
"2013","2 points","Quintile 3","All","Main scheme application","5","5"," ","0"
"2014","2 points","Quintile 3","All","Main scheme application","5","5"," ","0"
"2015","2 points","Quintile 3","All","Main scheme application","5","5"," ","0"
"2016","2 points","Quintile 3","All","Main scheme application","5","5"," ","0"
"2018","2 points","Quintile 3","All","Main scheme application","5","5"," ","0"
"2020","2 points","Quintile 3","All","Main scheme application","10","10"," ","0"
"2021","2 points","Quintile 3","All","Main scheme application","5","5"," ","0"
"2023","2 points","Quintile 3","All","Main scheme application","5","5"," ","0"
"2020","3 points","Quintile 3","All","Main scheme application","5","5"," ","0"
"2010","-1 points","Quintile 3","All","Main scheme application","40","35","0.868","0"
"2011","-1 points","Quintile 3","All","Main scheme application","35","30","0.9390000000000001","0"
"2012","-1 points","Quintile 3","All","Main scheme application","25","25","0.926","0"
"2013","-1 points","Quintile 3","All","Main scheme application","35","30","0.8240000000000001","0"
"2014","-1 points","Quintile 3","All","Main scheme application","45","40","0.93","0"
"2015","-1 points","Quintile 3","All","Main scheme application","35","30","0.9410000000000001","0"
"2016","-1 points","Quintile 3","All","Main scheme application","40","35","0.85","0"
"2017","-1 points","Quintile 3","All","Main scheme application","45","45","0.936","0"
"2018","-1 points","Quintile 3","All","Main scheme application","40","35","0.925","0"
"2019","-1 points","Quintile 3","All","Main scheme application","30","25","0.75","0"
"2020","-1 points","Quintile 3","All","Main scheme application","40","35","0.868","0"
"2021","-1 points","Quintile 3","All","Main scheme application","55","50","0.9430000000000001","0"
"2022","-1 points","Quintile 3","All","Main scheme application","65","60","0.925","0"
"2023","-1 points","Quintile 3","All","Main scheme application","50","50","0.9410000000000001","0"
"2010","-2 points","Quintile 3","All","Main scheme application","25","20","0.913","0"
"2011","-2 points","Quintile 3","All","Main scheme application","40","35","0.9470000000000001","0"
"2012","-2 points","Quintile 3","All","Main scheme application","30","25","0.806","0"
"2013","-2 points","Quintile 3","All","Main scheme application","35","35","1","0"
"2014","-2 points","Quintile 3","All","Main scheme application","30","25","0.742","0"
"2015","-2 points","Quintile 3","All","Main scheme application","45","35","0.86","0"
"2016","-2 points","Quintile 3","All","Main scheme application","25","20","0.917","0"
"2017","-2 points","Quintile 3","All","Main scheme application","25","25","0.885","0"
"2018","-2 points","Quintile 3","All","Main scheme application","30","25","0.897","0"
"2019","-2 points","Quintile 3","All","Main scheme application","45","45","0.935","0"
"2020","-2 points","Quintile 3","All","Main scheme application","30","30","0.969","0"
"2021","-2 points","Quintile 3","All","Main scheme application","35","35","0.919","0"
"2022","-2 points","Quintile 3","All","Main scheme application","30","30","0.9380000000000001","0"
"2023","-2 points","Quintile 3","All","Main scheme application","55","50","0.909","0"
"2010","-3 points","Quintile 3","All","Main scheme application","20","15","0.762","0"
"2011","-3 points","Quintile 3","All","Main scheme application","35","30","0.8240000000000001","0"
"2012","-3 points","Quintile 3","All","Main scheme application","30","25","0.844","0"
"2013","-3 points","Quintile 3","All","Main scheme application","25","25","0.926","0"
"2014","-3 points","Quintile 3","All","Main scheme application","40","35","0.9470000000000001","0"
"2015","-3 points","Quintile 3","All","Main scheme application","25","20","0.846","0"
"2016","-3 points","Quintile 3","All","Main scheme application","30","30","0.968","0"
"2017","-3 points","Quintile 3","All","Main scheme application","25","25","0.926","0"
"2018","-3 points","Quintile 3","All","Main scheme application","25","20","0.704","0"
"2019","-3 points","Quintile 3","All","Main scheme application","25","20","0.875","0"
"2020","-3 points","Quintile 3","All","Main scheme application","25","20","0.8","0"
"2021","-3 points","Quintile 3","All","Main scheme application","20","15","0.85","0"
"2022","-3 points","Quintile 3","All","Main scheme application","50","35","0.75","0"
"2023","-3 points","Quintile 3","All","Main scheme application","40","35","0.833","0"
"2010","-4 points","Quintile 3","All","Main scheme application","25","20","0.917","0"
"2011","-4 points","Quintile 3","All","Main scheme application","20","20","0.909","0"
"2012","-4 points","Quintile 3","All","Main scheme application","25","25","0.852","0"
"2013","-4 points","Quintile 3","All","Main scheme application","25","20","0.875","0"
"2014","-4 points","Quintile 3","All","Main scheme application","30","25","0.964","0"
"2015","-4 points","Quintile 3","All","Main scheme application","30","25","0.8130000000000001","0"
"2016","-4 points","Quintile 3","All","Main scheme application","20","15","0.727","0"
"2017","-4 points","Quintile 3","All","Main scheme application","25","20","0.917","0"
"2018","-4 points","Quintile 3","All","Main scheme application","30","25","0.839","0"
"2019","-4 points","Quintile 3","All","Main scheme application","30","30","0.875","0"
"2020","-4 points","Quintile 3","All","Main scheme application","10","10","0.909","0"
"2021","-4 points","Quintile 3","All","Main scheme application","25","20","0.917","0"
"2022","-4 points","Quintile 3","All","Main scheme application","40","30","0.789","0"
"2023","-4 points","Quintile 3","All","Main scheme application","50","50","0.9410000000000001","0"
"2010","-5 points","Quintile 3","All","Main scheme application","15","10","0.667","0"
"2011","-5 points","Quintile 3","All","Main scheme application","20","20","0.905","0"
"2012","-5 points","Quintile 3","All","Main scheme application","15","10","0.75","0"
"2013","-5 points","Quintile 3","All","Main scheme application","20","15","0.895","0"
"2014","-5 points","Quintile 3","All","Main scheme application","15","15","0.8240000000000001","0"
"2015","-5 points","Quintile 3","All","Main scheme application","25","15","0.625","0"
"2016","-5 points","Quintile 3","All","Main scheme application","20","15","0.789","0"
"2017","-5 points","Quintile 3","All","Main scheme application","20","20","0.9470000000000001","0"
"2018","-5 points","Quintile 3","All","Main scheme application","25","20","0.846","0"
"2019","-5 points","Quintile 3","All","Main scheme application","25","20","0.875","0"
"2020","-5 points","Quintile 3","All","Main scheme application","10","10"," ","0"
"2021","-5 points","Quintile 3","All","Main scheme application","10","10","0.833","0"
"2022","-5 points","Quintile 3","All","Main scheme application","35","30","0.865","0"
"2023","-5 points","Quintile 3","All","Main scheme application","25","25","1","0"
"2010","-6 points","Quintile 3","All","Main scheme application","15","15","0.765","0"
"2011","-6 points","Quintile 3","All","Main scheme application","15","10","0.857","0"
"2012","-6 points","Quintile 3","All","Main scheme application","20","15","0.773","0"
"2013","-6 points","Quintile 3","All","Main scheme application","15","10","0.923","0"
"2014","-6 points","Quintile 3","All","Main scheme application","20","20","0.9","0"
"2015","-6 points","Quintile 3","All","Main scheme application","15","15","0.875","0"
"2016","-6 points","Quintile 3","All","Main scheme application","15","10","0.75","0"
"2017","-6 points","Quintile 3","All","Main scheme application","15","15","0.929","0"
"2018","-6 points","Quintile 3","All","Main scheme application","15","15","0.9410000000000001","0"
"2019","-6 points","Quintile 3","All","Main scheme application","25","20","0.8","0"
"2020","-6 points","Quintile 3","All","Main scheme application","10","10"," ","0"
"2021","-6 points","Quintile 3","All","Main scheme application","10","10","0.909","0"
"2022","-6 points","Quintile 3","All","Main scheme application","15","15","0.882","0"
"2023","-6 points","Quintile 3","All","Main scheme application","10","10","1","0"
"2010","Less than -6 points","Quintile 3","All","Main scheme application","30","25","0.897","0"
"2011","Less than -6 points","Quintile 3","All","Main scheme application","20","15","0.789","0"
"2012","Less than -6 points","Quintile 3","All","Main scheme application","25","20","0.8","0"
"2013","Less than -6 points","Quintile 3","All","Main scheme application","30","25","0.929","0"
"2014","Less than -6 points","Quintile 3","All","Main scheme application","25","15","0.56","0"
"2015","Less than -6 points","Quintile 3","All","Main scheme application","25","25","0.885","0"
"2016","Less than -6 points","Quintile 3","All","Main scheme application","30","20","0.759","0"
"2017","Less than -6 points","Quintile 3","All","Main scheme application","30","20","0.759","0"
"2018","Less than -6 points","Quintile 3","All","Main scheme application","30","25","0.774","0"
"2019","Less than -6 points","Quintile 3","All","Main scheme application","30","20","0.6900000000000001","0"
"2020","Less than -6 points","Quintile 3","All","Main scheme application","10","5"," ","0"
"2021","Less than -6 points","Quintile 3","All","Main scheme application","20","15","0.81","0"
"2022","Less than -6 points","Quintile 3","All","Main scheme application","45","40","0.886","0"
"2023","Less than -6 points","Quintile 3","All","Main scheme application","40","35","0.895","0"
"2010","0 points","Quintile 4","All","Main scheme application","80","70","0.886","0"
"2011","0 points","Quintile 4","All","Main scheme application","95","85","0.885","0"
"2012","0 points","Quintile 4","All","Main scheme application","80","75","0.927","0"
"2013","0 points","Quintile 4","All","Main scheme application","100","90","0.898","0"
"2014","0 points","Quintile 4","All","Main scheme application","90","85","0.9560000000000001","0"
"2015","0 points","Quintile 4","All","Main scheme application","85","75","0.906","0"
"2016","0 points","Quintile 4","All","Main scheme application","115","100","0.886","0"
"2017","0 points","Quintile 4","All","Main scheme application","115","105","0.93","0"
"2018","0 points","Quintile 4","All","Main scheme application","115","105","0.9390000000000001","0"
"2019","0 points","Quintile 4","All","Main scheme application","115","105","0.93","0"
"2020","0 points","Quintile 4","All","Main scheme application","175","160","0.893","0"
"2021","0 points","Quintile 4","All","Main scheme application","210","185","0.894","0"
"2022","0 points","Quintile 4","All","Main scheme application","125","115","0.927","0"
"2023","0 points","Quintile 4","All","Main scheme application","130","120","0.924","0"
"2010","1 points","Quintile 4","All","Main scheme application","25","25","1","0"
"2011","1 points","Quintile 4","All","Main scheme application","15","15","0.9410000000000001","0"
"2012","1 points","Quintile 4","All","Main scheme application","15","10","0.786","0"
"2013","1 points","Quintile 4","All","Main scheme application","20","15","0.895","0"
"2014","1 points","Quintile 4","All","Main scheme application","25","20","0.913","0"
"2015","1 points","Quintile 4","All","Main scheme application","15","15","1","0"
"2016","1 points","Quintile 4","All","Main scheme application","30","25","0.964","0"
"2017","1 points","Quintile 4","All","Main scheme application","10","5"," ","0"
"2018","1 points","Quintile 4","All","Main scheme application","20","20","0.905","0"
"2019","1 points","Quintile 4","All","Main scheme application","10","10","1","0"
"2020","1 points","Quintile 4","All","Main scheme application","30","25","0.9","0"
"2021","1 points","Quintile 4","All","Main scheme application","25","20","0.917","0"
"2022","1 points","Quintile 4","All","Main scheme application","20","20","0.9520000000000001","0"
"2023","1 points","Quintile 4","All","Main scheme application","15","15","0.933","0"
"2010","2 points","Quintile 4","All","Main scheme application","5","5"," ","0"
"2011","2 points","Quintile 4","All","Main scheme application","5","5"," ","0"
"2012","2 points","Quintile 4","All","Main scheme application","5","5"," ","0"
"2013","2 points","Quintile 4","All","Main scheme application","5","5"," ","0"
"2014","2 points","Quintile 4","All","Main scheme application","5","5"," ","0"
"2016","2 points","Quintile 4","All","Main scheme application","5","5"," ","0"
"2017","2 points","Quintile 4","All","Main scheme application","5","5"," ","0"
"2018","2 points","Quintile 4","All","Main scheme application","5","5"," ","0"
"2019","2 points","Quintile 4","All","Main scheme application","5","0"," ","0"
"2020","2 points","Quintile 4","All","Main scheme application","10","10","1","0"
"2021","2 points","Quintile 4","All","Main scheme application","5","5"," ","0"
"2022","2 points","Quintile 4","All","Main scheme application","10","5"," ","0"
"2023","2 points","Quintile 4","All","Main scheme application","10","5"," ","0"
"2020","3 points","Quintile 4","All","Main scheme application","5","5"," ","0"
"2010","-1 points","Quintile 4","All","Main scheme application","55","55","0.93","0"
"2011","-1 points","Quintile 4","All","Main scheme application","55","45","0.855","0"
"2012","-1 points","Quintile 4","All","Main scheme application","65","55","0.862","0"
"2013","-1 points","Quintile 4","All","Main scheme application","55","50","0.895","0"
"2014","-1 points","Quintile 4","All","Main scheme application","70","70","0.9580000000000001","0"
"2015","-1 points","Quintile 4","All","Main scheme application","75","65","0.87","0"
"2016","-1 points","Quintile 4","All","Main scheme application","65","55","0.891","0"
"2017","-1 points","Quintile 4","All","Main scheme application","70","60","0.843","0"
"2018","-1 points","Quintile 4","All","Main scheme application","50","50","0.962","0"
"2019","-1 points","Quintile 4","All","Main scheme application","65","55","0.851","0"
"2020","-1 points","Quintile 4","All","Main scheme application","70","60","0.886","0"
"2021","-1 points","Quintile 4","All","Main scheme application","70","60","0.899","0"
"2022","-1 points","Quintile 4","All","Main scheme application","80","75","0.936","0"
"2023","-1 points","Quintile 4","All","Main scheme application","95","95","0.979","0"
"2010","-2 points","Quintile 4","All","Main scheme application","45","35","0.8140000000000001","0"
"2011","-2 points","Quintile 4","All","Main scheme application","60","55","0.934","0"
"2012","-2 points","Quintile 4","All","Main scheme application","60","50","0.881","0"
"2013","-2 points","Quintile 4","All","Main scheme application","65","60","0.906","0"
"2014","-2 points","Quintile 4","All","Main scheme application","70","60","0.897","0"
"2015","-2 points","Quintile 4","All","Main scheme application","65","60","0.9520000000000001","0"
"2016","-2 points","Quintile 4","All","Main scheme application","65","60","0.923","0"
"2017","-2 points","Quintile 4","All","Main scheme application","55","50","0.893","0"
"2018","-2 points","Quintile 4","All","Main scheme application","60","55","0.919","0"
"2019","-2 points","Quintile 4","All","Main scheme application","50","45","0.863","0"
"2020","-2 points","Quintile 4","All","Main scheme application","45","35","0.8","0"
"2021","-2 points","Quintile 4","All","Main scheme application","45","40","0.8260000000000001","0"
"2022","-2 points","Quintile 4","All","Main scheme application","80","65","0.838","0"
"2023","-2 points","Quintile 4","All","Main scheme application","95","85","0.926","0"
"2010","-3 points","Quintile 4","All","Main scheme application","45","40","0.864","0"
"2011","-3 points","Quintile 4","All","Main scheme application","40","35","0.854","0"
"2012","-3 points","Quintile 4","All","Main scheme application","40","35","0.9490000000000001","0"
"2013","-3 points","Quintile 4","All","Main scheme application","45","35","0.86","0"
"2014","-3 points","Quintile 4","All","Main scheme application","50","50","0.923","0"
"2015","-3 points","Quintile 4","All","Main scheme application","60","50","0.8280000000000001","0"
"2016","-3 points","Quintile 4","All","Main scheme application","45","40","0.867","0"
"2017","-3 points","Quintile 4","All","Main scheme application","65","55","0.8280000000000001","0"
"2018","-3 points","Quintile 4","All","Main scheme application","55","45","0.868","0"
"2019","-3 points","Quintile 4","All","Main scheme application","35","35","0.919","0"
"2020","-3 points","Quintile 4","All","Main scheme application","40","30","0.8210000000000001","0"
"2021","-3 points","Quintile 4","All","Main scheme application","30","25","0.806","0"
"2022","-3 points","Quintile 4","All","Main scheme application","65","55","0.851","0"
"2023","-3 points","Quintile 4","All","Main scheme application","75","60","0.8160000000000001","0"
"2010","-4 points","Quintile 4","All","Main scheme application","40","35","0.868","0"
"2011","-4 points","Quintile 4","All","Main scheme application","50","40","0.804","0"
"2012","-4 points","Quintile 4","All","Main scheme application","40","35","0.8250000000000001","0"
"2013","-4 points","Quintile 4","All","Main scheme application","25","20","0.8150000000000001","0"
"2014","-4 points","Quintile 4","All","Main scheme application","40","35","0.881","0"
"2015","-4 points","Quintile 4","All","Main scheme application","55","50","0.906","0"
"2016","-4 points","Quintile 4","All","Main scheme application","35","30","0.865","0"
"2017","-4 points","Quintile 4","All","Main scheme application","40","35","0.878","0"
"2018","-4 points","Quintile 4","All","Main scheme application","45","40","0.907","0"
"2019","-4 points","Quintile 4","All","Main scheme application","45","35","0.841","0"
"2020","-4 points","Quintile 4","All","Main scheme application","25","20","0.76","0"
"2021","-4 points","Quintile 4","All","Main scheme application","25","25","0.9580000000000001","0"
"2022","-4 points","Quintile 4","All","Main scheme application","40","35","0.881","0"
"2023","-4 points","Quintile 4","All","Main scheme application","55","50","0.926","0"
"2010","-5 points","Quintile 4","All","Main scheme application","30","30","0.933","0"
"2011","-5 points","Quintile 4","All","Main scheme application","30","25","0.8210000000000001","0"
"2012","-5 points","Quintile 4","All","Main scheme application","30","25","0.871","0"
"2013","-5 points","Quintile 4","All","Main scheme application","30","25","0.774","0"
"2014","-5 points","Quintile 4","All","Main scheme application","30","25","0.774","0"
"2015","-5 points","Quintile 4","All","Main scheme application","35","30","0.882","0"
"2016","-5 points","Quintile 4","All","Main scheme application","30","30","0.875","0"
"2017","-5 points","Quintile 4","All","Main scheme application","30","30","0.906","0"
"2018","-5 points","Quintile 4","All","Main scheme application","35","30","0.914","0"
"2019","-5 points","Quintile 4","All","Main scheme application","25","20","0.808","0"
"2020","-5 points","Quintile 4","All","Main scheme application","10","10"," ","0"
"2021","-5 points","Quintile 4","All","Main scheme application","20","15","0.842","0"
"2022","-5 points","Quintile 4","All","Main scheme application","35","30","0.8","0"
"2023","-5 points","Quintile 4","All","Main scheme application","40","35","0.881","0"
"2010","-6 points","Quintile 4","All","Main scheme application","15","15","0.9410000000000001","0"
"2011","-6 points","Quintile 4","All","Main scheme application","25","15","0.708","0"
"2012","-6 points","Quintile 4","All","Main scheme application","30","30","0.903","0"
"2013","-6 points","Quintile 4","All","Main scheme application","30","25","0.857","0"
"2014","-6 points","Quintile 4","All","Main scheme application","15","15","0.765","0"
"2015","-6 points","Quintile 4","All","Main scheme application","30","25","0.893","0"
"2016","-6 points","Quintile 4","All","Main scheme application","15","15","1","0"
"2017","-6 points","Quintile 4","All","Main scheme application","20","20","0.909","0"
"2018","-6 points","Quintile 4","All","Main scheme application","25","20","0.88","0"
"2019","-6 points","Quintile 4","All","Main scheme application","10","10"," ","0"
"2020","-6 points","Quintile 4","All","Main scheme application","5","5"," ","0"
"2021","-6 points","Quintile 4","All","Main scheme application","15","10","0.667","0"
"2022","-6 points","Quintile 4","All","Main scheme application","25","25","0.926","0"
"2023","-6 points","Quintile 4","All","Main scheme application","30","25","0.833","0"
"2010","Less than -6 points","Quintile 4","All","Main scheme application","50","45","0.918","0"
"2011","Less than -6 points","Quintile 4","All","Main scheme application","30","30","0.875","0"
"2012","Less than -6 points","Quintile 4","All","Main scheme application","40","35","0.81","0"
"2013","Less than -6 points","Quintile 4","All","Main scheme application","50","40","0.857","0"
"2014","Less than -6 points","Quintile 4","All","Main scheme application","40","30","0.795","0"
"2015","Less than -6 points","Quintile 4","All","Main scheme application","50","35","0.735","0"
"2016","Less than -6 points","Quintile 4","All","Main scheme application","35","30","0.857","0"
"2017","Less than -6 points","Quintile 4","All","Main scheme application","50","40","0.854","0"
"2018","Less than -6 points","Quintile 4","All","Main scheme application","50","40","0.875","0"
"2019","Less than -6 points","Quintile 4","All","Main scheme application","40","30","0.744","0"
"2020","Less than -6 points","Quintile 4","All","Main scheme application","25","20","0.833","0"
"2021","Less than -6 points","Quintile 4","All","Main scheme application","30","25","0.871","0"
"2022","Less than -6 points","Quintile 4","All","Main scheme application","45","35","0.791","0"
"2023","Less than -6 points","Quintile 4","All","Main scheme application","55","50","0.906","0"
"2010","0 points","Quintile 5","All","Main scheme application","320","300","0.932","0"
"2011","0 points","Quintile 5","All","Main scheme application","340","320","0.933","0"
"2012","0 points","Quintile 5","All","Main scheme application","340","300","0.888","0"
"2013","0 points","Quintile 5","All","Main scheme application","425","390","0.915","0"
"2014","0 points","Quintile 5","All","Main scheme application","385","355","0.92","0"
"2015","0 points","Quintile 5","All","Main scheme application","435","400","0.915","0"
"2016","0 points","Quintile 5","All","Main scheme application","440","395","0.904","0"
"2017","0 points","Quintile 5","All","Main scheme application","430","400","0.928","0"
"2018","0 points","Quintile 5","All","Main scheme application","460","430","0.937","0"
"2019","0 points","Quintile 5","All","Main scheme application","430","405","0.9400000000000001","0"
"2020","0 points","Quintile 5","All","Main scheme application","660","605","0.912","0"
"2021","0 points","Quintile 5","All","Main scheme application","855","790","0.926","0"
"2022","0 points","Quintile 5","All","Main scheme application","600","555","0.92","0"
"2023","0 points","Quintile 5","All","Main scheme application","575","545","0.9440000000000001","0"
"2010","1 points","Quintile 5","All","Main scheme application","40","35","0.902","0"
"2011","1 points","Quintile 5","All","Main scheme application","45","40","0.894","0"
"2012","1 points","Quintile 5","All","Main scheme application","45","45","0.915","0"
"2013","1 points","Quintile 5","All","Main scheme application","60","60","0.983","0"
"2014","1 points","Quintile 5","All","Main scheme application","35","35","1","0"
"2015","1 points","Quintile 5","All","Main scheme application","45","45","1","0"
"2016","1 points","Quintile 5","All","Main scheme application","50","45","0.9380000000000001","0"
"2017","1 points","Quintile 5","All","Main scheme application","40","35","0.9490000000000001","0"
"2018","1 points","Quintile 5","All","Main scheme application","40","35","0.854","0"
"2019","1 points","Quintile 5","All","Main scheme application","45","40","0.907","0"
"2020","1 points","Quintile 5","All","Main scheme application","65","55","0.873","0"
"2021","1 points","Quintile 5","All","Main scheme application","85","70","0.8210000000000001","0"
"2022","1 points","Quintile 5","All","Main scheme application","45","45","1","0"
"2023","1 points","Quintile 5","All","Main scheme application","45","35","0.841","0"
"2010","2 points","Quintile 5","All","Main scheme application","25","25","0.96","0"
"2011","2 points","Quintile 5","All","Main scheme application","15","15","0.9380000000000001","0"
"2012","2 points","Quintile 5","All","Main scheme application","10","10","0.909","0"
"2013","2 points","Quintile 5","All","Main scheme application","15","10","0.857","0"
"2014","2 points","Quintile 5","All","Main scheme application","10","10","1","0"
"2015","2 points","Quintile 5","All","Main scheme application","15","10","0.786","0"
"2016","2 points","Quintile 5","All","Main scheme application","10","5"," ","0"
"2017","2 points","Quintile 5","All","Main scheme application","10","10"," ","0"
"2018","2 points","Quintile 5","All","Main scheme application","5","5"," ","0"
"2019","2 points","Quintile 5","All","Main scheme application","10","10","0.917","0"
"2020","2 points","Quintile 5","All","Main scheme application","10","10","1","0"
"2021","2 points","Quintile 5","All","Main scheme application","20","15","0.789","0"
"2022","2 points","Quintile 5","All","Main scheme application","15","15","0.929","0"
"2023","2 points","Quintile 5","All","Main scheme application","5","5"," ","0"
"2011","3 points","Quintile 5","All","Main scheme application","5","5"," ","0"
"2013","3 points","Quintile 5","All","Main scheme application","5","5"," ","0"
"2014","3 points","Quintile 5","All","Main scheme application","5","5"," ","0"
"2015","3 points","Quintile 5","All","Main scheme application","5","5"," ","0"
"2016","3 points","Quintile 5","All","Main scheme application","5","5"," ","0"
"2017","3 points","Quintile 5","All","Main scheme application","5","5"," ","0"
"2020","3 points","Quintile 5","All","Main scheme application","10","10"," ","0"
"2021","3 points","Quintile 5","All","Main scheme application","5","5"," ","0"
"2022","3 points","Quintile 5","All","Main scheme application","5","5"," ","0"
"2023","3 points","Quintile 5","All","Main scheme application","5","0"," ","0"
"2011","More than 3 points","Quintile 5","All","Main scheme application","5","5"," ","0"
"2010","-1 points","Quintile 5","All","Main scheme application","160","145","0.9","0"
"2011","-1 points","Quintile 5","All","Main scheme application","220","195","0.89","0"
"2012","-1 points","Quintile 5","All","Main scheme application","185","155","0.84","0"
"2013","-1 points","Quintile 5","All","Main scheme application","220","190","0.863","0"
"2014","-1 points","Quintile 5","All","Main scheme application","190","170","0.889","0"
"2015","-1 points","Quintile 5","All","Main scheme application","235","205","0.872","0"
"2016","-1 points","Quintile 5","All","Main scheme application","230","210","0.905","0"
"2017","-1 points","Quintile 5","All","Main scheme application","240","205","0.855","0"
"2018","-1 points","Quintile 5","All","Main scheme application","245","215","0.87","0"
"2019","-1 points","Quintile 5","All","Main scheme application","195","180","0.919","0"
"2020","-1 points","Quintile 5","All","Main scheme application","210","185","0.89","0"
"2021","-1 points","Quintile 5","All","Main scheme application","220","195","0.874","0"
"2022","-1 points","Quintile 5","All","Main scheme application","245","210","0.861","0"
"2023","-1 points","Quintile 5","All","Main scheme application","260","240","0.923","0"
"2010","-2 points","Quintile 5","All","Main scheme application","140","130","0.901","0"
"2011","-2 points","Quintile 5","All","Main scheme application","165","150","0.902","0"
"2012","-2 points","Quintile 5","All","Main scheme application","175","150","0.869","0"
"2013","-2 points","Quintile 5","All","Main scheme application","180","165","0.896","0"
"2014","-2 points","Quintile 5","All","Main scheme application","160","130","0.8140000000000001","0"
"2015","-2 points","Quintile 5","All","Main scheme application","195","175","0.883","0"
"2016","-2 points","Quintile 5","All","Main scheme application","180","160","0.883","0"
"2017","-2 points","Quintile 5","All","Main scheme application","180","165","0.916","0"
"2018","-2 points","Quintile 5","All","Main scheme application","190","175","0.906","0"
"2019","-2 points","Quintile 5","All","Main scheme application","160","145","0.906","0"
"2020","-2 points","Quintile 5","All","Main scheme application","140","125","0.887","0"
"2021","-2 points","Quintile 5","All","Main scheme application","140","125","0.872","0"
"2022","-2 points","Quintile 5","All","Main scheme application","200","175","0.879","0"
"2023","-2 points","Quintile 5","All","Main scheme application","235","225","0.9450000000000001","0"
"2010","-3 points","Quintile 5","All","Main scheme application","145","125","0.854","0"
"2011","-3 points","Quintile 5","All","Main scheme application","135","125","0.934","0"
"2012","-3 points","Quintile 5","All","Main scheme application","105","95","0.896","0"
"2013","-3 points","Quintile 5","All","Main scheme application","125","110","0.911","0"
"2014","-3 points","Quintile 5","All","Main scheme application","145","130","0.895","0"
"2015","-3 points","Quintile 5","All","Main scheme application","140","120","0.851","0"
"2016","-3 points","Quintile 5","All","Main scheme application","120","95","0.807","0"
"2017","-3 points","Quintile 5","All","Main scheme application","140","120","0.845","0"
"2018","-3 points","Quintile 5","All","Main scheme application","135","120","0.876","0"
"2019","-3 points","Quintile 5","All","Main scheme application","140","120","0.878","0"
"2020","-3 points","Quintile 5","All","Main scheme application","90","80","0.857","0"
"2021","-3 points","Quintile 5","All","Main scheme application","85","75","0.862","0"
"2022","-3 points","Quintile 5","All","Main scheme application","135","120","0.868","0"
"2023","-3 points","Quintile 5","All","Main scheme application","165","145","0.902","0"
"2010","-4 points","Quintile 5","All","Main scheme application","120","105","0.881","0"
"2011","-4 points","Quintile 5","All","Main scheme application","125","110","0.895","0"
"2012","-4 points","Quintile 5","All","Main scheme application","130","115","0.879","0"
"2013","-4 points","Quintile 5","All","Main scheme application","115","105","0.904","0"
"2014","-4 points","Quintile 5","All","Main scheme application","120","100","0.835","0"
"2015","-4 points","Quintile 5","All","Main scheme application","120","105","0.874","0"
"2016","-4 points","Quintile 5","All","Main scheme application","120","110","0.909","0"
"2017","-4 points","Quintile 5","All","Main scheme application","105","90","0.858","0"
"2018","-4 points","Quintile 5","All","Main scheme application","105","95","0.914","0"
"2019","-4 points","Quintile 5","All","Main scheme application","115","100","0.867","0"
"2020","-4 points","Quintile 5","All","Main scheme application","75","65","0.855","0"
"2021","-4 points","Quintile 5","All","Main scheme application","70","60","0.843","0"
"2022","-4 points","Quintile 5","All","Main scheme application","115","100","0.879","0"
"2023","-4 points","Quintile 5","All","Main scheme application","145","130","0.877","0"
"2010","-5 points","Quintile 5","All","Main scheme application","80","70","0.886","0"
"2011","-5 points","Quintile 5","All","Main scheme application","70","60","0.897","0"
"2012","-5 points","Quintile 5","All","Main scheme application","85","65","0.75","0"
"2013","-5 points","Quintile 5","All","Main scheme application","110","100","0.875","0"
"2014","-5 points","Quintile 5","All","Main scheme application","90","70","0.8180000000000001","0"
"2015","-5 points","Quintile 5","All","Main scheme application","90","80","0.89","0"
"2016","-5 points","Quintile 5","All","Main scheme application","75","70","0.934","0"
"2017","-5 points","Quintile 5","All","Main scheme application","80","70","0.877","0"
"2018","-5 points","Quintile 5","All","Main scheme application","85","70","0.8160000000000001","0"
"2019","-5 points","Quintile 5","All","Main scheme application","90","80","0.89","0"
"2020","-5 points","Quintile 5","All","Main scheme application","45","35","0.8220000000000001","0"
"2021","-5 points","Quintile 5","All","Main scheme application","50","40","0.857","0"
"2022","-5 points","Quintile 5","All","Main scheme application","95","80","0.862","0"
"2023","-5 points","Quintile 5","All","Main scheme application","115","95","0.843","0"
"2010","-6 points","Quintile 5","All","Main scheme application","60","50","0.847","0"
"2011","-6 points","Quintile 5","All","Main scheme application","60","50","0.847","0"
"2012","-6 points","Quintile 5","All","Main scheme application","65","55","0.877","0"
"2013","-6 points","Quintile 5","All","Main scheme application","50","45","0.865","0"
"2014","-6 points","Quintile 5","All","Main scheme application","60","45","0.767","0"
"2015","-6 points","Quintile 5","All","Main scheme application","60","45","0.776","0"
"2016","-6 points","Quintile 5","All","Main scheme application","70","55","0.838","0"
"2017","-6 points","Quintile 5","All","Main scheme application","55","45","0.811","0"
"2018","-6 points","Quintile 5","All","Main scheme application","50","40","0.837","0"
"2019","-6 points","Quintile 5","All","Main scheme application","50","40","0.78","0"
"2020","-6 points","Quintile 5","All","Main scheme application","25","20","0.88","0"
"2021","-6 points","Quintile 5","All","Main scheme application","30","25","0.893","0"
"2022","-6 points","Quintile 5","All","Main scheme application","60","50","0.803","0"
"2023","-6 points","Quintile 5","All","Main scheme application","65","60","0.922","0"
"2010","Less than -6 points","Quintile 5","All","Main scheme application","125","105","0.846","0"
"2011","Less than -6 points","Quintile 5","All","Main scheme application","125","100","0.8130000000000001","0"
"2012","Less than -6 points","Quintile 5","All","Main scheme application","105","85","0.794","0"
"2013","Less than -6 points","Quintile 5","All","Main scheme application","120","100","0.8250000000000001","0"
"2014","Less than -6 points","Quintile 5","All","Main scheme application","130","120","0.909","0"
"2015","Less than -6 points","Quintile 5","All","Main scheme application","115","95","0.833","0"
"2016","Less than -6 points","Quintile 5","All","Main scheme application","120","100","0.8310000000000001","0"
"2017","Less than -6 points","Quintile 5","All","Main scheme application","125","95","0.758","0"
"2018","Less than -6 points","Quintile 5","All","Main scheme application","115","100","0.878","0"
"2019","Less than -6 points","Quintile 5","All","Main scheme application","120","95","0.783","0"
"2020","Less than -6 points","Quintile 5","All","Main scheme application","40","35","0.8250000000000001","0"
"2021","Less than -6 points","Quintile 5","All","Main scheme application","95","80","0.8210000000000001","0"
"2022","Less than -6 points","Quintile 5","All","Main scheme application","100","85","0.888","0"
"2023","Less than -6 points","Quintile 5","All","Main scheme application","100","85","0.8320000000000001","0"
"2011","All","Quintile 1","All","Not main scheme application","5","5"," ","0"
"2012","All","Quintile 1","All","Not main scheme application","5","5"," ","0"
"2018","All","Quintile 1","All","Not main scheme application","5","0"," ","0"
"2020","All","Quintile 1","All","Not main scheme application","5","5"," ","0"
"2021","All","Quintile 1","All","Not main scheme application","5","5"," ","0"
"2022","All","Quintile 1","All","Not main scheme application","10","10","1","0"
"2010","All","Quintile 2","All","Not main scheme application","10","10"," ","0"
"2012","All","Quintile 2","All","Not main scheme application","10","10"," ","0"
"2013","All","Quintile 2","All","Not main scheme application","5","5"," ","0"
"2014","All","Quintile 2","All","Not main scheme application","5","5"," ","0"
"2015","All","Quintile 2","All","Not main scheme application","5","5"," ","0"
"2016","All","Quintile 2","All","Not main scheme application","10","5"," ","0"
"2017","All","Quintile 2","All","Not main scheme application","5","0"," ","0"
"2018","All","Quintile 2","All","Not main scheme application","10","5"," ","0"
"2019","All","Quintile 2","All","Not main scheme application","5","5"," ","0"
"2020","All","Quintile 2","All","Not main scheme application","5","5"," ","0"
"2021","All","Quintile 2","All","Not main scheme application","5","5"," ","0"
"2022","All","Quintile 2","All","Not main scheme application","5","5"," ","0"
"2023","All","Quintile 2","All","Not main scheme application","5","5"," ","0"
"2010","All","Quintile 3","All","Not main scheme application","10","10"," ","0"
"2011","All","Quintile 3","All","Not main scheme application","5","5"," ","0"
"2012","All","Quintile 3","All","Not main scheme application","10","10"," ","0"
"2013","All","Quintile 3","All","Not main scheme application","5","5"," ","0"
"2014","All","Quintile 3","All","Not main scheme application","15","10"," ","0"
"2015","All","Quintile 3","All","Not main scheme application","10","10","0.909","0"
"2016","All","Quintile 3","All","Not main scheme application","15","5"," ","0"
"2017","All","Quintile 3","All","Not main scheme application","10","10"," ","0"
"2018","All","Quintile 3","All","Not main scheme application","15","15","0.933","0"
"2019","All","Quintile 3","All","Not main scheme application","15","15","1","0"
"2020","All","Quintile 3","All","Not main scheme application","5","5"," ","0"
"2021","All","Quintile 3","All","Not main scheme application","5","5"," ","0"
"2022","All","Quintile 3","All","Not main scheme application","10","10","0.833","0"
"2023","All","Quintile 3","All","Not main scheme application","10","10","0.917","0"
"2010","All","Quintile 4","All","Not main scheme application","10","10","1","0"
"2011","All","Quintile 4","All","Not main scheme application","20","15","0.81","0"
"2012","All","Quintile 4","All","Not main scheme application","15","10","0.8","0"
"2013","All","Quintile 4","All","Not main scheme application","15","15","0.8240000000000001","0"
"2014","All","Quintile 4","All","Not main scheme application","20","15","0.833","0"
"2015","All","Quintile 4","All","Not main scheme application","15","10","0.786","0"
"2016","All","Quintile 4","All","Not main scheme application","15","15","1","0"
"2017","All","Quintile 4","All","Not main scheme application","15","15","0.933","0"
"2018","All","Quintile 4","All","Not main scheme application","10","10","1","0"
"2019","All","Quintile 4","All","Not main scheme application","20","20","0.909","0"
"2020","All","Quintile 4","All","Not main scheme application","25","20","0.84","0"
"2021","All","Quintile 4","All","Not main scheme application","10","10","0.909","0"
"2022","All","Quintile 4","All","Not main scheme application","30","25","0.8280000000000001","0"
"2023","All","Quintile 4","All","Not main scheme application","20","20","0.9","0"
"2010","All","Quintile 5","All","Not main scheme application","30","25","0.893","0"
"2011","All","Quintile 5","All","Not main scheme application","30","20","0.724","0"
"2012","All","Quintile 5","All","Not main scheme application","45","40","0.8300000000000001","0"
"2013","All","Quintile 5","All","Not main scheme application","45","40","0.907","0"
"2014","All","Quintile 5","All","Not main scheme application","50","40","0.8160000000000001","0"
"2015","All","Quintile 5","All","Not main scheme application","50","45","0.863","0"
"2016","All","Quintile 5","All","Not main scheme application","45","40","0.891","0"
"2017","All","Quintile 5","All","Not main scheme application","60","45","0.783","0"
"2018","All","Quintile 5","All","Not main scheme application","40","35","0.81","0"
"2019","All","Quintile 5","All","Not main scheme application","45","40","0.851","0"
"2020","All","Quintile 5","All","Not main scheme application","55","50","0.909","0"
"2021","All","Quintile 5","All","Not main scheme application","55","40","0.774","0"
"2022","All","Quintile 5","All","Not main scheme application","50","40","0.796","0"
"2023","All","Quintile 5","All","Not main scheme application","50","45","0.896","0"
"2011","All","Unknown","All","Main scheme application","5","5"," ","0"
"2013","All","Unknown","All","Main scheme application","5","0"," ","0"
"2010","All","Quintile 1","All","Main scheme application","40","35","0.921","0"
"2011","All","Quintile 1","All","Main scheme application","35","35","0.892","0"
"2012","All","Quintile 1","All","Main scheme application","50","40","0.854","0"
"2013","All","Quintile 1","All","Main scheme application","40","35","0.833","0"
"2014","All","Quintile 1","All","Main scheme application","35","35","0.9460000000000001","0"
"2015","All","Quintile 1","All","Main scheme application","55","45","0.887","0"
"2016","All","Quintile 1","All","Main scheme application","55","45","0.849","0"
"2017","All","Quintile 1","All","Main scheme application","65","60","0.909","0"
"2018","All","Quintile 1","All","Main scheme application","55","50","0.893","0"
"2019","All","Quintile 1","All","Main scheme application","65","60","0.896","0"
"2020","All","Quintile 1","All","Main scheme application","80","65","0.859","0"
"2021","All","Quintile 1","All","Main scheme application","85","75","0.917","0"
"2022","All","Quintile 1","All","Main scheme application","125","105","0.87","0"
"2023","All","Quintile 1","All","Main scheme application","100","95","0.931","0"
"2010","All","Quintile 2","All","Main scheme application","115","95","0.851","0"
"2011","All","Quintile 2","All","Main scheme application","100","90","0.889","0"
"2012","All","Quintile 2","All","Main scheme application","125","105","0.846","0"
"2013","All","Quintile 2","All","Main scheme application","125","115","0.912","0"
"2014","All","Quintile 2","All","Main scheme application","125","115","0.928","0"
"2015","All","Quintile 2","All","Main scheme application","115","100","0.867","0"
"2016","All","Quintile 2","All","Main scheme application","145","130","0.883","0"
"2017","All","Quintile 2","All","Main scheme application","115","100","0.878","0"
"2018","All","Quintile 2","All","Main scheme application","175","150","0.861","0"
"2019","All","Quintile 2","All","Main scheme application","165","150","0.921","0"
"2020","All","Quintile 2","All","Main scheme application","155","140","0.892","0"
"2021","All","Quintile 2","All","Main scheme application","160","145","0.918","0"
"2022","All","Quintile 2","All","Main scheme application","190","170","0.899","0"
"2023","All","Quintile 2","All","Main scheme application","190","175","0.932","0"
"2010","All","Quintile 3","All","Main scheme application","215","185","0.866","0"
"2011","All","Quintile 3","All","Main scheme application","235","210","0.898","0"
"2012","All","Quintile 3","All","Main scheme application","240","205","0.851","0"
"2013","All","Quintile 3","All","Main scheme application","255","230","0.902","0"
"2014","All","Quintile 3","All","Main scheme application","275","235","0.854","0"
"2015","All","Quintile 3","All","Main scheme application","270","235","0.864","0"
"2016","All","Quintile 3","All","Main scheme application","275","240","0.866","0"
"2017","All","Quintile 3","All","Main scheme application","270","240","0.896","0"
"2018","All","Quintile 3","All","Main scheme application","280","240","0.854","0"
"2019","All","Quintile 3","All","Main scheme application","295","260","0.882","0"
"2020","All","Quintile 3","All","Main scheme application","290","260","0.903","0"
"2021","All","Quintile 3","All","Main scheme application","325","295","0.899","0"
"2022","All","Quintile 3","All","Main scheme application","375","325","0.874","0"
"2023","All","Quintile 3","All","Main scheme application","365","340","0.931","0"
"2010","All","Quintile 4","All","Main scheme application","390","350","0.895","0"
"2011","All","Quintile 4","All","Main scheme application","415","355","0.86","0"
"2012","All","Quintile 4","All","Main scheme application","410","360","0.878","0"
"2013","All","Quintile 4","All","Main scheme application","425","370","0.873","0"
"2014","All","Quintile 4","All","Main scheme application","440","400","0.9","0"
"2015","All","Quintile 4","All","Main scheme application","465","410","0.877","0"
"2016","All","Quintile 4","All","Main scheme application","445","400","0.896","0"
"2017","All","Quintile 4","All","Main scheme application","460","405","0.874","0"
"2018","All","Quintile 4","All","Main scheme application","460","420","0.913","0"
"2019","All","Quintile 4","All","Main scheme application","405","350","0.864","0"
"2020","All","Quintile 4","All","Main scheme application","440","380","0.866","0"
"2021","All","Quintile 4","All","Main scheme application","475","415","0.876","0"
"2022","All","Quintile 4","All","Main scheme application","525","465","0.88","0"
"2023","All","Quintile 4","All","Main scheme application","605","550","0.907","0"
"2010","All","Quintile 5","All","Main scheme application","1215","1085","0.894","0"
"2011","All","Quintile 5","All","Main scheme application","1305","1175","0.9","0"
"2012","All","Quintile 5","All","Main scheme application","1255","1080","0.861","0"
"2013","All","Quintile 5","All","Main scheme application","1425","1275","0.893","0"
"2014","All","Quintile 5","All","Main scheme application","1330","1170","0.88","0"
"2015","All","Quintile 5","All","Main scheme application","1455","1285","0.883","0"
"2016","All","Quintile 5","All","Main scheme application","1415","1250","0.886","0"
"2017","All","Quintile 5","All","Main scheme application","1410","1240","0.88","0"
"2018","All","Quintile 5","All","Main scheme application","1435","1285","0.895","0"
"2019","All","Quintile 5","All","Main scheme application","1355","1215","0.896","0"
"2020","All","Quintile 5","All","Main scheme application","1370","1225","0.893","0"
"2021","All","Quintile 5","All","Main scheme application","1650","1475","0.892","0"
"2022","All","Quintile 5","All","Main scheme application","1610","1435","0.891","0"
"2023","All","Quintile 5","All","Main scheme application","1715","1565","0.914","0"
"2010","0 points","All","All","Not main scheme application","5","5"," ","0"
"2011","0 points","All","All","Not main scheme application","10","5"," ","0"
"2012","0 points","All","All","Not main scheme application","5","5"," ","0"
"2013","0 points","All","All","Not main scheme application","10","10"," ","0"
"2014","0 points","All","All","Not main scheme application","10","10"," ","0"
"2015","0 points","All","All","Not main scheme application","10","10","0.909","0"
"2016","0 points","All","All","Not main scheme application","15","15","1","0"
"2017","0 points","All","All","Not main scheme application","10","10"," ","0"
"2018","0 points","All","All","Not main scheme application","15","15","0.929","0"
"2019","0 points","All","All","Not main scheme application","10","10"," ","0"
"2020","0 points","All","All","Not main scheme application","30","25","0.867","0"
"2021","0 points","All","All","Not main scheme application","15","10","0.8","0"
"2022","0 points","All","All","Not main scheme application","10","10","0.917","0"
"2023","0 points","All","All","Not main scheme application","15","15","0.929","0"
"2011","1 points","All","All","Not main scheme application","5","5"," ","0"
"2021","1 points","All","All","Not main scheme application","5","0"," ","0"
"2022","2 points","All","All","Not main scheme application","5","5"," ","0"
"2010","-1 points","All","All","Not main scheme application","5","5"," ","0"
"2011","-1 points","All","All","Not main scheme application","5","0"," ","0"
"2012","-1 points","All","All","Not main scheme application","10","10","0.909","0"
"2013","-1 points","All","All","Not main scheme application","15","15","1","0"
"2014","-1 points","All","All","Not main scheme application","10","5"," ","0"
"2015","-1 points","All","All","Not main scheme application","10","10"," ","0"
"2016","-1 points","All","All","Not main scheme application","10","5"," ","0"
"2017","-1 points","All","All","Not main scheme application","15","10","0.75","0"
"2018","-1 points","All","All","Not main scheme application","10","10"," ","0"
"2019","-1 points","All","All","Not main scheme application","15","15","1","0"
"2020","-1 points","All","All","Not main scheme application","15","10","0.733","0"
"2021","-1 points","All","All","Not main scheme application","15","10","0.923","0"
"2022","-1 points","All","All","Not main scheme application","15","10","0.923","0"
"2023","-1 points","All","All","Not main scheme application","5","5"," ","0"
"2010","-2 points","All","All","Not main scheme application","5","5"," ","0"
"2011","-2 points","All","All","Not main scheme application","5","5"," ","0"
"2012","-2 points","All","All","Not main scheme application","15","15","0.933","0"
"2013","-2 points","All","All","Not main scheme application","10","10"," ","0"
"2014","-2 points","All","All","Not main scheme application","15","10","0.706","0"
"2015","-2 points","All","All","Not main scheme application","10","10"," ","0"
"2016","-2 points","All","All","Not main scheme application","5","5"," ","0"
"2017","-2 points","All","All","Not main scheme application","5","5"," ","0"
"2018","-2 points","All","All","Not main scheme application","5","5"," ","0"
"2019","-2 points","All","All","Not main scheme application","10","10"," ","0"
"2020","-2 points","All","All","Not main scheme application","10","10","0.917","0"
"2021","-2 points","All","All","Not main scheme application","10","10","0.909","0"
"2022","-2 points","All","All","Not main scheme application","20","10","0.611","0"
"2023","-2 points","All","All","Not main scheme application","10","10","0.909","0"
"2010","-3 points","All","All","Not main scheme application","10","10","1","0"
"2011","-3 points","All","All","Not main scheme application","10","5"," ","0"
"2012","-3 points","All","All","Not main scheme application","5","5"," ","0"
"2013","-3 points","All","All","Not main scheme application","5","5"," ","0"
"2014","-3 points","All","All","Not main scheme application","10","5"," ","0"
"2015","-3 points","All","All","Not main scheme application","15","10","0.923","0"
"2016","-3 points","All","All","Not main scheme application","15","15","0.765","0"
"2017","-3 points","All","All","Not main scheme application","15","15","0.933","0"
"2018","-3 points","All","All","Not main scheme application","15","10","0.8","0"
"2019","-3 points","All","All","Not main scheme application","15","10","0.857","0"
"2020","-3 points","All","All","Not main scheme application","15","15","0.929","0"
"2021","-3 points","All","All","Not main scheme application","5","5"," ","0"
"2022","-3 points","All","All","Not main scheme application","10","10","1","0"
"2023","-3 points","All","All","Not main scheme application","15","10","0.923","0"
"2010","-4 points","All","All","Not main scheme application","10","10"," ","0"
"2011","-4 points","All","All","Not main scheme application","5","5"," ","0"
"2012","-4 points","All","All","Not main scheme application","10","5"," ","0"
"2013","-4 points","All","All","Not main scheme application","10","10"," ","0"
"2014","-4 points","All","All","Not main scheme application","15","10"," ","0"
"2015","-4 points","All","All","Not main scheme application","10","10"," ","0"
"2016","-4 points","All","All","Not main scheme application","10","5"," ","0"
"2017","-4 points","All","All","Not main scheme application","10","5"," ","0"
"2018","-4 points","All","All","Not main scheme application","10","5"," ","0"
"2019","-4 points","All","All","Not main scheme application","5","5"," ","0"
"2020","-4 points","All","All","Not main scheme application","5","5"," ","0"
"2021","-4 points","All","All","Not main scheme application","10","5"," ","0"
"2022","-4 points","All","All","Not main scheme application","10","10","0.833","0"
"2023","-4 points","All","All","Not main scheme application","10","10"," ","0"
"2010","-5 points","All","All","Not main scheme application","10","5"," ","0"
"2011","-5 points","All","All","Not main scheme application","5","5"," ","0"
"2012","-5 points","All","All","Not main scheme application","10","5"," ","0"
"2013","-5 points","All","All","Not main scheme application","10","5"," ","0"
"2014","-5 points","All","All","Not main scheme application","10","10","0.917","0"
"2015","-5 points","All","All","Not main scheme application","10","5"," ","0"
"2016","-5 points","All","All","Not main scheme application","5","5"," ","0"
"2017","-5 points","All","All","Not main scheme application","5","5"," ","0"
"2018","-5 points","All","All","Not main scheme application","10","5"," ","0"
"2019","-5 points","All","All","Not main scheme application","10","10","0.917","0"
"2020","-5 points","All","All","Not main scheme application","10","10"," ","0"
"2021","-5 points","All","All","Not main scheme application","5","5"," ","0"
"2022","-5 points","All","All","Not main scheme application","10","10"," ","0"
"2023","-5 points","All","All","Not main scheme application","15","15","0.929","0"
"2010","-6 points","All","All","Not main scheme application","5","5"," ","0"
"2011","-6 points","All","All","Not main scheme application","5","5"," ","0"
"2012","-6 points","All","All","Not main scheme application","10","10"," ","0"
"2013","-6 points","All","All","Not main scheme application","5","5"," ","0"
"2014","-6 points","All","All","Not main scheme application","5","5"," ","0"
"2015","-6 points","All","All","Not main scheme application","5","5"," ","0"
"2016","-6 points","All","All","Not main scheme application","5","5"," ","0"
"2017","-6 points","All","All","Not main scheme application","10","5"," ","0"
"2018","-6 points","All","All","Not main scheme application","5","5"," ","0"
"2019","-6 points","All","All","Not main scheme application","10","10"," ","0"
"2020","-6 points","All","All","Not main scheme application","5","5"," ","0"
"2022","-6 points","All","All","Not main scheme application","10","10"," ","0"
"2023","-6 points","All","All","Not main scheme application","5","5"," ","0"
"2010","Less than -6 points","All","All","Not main scheme application","10","10","1","0"
"2011","Less than -6 points","All","All","Not main scheme application","15","10","0.8","0"
"2012","Less than -6 points","All","All","Not main scheme application","15","10","0.857","0"
"2013","Less than -6 points","All","All","Not main scheme application","10","10","0.833","0"
"2014","Less than -6 points","All","All","Not main scheme application","10","5"," ","0"
"2015","Less than -6 points","All","All","Not main scheme application","15","10"," ","0"
"2016","Less than -6 points","All","All","Not main scheme application","15","10","0.769","0"
"2017","Less than -6 points","All","All","Not main scheme application","20","15","0.682","0"
"2018","Less than -6 points","All","All","Not main scheme application","10","10"," ","0"
"2019","Less than -6 points","All","All","Not main scheme application","15","10","0.769","0"
"2020","Less than -6 points","All","All","Not main scheme application","5","5"," ","0"
"2021","Less than -6 points","All","All","Not main scheme application","10","5"," ","0"
"2022","Less than -6 points","All","All","Not main scheme application","15","10","0.733","0"
"2023","Less than -6 points","All","All","Not main scheme application","10","10","0.917","0"
"2010","0 points","All","All","Main scheme application","475","440","0.926","0"
"2011","0 points","All","All","Main scheme application","505","470","0.929","0"
"2012","0 points","All","All","Main scheme application","505","455","0.901","0"
"2013","0 points","All","All","Main scheme application","610","555","0.908","0"
"2014","0 points","All","All","Main scheme application","555","515","0.923","0"
"2015","0 points","All","All","Main scheme application","615","560","0.915","0"
"2016","0 points","All","All","Main scheme application","685","620","0.905","0"
"2017","0 points","All","All","Main scheme application","650","605","0.926","0"
"2018","0 points","All","All","Main scheme application","680","635","0.931","0"
"2019","0 points","All","All","Main scheme application","660","625","0.9470000000000001","0"
"2020","0 points","All","All","Main scheme application","1040","940","0.907","0"
"2021","0 points","All","All","Main scheme application","1265","1160","0.919","0"
"2022","0 points","All","All","Main scheme application","870","800","0.923","0"
"2023","0 points","All","All","Main scheme application","850","800","0.9420000000000001","0"
"2010","1 points","All","All","Main scheme application","85","75","0.916","0"
"2011","1 points","All","All","Main scheme application","80","70","0.887","0"
"2012","1 points","All","All","Main scheme application","75","65","0.88","0"
"2013","1 points","All","All","Main scheme application","95","85","0.935","0"
"2014","1 points","All","All","Main scheme application","70","65","0.928","0"
"2015","1 points","All","All","Main scheme application","75","70","0.986","0"
"2016","1 points","All","All","Main scheme application","95","90","0.9470000000000001","0"
"2017","1 points","All","All","Main scheme application","60","50","0.864","0"
"2018","1 points","All","All","Main scheme application","80","65","0.859","0"
"2019","1 points","All","All","Main scheme application","70","65","0.9440000000000001","0"
"2020","1 points","All","All","Main scheme application","135","120","0.891","0"
"2021","1 points","All","All","Main scheme application","150","130","0.867","0"
"2022","1 points","All","All","Main scheme application","70","70","0.972","0"
"2023","1 points","All","All","Main scheme application","70","60","0.873","0"
"2010","2 points","All","All","Main scheme application","35","35","0.9440000000000001","0"
"2011","2 points","All","All","Main scheme application","25","25","0.889","0"
"2012","2 points","All","All","Main scheme application","20","20","0.9","0"
"2013","2 points","All","All","Main scheme application","30","30","0.903","0"
"2014","2 points","All","All","Main scheme application","25","25","1","0"
"2015","2 points","All","All","Main scheme application","25","20","0.875","0"
"2016","2 points","All","All","Main scheme application","25","20","0.846","0"
"2017","2 points","All","All","Main scheme application","20","15","0.895","0"
"2018","2 points","All","All","Main scheme application","15","15","0.8130000000000001","0"
"2019","2 points","All","All","Main scheme application","20","15","0.833","0"
"2020","2 points","All","All","Main scheme application","35","35","1","0"
"2021","2 points","All","All","Main scheme application","35","25","0.794","0"
"2022","2 points","All","All","Main scheme application","30","25","0.893","0"
"2023","2 points","All","All","Main scheme application","20","15","0.778","0"
"2010","3 points","All","All","Main scheme application","5","0"," ","0"
"2011","3 points","All","All","Main scheme application","5","5"," ","0"
"2012","3 points","All","All","Main scheme application","5","5"," ","0"
"2013","3 points","All","All","Main scheme application","10","10"," ","0"
"2014","3 points","All","All","Main scheme application","5","5"," ","0"
"2015","3 points","All","All","Main scheme application","5","5"," ","0"
"2016","3 points","All","All","Main scheme application","5","5"," ","0"
"2017","3 points","All","All","Main scheme application","5","5"," ","0"
"2019","3 points","All","All","Main scheme application","5","5"," ","0"
"2020","3 points","All","All","Main scheme application","15","15","1","0"
"2021","3 points","All","All","Main scheme application","10","10","0.833","0"
"2022","3 points","All","All","Main scheme application","5","5"," ","0"
"2023","3 points","All","All","Main scheme application","5","5"," ","0"
"2011","More than 3 points","All","All","Main scheme application","5","5"," ","0"
"2012","More than 3 points","All","All","Main scheme application","5","5"," ","0"
"2014","More than 3 points","All","All","Main scheme application","5","5"," ","0"
"2010","-1 points","All","All","Main scheme application","265","240","0.906","0"
"2011","-1 points","All","All","Main scheme application","325","290","0.89","0"
"2012","-1 points","All","All","Main scheme application","310","265","0.861","0"
"2013","-1 points","All","All","Main scheme application","340","295","0.87","0"
"2014","-1 points","All","All","Main scheme application","325","300","0.914","0"
"2015","-1 points","All","All","Main scheme application","365","325","0.883","0"
"2016","-1 points","All","All","Main scheme application","350","315","0.899","0"
"2017","-1 points","All","All","Main scheme application","380","330","0.871","0"
"2018","-1 points","All","All","Main scheme application","375","330","0.89","0"
"2019","-1 points","All","All","Main scheme application","340","305","0.894","0"
"2020","-1 points","All","All","Main scheme application","365","325","0.895","0"
"2021","-1 points","All","All","Main scheme application","390","345","0.889","0"
"2022","-1 points","All","All","Main scheme application","430","380","0.886","0"
"2023","-1 points","All","All","Main scheme application","440","415","0.937","0"
"2010","-2 points","All","All","Main scheme application","225","200","0.89","0"
"2011","-2 points","All","All","Main scheme application","285","260","0.908","0"
"2012","-2 points","All","All","Main scheme application","285","245","0.857","0"
"2013","-2 points","All","All","Main scheme application","300","270","0.906","0"
"2014","-2 points","All","All","Main scheme application","285","240","0.839","0"
"2015","-2 points","All","All","Main scheme application","325","290","0.892","0"
"2016","-2 points","All","All","Main scheme application","295","260","0.891","0"
"2017","-2 points","All","All","Main scheme application","285","260","0.909","0"
"2018","-2 points","All","All","Main scheme application","305","280","0.909","0"
"2019","-2 points","All","All","Main scheme application","285","260","0.899","0"
"2020","-2 points","All","All","Main scheme application","245","220","0.887","0"
"2021","-2 points","All","All","Main scheme application","245","215","0.878","0"
"2022","-2 points","All","All","Main scheme application","355","305","0.861","0"
"2023","-2 points","All","All","Main scheme application","430","400","0.93","0"
"2010","-3 points","All","All","Main scheme application","230","195","0.84","0"
"2011","-3 points","All","All","Main scheme application","230","210","0.905","0"
"2012","-3 points","All","All","Main scheme application","200","175","0.884","0"
"2013","-3 points","All","All","Main scheme application","215","195","0.907","0"
"2014","-3 points","All","All","Main scheme application","260","235","0.907","0"
"2015","-3 points","All","All","Main scheme application","245","210","0.849","0"
"2016","-3 points","All","All","Main scheme application","225","190","0.837","0"
"2017","-3 points","All","All","Main scheme application","260","220","0.857","0"
"2018","-3 points","All","All","Main scheme application","245","205","0.838","0"
"2019","-3 points","All","All","Main scheme application","230","200","0.882","0"
"2020","-3 points","All","All","Main scheme application","170","140","0.835","0"
"2021","-3 points","All","All","Main scheme application","150","130","0.862","0"
"2022","-3 points","All","All","Main scheme application","290","250","0.856","0"
"2023","-3 points","All","All","Main scheme application","310","270","0.871","0"
"2010","-4 points","All","All","Main scheme application","195","175","0.883","0"
"2011","-4 points","All","All","Main scheme application","215","185","0.869","0"
"2012","-4 points","All","All","Main scheme application","215","185","0.856","0"
"2013","-4 points","All","All","Main scheme application","185","165","0.882","0"
"2014","-4 points","All","All","Main scheme application","205","180","0.87","0"
"2015","-4 points","All","All","Main scheme application","215","190","0.87","0"
"2016","-4 points","All","All","Main scheme application","200","170","0.864","0"
"2017","-4 points","All","All","Main scheme application","180","155","0.863","0"
"2018","-4 points","All","All","Main scheme application","205","180","0.888","0"
"2019","-4 points","All","All","Main scheme application","200","175","0.866","0"
"2020","-4 points","All","All","Main scheme application","125","105","0.847","0"
"2021","-4 points","All","All","Main scheme application","135","120","0.881","0"
"2022","-4 points","All","All","Main scheme application","230","200","0.862","0"
"2023","-4 points","All","All","Main scheme application","295","270","0.909","0"
"2010","-5 points","All","All","Main scheme application","135","120","0.875","0"
"2011","-5 points","All","All","Main scheme application","120","110","0.885","0"
"2012","-5 points","All","All","Main scheme application","145","110","0.783","0"
"2013","-5 points","All","All","Main scheme application","175","150","0.863","0"
"2014","-5 points","All","All","Main scheme application","145","120","0.808","0"
"2015","-5 points","All","All","Main scheme application","165","140","0.86","0"
"2016","-5 points","All","All","Main scheme application","135","120","0.904","0"
"2017","-5 points","All","All","Main scheme application","155","140","0.896","0"
"2018","-5 points","All","All","Main scheme application","160","135","0.856","0"
"2019","-5 points","All","All","Main scheme application","165","145","0.862","0"
"2020","-5 points","All","All","Main scheme application","75","60","0.784","0"
"2021","-5 points","All","All","Main scheme application","95","80","0.842","0"
"2022","-5 points","All","All","Main scheme application","190","165","0.858","0"
"2023","-5 points","All","All","Main scheme application","205","180","0.882","0"
"2010","-6 points","All","All","Main scheme application","100","85","0.85","0"
"2011","-6 points","All","All","Main scheme application","110","90","0.8150000000000001","0"
"2012","-6 points","All","All","Main scheme application","125","110","0.85","0"
"2013","-6 points","All","All","Main scheme application","100","85","0.85","0"
"2014","-6 points","All","All","Main scheme application","105","85","0.811","0"
"2015","-6 points","All","All","Main scheme application","110","90","0.811","0"
"2016","-6 points","All","All","Main scheme application","110","95","0.845","0"
"2017","-6 points","All","All","Main scheme application","100","85","0.851","0"
"2018","-6 points","All","All","Main scheme application","105","90","0.856","0"
"2019","-6 points","All","All","Main scheme application","95","75","0.794","0"
"2020","-6 points","All","All","Main scheme application","55","45","0.868","0"
"2021","-6 points","All","All","Main scheme application","60","50","0.85","0"
"2022","-6 points","All","All","Main scheme application","125","105","0.839","0"
"2023","-6 points","All","All","Main scheme application","125","115","0.913","0"
"2010","Less than -6 points","All","All","Main scheme application","220","190","0.855","0"
"2011","Less than -6 points","All","All","Main scheme application","190","155","0.8250000000000001","0"
"2012","Less than -6 points","All","All","Main scheme application","195","160","0.8140000000000001","0"
"2013","Less than -6 points","All","All","Main scheme application","215","185","0.848","0"
"2014","Less than -6 points","All","All","Main scheme application","220","185","0.85","0"
"2015","Less than -6 points","All","All","Main scheme application","215","170","0.803","0"
"2016","Less than -6 points","All","All","Main scheme application","210","175","0.833","0"
"2017","Less than -6 points","All","All","Main scheme application","230","180","0.782","0"
"2018","Less than -6 points","All","All","Main scheme application","235","205","0.871","0"
"2019","Less than -6 points","All","All","Main scheme application","215","165","0.78","0"
"2020","Less than -6 points","All","All","Main scheme application","80","65","0.8250000000000001","0"
"2021","Less than -6 points","All","All","Main scheme application","165","135","0.84","0"
"2022","Less than -6 points","All","All","Main scheme application","230","200","0.873","0"
"2023","Less than -6 points","All","All","Main scheme application","220","195","0.882","0"
"2010","All","All","All","Not main scheme application","55","55","0.93","0"
"2011","All","All","All","Not main scheme application","60","50","0.774","0"
"2012","All","All","All","Not main scheme application","85","70","0.845","0"
"2013","All","All","All","Not main scheme application","70","65","0.903","0"
"2014","All","All","All","Not main scheme application","85","70","0.81","0"
"2015","All","All","All","Not main scheme application","80","70","0.841","0"
"2016","All","All","All","Not main scheme application","80","65","0.8170000000000001","0"
"2017","All","All","All","Not main scheme application","90","70","0.791","0"
"2018","All","All","All","Not main scheme application","80","65","0.846","0"
"2019","All","All","All","Not main scheme application","90","80","0.888","0"
"2020","All","All","All","Not main scheme application","100","85","0.879","0"
"2021","All","All","All","Not main scheme application","75","60","0.8160000000000001","0"
"2022","All","All","All","Not main scheme application","105","85","0.8210000000000001","0"
"2023","All","All","All","Not main scheme application","90","80","0.909","0"
"2010","All","All","All","Main scheme application","1975","1755","0.889","0"
"2011","All","All","All","Main scheme application","2095","1870","0.891","0"
"2012","All","All","All","Main scheme application","2080","1795","0.862","0"
"2013","All","All","All","Main scheme application","2275","2025","0.89","0"
"2014","All","All","All","Main scheme application","2210","1955","0.885","0"
"2015","All","All","All","Main scheme application","2360","2075","0.879","0"
"2016","All","All","All","Main scheme application","2335","2065","0.884","0"
"2017","All","All","All","Main scheme application","2325","2050","0.881","0"
"2018","All","All","All","Main scheme application","2410","2145","0.891","0"
"2019","All","All","All","Main scheme application","2290","2040","0.89","0"
"2020","All","All","All","Main scheme application","2335","2075","0.888","0"
"2021","All","All","All","Main scheme application","2700","2410","0.892","0"
"2022","All","All","All","Main scheme application","2825","2505","0.887","0"
"2023","All","All","All","Main scheme application","2975","2725","0.916","0"
"2011","0 points","Unknown","Main scheme applicant","All","5","5"," ","0"
"2010","0 points","Quintile 1","Main scheme applicant","All","10","10"," ","0"
"2011","0 points","Quintile 1","Main scheme applicant","All","5","5"," ","0"
"2012","0 points","Quintile 1","Main scheme applicant","All","10","10","0.909","0"
"2013","0 points","Quintile 1","Main scheme applicant","All","10","5"," ","0"
"2014","0 points","Quintile 1","Main scheme applicant","All","5","5"," ","0"
"2015","0 points","Quintile 1","Main scheme applicant","All","10","10"," ","0"
"2016","0 points","Quintile 1","Main scheme applicant","All","15","10","0.923","0"
"2017","0 points","Quintile 1","Main scheme applicant","All","15","10","0.923","0"
"2018","0 points","Quintile 1","Main scheme applicant","All","10","10"," ","0"
"2019","0 points","Quintile 1","Main scheme applicant","All","10","10","1","0"
"2020","0 points","Quintile 1","Main scheme applicant","All","25","25","0.963","0"
"2021","0 points","Quintile 1","Main scheme applicant","All","30","25","0.929","0"
"2022","0 points","Quintile 1","Main scheme applicant","All","20","20","0.9520000000000001","0"
"2023","0 points","Quintile 1","Main scheme applicant","All","20","20","0.9470000000000001","0"
"2016","1 points","Quintile 1","Main scheme applicant","All","5","5"," ","0"
"2020","1 points","Quintile 1","Main scheme applicant","All","5","0"," ","0"
"2021","1 points","Quintile 1","Main scheme applicant","All","5","5"," ","0"
"2023","1 points","Quintile 1","Main scheme applicant","All","5","5"," ","0"
"2015","2 points","Quintile 1","Main scheme applicant","All","5","5"," ","0"
"2021","3 points","Quintile 1","Main scheme applicant","All","5","0"," ","0"
"2010","-1 points","Quintile 1","Main scheme applicant","All","5","5"," ","0"
"2011","-1 points","Quintile 1","Main scheme applicant","All","5","5"," ","0"
"2012","-1 points","Quintile 1","Main scheme applicant","All","5","5"," ","0"
"2013","-1 points","Quintile 1","Main scheme applicant","All","5","5"," ","0"
"2014","-1 points","Quintile 1","Main scheme applicant","All","5","5"," ","0"
"2015","-1 points","Quintile 1","Main scheme applicant","All","10","10"," ","0"
"2016","-1 points","Quintile 1","Main scheme applicant","All","5","5"," ","0"
"2017","-1 points","Quintile 1","Main scheme applicant","All","10","10"," ","0"
"2018","-1 points","Quintile 1","Main scheme applicant","All","15","15","0.882","0"
"2019","-1 points","Quintile 1","Main scheme applicant","All","10","10"," ","0"
"2020","-1 points","Quintile 1","Main scheme applicant","All","20","20","0.9470000000000001","0"
"2021","-1 points","Quintile 1","Main scheme applicant","All","15","15","1","0"
"2022","-1 points","Quintile 1","Main scheme applicant","All","20","15","0.9440000000000001","0"
"2023","-1 points","Quintile 1","Main scheme applicant","All","5","5"," ","0"
"2010","-2 points","Quintile 1","Main scheme applicant","All","5","5"," ","0"
"2011","-2 points","Quintile 1","Main scheme applicant","All","5","5"," ","0"
"2012","-2 points","Quintile 1","Main scheme applicant","All","5","5"," ","0"
"2013","-2 points","Quintile 1","Main scheme applicant","All","5","5"," ","0"
"2014","-2 points","Quintile 1","Main scheme applicant","All","5","5"," ","0"
"2015","-2 points","Quintile 1","Main scheme applicant","All","10","5"," ","0"
"2016","-2 points","Quintile 1","Main scheme applicant","All","5","5"," ","0"
"2017","-2 points","Quintile 1","Main scheme applicant","All","5","5"," ","0"
"2018","-2 points","Quintile 1","Main scheme applicant","All","5","5"," ","0"
"2019","-2 points","Quintile 1","Main scheme applicant","All","10","10"," ","0"
"2020","-2 points","Quintile 1","Main scheme applicant","All","5","5"," ","0"
"2021","-2 points","Quintile 1","Main scheme applicant","All","5","5"," ","0"
"2022","-2 points","Quintile 1","Main scheme applicant","All","15","15","0.929","0"
"2023","-2 points","Quintile 1","Main scheme applicant","All","20","15","0.889","0"
"2010","-3 points","Quintile 1","Main scheme applicant","All","5","5"," ","0"
"2011","-3 points","Quintile 1","Main scheme applicant","All","10","10"," ","0"
"2012","-3 points","Quintile 1","Main scheme applicant","All","5","5"," ","0"
"2013","-3 points","Quintile 1","Main scheme applicant","All","5","5"," ","0"
"2015","-3 points","Quintile 1","Main scheme applicant","All","5","5"," ","0"
"2016","-3 points","Quintile 1","Main scheme applicant","All","10","10"," ","0"
"2017","-3 points","Quintile 1","Main scheme applicant","All","10","10","1","0"
"2018","-3 points","Quintile 1","Main scheme applicant","All","10","10"," ","0"
"2019","-3 points","Quintile 1","Main scheme applicant","All","10","10"," ","0"
"2020","-3 points","Quintile 1","Main scheme applicant","All","5","5"," ","0"
"2021","-3 points","Quintile 1","Main scheme applicant","All","5","5"," ","0"
"2022","-3 points","Quintile 1","Main scheme applicant","All","20","20","1","0"
"2023","-3 points","Quintile 1","Main scheme applicant","All","10","10","0.909","0"
"2010","-4 points","Quintile 1","Main scheme applicant","All","5","0"," ","0"
"2012","-4 points","Quintile 1","Main scheme applicant","All","5","5"," ","0"
"2013","-4 points","Quintile 1","Main scheme applicant","All","5","5"," ","0"
"2014","-4 points","Quintile 1","Main scheme applicant","All","5","5"," ","0"
"2016","-4 points","Quintile 1","Main scheme applicant","All","5","0"," ","0"
"2018","-4 points","Quintile 1","Main scheme applicant","All","5","5"," ","0"
"2019","-4 points","Quintile 1","Main scheme applicant","All","5","5"," ","0"
"2020","-4 points","Quintile 1","Main scheme applicant","All","5","5"," ","0"
"2021","-4 points","Quintile 1","Main scheme applicant","All","5","5"," ","0"
"2022","-4 points","Quintile 1","Main scheme applicant","All","20","15","0.889","0"
"2023","-4 points","Quintile 1","Main scheme applicant","All","20","20","1","0"
"2010","-5 points","Quintile 1","Main scheme applicant","All","5","5"," ","0"
"2012","-5 points","Quintile 1","Main scheme applicant","All","5","5"," ","0"
"2015","-5 points","Quintile 1","Main scheme applicant","All","5","5"," ","0"
"2017","-5 points","Quintile 1","Main scheme applicant","All","10","10"," ","0"
"2018","-5 points","Quintile 1","Main scheme applicant","All","5","5"," ","0"
"2019","-5 points","Quintile 1","Main scheme applicant","All","10","10"," ","0"
"2020","-5 points","Quintile 1","Main scheme applicant","All","5","5"," ","0"
"2021","-5 points","Quintile 1","Main scheme applicant","All","5","5"," ","0"
"2022","-5 points","Quintile 1","Main scheme applicant","All","10","10"," ","0"
"2023","-5 points","Quintile 1","Main scheme applicant","All","10","10"," ","0"
"2011","-6 points","Quintile 1","Main scheme applicant","All","5","5"," ","0"
"2015","-6 points","Quintile 1","Main scheme applicant","All","5","5"," ","0"
"2016","-6 points","Quintile 1","Main scheme applicant","All","5","5"," ","0"
"2019","-6 points","Quintile 1","Main scheme applicant","All","5","5"," ","0"
"2020","-6 points","Quintile 1","Main scheme applicant","All","5","5"," ","0"
"2022","-6 points","Quintile 1","Main scheme applicant","All","10","5"," ","0"
"2023","-6 points","Quintile 1","Main scheme applicant","All","10","5"," ","0"
"2010","Less than -6 points","Quintile 1","Main scheme applicant","All","5","0"," ","0"
"2011","Less than -6 points","Quintile 1","Main scheme applicant","All","5","5"," ","0"
"2012","Less than -6 points","Quintile 1","Main scheme applicant","All","5","5"," ","0"
"2013","Less than -6 points","Quintile 1","Main scheme applicant","All","5","5"," ","0"
"2014","Less than -6 points","Quintile 1","Main scheme applicant","All","5","5"," ","0"
"2015","Less than -6 points","Quintile 1","Main scheme applicant","All","10","10"," ","0"
"2016","Less than -6 points","Quintile 1","Main scheme applicant","All","5","5"," ","0"
"2017","Less than -6 points","Quintile 1","Main scheme applicant","All","10","10"," ","0"
"2018","Less than -6 points","Quintile 1","Main scheme applicant","All","5","5"," ","0"
"2019","Less than -6 points","Quintile 1","Main scheme applicant","All","5","5"," ","0"
"2021","Less than -6 points","Quintile 1","Main scheme applicant","All","5","5"," ","0"
"2022","Less than -6 points","Quintile 1","Main scheme applicant","All","15","15","1","0"
"2023","Less than -6 points","Quintile 1","Main scheme applicant","All","10","10"," ","0"
"2010","0 points","Quintile 2","Main scheme applicant","All","30","25","0.929","0"
"2011","0 points","Quintile 2","Main scheme applicant","All","20","20","1","0"
"2012","0 points","Quintile 2","Main scheme applicant","All","20","20","0.9520000000000001","0"
"2013","0 points","Quintile 2","Main scheme applicant","All","20","20","1","0"
"2014","0 points","Quintile 2","Main scheme applicant","All","15","15","1","0"
"2015","0 points","Quintile 2","Main scheme applicant","All","20","20","1","0"
"2016","0 points","Quintile 2","Main scheme applicant","All","35","35","0.973","0"
"2017","0 points","Quintile 2","Main scheme applicant","All","20","20","0.9500000000000001","0"
"2018","0 points","Quintile 2","Main scheme applicant","All","35","35","0.9440000000000001","0"
"2019","0 points","Quintile 2","Main scheme applicant","All","30","30","1","0"
"2020","0 points","Quintile 2","Main scheme applicant","All","55","50","0.912","0"
"2021","0 points","Quintile 2","Main scheme applicant","All","55","55","0.964","0"
"2022","0 points","Quintile 2","Main scheme applicant","All","40","40","0.9500000000000001","0"
"2023","0 points","Quintile 2","Main scheme applicant","All","45","45","0.978","0"
"2010","1 points","Quintile 2","Main scheme applicant","All","5","5"," ","0"
"2011","1 points","Quintile 2","Main scheme applicant","All","5","5"," ","0"
"2012","1 points","Quintile 2","Main scheme applicant","All","5","5"," ","0"
"2013","1 points","Quintile 2","Main scheme applicant","All","5","5"," ","0"
"2015","1 points","Quintile 2","Main scheme applicant","All","5","5"," ","0"
"2016","1 points","Quintile 2","Main scheme applicant","All","5","5"," ","0"
"2018","1 points","Quintile 2","Main scheme applicant","All","5","0"," ","0"
"2019","1 points","Quintile 2","Main scheme applicant","All","5","5"," ","0"
"2020","1 points","Quintile 2","Main scheme applicant","All","15","10","0.923","0"
"2021","1 points","Quintile 2","Main scheme applicant","All","10","10","0.909","0"
"2010","2 points","Quintile 2","Main scheme applicant","All","5","5"," ","0"
"2013","2 points","Quintile 2","Main scheme applicant","All","5","5"," ","0"
"2014","2 points","Quintile 2","Main scheme applicant","All","5","5"," ","0"
"2016","2 points","Quintile 2","Main scheme applicant","All","5","5"," ","0"
"2021","2 points","Quintile 2","Main scheme applicant","All","5","5"," ","0"
"2010","-1 points","Quintile 2","Main scheme applicant","All","5","5"," ","0"
"2011","-1 points","Quintile 2","Main scheme applicant","All","15","15","0.875","0"
"2012","-1 points","Quintile 2","Main scheme applicant","All","25","25","0.9580000000000001","0"
"2013","-1 points","Quintile 2","Main scheme applicant","All","20","20","0.9520000000000001","0"
"2014","-1 points","Quintile 2","Main scheme applicant","All","15","15","1","0"
"2015","-1 points","Quintile 2","Main scheme applicant","All","10","10","0.917","0"
"2016","-1 points","Quintile 2","Main scheme applicant","All","10","10","1","0"
"2017","-1 points","Quintile 2","Main scheme applicant","All","15","15","1","0"
"2018","-1 points","Quintile 2","Main scheme applicant","All","15","15","0.9410000000000001","0"
"2019","-1 points","Quintile 2","Main scheme applicant","All","35","35","0.971","0"
"2020","-1 points","Quintile 2","Main scheme applicant","All","25","25","0.963","0"
"2021","-1 points","Quintile 2","Main scheme applicant","All","30","25","0.964","0"
"2022","-1 points","Quintile 2","Main scheme applicant","All","20","20","0.905","0"
"2023","-1 points","Quintile 2","Main scheme applicant","All","30","25","0.929","0"
"2010","-2 points","Quintile 2","Main scheme applicant","All","15","10","0.923","0"
"2011","-2 points","Quintile 2","Main scheme applicant","All","15","10","0.846","0"
"2012","-2 points","Quintile 2","Main scheme applicant","All","15","15","0.933","0"
"2013","-2 points","Quintile 2","Main scheme applicant","All","10","10","0.909","0"
"2014","-2 points","Quintile 2","Main scheme applicant","All","20","20","1","0"
"2015","-2 points","Quintile 2","Main scheme applicant","All","15","15","0.933","0"
"2016","-2 points","Quintile 2","Main scheme applicant","All","20","15","0.889","0"
"2017","-2 points","Quintile 2","Main scheme applicant","All","20","20","0.9","0"
"2018","-2 points","Quintile 2","Main scheme applicant","All","20","20","0.9550000000000001","0"
"2019","-2 points","Quintile 2","Main scheme applicant","All","20","20","0.864","0"
"2020","-2 points","Quintile 2","Main scheme applicant","All","25","25","1","0"
"2021","-2 points","Quintile 2","Main scheme applicant","All","15","15","0.9380000000000001","0"
"2022","-2 points","Quintile 2","Main scheme applicant","All","30","25","0.793","0"
"2023","-2 points","Quintile 2","Main scheme applicant","All","25","25","1","0"
"2010","-3 points","Quintile 2","Main scheme applicant","All","15","15","0.867","0"
"2011","-3 points","Quintile 2","Main scheme applicant","All","10","10","0.917","0"
"2012","-3 points","Quintile 2","Main scheme applicant","All","20","15","0.842","0"
"2013","-3 points","Quintile 2","Main scheme applicant","All","15","15","0.9410000000000001","0"
"2014","-3 points","Quintile 2","Main scheme applicant","All","25","20","0.913","0"
"2015","-3 points","Quintile 2","Main scheme applicant","All","15","15","0.9380000000000001","0"
"2016","-3 points","Quintile 2","Main scheme applicant","All","25","20","0.792","0"
"2017","-3 points","Quintile 2","Main scheme applicant","All","15","15","0.933","0"
"2018","-3 points","Quintile 2","Main scheme applicant","All","20","20","0.857","0"
"2019","-3 points","Quintile 2","Main scheme applicant","All","20","15","0.85","0"
"2020","-3 points","Quintile 2","Main scheme applicant","All","10","5"," ","0"
"2021","-3 points","Quintile 2","Main scheme applicant","All","10","10"," ","0"
"2022","-3 points","Quintile 2","Main scheme applicant","All","20","20","0.9550000000000001","0"
"2023","-3 points","Quintile 2","Main scheme applicant","All","15","15","0.882","0"
"2010","-4 points","Quintile 2","Main scheme applicant","All","15","15","0.929","0"
"2011","-4 points","Quintile 2","Main scheme applicant","All","15","10","0.8","0"
"2012","-4 points","Quintile 2","Main scheme applicant","All","10","10"," ","0"
"2013","-4 points","Quintile 2","Main scheme applicant","All","20","15","0.889","0"
"2014","-4 points","Quintile 2","Main scheme applicant","All","10","10","1","0"
"2015","-4 points","Quintile 2","Main scheme applicant","All","10","10"," ","0"
"2016","-4 points","Quintile 2","Main scheme applicant","All","15","15","0.929","0"
"2017","-4 points","Quintile 2","Main scheme applicant","All","10","5"," ","0"
"2018","-4 points","Quintile 2","Main scheme applicant","All","20","15","0.762","0"
"2019","-4 points","Quintile 2","Main scheme applicant","All","5","5"," ","0"
"2020","-4 points","Quintile 2","Main scheme applicant","All","10","10"," ","0"
"2021","-4 points","Quintile 2","Main scheme applicant","All","10","10","0.909","0"
"2022","-4 points","Quintile 2","Main scheme applicant","All","20","15","0.9440000000000001","0"
"2023","-4 points","Quintile 2","Main scheme applicant","All","25","25","0.963","0"
"2010","-5 points","Quintile 2","Main scheme applicant","All","10","10"," ","0"
"2011","-5 points","Quintile 2","Main scheme applicant","All","5","5"," ","0"
"2012","-5 points","Quintile 2","Main scheme applicant","All","5","5"," ","0"
"2013","-5 points","Quintile 2","Main scheme applicant","All","10","10","1","0"
"2014","-5 points","Quintile 2","Main scheme applicant","All","10","10"," ","0"
"2015","-5 points","Quintile 2","Main scheme applicant","All","10","10","1","0"
"2016","-5 points","Quintile 2","Main scheme applicant","All","5","5"," ","0"
"2017","-5 points","Quintile 2","Main scheme applicant","All","10","10","1","0"
"2018","-5 points","Quintile 2","Main scheme applicant","All","10","10"," ","0"
"2019","-5 points","Quintile 2","Main scheme applicant","All","15","15","1","0"
"2020","-5 points","Quintile 2","Main scheme applicant","All","5","5"," ","0"
"2021","-5 points","Quintile 2","Main scheme applicant","All","10","5"," ","0"
"2022","-5 points","Quintile 2","Main scheme applicant","All","15","15","1","0"
"2023","-5 points","Quintile 2","Main scheme applicant","All","10","10","1","0"
"2010","-6 points","Quintile 2","Main scheme applicant","All","5","5"," ","0"
"2011","-6 points","Quintile 2","Main scheme applicant","All","5","5"," ","0"
"2012","-6 points","Quintile 2","Main scheme applicant","All","5","5"," ","0"
"2013","-6 points","Quintile 2","Main scheme applicant","All","5","5"," ","0"
"2014","-6 points","Quintile 2","Main scheme applicant","All","5","5"," ","0"
"2015","-6 points","Quintile 2","Main scheme applicant","All","5","5"," ","0"
"2016","-6 points","Quintile 2","Main scheme applicant","All","5","5"," ","0"
"2017","-6 points","Quintile 2","Main scheme applicant","All","10","5"," ","0"
"2018","-6 points","Quintile 2","Main scheme applicant","All","10","10","0.909","0"
"2019","-6 points","Quintile 2","Main scheme applicant","All","5","5"," ","0"
"2020","-6 points","Quintile 2","Main scheme applicant","All","10","10"," ","0"
"2021","-6 points","Quintile 2","Main scheme applicant","All","5","5"," ","0"
"2022","-6 points","Quintile 2","Main scheme applicant","All","10","10"," ","0"
"2023","-6 points","Quintile 2","Main scheme applicant","All","10","10","1","0"
"2010","Less than -6 points","Quintile 2","Main scheme applicant","All","15","15","0.9380000000000001","0"
"2011","Less than -6 points","Quintile 2","Main scheme applicant","All","10","10"," ","0"
"2012","Less than -6 points","Quintile 2","Main scheme applicant","All","15","15","0.929","0"
"2013","Less than -6 points","Quintile 2","Main scheme applicant","All","10","10","0.909","0"
"2014","Less than -6 points","Quintile 2","Main scheme applicant","All","15","15","0.882","0"
"2015","Less than -6 points","Quintile 2","Main scheme applicant","All","15","10"," ","0"
"2016","Less than -6 points","Quintile 2","Main scheme applicant","All","20","20","0.9500000000000001","0"
"2017","Less than -6 points","Quintile 2","Main scheme applicant","All","15","15","0.875","0"
"2018","Less than -6 points","Quintile 2","Main scheme applicant","All","30","30","0.9380000000000001","0"
"2019","Less than -6 points","Quintile 2","Main scheme applicant","All","20","20","0.9","0"
"2020","Less than -6 points","Quintile 2","Main scheme applicant","All","5","5"," ","0"
"2021","Less than -6 points","Quintile 2","Main scheme applicant","All","10","10","0.909","0"
"2022","Less than -6 points","Quintile 2","Main scheme applicant","All","30","30","1","0"
"2023","Less than -6 points","Quintile 2","Main scheme applicant","All","20","20","1","0"
"2010","0 points","Quintile 3","Main scheme applicant","All","35","35","0.9460000000000001","0"
"2011","0 points","Quintile 3","Main scheme applicant","All","40","40","0.975","0"
"2012","0 points","Quintile 3","Main scheme applicant","All","50","50","0.9410000000000001","0"
"2013","0 points","Quintile 3","Main scheme applicant","All","55","50","0.895","0"
"2014","0 points","Quintile 3","Main scheme applicant","All","55","50","0.873","0"
"2015","0 points","Quintile 3","Main scheme applicant","All","60","55","0.931","0"
"2016","0 points","Quintile 3","Main scheme applicant","All","80","80","0.963","0"
"2017","0 points","Quintile 3","Main scheme applicant","All","70","65","0.931","0"
"2018","0 points","Quintile 3","Main scheme applicant","All","65","60","0.969","0"
"2019","0 points","Quintile 3","Main scheme applicant","All","70","70","1","0"
"2020","0 points","Quintile 3","Main scheme applicant","All","115","105","0.915","0"
"2021","0 points","Quintile 3","Main scheme applicant","All","120","105","0.891","0"
"2022","0 points","Quintile 3","Main scheme applicant","All","80","75","0.915","0"
"2023","0 points","Quintile 3","Main scheme applicant","All","75","75","0.974","0"
"2010","1 points","Quintile 3","Main scheme applicant","All","10","10"," ","0"
"2011","1 points","Quintile 3","Main scheme applicant","All","10","10","0.909","0"
"2012","1 points","Quintile 3","Main scheme applicant","All","10","5"," ","0"
"2013","1 points","Quintile 3","Main scheme applicant","All","10","10"," ","0"
"2014","1 points","Quintile 3","Main scheme applicant","All","10","5"," ","0"
"2015","1 points","Quintile 3","Main scheme applicant","All","10","10"," ","0"
"2016","1 points","Quintile 3","Main scheme applicant","All","10","10"," ","0"
"2017","1 points","Quintile 3","Main scheme applicant","All","10","5"," ","0"
"2018","1 points","Quintile 3","Main scheme applicant","All","10","10","1","0"
"2019","1 points","Quintile 3","Main scheme applicant","All","10","10","1","0"
"2020","1 points","Quintile 3","Main scheme applicant","All","25","25","1","0"
"2021","1 points","Quintile 3","Main scheme applicant","All","25","25","0.962","0"
"2022","1 points","Quintile 3","Main scheme applicant","All","5","5"," ","0"
"2023","1 points","Quintile 3","Main scheme applicant","All","5","5"," ","0"
"2011","2 points","Quintile 3","Main scheme applicant","All","5","5"," ","0"
"2013","2 points","Quintile 3","Main scheme applicant","All","5","5"," ","0"
"2014","2 points","Quintile 3","Main scheme applicant","All","5","5"," ","0"
"2015","2 points","Quintile 3","Main scheme applicant","All","5","5"," ","0"
"2016","2 points","Quintile 3","Main scheme applicant","All","5","5"," ","0"
"2018","2 points","Quintile 3","Main scheme applicant","All","5","5"," ","0"
"2020","2 points","Quintile 3","Main scheme applicant","All","10","10"," ","0"
"2021","2 points","Quintile 3","Main scheme applicant","All","5","5"," ","0"
"2023","2 points","Quintile 3","Main scheme applicant","All","5","5"," ","0"
"2020","3 points","Quintile 3","Main scheme applicant","All","5","5"," ","0"
"2010","-1 points","Quintile 3","Main scheme applicant","All","40","35","0.895","0"
"2011","-1 points","Quintile 3","Main scheme applicant","All","35","30","0.9390000000000001","0"
"2012","-1 points","Quintile 3","Main scheme applicant","All","25","25","0.926","0"
"2013","-1 points","Quintile 3","Main scheme applicant","All","35","30","0.8240000000000001","0"
"2014","-1 points","Quintile 3","Main scheme applicant","All","45","40","0.9530000000000001","0"
"2015","-1 points","Quintile 3","Main scheme applicant","All","35","35","1","0"
"2016","-1 points","Quintile 3","Main scheme applicant","All","40","35","0.875","0"
"2017","-1 points","Quintile 3","Main scheme applicant","All","45","45","1","0"
"2018","-1 points","Quintile 3","Main scheme applicant","All","40","40","0.9500000000000001","0"
"2019","-1 points","Quintile 3","Main scheme applicant","All","30","30","0.906","0"
"2020","-1 points","Quintile 3","Main scheme applicant","All","40","35","0.868","0"
"2021","-1 points","Quintile 3","Main scheme applicant","All","55","50","0.9430000000000001","0"
"2022","-1 points","Quintile 3","Main scheme applicant","All","65","60","0.925","0"
"2023","-1 points","Quintile 3","Main scheme applicant","All","50","50","0.961","0"
"2010","-2 points","Quintile 3","Main scheme applicant","All","25","20","0.9570000000000001","0"
"2011","-2 points","Quintile 3","Main scheme applicant","All","40","35","0.9470000000000001","0"
"2012","-2 points","Quintile 3","Main scheme applicant","All","30","30","0.935","0"
"2013","-2 points","Quintile 3","Main scheme applicant","All","35","35","1","0"
"2014","-2 points","Quintile 3","Main scheme applicant","All","30","25","0.806","0"
"2015","-2 points","Quintile 3","Main scheme applicant","All","45","40","0.884","0"
"2016","-2 points","Quintile 3","Main scheme applicant","All","25","20","0.917","0"
"2017","-2 points","Quintile 3","Main scheme applicant","All","25","25","0.885","0"
"2018","-2 points","Quintile 3","Main scheme applicant","All","30","25","0.897","0"
"2019","-2 points","Quintile 3","Main scheme applicant","All","45","45","0.978","0"
"2020","-2 points","Quintile 3","Main scheme applicant","All","30","30","1","0"
"2021","-2 points","Quintile 3","Main scheme applicant","All","35","35","0.919","0"
"2022","-2 points","Quintile 3","Main scheme applicant","All","30","30","0.9380000000000001","0"
"2023","-2 points","Quintile 3","Main scheme applicant","All","55","50","0.9450000000000001","0"
"2010","-3 points","Quintile 3","Main scheme applicant","All","20","20","0.857","0"
"2011","-3 points","Quintile 3","Main scheme applicant","All","35","30","0.882","0"
"2012","-3 points","Quintile 3","Main scheme applicant","All","30","25","0.844","0"
"2013","-3 points","Quintile 3","Main scheme applicant","All","25","25","0.926","0"
"2014","-3 points","Quintile 3","Main scheme applicant","All","40","35","0.9470000000000001","0"
"2015","-3 points","Quintile 3","Main scheme applicant","All","25","25","0.923","0"
"2016","-3 points","Quintile 3","Main scheme applicant","All","30","30","0.968","0"
"2017","-3 points","Quintile 3","Main scheme applicant","All","25","25","0.926","0"
"2018","-3 points","Quintile 3","Main scheme applicant","All","25","20","0.741","0"
"2019","-3 points","Quintile 3","Main scheme applicant","All","25","20","0.875","0"
"2020","-3 points","Quintile 3","Main scheme applicant","All","25","20","0.88","0"
"2021","-3 points","Quintile 3","Main scheme applicant","All","20","20","0.9","0"
"2022","-3 points","Quintile 3","Main scheme applicant","All","50","40","0.833","0"
"2023","-3 points","Quintile 3","Main scheme applicant","All","40","40","0.9520000000000001","0"
"2010","-4 points","Quintile 3","Main scheme applicant","All","25","25","0.9580000000000001","0"
"2011","-4 points","Quintile 3","Main scheme applicant","All","20","20","0.909","0"
"2012","-4 points","Quintile 3","Main scheme applicant","All","25","25","0.889","0"
"2013","-4 points","Quintile 3","Main scheme applicant","All","25","20","0.917","0"
"2014","-4 points","Quintile 3","Main scheme applicant","All","30","25","0.964","0"
"2015","-4 points","Quintile 3","Main scheme applicant","All","30","30","0.875","0"
"2016","-4 points","Quintile 3","Main scheme applicant","All","20","15","0.773","0"
"2017","-4 points","Quintile 3","Main scheme applicant","All","25","25","0.9580000000000001","0"
"2018","-4 points","Quintile 3","Main scheme applicant","All","30","25","0.871","0"
"2019","-4 points","Quintile 3","Main scheme applicant","All","30","30","0.906","0"
"2020","-4 points","Quintile 3","Main scheme applicant","All","10","10","0.909","0"
"2021","-4 points","Quintile 3","Main scheme applicant","All","25","25","0.9580000000000001","0"
"2022","-4 points","Quintile 3","Main scheme applicant","All","40","30","0.842","0"
"2023","-4 points","Quintile 3","Main scheme applicant","All","50","50","0.961","0"
"2010","-5 points","Quintile 3","Main scheme applicant","All","15","10","0.8","0"
"2011","-5 points","Quintile 3","Main scheme applicant","All","20","20","0.905","0"
"2012","-5 points","Quintile 3","Main scheme applicant","All","15","10","0.75","0"
"2013","-5 points","Quintile 3","Main scheme applicant","All","20","20","0.9470000000000001","0"
"2014","-5 points","Quintile 3","Main scheme applicant","All","15","15","0.9410000000000001","0"
"2015","-5 points","Quintile 3","Main scheme applicant","All","25","15","0.708","0"
"2016","-5 points","Quintile 3","Main scheme applicant","All","20","15","0.789","0"
"2017","-5 points","Quintile 3","Main scheme applicant","All","20","20","1","0"
"2018","-5 points","Quintile 3","Main scheme applicant","All","25","20","0.846","0"
"2019","-5 points","Quintile 3","Main scheme applicant","All","25","20","0.917","0"
"2020","-5 points","Quintile 3","Main scheme applicant","All","10","10","0.917","0"
"2021","-5 points","Quintile 3","Main scheme applicant","All","10","10","0.917","0"
"2022","-5 points","Quintile 3","Main scheme applicant","All","35","35","0.892","0"
"2023","-5 points","Quintile 3","Main scheme applicant","All","25","25","1","0"
"2010","-6 points","Quintile 3","Main scheme applicant","All","15","15","0.8240000000000001","0"
"2011","-6 points","Quintile 3","Main scheme applicant","All","15","10","0.857","0"
"2012","-6 points","Quintile 3","Main scheme applicant","All","20","20","0.909","0"
"2013","-6 points","Quintile 3","Main scheme applicant","All","15","15","1","0"
"2014","-6 points","Quintile 3","Main scheme applicant","All","20","20","0.9","0"
"2015","-6 points","Quintile 3","Main scheme applicant","All","15","15","0.875","0"
"2016","-6 points","Quintile 3","Main scheme applicant","All","15","10","0.75","0"
"2017","-6 points","Quintile 3","Main scheme applicant","All","15","15","0.929","0"
"2018","-6 points","Quintile 3","Main scheme applicant","All","15","15","1","0"
"2019","-6 points","Quintile 3","Main scheme applicant","All","25","20","0.84","0"
"2020","-6 points","Quintile 3","Main scheme applicant","All","10","10"," ","0"
"2021","-6 points","Quintile 3","Main scheme applicant","All","10","10","0.909","0"
"2022","-6 points","Quintile 3","Main scheme applicant","All","15","15","0.9410000000000001","0"
"2023","-6 points","Quintile 3","Main scheme applicant","All","10","10","1","0"
"2010","Less than -6 points","Quintile 3","Main scheme applicant","All","30","25","0.897","0"
"2011","Less than -6 points","Quintile 3","Main scheme applicant","All","20","15","0.842","0"
"2012","Less than -6 points","Quintile 3","Main scheme applicant","All","25","20","0.84","0"
"2013","Less than -6 points","Quintile 3","Main scheme applicant","All","30","25","0.964","0"
"2014","Less than -6 points","Quintile 3","Main scheme applicant","All","25","15","0.68","0"
"2015","Less than -6 points","Quintile 3","Main scheme applicant","All","25","25","0.885","0"
"2016","Less than -6 points","Quintile 3","Main scheme applicant","All","30","25","0.8280000000000001","0"
"2017","Less than -6 points","Quintile 3","Main scheme applicant","All","30","25","0.8280000000000001","0"
"2018","Less than -6 points","Quintile 3","Main scheme applicant","All","30","25","0.839","0"
"2019","Less than -6 points","Quintile 3","Main scheme applicant","All","30","25","0.8280000000000001","0"
"2020","Less than -6 points","Quintile 3","Main scheme applicant","All","10","5"," ","0"
"2021","Less than -6 points","Quintile 3","Main scheme applicant","All","20","15","0.81","0"
"2022","Less than -6 points","Quintile 3","Main scheme applicant","All","45","40","0.932","0"
"2023","Less than -6 points","Quintile 3","Main scheme applicant","All","40","35","0.9470000000000001","0"
"2010","0 points","Quintile 4","Main scheme applicant","All","80","70","0.911","0"
"2011","0 points","Quintile 4","Main scheme applicant","All","95","90","0.917","0"
"2012","0 points","Quintile 4","Main scheme applicant","All","80","75","0.9390000000000001","0"
"2013","0 points","Quintile 4","Main scheme applicant","All","100","90","0.898","0"
"2014","0 points","Quintile 4","Main scheme applicant","All","90","90","0.967","0"
"2015","0 points","Quintile 4","Main scheme applicant","All","85","80","0.929","0"
"2016","0 points","Quintile 4","Main scheme applicant","All","115","105","0.93","0"
"2017","0 points","Quintile 4","Main scheme applicant","All","115","105","0.9390000000000001","0"
"2018","0 points","Quintile 4","Main scheme applicant","All","115","110","0.9560000000000001","0"
"2019","0 points","Quintile 4","Main scheme applicant","All","115","110","0.9570000000000001","0"
"2020","0 points","Quintile 4","Main scheme applicant","All","175","165","0.927","0"
"2021","0 points","Quintile 4","Main scheme applicant","All","210","190","0.904","0"
"2022","0 points","Quintile 4","Main scheme applicant","All","125","115","0.9440000000000001","0"
"2023","0 points","Quintile 4","Main scheme applicant","All","130","125","0.9550000000000001","0"
"2010","1 points","Quintile 4","Main scheme applicant","All","25","25","1","0"
"2011","1 points","Quintile 4","Main scheme applicant","All","15","15","0.9410000000000001","0"
"2012","1 points","Quintile 4","Main scheme applicant","All","15","10","0.857","0"
"2013","1 points","Quintile 4","Main scheme applicant","All","20","15","0.895","0"
"2014","1 points","Quintile 4","Main scheme applicant","All","25","20","0.913","0"
"2015","1 points","Quintile 4","Main scheme applicant","All","15","15","1","0"
"2016","1 points","Quintile 4","Main scheme applicant","All","30","25","0.964","0"
"2017","1 points","Quintile 4","Main scheme applicant","All","10","5"," ","0"
"2018","1 points","Quintile 4","Main scheme applicant","All","20","20","0.905","0"
"2019","1 points","Quintile 4","Main scheme applicant","All","10","10","1","0"
"2020","1 points","Quintile 4","Main scheme applicant","All","30","30","0.933","0"
"2021","1 points","Quintile 4","Main scheme applicant","All","25","20","0.917","0"
"2022","1 points","Quintile 4","Main scheme applicant","All","20","20","0.9520000000000001","0"
"2023","1 points","Quintile 4","Main scheme applicant","All","15","15","0.933","0"
"2010","2 points","Quintile 4","Main scheme applicant","All","5","5"," ","0"
"2011","2 points","Quintile 4","Main scheme applicant","All","5","5"," ","0"
"2012","2 points","Quintile 4","Main scheme applicant","All","5","5"," ","0"
"2013","2 points","Quintile 4","Main scheme applicant","All","5","5"," ","0"
"2014","2 points","Quintile 4","Main scheme applicant","All","5","5"," ","0"
"2016","2 points","Quintile 4","Main scheme applicant","All","5","5"," ","0"
"2017","2 points","Quintile 4","Main scheme applicant","All","5","5"," ","0"
"2018","2 points","Quintile 4","Main scheme applicant","All","5","5"," ","0"
"2019","2 points","Quintile 4","Main scheme applicant","All","5","5"," ","0"
"2020","2 points","Quintile 4","Main scheme applicant","All","10","10","1","0"
"2021","2 points","Quintile 4","Main scheme applicant","All","5","5"," ","0"
"2022","2 points","Quintile 4","Main scheme applicant","All","10","10"," ","0"
"2023","2 points","Quintile 4","Main scheme applicant","All","10","10"," ","0"
"2020","3 points","Quintile 4","Main scheme applicant","All","5","5"," ","0"
"2010","-1 points","Quintile 4","Main scheme applicant","All","55","55","0.9470000000000001","0"
"2011","-1 points","Quintile 4","Main scheme applicant","All","55","45","0.855","0"
"2012","-1 points","Quintile 4","Main scheme applicant","All","65","60","0.908","0"
"2013","-1 points","Quintile 4","Main scheme applicant","All","55","55","0.9470000000000001","0"
"2014","-1 points","Quintile 4","Main scheme applicant","All","70","70","0.972","0"
"2015","-1 points","Quintile 4","Main scheme applicant","All","75","70","0.909","0"
"2016","-1 points","Quintile 4","Main scheme applicant","All","65","60","0.906","0"
"2017","-1 points","Quintile 4","Main scheme applicant","All","70","60","0.871","0"
"2018","-1 points","Quintile 4","Main scheme applicant","All","50","50","0.962","0"
"2019","-1 points","Quintile 4","Main scheme applicant","All","65","60","0.91","0"
"2020","-1 points","Quintile 4","Main scheme applicant","All","70","65","0.929","0"
"2021","-1 points","Quintile 4","Main scheme applicant","All","70","65","0.9420000000000001","0"
"2022","-1 points","Quintile 4","Main scheme applicant","All","80","75","0.9490000000000001","0"
"2023","-1 points","Quintile 4","Main scheme applicant","All","95","95","0.979","0"
"2010","-2 points","Quintile 4","Main scheme applicant","All","45","35","0.86","0"
"2011","-2 points","Quintile 4","Main scheme applicant","All","60","60","0.9510000000000001","0"
"2012","-2 points","Quintile 4","Main scheme applicant","All","60","55","0.898","0"
"2013","-2 points","Quintile 4","Main scheme applicant","All","65","60","0.9380000000000001","0"
"2014","-2 points","Quintile 4","Main scheme applicant","All","70","65","0.926","0"
"2015","-2 points","Quintile 4","Main scheme applicant","All","65","60","0.968","0"
"2016","-2 points","Quintile 4","Main scheme applicant","All","65","60","0.9380000000000001","0"
"2017","-2 points","Quintile 4","Main scheme applicant","All","55","50","0.893","0"
"2018","-2 points","Quintile 4","Main scheme applicant","All","60","60","0.935","0"
"2019","-2 points","Quintile 4","Main scheme applicant","All","50","45","0.902","0"
"2020","-2 points","Quintile 4","Main scheme applicant","All","45","40","0.844","0"
"2021","-2 points","Quintile 4","Main scheme applicant","All","45","40","0.891","0"
"2022","-2 points","Quintile 4","Main scheme applicant","All","80","70","0.9","0"
"2023","-2 points","Quintile 4","Main scheme applicant","All","95","90","0.9570000000000001","0"
"2010","-3 points","Quintile 4","Main scheme applicant","All","45","40","0.909","0"
"2011","-3 points","Quintile 4","Main scheme applicant","All","40","35","0.902","0"
"2012","-3 points","Quintile 4","Main scheme applicant","All","40","40","0.974","0"
"2013","-3 points","Quintile 4","Main scheme applicant","All","45","40","0.93","0"
"2014","-3 points","Quintile 4","Main scheme applicant","All","50","50","0.962","0"
"2015","-3 points","Quintile 4","Main scheme applicant","All","60","50","0.862","0"
"2016","-3 points","Quintile 4","Main scheme applicant","All","45","40","0.933","0"
"2017","-3 points","Quintile 4","Main scheme applicant","All","65","55","0.891","0"
"2018","-3 points","Quintile 4","Main scheme applicant","All","55","50","0.906","0"
"2019","-3 points","Quintile 4","Main scheme applicant","All","35","35","0.973","0"
"2020","-3 points","Quintile 4","Main scheme applicant","All","40","35","0.897","0"
"2021","-3 points","Quintile 4","Main scheme applicant","All","30","25","0.806","0"
"2022","-3 points","Quintile 4","Main scheme applicant","All","65","60","0.896","0"
"2023","-3 points","Quintile 4","Main scheme applicant","All","75","65","0.868","0"
"2010","-4 points","Quintile 4","Main scheme applicant","All","40","35","0.921","0"
"2011","-4 points","Quintile 4","Main scheme applicant","All","50","45","0.882","0"
"2012","-4 points","Quintile 4","Main scheme applicant","All","40","35","0.875","0"
"2013","-4 points","Quintile 4","Main scheme applicant","All","25","25","0.926","0"
"2014","-4 points","Quintile 4","Main scheme applicant","All","40","40","0.976","0"
"2015","-4 points","Quintile 4","Main scheme applicant","All","55","50","0.906","0"
"2016","-4 points","Quintile 4","Main scheme applicant","All","35","35","0.919","0"
"2017","-4 points","Quintile 4","Main scheme applicant","All","40","40","0.927","0"
"2018","-4 points","Quintile 4","Main scheme applicant","All","45","40","0.9530000000000001","0"
"2019","-4 points","Quintile 4","Main scheme applicant","All","45","40","0.886","0"
"2020","-4 points","Quintile 4","Main scheme applicant","All","25","20","0.8","0"
"2021","-4 points","Quintile 4","Main scheme applicant","All","25","25","0.9580000000000001","0"
"2022","-4 points","Quintile 4","Main scheme applicant","All","40","40","0.976","0"
"2023","-4 points","Quintile 4","Main scheme applicant","All","55","50","0.9440000000000001","0"
"2010","-5 points","Quintile 4","Main scheme applicant","All","30","30","0.967","0"
"2011","-5 points","Quintile 4","Main scheme applicant","All","30","25","0.857","0"
"2012","-5 points","Quintile 4","Main scheme applicant","All","30","25","0.871","0"
"2013","-5 points","Quintile 4","Main scheme applicant","All","30","25","0.806","0"
"2014","-5 points","Quintile 4","Main scheme applicant","All","30","25","0.871","0"
"2015","-5 points","Quintile 4","Main scheme applicant","All","35","30","0.882","0"
"2016","-5 points","Quintile 4","Main scheme applicant","All","30","30","0.906","0"
"2017","-5 points","Quintile 4","Main scheme applicant","All","30","30","0.906","0"
"2018","-5 points","Quintile 4","Main scheme applicant","All","35","35","0.9430000000000001","0"
"2019","-5 points","Quintile 4","Main scheme applicant","All","25","25","0.923","0"
"2020","-5 points","Quintile 4","Main scheme applicant","All","10","10"," ","0"
"2021","-5 points","Quintile 4","Main scheme applicant","All","20","15","0.842","0"
"2022","-5 points","Quintile 4","Main scheme applicant","All","35","30","0.886","0"
"2023","-5 points","Quintile 4","Main scheme applicant","All","40","40","0.905","0"
"2010","-6 points","Quintile 4","Main scheme applicant","All","15","15","0.9410000000000001","0"
"2011","-6 points","Quintile 4","Main scheme applicant","All","25","20","0.792","0"
"2012","-6 points","Quintile 4","Main scheme applicant","All","30","30","0.935","0"
"2013","-6 points","Quintile 4","Main scheme applicant","All","30","25","0.857","0"
"2014","-6 points","Quintile 4","Main scheme applicant","All","15","15","0.765","0"
"2015","-6 points","Quintile 4","Main scheme applicant","All","30","25","0.893","0"
"2016","-6 points","Quintile 4","Main scheme applicant","All","15","15","1","0"
"2017","-6 points","Quintile 4","Main scheme applicant","All","20","20","0.9550000000000001","0"
"2018","-6 points","Quintile 4","Main scheme applicant","All","25","25","0.92","0"
"2019","-6 points","Quintile 4","Main scheme applicant","All","10","10","0.909","0"
"2020","-6 points","Quintile 4","Main scheme applicant","All","5","5"," ","0"
"2021","-6 points","Quintile 4","Main scheme applicant","All","15","10","0.8","0"
"2022","-6 points","Quintile 4","Main scheme applicant","All","25","25","0.963","0"
"2023","-6 points","Quintile 4","Main scheme applicant","All","30","30","0.967","0"
"2010","Less than -6 points","Quintile 4","Main scheme applicant","All","50","45","0.918","0"
"2011","Less than -6 points","Quintile 4","Main scheme applicant","All","30","30","0.969","0"
"2012","Less than -6 points","Quintile 4","Main scheme applicant","All","40","35","0.857","0"
"2013","Less than -6 points","Quintile 4","Main scheme applicant","All","50","45","0.898","0"
"2014","Less than -6 points","Quintile 4","Main scheme applicant","All","40","35","0.846","0"
"2015","Less than -6 points","Quintile 4","Main scheme applicant","All","50","40","0.796","0"
"2016","Less than -6 points","Quintile 4","Main scheme applicant","All","35","30","0.886","0"
"2017","Less than -6 points","Quintile 4","Main scheme applicant","All","50","45","0.9380000000000001","0"
"2018","Less than -6 points","Quintile 4","Main scheme applicant","All","50","45","0.896","0"
"2019","Less than -6 points","Quintile 4","Main scheme applicant","All","40","30","0.769","0"
"2020","Less than -6 points","Quintile 4","Main scheme applicant","All","25","25","0.9580000000000001","0"
"2021","Less than -6 points","Quintile 4","Main scheme applicant","All","30","25","0.871","0"
"2022","Less than -6 points","Quintile 4","Main scheme applicant","All","45","35","0.86","0"
"2023","Less than -6 points","Quintile 4","Main scheme applicant","All","55","50","0.906","0"
"2010","0 points","Quintile 5","Main scheme applicant","All","320","305","0.9410000000000001","0"
"2011","0 points","Quintile 5","Main scheme applicant","All","340","320","0.9410000000000001","0"
"2012","0 points","Quintile 5","Main scheme applicant","All","340","305","0.902","0"
"2013","0 points","Quintile 5","Main scheme applicant","All","425","395","0.932","0"
"2014","0 points","Quintile 5","Main scheme applicant","All","385","365","0.9380000000000001","0"
"2015","0 points","Quintile 5","Main scheme applicant","All","435","405","0.931","0"
"2016","0 points","Quintile 5","Main scheme applicant","All","440","405","0.92","0"
"2017","0 points","Quintile 5","Main scheme applicant","All","430","405","0.9420000000000001","0"
"2018","0 points","Quintile 5","Main scheme applicant","All","460","435","0.9480000000000001","0"
"2019","0 points","Quintile 5","Main scheme applicant","All","430","410","0.9510000000000001","0"
"2020","0 points","Quintile 5","Main scheme applicant","All","660","620","0.936","0"
"2021","0 points","Quintile 5","Main scheme applicant","All","855","800","0.9380000000000001","0"
"2022","0 points","Quintile 5","Main scheme applicant","All","600","565","0.935","0"
"2023","0 points","Quintile 5","Main scheme applicant","All","575","550","0.9550000000000001","0"
"2010","1 points","Quintile 5","Main scheme applicant","All","40","35","0.902","0"
"2011","1 points","Quintile 5","Main scheme applicant","All","45","45","0.915","0"
"2012","1 points","Quintile 5","Main scheme applicant","All","45","45","0.936","0"
"2013","1 points","Quintile 5","Main scheme applicant","All","60","60","1","0"
"2014","1 points","Quintile 5","Main scheme applicant","All","35","35","1","0"
"2015","1 points","Quintile 5","Main scheme applicant","All","45","45","1","0"
"2016","1 points","Quintile 5","Main scheme applicant","All","50","45","0.9580000000000001","0"
"2017","1 points","Quintile 5","Main scheme applicant","All","40","40","0.974","0"
"2018","1 points","Quintile 5","Main scheme applicant","All","40","35","0.854","0"
"2019","1 points","Quintile 5","Main scheme applicant","All","45","40","0.907","0"
"2020","1 points","Quintile 5","Main scheme applicant","All","65","55","0.889","0"
"2021","1 points","Quintile 5","Main scheme applicant","All","85","70","0.833","0"
"2022","1 points","Quintile 5","Main scheme applicant","All","45","45","1","0"
"2023","1 points","Quintile 5","Main scheme applicant","All","45","40","0.864","0"
"2010","2 points","Quintile 5","Main scheme applicant","All","25","25","0.96","0"
"2011","2 points","Quintile 5","Main scheme applicant","All","15","15","1","0"
"2012","2 points","Quintile 5","Main scheme applicant","All","10","10","0.909","0"
"2013","2 points","Quintile 5","Main scheme applicant","All","15","10","0.857","0"
"2014","2 points","Quintile 5","Main scheme applicant","All","10","10","1","0"
"2015","2 points","Quintile 5","Main scheme applicant","All","15","10","0.786","0"
"2016","2 points","Quintile 5","Main scheme applicant","All","10","5"," ","0"
"2017","2 points","Quintile 5","Main scheme applicant","All","10","10"," ","0"
"2018","2 points","Quintile 5","Main scheme applicant","All","5","5"," ","0"
"2019","2 points","Quintile 5","Main scheme applicant","All","10","10","0.917","0"
"2020","2 points","Quintile 5","Main scheme applicant","All","10","10","1","0"
"2021","2 points","Quintile 5","Main scheme applicant","All","20","15","0.789","0"
"2022","2 points","Quintile 5","Main scheme applicant","All","15","15","1","0"
"2023","2 points","Quintile 5","Main scheme applicant","All","5","5"," ","0"
"2011","3 points","Quintile 5","Main scheme applicant","All","5","5"," ","0"
"2013","3 points","Quintile 5","Main scheme applicant","All","5","5"," ","0"
"2014","3 points","Quintile 5","Main scheme applicant","All","5","5"," ","0"
"2015","3 points","Quintile 5","Main scheme applicant","All","5","5"," ","0"
"2016","3 points","Quintile 5","Main scheme applicant","All","5","5"," ","0"
"2017","3 points","Quintile 5","Main scheme applicant","All","5","5"," ","0"
"2020","3 points","Quintile 5","Main scheme applicant","All","10","10"," ","0"
"2021","3 points","Quintile 5","Main scheme applicant","All","5","5"," ","0"
"2022","3 points","Quintile 5","Main scheme applicant","All","5","5"," ","0"
"2023","3 points","Quintile 5","Main scheme applicant","All","5","0"," ","0"
"2011","More than 3 points","Quintile 5","Main scheme applicant","All","5","5"," ","0"
"2010","-1 points","Quintile 5","Main scheme applicant","All","160","145","0.913","0"
"2011","-1 points","Quintile 5","Main scheme applicant","All","220","195","0.894","0"
"2012","-1 points","Quintile 5","Main scheme applicant","All","185","165","0.872","0"
"2013","-1 points","Quintile 5","Main scheme applicant","All","220","200","0.909","0"
"2014","-1 points","Quintile 5","Main scheme applicant","All","190","175","0.916","0"
"2015","-1 points","Quintile 5","Main scheme applicant","All","235","210","0.889","0"
"2016","-1 points","Quintile 5","Main scheme applicant","All","230","215","0.926","0"
"2017","-1 points","Quintile 5","Main scheme applicant","All","240","215","0.884","0"
"2018","-1 points","Quintile 5","Main scheme applicant","All","245","220","0.895","0"
"2019","-1 points","Quintile 5","Main scheme applicant","All","195","185","0.9490000000000001","0"
"2020","-1 points","Quintile 5","Main scheme applicant","All","210","195","0.928","0"
"2021","-1 points","Quintile 5","Main scheme applicant","All","220","200","0.896","0"
"2022","-1 points","Quintile 5","Main scheme applicant","All","245","220","0.898","0"
"2023","-1 points","Quintile 5","Main scheme applicant","All","260","245","0.935","0"
"2010","-2 points","Quintile 5","Main scheme applicant","All","140","130","0.901","0"
"2011","-2 points","Quintile 5","Main scheme applicant","All","165","150","0.915","0"
"2012","-2 points","Quintile 5","Main scheme applicant","All","175","160","0.903","0"
"2013","-2 points","Quintile 5","Main scheme applicant","All","180","170","0.923","0"
"2014","-2 points","Quintile 5","Main scheme applicant","All","160","140","0.857","0"
"2015","-2 points","Quintile 5","Main scheme applicant","All","195","180","0.908","0"
"2016","-2 points","Quintile 5","Main scheme applicant","All","180","160","0.9","0"
"2017","-2 points","Quintile 5","Main scheme applicant","All","180","170","0.9390000000000001","0"
"2018","-2 points","Quintile 5","Main scheme applicant","All","190","175","0.916","0"
"2019","-2 points","Quintile 5","Main scheme applicant","All","160","150","0.931","0"
"2020","-2 points","Quintile 5","Main scheme applicant","All","140","130","0.936","0"
"2021","-2 points","Quintile 5","Main scheme applicant","All","140","130","0.922","0"
"2022","-2 points","Quintile 5","Main scheme applicant","All","200","175","0.894","0"
"2023","-2 points","Quintile 5","Main scheme applicant","All","235","225","0.9530000000000001","0"
"2010","-3 points","Quintile 5","Main scheme applicant","All","145","130","0.889","0"
"2011","-3 points","Quintile 5","Main scheme applicant","All","135","130","0.9490000000000001","0"
"2012","-3 points","Quintile 5","Main scheme applicant","All","105","95","0.915","0"
"2013","-3 points","Quintile 5","Main scheme applicant","All","125","115","0.919","0"
"2014","-3 points","Quintile 5","Main scheme applicant","All","145","130","0.923","0"
"2015","-3 points","Quintile 5","Main scheme applicant","All","140","125","0.901","0"
"2016","-3 points","Quintile 5","Main scheme applicant","All","120","105","0.874","0"
"2017","-3 points","Quintile 5","Main scheme applicant","All","140","130","0.908","0"
"2018","-3 points","Quintile 5","Main scheme applicant","All","135","125","0.905","0"
"2019","-3 points","Quintile 5","Main scheme applicant","All","140","130","0.9500000000000001","0"
"2020","-3 points","Quintile 5","Main scheme applicant","All","90","85","0.934","0"
"2021","-3 points","Quintile 5","Main scheme applicant","All","85","80","0.908","0"
"2022","-3 points","Quintile 5","Main scheme applicant","All","135","120","0.897","0"
"2023","-3 points","Quintile 5","Main scheme applicant","All","165","150","0.92","0"
"2010","-4 points","Quintile 5","Main scheme applicant","All","120","110","0.924","0"
"2011","-4 points","Quintile 5","Main scheme applicant","All","125","110","0.903","0"
"2012","-4 points","Quintile 5","Main scheme applicant","All","130","120","0.894","0"
"2013","-4 points","Quintile 5","Main scheme applicant","All","115","105","0.9390000000000001","0"
"2014","-4 points","Quintile 5","Main scheme applicant","All","120","105","0.868","0"
"2015","-4 points","Quintile 5","Main scheme applicant","All","120","110","0.933","0"
"2016","-4 points","Quintile 5","Main scheme applicant","All","120","115","0.9420000000000001","0"
"2017","-4 points","Quintile 5","Main scheme applicant","All","105","95","0.896","0"
"2018","-4 points","Quintile 5","Main scheme applicant","All","105","100","0.9520000000000001","0"
"2019","-4 points","Quintile 5","Main scheme applicant","All","115","100","0.867","0"
"2020","-4 points","Quintile 5","Main scheme applicant","All","75","70","0.895","0"
"2021","-4 points","Quintile 5","Main scheme applicant","All","70","65","0.914","0"
"2022","-4 points","Quintile 5","Main scheme applicant","All","115","105","0.897","0"
"2023","-4 points","Quintile 5","Main scheme applicant","All","145","135","0.918","0"
"2010","-5 points","Quintile 5","Main scheme applicant","All","80","75","0.924","0"
"2011","-5 points","Quintile 5","Main scheme applicant","All","70","65","0.926","0"
"2012","-5 points","Quintile 5","Main scheme applicant","All","85","70","0.81","0"
"2013","-5 points","Quintile 5","Main scheme applicant","All","110","100","0.911","0"
"2014","-5 points","Quintile 5","Main scheme applicant","All","90","75","0.875","0"
"2015","-5 points","Quintile 5","Main scheme applicant","All","90","85","0.9450000000000001","0"
"2016","-5 points","Quintile 5","Main scheme applicant","All","75","75","0.961","0"
"2017","-5 points","Quintile 5","Main scheme applicant","All","80","75","0.914","0"
"2018","-5 points","Quintile 5","Main scheme applicant","All","85","75","0.885","0"
"2019","-5 points","Quintile 5","Main scheme applicant","All","90","85","0.9450000000000001","0"
"2020","-5 points","Quintile 5","Main scheme applicant","All","45","40","0.911","0"
"2021","-5 points","Quintile 5","Main scheme applicant","All","50","45","0.898","0"
"2022","-5 points","Quintile 5","Main scheme applicant","All","95","85","0.894","0"
"2023","-5 points","Quintile 5","Main scheme applicant","All","115","110","0.9480000000000001","0"
"2010","-6 points","Quintile 5","Main scheme applicant","All","60","50","0.864","0"
"2011","-6 points","Quintile 5","Main scheme applicant","All","60","50","0.864","0"
"2012","-6 points","Quintile 5","Main scheme applicant","All","65","60","0.923","0"
"2013","-6 points","Quintile 5","Main scheme applicant","All","50","45","0.885","0"
"2014","-6 points","Quintile 5","Main scheme applicant","All","60","50","0.867","0"
"2015","-6 points","Quintile 5","Main scheme applicant","All","60","50","0.845","0"
"2016","-6 points","Quintile 5","Main scheme applicant","All","70","60","0.912","0"
"2017","-6 points","Quintile 5","Main scheme applicant","All","55","50","0.906","0"
"2018","-6 points","Quintile 5","Main scheme applicant","All","50","45","0.878","0"
"2019","-6 points","Quintile 5","Main scheme applicant","All","50","45","0.88","0"
"2020","-6 points","Quintile 5","Main scheme applicant","All","25","25","0.96","0"
"2021","-6 points","Quintile 5","Main scheme applicant","All","30","25","0.893","0"
"2022","-6 points","Quintile 5","Main scheme applicant","All","60","55","0.902","0"
"2023","-6 points","Quintile 5","Main scheme applicant","All","65","60","0.9380000000000001","0"
"2010","Less than -6 points","Quintile 5","Main scheme applicant","All","125","110","0.894","0"
"2011","Less than -6 points","Quintile 5","Main scheme applicant","All","125","105","0.87","0"
"2012","Less than -6 points","Quintile 5","Main scheme applicant","All","105","95","0.879","0"
"2013","Less than -6 points","Quintile 5","Main scheme applicant","All","120","105","0.875","0"
"2014","Less than -6 points","Quintile 5","Main scheme applicant","All","130","120","0.924","0"
"2015","Less than -6 points","Quintile 5","Main scheme applicant","All","115","100","0.877","0"
"2016","Less than -6 points","Quintile 5","Main scheme applicant","All","120","105","0.881","0"
"2017","Less than -6 points","Quintile 5","Main scheme applicant","All","125","100","0.8230000000000001","0"
"2018","Less than -6 points","Quintile 5","Main scheme applicant","All","115","105","0.922","0"
"2019","Less than -6 points","Quintile 5","Main scheme applicant","All","120","100","0.8250000000000001","0"
"2020","Less than -6 points","Quintile 5","Main scheme applicant","All","40","35","0.875","0"
"2021","Less than -6 points","Quintile 5","Main scheme applicant","All","95","85","0.884","0"
"2022","Less than -6 points","Quintile 5","Main scheme applicant","All","100","90","0.908","0"
"2023","Less than -6 points","Quintile 5","Main scheme applicant","All","100","95","0.921","0"
"2011","All","Unknown","Main scheme applicant","All","5","5"," ","0"
"2013","All","Unknown","Main scheme applicant","All","5","0"," ","0"
"2010","All","Quintile 1","Main scheme applicant","All","40","35","0.921","0"
"2011","All","Quintile 1","Main scheme applicant","All","35","35","0.973","0"
"2012","All","Quintile 1","Main scheme applicant","All","50","45","0.917","0"
"2013","All","Quintile 1","Main scheme applicant","All","40","35","0.857","0"
"2014","All","Quintile 1","Main scheme applicant","All","35","35","0.9460000000000001","0"
"2015","All","Quintile 1","Main scheme applicant","All","55","50","0.906","0"
"2016","All","Quintile 1","Main scheme applicant","All","55","45","0.849","0"
"2017","All","Quintile 1","Main scheme applicant","All","65","60","0.909","0"
"2018","All","Quintile 1","Main scheme applicant","All","55","50","0.911","0"
"2019","All","Quintile 1","Main scheme applicant","All","65","60","0.925","0"
"2020","All","Quintile 1","Main scheme applicant","All","80","70","0.91","0"
"2021","All","Quintile 1","Main scheme applicant","All","85","80","0.9520000000000001","0"
"2022","All","Quintile 1","Main scheme applicant","All","125","115","0.9510000000000001","0"
"2023","All","Quintile 1","Main scheme applicant","All","100","95","0.9410000000000001","0"
"2010","All","Quintile 2","Main scheme applicant","All","115","105","0.93","0"
"2011","All","Quintile 2","Main scheme applicant","All","100","90","0.909","0"
"2012","All","Quintile 2","Main scheme applicant","All","125","110","0.911","0"
"2013","All","Quintile 2","Main scheme applicant","All","125","120","0.9440000000000001","0"
"2014","All","Quintile 2","Main scheme applicant","All","125","120","0.96","0"
"2015","All","Quintile 2","Main scheme applicant","All","115","100","0.894","0"
"2016","All","Quintile 2","Main scheme applicant","All","145","135","0.917","0"
"2017","All","Quintile 2","Main scheme applicant","All","115","105","0.896","0"
"2018","All","Quintile 2","Main scheme applicant","All","175","155","0.902","0"
"2019","All","Quintile 2","Main scheme applicant","All","165","155","0.9390000000000001","0"
"2020","All","Quintile 2","Main scheme applicant","All","155","145","0.924","0"
"2021","All","Quintile 2","Main scheme applicant","All","160","150","0.9430000000000001","0"
"2022","All","Quintile 2","Main scheme applicant","All","190","175","0.92","0"
"2023","All","Quintile 2","Main scheme applicant","All","190","185","0.968","0"
"2010","All","Quintile 3","Main scheme applicant","All","215","195","0.903","0"
"2011","All","Quintile 3","Main scheme applicant","All","235","215","0.919","0"
"2012","All","Quintile 3","Main scheme applicant","All","240","215","0.888","0"
"2013","All","Quintile 3","Main scheme applicant","All","255","235","0.925","0"
"2014","All","Quintile 3","Main scheme applicant","All","275","245","0.887","0"
"2015","All","Quintile 3","Main scheme applicant","All","270","245","0.901","0"
"2016","All","Quintile 3","Main scheme applicant","All","275","245","0.892","0"
"2017","All","Quintile 3","Main scheme applicant","All","270","250","0.929","0"
"2018","All","Quintile 3","Main scheme applicant","All","280","255","0.904","0"
"2019","All","Quintile 3","Main scheme applicant","All","295","275","0.929","0"
"2020","All","Quintile 3","Main scheme applicant","All","290","270","0.928","0"
"2021","All","Quintile 3","Main scheme applicant","All","325","300","0.911","0"
"2022","All","Quintile 3","Main scheme applicant","All","375","335","0.901","0"
"2023","All","Quintile 3","Main scheme applicant","All","365","350","0.962","0"
"2010","All","Quintile 4","Main scheme applicant","All","390","360","0.923","0"
"2011","All","Quintile 4","Main scheme applicant","All","415","375","0.901","0"
"2012","All","Quintile 4","Main scheme applicant","All","410","370","0.907","0"
"2013","All","Quintile 4","Main scheme applicant","All","425","385","0.906","0"
"2014","All","Quintile 4","Main scheme applicant","All","440","415","0.934","0"
"2015","All","Quintile 4","Main scheme applicant","All","465","420","0.901","0"
"2016","All","Quintile 4","Main scheme applicant","All","445","410","0.928","0"
"2017","All","Quintile 4","Main scheme applicant","All","460","420","0.905","0"
"2018","All","Quintile 4","Main scheme applicant","All","460","430","0.935","0"
"2019","All","Quintile 4","Main scheme applicant","All","405","370","0.914","0"
"2020","All","Quintile 4","Main scheme applicant","All","440","400","0.912","0"
"2021","All","Quintile 4","Main scheme applicant","All","475","425","0.897","0"
"2022","All","Quintile 4","Main scheme applicant","All","525","490","0.926","0"
"2023","All","Quintile 4","Main scheme applicant","All","605","565","0.937","0"
"2010","All","Quintile 5","Main scheme applicant","All","1215","1110","0.914","0"
"2011","All","Quintile 5","Main scheme applicant","All","1305","1195","0.916","0"
"2012","All","Quintile 5","Main scheme applicant","All","1255","1120","0.892","0"
"2013","All","Quintile 5","Main scheme applicant","All","1425","1310","0.921","0"
"2014","All","Quintile 5","Main scheme applicant","All","1330","1210","0.911","0"
"2015","All","Quintile 5","Main scheme applicant","All","1455","1330","0.913","0"
"2016","All","Quintile 5","Main scheme applicant","All","1415","1295","0.915","0"
"2017","All","Quintile 5","Main scheme applicant","All","1410","1290","0.913","0"
"2018","All","Quintile 5","Main scheme applicant","All","1435","1320","0.919","0"
"2019","All","Quintile 5","Main scheme applicant","All","1355","1255","0.926","0"
"2020","All","Quintile 5","Main scheme applicant","All","1370","1275","0.929","0"
"2021","All","Quintile 5","Main scheme applicant","All","1650","1515","0.916","0"
"2022","All","Quintile 5","Main scheme applicant","All","1610","1475","0.916","0"
"2023","All","Quintile 5","Main scheme applicant","All","1715","1610","0.9390000000000001","0"
"2010","0 points","All","Main scheme applicant","All","475","445","0.937","0"
"2011","0 points","All","Main scheme applicant","All","505","475","0.9430000000000001","0"
"2012","0 points","All","Main scheme applicant","All","505","460","0.915","0"
"2013","0 points","All","Main scheme applicant","All","610","565","0.921","0"
"2014","0 points","All","Main scheme applicant","All","555","520","0.9390000000000001","0"
"2015","0 points","All","Main scheme applicant","All","615","570","0.931","0"
"2016","0 points","All","Main scheme applicant","All","685","635","0.928","0"
"2017","0 points","All","Main scheme applicant","All","650","610","0.9400000000000001","0"
"2018","0 points","All","Main scheme applicant","All","680","650","0.9500000000000001","0"
"2019","0 points","All","Main scheme applicant","All","660","635","0.961","0"
"2020","0 points","All","Main scheme applicant","All","1040","970","0.932","0"
"2021","0 points","All","Main scheme applicant","All","1265","1175","0.929","0"
"2022","0 points","All","Main scheme applicant","All","870","815","0.936","0"
"2023","0 points","All","Main scheme applicant","All","850","815","0.9580000000000001","0"
"2010","1 points","All","Main scheme applicant","All","85","75","0.916","0"
"2011","1 points","All","Main scheme applicant","All","80","75","0.925","0"
"2012","1 points","All","Main scheme applicant","All","75","70","0.907","0"
"2013","1 points","All","Main scheme applicant","All","95","90","0.9570000000000001","0"
"2014","1 points","All","Main scheme applicant","All","70","65","0.9420000000000001","0"
"2015","1 points","All","Main scheme applicant","All","75","75","1","0"
"2016","1 points","All","Main scheme applicant","All","95","90","0.968","0"
"2017","1 points","All","Main scheme applicant","All","60","50","0.881","0"
"2018","1 points","All","Main scheme applicant","All","80","70","0.872","0"
"2019","1 points","All","Main scheme applicant","All","70","65","0.9440000000000001","0"
"2020","1 points","All","Main scheme applicant","All","135","125","0.905","0"
"2021","1 points","All","Main scheme applicant","All","150","130","0.88","0"
"2022","1 points","All","Main scheme applicant","All","70","70","0.972","0"
"2023","1 points","All","Main scheme applicant","All","70","65","0.887","0"
"2010","2 points","All","Main scheme applicant","All","35","35","0.972","0"
"2011","2 points","All","Main scheme applicant","All","25","25","0.963","0"
"2012","2 points","All","Main scheme applicant","All","20","20","0.9","0"
"2013","2 points","All","Main scheme applicant","All","30","30","0.903","0"
"2014","2 points","All","Main scheme applicant","All","25","25","1","0"
"2015","2 points","All","Main scheme applicant","All","25","20","0.875","0"
"2016","2 points","All","Main scheme applicant","All","25","20","0.846","0"
"2017","2 points","All","Main scheme applicant","All","20","15","0.895","0"
"2018","2 points","All","Main scheme applicant","All","15","15","0.8130000000000001","0"
"2019","2 points","All","Main scheme applicant","All","20","15","0.889","0"
"2020","2 points","All","Main scheme applicant","All","35","35","1","0"
"2021","2 points","All","Main scheme applicant","All","35","30","0.8240000000000001","0"
"2022","2 points","All","Main scheme applicant","All","30","30","1","0"
"2023","2 points","All","Main scheme applicant","All","20","15","0.833","0"
"2010","3 points","All","Main scheme applicant","All","5","0"," ","0"
"2011","3 points","All","Main scheme applicant","All","5","5"," ","0"
"2012","3 points","All","Main scheme applicant","All","5","5"," ","0"
"2013","3 points","All","Main scheme applicant","All","10","10"," ","0"
"2014","3 points","All","Main scheme applicant","All","5","5"," ","0"
"2015","3 points","All","Main scheme applicant","All","5","5"," ","0"
"2016","3 points","All","Main scheme applicant","All","5","5"," ","0"
"2017","3 points","All","Main scheme applicant","All","5","5"," ","0"
"2019","3 points","All","Main scheme applicant","All","5","5"," ","0"
"2020","3 points","All","Main scheme applicant","All","15","15","1","0"
"2021","3 points","All","Main scheme applicant","All","10","10","0.917","0"
"2022","3 points","All","Main scheme applicant","All","5","5"," ","0"
"2023","3 points","All","Main scheme applicant","All","5","5"," ","0"
"2011","More than 3 points","All","Main scheme applicant","All","5","5"," ","0"
"2012","More than 3 points","All","Main scheme applicant","All","5","5"," ","0"
"2014","More than 3 points","All","Main scheme applicant","All","5","5"," ","0"
"2010","-1 points","All","Main scheme applicant","All","265","245","0.921","0"
"2011","-1 points","All","Main scheme applicant","All","325","290","0.893","0"
"2012","-1 points","All","Main scheme applicant","All","310","275","0.893","0"
"2013","-1 points","All","Main scheme applicant","All","340","310","0.911","0"
"2014","-1 points","All","Main scheme applicant","All","325","305","0.936","0"
"2015","-1 points","All","Main scheme applicant","All","365","330","0.907","0"
"2016","-1 points","All","Main scheme applicant","All","350","320","0.92","0"
"2017","-1 points","All","Main scheme applicant","All","380","345","0.903","0"
"2018","-1 points","All","Main scheme applicant","All","375","340","0.912","0"
"2019","-1 points","All","Main scheme applicant","All","340","320","0.9410000000000001","0"
"2020","-1 points","All","Main scheme applicant","All","365","335","0.926","0"
"2021","-1 points","All","Main scheme applicant","All","390","360","0.92","0"
"2022","-1 points","All","Main scheme applicant","All","430","390","0.914","0"
"2023","-1 points","All","Main scheme applicant","All","440","420","0.9480000000000001","0"
"2010","-2 points","All","Main scheme applicant","All","225","205","0.903","0"
"2011","-2 points","All","Main scheme applicant","All","285","260","0.923","0"
"2012","-2 points","All","Main scheme applicant","All","285","260","0.906","0"
"2013","-2 points","All","Main scheme applicant","All","300","280","0.933","0"
"2014","-2 points","All","Main scheme applicant","All","285","250","0.881","0"
"2015","-2 points","All","Main scheme applicant","All","325","300","0.917","0"
"2016","-2 points","All","Main scheme applicant","All","295","265","0.904","0"
"2017","-2 points","All","Main scheme applicant","All","285","265","0.923","0"
"2018","-2 points","All","Main scheme applicant","All","305","285","0.922","0"
"2019","-2 points","All","Main scheme applicant","All","285","265","0.93","0"
"2020","-2 points","All","Main scheme applicant","All","245","230","0.931","0"
"2021","-2 points","All","Main scheme applicant","All","245","225","0.919","0"
"2022","-2 points","All","Main scheme applicant","All","355","315","0.892","0"
"2023","-2 points","All","Main scheme applicant","All","430","410","0.9530000000000001","0"
"2010","-3 points","All","Main scheme applicant","All","230","205","0.892","0"
"2011","-3 points","All","Main scheme applicant","All","230","215","0.931","0"
"2012","-3 points","All","Main scheme applicant","All","200","180","0.91","0"
"2013","-3 points","All","Main scheme applicant","All","215","200","0.925","0"
"2014","-3 points","All","Main scheme applicant","All","260","240","0.93","0"
"2015","-3 points","All","Main scheme applicant","All","245","220","0.898","0"
"2016","-3 points","All","Main scheme applicant","All","225","205","0.894","0"
"2017","-3 points","All","Main scheme applicant","All","260","235","0.911","0"
"2018","-3 points","All","Main scheme applicant","All","245","220","0.887","0"
"2019","-3 points","All","Main scheme applicant","All","230","215","0.934","0"
"2020","-3 points","All","Main scheme applicant","All","170","155","0.912","0"
"2021","-3 points","All","Main scheme applicant","All","150","135","0.895","0"
"2022","-3 points","All","Main scheme applicant","All","290","260","0.897","0"
"2023","-3 points","All","Main scheme applicant","All","310","280","0.909","0"
"2010","-4 points","All","Main scheme applicant","All","195","180","0.924","0"
"2011","-4 points","All","Main scheme applicant","All","215","190","0.892","0"
"2012","-4 points","All","Main scheme applicant","All","215","190","0.889","0"
"2013","-4 points","All","Main scheme applicant","All","185","175","0.93","0"
"2014","-4 points","All","Main scheme applicant","All","205","190","0.913","0"
"2015","-4 points","All","Main scheme applicant","All","215","195","0.912","0"
"2016","-4 points","All","Main scheme applicant","All","200","180","0.899","0"
"2017","-4 points","All","Main scheme applicant","All","180","165","0.901","0"
"2018","-4 points","All","Main scheme applicant","All","205","190","0.922","0"
"2019","-4 points","All","Main scheme applicant","All","200","180","0.881","0"
"2020","-4 points","All","Main scheme applicant","All","125","110","0.887","0"
"2021","-4 points","All","Main scheme applicant","All","135","125","0.933","0"
"2022","-4 points","All","Main scheme applicant","All","230","210","0.905","0"
"2023","-4 points","All","Main scheme applicant","All","295","280","0.9390000000000001","0"
"2010","-5 points","All","Main scheme applicant","All","135","125","0.926","0"
"2011","-5 points","All","Main scheme applicant","All","120","110","0.91","0"
"2012","-5 points","All","Main scheme applicant","All","145","120","0.8250000000000001","0"
"2013","-5 points","All","Main scheme applicant","All","175","160","0.903","0"
"2014","-5 points","All","Main scheme applicant","All","145","130","0.884","0"
"2015","-5 points","All","Main scheme applicant","All","165","150","0.902","0"
"2016","-5 points","All","Main scheme applicant","All","135","125","0.926","0"
"2017","-5 points","All","Main scheme applicant","All","155","140","0.922","0"
"2018","-5 points","All","Main scheme applicant","All","160","145","0.9","0"
"2019","-5 points","All","Main scheme applicant","All","165","155","0.928","0"
"2020","-5 points","All","Main scheme applicant","All","75","65","0.892","0"
"2021","-5 points","All","Main scheme applicant","All","95","85","0.884","0"
"2022","-5 points","All","Main scheme applicant","All","190","170","0.905","0"
"2023","-5 points","All","Main scheme applicant","All","205","195","0.9460000000000001","0"
"2010","-6 points","All","Main scheme applicant","All","100","90","0.88","0"
"2011","-6 points","All","Main scheme applicant","All","110","90","0.852","0"
"2012","-6 points","All","Main scheme applicant","All","125","115","0.913","0"
"2013","-6 points","All","Main scheme applicant","All","100","90","0.88","0"
"2014","-6 points","All","Main scheme applicant","All","105","90","0.868","0"
"2015","-6 points","All","Main scheme applicant","All","110","95","0.856","0"
"2016","-6 points","All","Main scheme applicant","All","110","100","0.891","0"
"2017","-6 points","All","Main scheme applicant","All","100","90","0.911","0"
"2018","-6 points","All","Main scheme applicant","All","105","95","0.904","0"
"2019","-6 points","All","Main scheme applicant","All","95","85","0.876","0"
"2020","-6 points","All","Main scheme applicant","All","55","50","0.962","0"
"2021","-6 points","All","Main scheme applicant","All","60","55","0.883","0"
"2022","-6 points","All","Main scheme applicant","All","125","110","0.903","0"
"2023","-6 points","All","Main scheme applicant","All","125","120","0.9520000000000001","0"
"2010","Less than -6 points","All","Main scheme applicant","All","220","200","0.9","0"
"2011","Less than -6 points","All","Main scheme applicant","All","190","170","0.889","0"
"2012","Less than -6 points","All","Main scheme applicant","All","195","170","0.876","0"
"2013","Less than -6 points","All","Main scheme applicant","All","215","195","0.894","0"
"2014","Less than -6 points","All","Main scheme applicant","All","220","195","0.882","0"
"2015","Less than -6 points","All","Main scheme applicant","All","215","180","0.84","0"
"2016","Less than -6 points","All","Main scheme applicant","All","210","185","0.88","0"
"2017","Less than -6 points","All","Main scheme applicant","All","230","195","0.847","0"
"2018","Less than -6 points","All","Main scheme applicant","All","235","210","0.906","0"
"2019","Less than -6 points","All","Main scheme applicant","All","215","175","0.8270000000000001","0"
"2020","Less than -6 points","All","Main scheme applicant","All","80","70","0.887","0"
"2021","Less than -6 points","All","Main scheme applicant","All","165","145","0.877","0"
"2022","Less than -6 points","All","Main scheme applicant","All","230","210","0.921","0"
"2023","Less than -6 points","All","Main scheme applicant","All","220","205","0.932","0"
"2010","All","All","Main scheme applicant","All","1975","1810","0.916","0"
"2011","All","All","Main scheme applicant","All","2095","1915","0.914","0"
"2012","All","All","Main scheme applicant","All","2080","1865","0.897","0"
"2013","All","All","Main scheme applicant","All","2275","2090","0.918","0"
"2014","All","All","Main scheme applicant","All","2210","2025","0.916","0"
"2015","All","All","Main scheme applicant","All","2360","2140","0.908","0"
"2016","All","All","Main scheme applicant","All","2335","2130","0.913","0"
"2017","All","All","Main scheme applicant","All","2325","2120","0.912","0"
"2018","All","All","Main scheme applicant","All","2410","2210","0.919","0"
"2019","All","All","Main scheme applicant","All","2290","2120","0.925","0"
"2020","All","All","Main scheme applicant","All","2335","2160","0.925","0"
"2021","All","All","Main scheme applicant","All","2700","2470","0.915","0"
"2022","All","All","Main scheme applicant","All","2825","2590","0.917","0"
"2023","All","All","Main scheme applicant","All","2975","2805","0.9430000000000001","0"
"2011","0 points","Unknown","All","All","5","5"," ","0"
"2010","0 points","Quintile 1","All","All","10","10"," ","0"
"2011","0 points","Quintile 1","All","All","5","5"," ","0"
"2012","0 points","Quintile 1","All","All","10","10","0.909","0"
"2013","0 points","Quintile 1","All","All","10","5"," ","0"
"2014","0 points","Quintile 1","All","All","5","5"," ","0"
"2015","0 points","Quintile 1","All","All","10","10"," ","0"
"2016","0 points","Quintile 1","All","All","15","10","0.923","0"
"2017","0 points","Quintile 1","All","All","15","10","0.923","0"
"2018","0 points","Quintile 1","All","All","10","10"," ","0"
"2019","0 points","Quintile 1","All","All","10","10","1","0"
"2020","0 points","Quintile 1","All","All","25","25","0.963","0"
"2021","0 points","Quintile 1","All","All","30","25","0.929","0"
"2022","0 points","Quintile 1","All","All","20","20","0.9520000000000001","0"
"2023","0 points","Quintile 1","All","All","20","20","0.9470000000000001","0"
"2016","1 points","Quintile 1","All","All","5","5"," ","0"
"2020","1 points","Quintile 1","All","All","5","0"," ","0"
"2021","1 points","Quintile 1","All","All","5","5"," ","0"
"2023","1 points","Quintile 1","All","All","5","5"," ","0"
"2015","2 points","Quintile 1","All","All","5","5"," ","0"
"2021","3 points","Quintile 1","All","All","5","0"," ","0"
"2010","-1 points","Quintile 1","All","All","5","5"," ","0"
"2011","-1 points","Quintile 1","All","All","5","5"," ","0"
"2012","-1 points","Quintile 1","All","All","5","5"," ","0"
"2013","-1 points","Quintile 1","All","All","5","5"," ","0"
"2014","-1 points","Quintile 1","All","All","5","5"," ","0"
"2015","-1 points","Quintile 1","All","All","10","10"," ","0"
"2016","-1 points","Quintile 1","All","All","5","5"," ","0"
"2017","-1 points","Quintile 1","All","All","10","10"," ","0"
"2018","-1 points","Quintile 1","All","All","15","15","0.882","0"
"2019","-1 points","Quintile 1","All","All","10","10"," ","0"
"2020","-1 points","Quintile 1","All","All","20","20","0.9470000000000001","0"
"2021","-1 points","Quintile 1","All","All","15","15","1","0"
"2022","-1 points","Quintile 1","All","All","20","15","0.9440000000000001","0"
"2023","-1 points","Quintile 1","All","All","5","5"," ","0"
"2010","-2 points","Quintile 1","All","All","5","5"," ","0"
"2011","-2 points","Quintile 1","All","All","5","5"," ","0"
"2012","-2 points","Quintile 1","All","All","5","5"," ","0"
"2013","-2 points","Quintile 1","All","All","5","5"," ","0"
"2014","-2 points","Quintile 1","All","All","5","5"," ","0"
"2015","-2 points","Quintile 1","All","All","10","5"," ","0"
"2016","-2 points","Quintile 1","All","All","5","5"," ","0"
"2017","-2 points","Quintile 1","All","All","5","5"," ","0"
"2018","-2 points","Quintile 1","All","All","5","5"," ","0"
"2019","-2 points","Quintile 1","All","All","10","10"," ","0"
"2020","-2 points","Quintile 1","All","All","5","5"," ","0"
"2021","-2 points","Quintile 1","All","All","5","5"," ","0"
"2022","-2 points","Quintile 1","All","All","15","15","0.929","0"
"2023","-2 points","Quintile 1","All","All","20","15","0.889","0"
"2010","-3 points","Quintile 1","All","All","5","5"," ","0"
"2011","-3 points","Quintile 1","All","All","10","10"," ","0"
"2012","-3 points","Quintile 1","All","All","5","5"," ","0"
"2013","-3 points","Quintile 1","All","All","5","5"," ","0"
"2015","-3 points","Quintile 1","All","All","5","5"," ","0"
"2016","-3 points","Quintile 1","All","All","10","10"," ","0"
"2017","-3 points","Quintile 1","All","All","10","10","1","0"
"2018","-3 points","Quintile 1","All","All","10","10"," ","0"
"2019","-3 points","Quintile 1","All","All","10","10"," ","0"
"2020","-3 points","Quintile 1","All","All","5","5"," ","0"
"2021","-3 points","Quintile 1","All","All","5","5"," ","0"
"2022","-3 points","Quintile 1","All","All","20","20","1","0"
"2023","-3 points","Quintile 1","All","All","10","10","0.909","0"
"2010","-4 points","Quintile 1","All","All","5","0"," ","0"
"2012","-4 points","Quintile 1","All","All","5","5"," ","0"
"2013","-4 points","Quintile 1","All","All","5","5"," ","0"
"2014","-4 points","Quintile 1","All","All","5","5"," ","0"
"2016","-4 points","Quintile 1","All","All","5","0"," ","0"
"2018","-4 points","Quintile 1","All","All","5","5"," ","0"
"2019","-4 points","Quintile 1","All","All","5","5"," ","0"
"2020","-4 points","Quintile 1","All","All","5","5"," ","0"
"2021","-4 points","Quintile 1","All","All","5","5"," ","0"
"2022","-4 points","Quintile 1","All","All","20","15","0.889","0"
"2023","-4 points","Quintile 1","All","All","20","20","1","0"
"2010","-5 points","Quintile 1","All","All","5","5"," ","0"
"2012","-5 points","Quintile 1","All","All","5","5"," ","0"
"2015","-5 points","Quintile 1","All","All","5","5"," ","0"
"2017","-5 points","Quintile 1","All","All","10","10"," ","0"
"2018","-5 points","Quintile 1","All","All","5","5"," ","0"
"2019","-5 points","Quintile 1","All","All","10","10"," ","0"
"2020","-5 points","Quintile 1","All","All","5","5"," ","0"
"2021","-5 points","Quintile 1","All","All","5","5"," ","0"
"2022","-5 points","Quintile 1","All","All","10","10"," ","0"
"2023","-5 points","Quintile 1","All","All","10","10"," ","0"
"2011","-6 points","Quintile 1","All","All","5","5"," ","0"
"2015","-6 points","Quintile 1","All","All","5","5"," ","0"
"2016","-6 points","Quintile 1","All","All","5","5"," ","0"
"2019","-6 points","Quintile 1","All","All","5","5"," ","0"
"2020","-6 points","Quintile 1","All","All","5","5"," ","0"
"2022","-6 points","Quintile 1","All","All","10","5"," ","0"
"2023","-6 points","Quintile 1","All","All","10","5"," ","0"
"2010","Less than -6 points","Quintile 1","All","All","5","0"," ","0"
"2011","Less than -6 points","Quintile 1","All","All","5","5"," ","0"
"2012","Less than -6 points","Quintile 1","All","All","5","5"," ","0"
"2013","Less than -6 points","Quintile 1","All","All","5","5"," ","0"
"2014","Less than -6 points","Quintile 1","All","All","5","5"," ","0"
"2015","Less than -6 points","Quintile 1","All","All","10","10"," ","0"
"2016","Less than -6 points","Quintile 1","All","All","5","5"," ","0"
"2017","Less than -6 points","Quintile 1","All","All","10","10"," ","0"
"2018","Less than -6 points","Quintile 1","All","All","5","5"," ","0"
"2019","Less than -6 points","Quintile 1","All","All","5","5"," ","0"
"2021","Less than -6 points","Quintile 1","All","All","5","5"," ","0"
"2022","Less than -6 points","Quintile 1","All","All","15","15","1","0"
"2023","Less than -6 points","Quintile 1","All","All","10","10"," ","0"
"2010","0 points","Quintile 2","All","All","30","25","0.929","0"
"2011","0 points","Quintile 2","All","All","20","20","1","0"
"2012","0 points","Quintile 2","All","All","20","20","0.9520000000000001","0"
"2013","0 points","Quintile 2","All","All","20","20","1","0"
"2014","0 points","Quintile 2","All","All","15","15","1","0"
"2015","0 points","Quintile 2","All","All","20","20","1","0"
"2016","0 points","Quintile 2","All","All","35","35","0.973","0"
"2017","0 points","Quintile 2","All","All","20","20","0.9500000000000001","0"
"2018","0 points","Quintile 2","All","All","35","35","0.9440000000000001","0"
"2019","0 points","Quintile 2","All","All","30","30","1","0"
"2020","0 points","Quintile 2","All","All","55","50","0.912","0"
"2021","0 points","Quintile 2","All","All","55","55","0.964","0"
"2022","0 points","Quintile 2","All","All","40","40","0.9500000000000001","0"
"2023","0 points","Quintile 2","All","All","45","45","0.978","0"
"2010","1 points","Quintile 2","All","All","5","5"," ","0"
"2011","1 points","Quintile 2","All","All","5","5"," ","0"
"2012","1 points","Quintile 2","All","All","5","5"," ","0"
"2013","1 points","Quintile 2","All","All","5","5"," ","0"
"2015","1 points","Quintile 2","All","All","5","5"," ","0"
"2016","1 points","Quintile 2","All","All","5","5"," ","0"
"2018","1 points","Quintile 2","All","All","5","0"," ","0"
"2019","1 points","Quintile 2","All","All","5","5"," ","0"
"2020","1 points","Quintile 2","All","All","15","10","0.923","0"
"2021","1 points","Quintile 2","All","All","10","10","0.909","0"
"2010","2 points","Quintile 2","All","All","5","5"," ","0"
"2013","2 points","Quintile 2","All","All","5","5"," ","0"
"2014","2 points","Quintile 2","All","All","5","5"," ","0"
"2016","2 points","Quintile 2","All","All","5","5"," ","0"
"2021","2 points","Quintile 2","All","All","5","5"," ","0"
"2010","-1 points","Quintile 2","All","All","5","5"," ","0"
"2011","-1 points","Quintile 2","All","All","15","15","0.875","0"
"2012","-1 points","Quintile 2","All","All","25","25","0.9580000000000001","0"
"2013","-1 points","Quintile 2","All","All","20","20","0.9520000000000001","0"
"2014","-1 points","Quintile 2","All","All","15","15","1","0"
"2015","-1 points","Quintile 2","All","All","10","10","0.917","0"
"2016","-1 points","Quintile 2","All","All","10","10","1","0"
"2017","-1 points","Quintile 2","All","All","15","15","1","0"
"2018","-1 points","Quintile 2","All","All","15","15","0.9410000000000001","0"
"2019","-1 points","Quintile 2","All","All","35","35","0.971","0"
"2020","-1 points","Quintile 2","All","All","25","25","0.963","0"
"2021","-1 points","Quintile 2","All","All","30","25","0.964","0"
"2022","-1 points","Quintile 2","All","All","20","20","0.905","0"
"2023","-1 points","Quintile 2","All","All","30","25","0.929","0"
"2010","-2 points","Quintile 2","All","All","15","10","0.923","0"
"2011","-2 points","Quintile 2","All","All","15","10","0.846","0"
"2012","-2 points","Quintile 2","All","All","15","15","0.933","0"
"2013","-2 points","Quintile 2","All","All","10","10","0.909","0"
"2014","-2 points","Quintile 2","All","All","20","20","1","0"
"2015","-2 points","Quintile 2","All","All","15","15","0.933","0"
"2016","-2 points","Quintile 2","All","All","20","15","0.889","0"
"2017","-2 points","Quintile 2","All","All","20","20","0.9","0"
"2018","-2 points","Quintile 2","All","All","20","20","0.9550000000000001","0"
"2019","-2 points","Quintile 2","All","All","20","20","0.864","0"
"2020","-2 points","Quintile 2","All","All","25","25","1","0"
"2021","-2 points","Quintile 2","All","All","15","15","0.9380000000000001","0"
"2022","-2 points","Quintile 2","All","All","30","25","0.793","0"
"2023","-2 points","Quintile 2","All","All","25","25","1","0"
"2010","-3 points","Quintile 2","All","All","15","15","0.867","0"
"2011","-3 points","Quintile 2","All","All","10","10","0.917","0"
"2012","-3 points","Quintile 2","All","All","20","15","0.842","0"
"2013","-3 points","Quintile 2","All","All","15","15","0.9410000000000001","0"
"2014","-3 points","Quintile 2","All","All","25","20","0.913","0"
"2015","-3 points","Quintile 2","All","All","15","15","0.9380000000000001","0"
"2016","-3 points","Quintile 2","All","All","25","20","0.792","0"
"2017","-3 points","Quintile 2","All","All","15","15","0.933","0"
"2018","-3 points","Quintile 2","All","All","20","20","0.857","0"
"2019","-3 points","Quintile 2","All","All","20","15","0.85","0"
"2020","-3 points","Quintile 2","All","All","10","5"," ","0"
"2021","-3 points","Quintile 2","All","All","10","10"," ","0"
"2022","-3 points","Quintile 2","All","All","20","20","0.9550000000000001","0"
"2023","-3 points","Quintile 2","All","All","15","15","0.882","0"
"2010","-4 points","Quintile 2","All","All","15","15","0.929","0"
"2011","-4 points","Quintile 2","All","All","15","10","0.8","0"
"2012","-4 points","Quintile 2","All","All","10","10"," ","0"
"2013","-4 points","Quintile 2","All","All","20","15","0.889","0"
"2014","-4 points","Quintile 2","All","All","10","10","1","0"
"2015","-4 points","Quintile 2","All","All","10","10"," ","0"
"2016","-4 points","Quintile 2","All","All","15","15","0.929","0"
"2017","-4 points","Quintile 2","All","All","10","5"," ","0"
"2018","-4 points","Quintile 2","All","All","20","15","0.762","0"
"2019","-4 points","Quintile 2","All","All","5","5"," ","0"
"2020","-4 points","Quintile 2","All","All","10","10"," ","0"
"2021","-4 points","Quintile 2","All","All","10","10","0.909","0"
"2022","-4 points","Quintile 2","All","All","20","15","0.9440000000000001","0"
"2023","-4 points","Quintile 2","All","All","25","25","0.963","0"
"2010","-5 points","Quintile 2","All","All","10","10"," ","0"
"2011","-5 points","Quintile 2","All","All","5","5"," ","0"
"2012","-5 points","Quintile 2","All","All","5","5"," ","0"
"2013","-5 points","Quintile 2","All","All","10","10","1","0"
"2014","-5 points","Quintile 2","All","All","10","10"," ","0"
"2015","-5 points","Quintile 2","All","All","10","10","1","0"
"2016","-5 points","Quintile 2","All","All","5","5"," ","0"
"2017","-5 points","Quintile 2","All","All","10","10","1","0"
"2018","-5 points","Quintile 2","All","All","10","10"," ","0"
"2019","-5 points","Quintile 2","All","All","15","15","1","0"
"2020","-5 points","Quintile 2","All","All","5","5"," ","0"
"2021","-5 points","Quintile 2","All","All","10","5"," ","0"
"2022","-5 points","Quintile 2","All","All","15","15","1","0"
"2023","-5 points","Quintile 2","All","All","10","10","1","0"
"2010","-6 points","Quintile 2","All","All","5","5"," ","0"
"2011","-6 points","Quintile 2","All","All","5","5"," ","0"
"2012","-6 points","Quintile 2","All","All","5","5"," ","0"
"2013","-6 points","Quintile 2","All","All","5","5"," ","0"
"2014","-6 points","Quintile 2","All","All","5","5"," ","0"
"2015","-6 points","Quintile 2","All","All","5","5"," ","0"
"2016","-6 points","Quintile 2","All","All","5","5"," ","0"
"2017","-6 points","Quintile 2","All","All","10","5"," ","0"
"2018","-6 points","Quintile 2","All","All","10","10","0.909","0"
"2019","-6 points","Quintile 2","All","All","5","5"," ","0"
"2020","-6 points","Quintile 2","All","All","10","10"," ","0"
"2021","-6 points","Quintile 2","All","All","5","5"," ","0"
"2022","-6 points","Quintile 2","All","All","10","10"," ","0"
"2023","-6 points","Quintile 2","All","All","10","10","1","0"
"2010","Less than -6 points","Quintile 2","All","All","15","15","0.9380000000000001","0"
"2011","Less than -6 points","Quintile 2","All","All","10","10"," ","0"
"2012","Less than -6 points","Quintile 2","All","All","15","15","0.929","0"
"2013","Less than -6 points","Quintile 2","All","All","10","10","0.909","0"
"2014","Less than -6 points","Quintile 2","All","All","15","15","0.882","0"
"2015","Less than -6 points","Quintile 2","All","All","15","10"," ","0"
"2016","Less than -6 points","Quintile 2","All","All","20","20","0.9500000000000001","0"
"2017","Less than -6 points","Quintile 2","All","All","15","15","0.875","0"
"2018","Less than -6 points","Quintile 2","All","All","30","30","0.9380000000000001","0"
"2019","Less than -6 points","Quintile 2","All","All","20","20","0.9","0"
"2020","Less than -6 points","Quintile 2","All","All","5","5"," ","0"
"2021","Less than -6 points","Quintile 2","All","All","10","10","0.909","0"
"2022","Less than -6 points","Quintile 2","All","All","30","30","1","0"
"2023","Less than -6 points","Quintile 2","All","All","20","20","1","0"
"2010","0 points","Quintile 3","All","All","35","35","0.9460000000000001","0"
"2011","0 points","Quintile 3","All","All","40","40","0.975","0"
"2012","0 points","Quintile 3","All","All","50","50","0.9410000000000001","0"
"2013","0 points","Quintile 3","All","All","55","50","0.895","0"
"2014","0 points","Quintile 3","All","All","55","50","0.873","0"
"2015","0 points","Quintile 3","All","All","60","55","0.931","0"
"2016","0 points","Quintile 3","All","All","80","80","0.963","0"
"2017","0 points","Quintile 3","All","All","70","65","0.931","0"
"2018","0 points","Quintile 3","All","All","65","60","0.969","0"
"2019","0 points","Quintile 3","All","All","70","70","1","0"
"2020","0 points","Quintile 3","All","All","115","105","0.915","0"
"2021","0 points","Quintile 3","All","All","120","105","0.891","0"
"2022","0 points","Quintile 3","All","All","80","75","0.915","0"
"2023","0 points","Quintile 3","All","All","75","75","0.974","0"
"2010","1 points","Quintile 3","All","All","10","10"," ","0"
"2011","1 points","Quintile 3","All","All","10","10","0.909","0"
"2012","1 points","Quintile 3","All","All","10","5"," ","0"
"2013","1 points","Quintile 3","All","All","10","10"," ","0"
"2014","1 points","Quintile 3","All","All","10","5"," ","0"
"2015","1 points","Quintile 3","All","All","10","10"," ","0"
"2016","1 points","Quintile 3","All","All","10","10"," ","0"
"2017","1 points","Quintile 3","All","All","10","5"," ","0"
"2018","1 points","Quintile 3","All","All","10","10","1","0"
"2019","1 points","Quintile 3","All","All","10","10","1","0"
"2020","1 points","Quintile 3","All","All","25","25","1","0"
"2021","1 points","Quintile 3","All","All","25","25","0.962","0"
"2022","1 points","Quintile 3","All","All","5","5"," ","0"
"2023","1 points","Quintile 3","All","All","5","5"," ","0"
"2011","2 points","Quintile 3","All","All","5","5"," ","0"
"2013","2 points","Quintile 3","All","All","5","5"," ","0"
"2014","2 points","Quintile 3","All","All","5","5"," ","0"
"2015","2 points","Quintile 3","All","All","5","5"," ","0"
"2016","2 points","Quintile 3","All","All","5","5"," ","0"
"2018","2 points","Quintile 3","All","All","5","5"," ","0"
"2020","2 points","Quintile 3","All","All","10","10"," ","0"
"2021","2 points","Quintile 3","All","All","5","5"," ","0"
"2023","2 points","Quintile 3","All","All","5","5"," ","0"
"2020","3 points","Quintile 3","All","All","5","5"," ","0"
"2010","-1 points","Quintile 3","All","All","40","35","0.895","0"
"2011","-1 points","Quintile 3","All","All","35","30","0.9390000000000001","0"
"2012","-1 points","Quintile 3","All","All","25","25","0.926","0"
"2013","-1 points","Quintile 3","All","All","35","30","0.8240000000000001","0"
"2014","-1 points","Quintile 3","All","All","45","40","0.9530000000000001","0"
"2015","-1 points","Quintile 3","All","All","35","35","1","0"
"2016","-1 points","Quintile 3","All","All","40","35","0.875","0"
"2017","-1 points","Quintile 3","All","All","45","45","1","0"
"2018","-1 points","Quintile 3","All","All","40","40","0.9500000000000001","0"
"2019","-1 points","Quintile 3","All","All","30","30","0.906","0"
"2020","-1 points","Quintile 3","All","All","40","35","0.868","0"
"2021","-1 points","Quintile 3","All","All","55","50","0.9430000000000001","0"
"2022","-1 points","Quintile 3","All","All","65","60","0.925","0"
"2023","-1 points","Quintile 3","All","All","50","50","0.961","0"
"2010","-2 points","Quintile 3","All","All","25","20","0.9570000000000001","0"
"2011","-2 points","Quintile 3","All","All","40","35","0.9470000000000001","0"
"2012","-2 points","Quintile 3","All","All","30","30","0.935","0"
"2013","-2 points","Quintile 3","All","All","35","35","1","0"
"2014","-2 points","Quintile 3","All","All","30","25","0.806","0"
"2015","-2 points","Quintile 3","All","All","45","40","0.884","0"
"2016","-2 points","Quintile 3","All","All","25","20","0.917","0"
"2017","-2 points","Quintile 3","All","All","25","25","0.885","0"
"2018","-2 points","Quintile 3","All","All","30","25","0.897","0"
"2019","-2 points","Quintile 3","All","All","45","45","0.978","0"
"2020","-2 points","Quintile 3","All","All","30","30","1","0"
"2021","-2 points","Quintile 3","All","All","35","35","0.919","0"
"2022","-2 points","Quintile 3","All","All","30","30","0.9380000000000001","0"
"2023","-2 points","Quintile 3","All","All","55","50","0.9450000000000001","0"
"2010","-3 points","Quintile 3","All","All","20","20","0.857","0"
"2011","-3 points","Quintile 3","All","All","35","30","0.882","0"
"2012","-3 points","Quintile 3","All","All","30","25","0.844","0"
"2013","-3 points","Quintile 3","All","All","25","25","0.926","0"
"2014","-3 points","Quintile 3","All","All","40","35","0.9470000000000001","0"
"2015","-3 points","Quintile 3","All","All","25","25","0.923","0"
"2016","-3 points","Quintile 3","All","All","30","30","0.968","0"
"2017","-3 points","Quintile 3","All","All","25","25","0.926","0"
"2018","-3 points","Quintile 3","All","All","25","20","0.741","0"
"2019","-3 points","Quintile 3","All","All","25","20","0.875","0"
"2020","-3 points","Quintile 3","All","All","25","20","0.88","0"
"2021","-3 points","Quintile 3","All","All","20","20","0.9","0"
"2022","-3 points","Quintile 3","All","All","50","40","0.833","0"
"2023","-3 points","Quintile 3","All","All","40","40","0.9520000000000001","0"
"2010","-4 points","Quintile 3","All","All","25","25","0.9580000000000001","0"
"2011","-4 points","Quintile 3","All","All","20","20","0.909","0"
"2012","-4 points","Quintile 3","All","All","25","25","0.889","0"
"2013","-4 points","Quintile 3","All","All","25","20","0.917","0"
"2014","-4 points","Quintile 3","All","All","30","25","0.964","0"
"2015","-4 points","Quintile 3","All","All","30","30","0.875","0"
"2016","-4 points","Quintile 3","All","All","20","15","0.773","0"
"2017","-4 points","Quintile 3","All","All","25","25","0.9580000000000001","0"
"2018","-4 points","Quintile 3","All","All","30","25","0.871","0"
"2019","-4 points","Quintile 3","All","All","30","30","0.906","0"
"2020","-4 points","Quintile 3","All","All","10","10","0.909","0"
"2021","-4 points","Quintile 3","All","All","25","25","0.9580000000000001","0"
"2022","-4 points","Quintile 3","All","All","40","30","0.842","0"
"2023","-4 points","Quintile 3","All","All","50","50","0.961","0"
"2010","-5 points","Quintile 3","All","All","15","10","0.8","0"
"2011","-5 points","Quintile 3","All","All","20","20","0.905","0"
"2012","-5 points","Quintile 3","All","All","15","10","0.75","0"
"2013","-5 points","Quintile 3","All","All","20","20","0.9470000000000001","0"
"2014","-5 points","Quintile 3","All","All","15","15","0.9410000000000001","0"
"2015","-5 points","Quintile 3","All","All","25","15","0.708","0"
"2016","-5 points","Quintile 3","All","All","20","15","0.789","0"
"2017","-5 points","Quintile 3","All","All","20","20","1","0"
"2018","-5 points","Quintile 3","All","All","25","20","0.846","0"
"2019","-5 points","Quintile 3","All","All","25","20","0.917","0"
"2020","-5 points","Quintile 3","All","All","10","10","0.917","0"
"2021","-5 points","Quintile 3","All","All","10","10","0.917","0"
"2022","-5 points","Quintile 3","All","All","35","35","0.892","0"
"2023","-5 points","Quintile 3","All","All","25","25","1","0"
"2010","-6 points","Quintile 3","All","All","15","15","0.8240000000000001","0"
"2011","-6 points","Quintile 3","All","All","15","10","0.857","0"
"2012","-6 points","Quintile 3","All","All","20","20","0.909","0"
"2013","-6 points","Quintile 3","All","All","15","15","1","0"
"2014","-6 points","Quintile 3","All","All","20","20","0.9","0"
"2015","-6 points","Quintile 3","All","All","15","15","0.875","0"
"2016","-6 points","Quintile 3","All","All","15","10","0.75","0"
"2017","-6 points","Quintile 3","All","All","15","15","0.929","0"
"2018","-6 points","Quintile 3","All","All","15","15","1","0"
"2019","-6 points","Quintile 3","All","All","25","20","0.84","0"
"2020","-6 points","Quintile 3","All","All","10","10"," ","0"
"2021","-6 points","Quintile 3","All","All","10","10","0.909","0"
"2022","-6 points","Quintile 3","All","All","15","15","0.9410000000000001","0"
"2023","-6 points","Quintile 3","All","All","10","10","1","0"
"2010","Less than -6 points","Quintile 3","All","All","30","25","0.897","0"
"2011","Less than -6 points","Quintile 3","All","All","20","15","0.842","0"
"2012","Less than -6 points","Quintile 3","All","All","25","20","0.84","0"
"2013","Less than -6 points","Quintile 3","All","All","30","25","0.964","0"
"2014","Less than -6 points","Quintile 3","All","All","25","15","0.68","0"
"2015","Less than -6 points","Quintile 3","All","All","25","25","0.885","0"
"2016","Less than -6 points","Quintile 3","All","All","30","25","0.8280000000000001","0"
"2017","Less than -6 points","Quintile 3","All","All","30","25","0.8280000000000001","0"
"2018","Less than -6 points","Quintile 3","All","All","30","25","0.839","0"
"2019","Less than -6 points","Quintile 3","All","All","30","25","0.8280000000000001","0"
"2020","Less than -6 points","Quintile 3","All","All","10","5"," ","0"
"2021","Less than -6 points","Quintile 3","All","All","20","15","0.81","0"
"2022","Less than -6 points","Quintile 3","All","All","45","40","0.932","0"
"2023","Less than -6 points","Quintile 3","All","All","40","35","0.9470000000000001","0"
"2010","0 points","Quintile 4","All","All","80","70","0.911","0"
"2011","0 points","Quintile 4","All","All","95","90","0.917","0"
"2012","0 points","Quintile 4","All","All","80","75","0.9390000000000001","0"
"2013","0 points","Quintile 4","All","All","100","90","0.898","0"
"2014","0 points","Quintile 4","All","All","90","90","0.967","0"
"2015","0 points","Quintile 4","All","All","85","80","0.929","0"
"2016","0 points","Quintile 4","All","All","115","105","0.93","0"
"2017","0 points","Quintile 4","All","All","115","105","0.9390000000000001","0"
"2018","0 points","Quintile 4","All","All","115","110","0.9560000000000001","0"
"2019","0 points","Quintile 4","All","All","115","110","0.9570000000000001","0"
"2020","0 points","Quintile 4","All","All","175","165","0.927","0"
"2021","0 points","Quintile 4","All","All","210","190","0.904","0"
"2022","0 points","Quintile 4","All","All","125","115","0.9440000000000001","0"
"2023","0 points","Quintile 4","All","All","130","125","0.9550000000000001","0"
"2010","1 points","Quintile 4","All","All","25","25","1","0"
"2011","1 points","Quintile 4","All","All","15","15","0.9410000000000001","0"
"2012","1 points","Quintile 4","All","All","15","10","0.857","0"
"2013","1 points","Quintile 4","All","All","20","15","0.895","0"
"2014","1 points","Quintile 4","All","All","25","20","0.913","0"
"2015","1 points","Quintile 4","All","All","15","15","1","0"
"2016","1 points","Quintile 4","All","All","30","25","0.964","0"
"2017","1 points","Quintile 4","All","All","10","5"," ","0"
"2018","1 points","Quintile 4","All","All","20","20","0.905","0"
"2019","1 points","Quintile 4","All","All","10","10","1","0"
"2020","1 points","Quintile 4","All","All","30","30","0.933","0"
"2021","1 points","Quintile 4","All","All","25","20","0.917","0"
"2022","1 points","Quintile 4","All","All","20","20","0.9520000000000001","0"
"2023","1 points","Quintile 4","All","All","15","15","0.933","0"
"2010","2 points","Quintile 4","All","All","5","5"," ","0"
"2011","2 points","Quintile 4","All","All","5","5"," ","0"
"2012","2 points","Quintile 4","All","All","5","5"," ","0"
"2013","2 points","Quintile 4","All","All","5","5"," ","0"
"2014","2 points","Quintile 4","All","All","5","5"," ","0"
"2016","2 points","Quintile 4","All","All","5","5"," ","0"
"2017","2 points","Quintile 4","All","All","5","5"," ","0"
"2018","2 points","Quintile 4","All","All","5","5"," ","0"
"2019","2 points","Quintile 4","All","All","5","5"," ","0"
"2020","2 points","Quintile 4","All","All","10","10","1","0"
"2021","2 points","Quintile 4","All","All","5","5"," ","0"
"2022","2 points","Quintile 4","All","All","10","10"," ","0"
"2023","2 points","Quintile 4","All","All","10","10"," ","0"
"2020","3 points","Quintile 4","All","All","5","5"," ","0"
"2010","-1 points","Quintile 4","All","All","55","55","0.9470000000000001","0"
"2011","-1 points","Quintile 4","All","All","55","45","0.855","0"
"2012","-1 points","Quintile 4","All","All","65","60","0.908","0"
"2013","-1 points","Quintile 4","All","All","55","55","0.9470000000000001","0"
"2014","-1 points","Quintile 4","All","All","70","70","0.972","0"
"2015","-1 points","Quintile 4","All","All","75","70","0.909","0"
"2016","-1 points","Quintile 4","All","All","65","60","0.906","0"
"2017","-1 points","Quintile 4","All","All","70","60","0.871","0"
"2018","-1 points","Quintile 4","All","All","50","50","0.962","0"
"2019","-1 points","Quintile 4","All","All","65","60","0.91","0"
"2020","-1 points","Quintile 4","All","All","70","65","0.929","0"
"2021","-1 points","Quintile 4","All","All","70","65","0.9420000000000001","0"
"2022","-1 points","Quintile 4","All","All","80","75","0.9490000000000001","0"
"2023","-1 points","Quintile 4","All","All","95","95","0.979","0"
"2010","-2 points","Quintile 4","All","All","45","35","0.86","0"
"2011","-2 points","Quintile 4","All","All","60","60","0.9510000000000001","0"
"2012","-2 points","Quintile 4","All","All","60","55","0.898","0"
"2013","-2 points","Quintile 4","All","All","65","60","0.9380000000000001","0"
"2014","-2 points","Quintile 4","All","All","70","65","0.926","0"
"2015","-2 points","Quintile 4","All","All","65","60","0.968","0"
"2016","-2 points","Quintile 4","All","All","65","60","0.9380000000000001","0"
"2017","-2 points","Quintile 4","All","All","55","50","0.893","0"
"2018","-2 points","Quintile 4","All","All","60","60","0.935","0"
"2019","-2 points","Quintile 4","All","All","50","45","0.902","0"
"2020","-2 points","Quintile 4","All","All","45","40","0.844","0"
"2021","-2 points","Quintile 4","All","All","45","40","0.891","0"
"2022","-2 points","Quintile 4","All","All","80","70","0.9","0"
"2023","-2 points","Quintile 4","All","All","95","90","0.9570000000000001","0"
"2010","-3 points","Quintile 4","All","All","45","40","0.909","0"
"2011","-3 points","Quintile 4","All","All","40","35","0.902","0"
"2012","-3 points","Quintile 4","All","All","40","40","0.974","0"
"2013","-3 points","Quintile 4","All","All","45","40","0.93","0"
"2014","-3 points","Quintile 4","All","All","50","50","0.962","0"
"2015","-3 points","Quintile 4","All","All","60","50","0.862","0"
"2016","-3 points","Quintile 4","All","All","45","40","0.933","0"
"2017","-3 points","Quintile 4","All","All","65","55","0.891","0"
"2018","-3 points","Quintile 4","All","All","55","50","0.906","0"
"2019","-3 points","Quintile 4","All","All","35","35","0.973","0"
"2020","-3 points","Quintile 4","All","All","40","35","0.897","0"
"2021","-3 points","Quintile 4","All","All","30","25","0.806","0"
"2022","-3 points","Quintile 4","All","All","65","60","0.896","0"
"2023","-3 points","Quintile 4","All","All","75","65","0.868","0"
"2010","-4 points","Quintile 4","All","All","40","35","0.921","0"
"2011","-4 points","Quintile 4","All","All","50","45","0.882","0"
"2012","-4 points","Quintile 4","All","All","40","35","0.875","0"
"2013","-4 points","Quintile 4","All","All","25","25","0.926","0"
"2014","-4 points","Quintile 4","All","All","40","40","0.976","0"
"2015","-4 points","Quintile 4","All","All","55","50","0.906","0"
"2016","-4 points","Quintile 4","All","All","35","35","0.919","0"
"2017","-4 points","Quintile 4","All","All","40","40","0.927","0"
"2018","-4 points","Quintile 4","All","All","45","40","0.9530000000000001","0"
"2019","-4 points","Quintile 4","All","All","45","40","0.886","0"
"2020","-4 points","Quintile 4","All","All","25","20","0.808","0"
"2021","-4 points","Quintile 4","All","All","25","25","0.9580000000000001","0"
"2022","-4 points","Quintile 4","All","All","40","40","0.976","0"
"2023","-4 points","Quintile 4","All","All","55","50","0.9440000000000001","0"
"2010","-5 points","Quintile 4","All","All","30","30","0.967","0"
"2011","-5 points","Quintile 4","All","All","30","25","0.857","0"
"2012","-5 points","Quintile 4","All","All","30","25","0.871","0"
"2013","-5 points","Quintile 4","All","All","30","25","0.806","0"
"2014","-5 points","Quintile 4","All","All","30","25","0.871","0"
"2015","-5 points","Quintile 4","All","All","35","30","0.882","0"
"2016","-5 points","Quintile 4","All","All","30","30","0.906","0"
"2017","-5 points","Quintile 4","All","All","30","30","0.906","0"
"2018","-5 points","Quintile 4","All","All","35","35","0.9430000000000001","0"
"2019","-5 points","Quintile 4","All","All","25","25","0.923","0"
"2020","-5 points","Quintile 4","All","All","10","10"," ","0"
"2021","-5 points","Quintile 4","All","All","20","15","0.842","0"
"2022","-5 points","Quintile 4","All","All","35","30","0.886","0"
"2023","-5 points","Quintile 4","All","All","40","40","0.905","0"
"2010","-6 points","Quintile 4","All","All","15","15","0.9410000000000001","0"
"2011","-6 points","Quintile 4","All","All","25","20","0.792","0"
"2012","-6 points","Quintile 4","All","All","30","30","0.935","0"
"2013","-6 points","Quintile 4","All","All","30","25","0.857","0"
"2014","-6 points","Quintile 4","All","All","15","15","0.765","0"
"2015","-6 points","Quintile 4","All","All","30","25","0.893","0"
"2016","-6 points","Quintile 4","All","All","15","15","1","0"
"2017","-6 points","Quintile 4","All","All","20","20","0.9550000000000001","0"
"2018","-6 points","Quintile 4","All","All","25","25","0.92","0"
"2019","-6 points","Quintile 4","All","All","10","10","0.909","0"
"2020","-6 points","Quintile 4","All","All","5","5"," ","0"
"2021","-6 points","Quintile 4","All","All","15","10","0.8","0"
"2022","-6 points","Quintile 4","All","All","25","25","0.963","0"
"2023","-6 points","Quintile 4","All","All","30","30","0.967","0"
"2010","Less than -6 points","Quintile 4","All","All","50","45","0.918","0"
"2011","Less than -6 points","Quintile 4","All","All","30","30","0.969","0"
"2012","Less than -6 points","Quintile 4","All","All","40","35","0.857","0"
"2013","Less than -6 points","Quintile 4","All","All","50","45","0.898","0"
"2014","Less than -6 points","Quintile 4","All","All","40","35","0.846","0"
"2015","Less than -6 points","Quintile 4","All","All","50","40","0.796","0"
"2016","Less than -6 points","Quintile 4","All","All","35","30","0.886","0"
"2017","Less than -6 points","Quintile 4","All","All","50","45","0.9380000000000001","0"
"2018","Less than -6 points","Quintile 4","All","All","50","45","0.896","0"
"2019","Less than -6 points","Quintile 4","All","All","40","30","0.769","0"
"2020","Less than -6 points","Quintile 4","All","All","25","25","0.9580000000000001","0"
"2021","Less than -6 points","Quintile 4","All","All","30","25","0.871","0"
"2022","Less than -6 points","Quintile 4","All","All","45","35","0.86","0"
"2023","Less than -6 points","Quintile 4","All","All","55","50","0.906","0"
"2010","0 points","Quintile 5","All","All","320","305","0.9410000000000001","0"
"2011","0 points","Quintile 5","All","All","340","320","0.9410000000000001","0"
"2012","0 points","Quintile 5","All","All","340","305","0.902","0"
"2013","0 points","Quintile 5","All","All","425","395","0.932","0"
"2014","0 points","Quintile 5","All","All","385","365","0.9380000000000001","0"
"2015","0 points","Quintile 5","All","All","435","405","0.931","0"
"2016","0 points","Quintile 5","All","All","440","405","0.92","0"
"2017","0 points","Quintile 5","All","All","430","405","0.9420000000000001","0"
"2018","0 points","Quintile 5","All","All","460","435","0.9480000000000001","0"
"2019","0 points","Quintile 5","All","All","430","410","0.9510000000000001","0"
"2020","0 points","Quintile 5","All","All","660","620","0.936","0"
"2021","0 points","Quintile 5","All","All","855","800","0.9380000000000001","0"
"2022","0 points","Quintile 5","All","All","600","565","0.935","0"
"2023","0 points","Quintile 5","All","All","575","550","0.9550000000000001","0"
"2010","1 points","Quintile 5","All","All","40","35","0.902","0"
"2011","1 points","Quintile 5","All","All","45","45","0.915","0"
"2012","1 points","Quintile 5","All","All","45","45","0.936","0"
"2013","1 points","Quintile 5","All","All","60","60","1","0"
"2014","1 points","Quintile 5","All","All","35","35","1","0"
"2015","1 points","Quintile 5","All","All","45","45","1","0"
"2016","1 points","Quintile 5","All","All","50","45","0.9580000000000001","0"
"2017","1 points","Quintile 5","All","All","40","40","0.974","0"
"2018","1 points","Quintile 5","All","All","40","35","0.854","0"
"2019","1 points","Quintile 5","All","All","45","40","0.907","0"
"2020","1 points","Quintile 5","All","All","65","55","0.889","0"
"2021","1 points","Quintile 5","All","All","85","70","0.833","0"
"2022","1 points","Quintile 5","All","All","45","45","1","0"
"2023","1 points","Quintile 5","All","All","45","40","0.864","0"
"2010","2 points","Quintile 5","All","All","25","25","0.96","0"
"2011","2 points","Quintile 5","All","All","15","15","1","0"
"2012","2 points","Quintile 5","All","All","10","10","0.909","0"
"2013","2 points","Quintile 5","All","All","15","10","0.857","0"
"2014","2 points","Quintile 5","All","All","10","10","1","0"
"2015","2 points","Quintile 5","All","All","15","10","0.786","0"
"2016","2 points","Quintile 5","All","All","10","5"," ","0"
"2017","2 points","Quintile 5","All","All","10","10"," ","0"
"2018","2 points","Quintile 5","All","All","5","5"," ","0"
"2019","2 points","Quintile 5","All","All","10","10","0.917","0"
"2020","2 points","Quintile 5","All","All","10","10","1","0"
"2021","2 points","Quintile 5","All","All","20","15","0.789","0"
"2022","2 points","Quintile 5","All","All","15","15","1","0"
"2023","2 points","Quintile 5","All","All","5","5"," ","0"
"2011","3 points","Quintile 5","All","All","5","5"," ","0"
"2013","3 points","Quintile 5","All","All","5","5"," ","0"
"2014","3 points","Quintile 5","All","All","5","5"," ","0"
"2015","3 points","Quintile 5","All","All","5","5"," ","0"
"2016","3 points","Quintile 5","All","All","5","5"," ","0"
"2017","3 points","Quintile 5","All","All","5","5"," ","0"
"2020","3 points","Quintile 5","All","All","10","10"," ","0"
"2021","3 points","Quintile 5","All","All","5","5"," ","0"
"2022","3 points","Quintile 5","All","All","5","5"," ","0"
"2023","3 points","Quintile 5","All","All","5","0"," ","0"
"2011","More than 3 points","Quintile 5","All","All","5","5"," ","0"
"2010","-1 points","Quintile 5","All","All","160","145","0.913","0"
"2011","-1 points","Quintile 5","All","All","220","195","0.894","0"
"2012","-1 points","Quintile 5","All","All","185","165","0.872","0"
"2013","-1 points","Quintile 5","All","All","220","200","0.909","0"
"2014","-1 points","Quintile 5","All","All","190","175","0.916","0"
"2015","-1 points","Quintile 5","All","All","235","210","0.889","0"
"2016","-1 points","Quintile 5","All","All","230","215","0.926","0"
"2017","-1 points","Quintile 5","All","All","240","215","0.884","0"
"2018","-1 points","Quintile 5","All","All","245","220","0.895","0"
"2019","-1 points","Quintile 5","All","All","195","185","0.9490000000000001","0"
"2020","-1 points","Quintile 5","All","All","210","195","0.928","0"
"2021","-1 points","Quintile 5","All","All","220","200","0.896","0"
"2022","-1 points","Quintile 5","All","All","245","220","0.898","0"
"2023","-1 points","Quintile 5","All","All","260","245","0.935","0"
"2010","-2 points","Quintile 5","All","All","140","130","0.901","0"
"2011","-2 points","Quintile 5","All","All","165","150","0.915","0"
"2012","-2 points","Quintile 5","All","All","175","160","0.903","0"
"2013","-2 points","Quintile 5","All","All","180","170","0.923","0"
"2014","-2 points","Quintile 5","All","All","160","140","0.857","0"
"2015","-2 points","Quintile 5","All","All","195","180","0.908","0"
"2016","-2 points","Quintile 5","All","All","180","160","0.9","0"
"2017","-2 points","Quintile 5","All","All","180","170","0.9390000000000001","0"
"2018","-2 points","Quintile 5","All","All","190","175","0.916","0"
"2019","-2 points","Quintile 5","All","All","160","150","0.931","0"
"2020","-2 points","Quintile 5","All","All","140","130","0.936","0"
"2021","-2 points","Quintile 5","All","All","140","130","0.922","0"
"2022","-2 points","Quintile 5","All","All","200","175","0.894","0"
"2023","-2 points","Quintile 5","All","All","235","225","0.9530000000000001","0"
"2010","-3 points","Quintile 5","All","All","145","130","0.889","0"
"2011","-3 points","Quintile 5","All","All","135","130","0.9490000000000001","0"
"2012","-3 points","Quintile 5","All","All","105","95","0.915","0"
"2013","-3 points","Quintile 5","All","All","125","115","0.919","0"
"2014","-3 points","Quintile 5","All","All","145","130","0.923","0"
"2015","-3 points","Quintile 5","All","All","140","125","0.901","0"
"2016","-3 points","Quintile 5","All","All","120","105","0.874","0"
"2017","-3 points","Quintile 5","All","All","140","130","0.908","0"
"2018","-3 points","Quintile 5","All","All","135","125","0.905","0"
"2019","-3 points","Quintile 5","All","All","140","130","0.9500000000000001","0"
"2020","-3 points","Quintile 5","All","All","90","85","0.934","0"
"2021","-3 points","Quintile 5","All","All","85","80","0.908","0"
"2022","-3 points","Quintile 5","All","All","135","120","0.897","0"
"2023","-3 points","Quintile 5","All","All","165","150","0.92","0"
"2010","-4 points","Quintile 5","All","All","120","110","0.924","0"
"2011","-4 points","Quintile 5","All","All","125","110","0.903","0"
"2012","-4 points","Quintile 5","All","All","130","120","0.894","0"
"2013","-4 points","Quintile 5","All","All","115","105","0.9390000000000001","0"
"2014","-4 points","Quintile 5","All","All","120","105","0.868","0"
"2015","-4 points","Quintile 5","All","All","120","110","0.933","0"
"2016","-4 points","Quintile 5","All","All","120","115","0.9420000000000001","0"
"2017","-4 points","Quintile 5","All","All","105","95","0.896","0"
"2018","-4 points","Quintile 5","All","All","105","100","0.9520000000000001","0"
"2019","-4 points","Quintile 5","All","All","115","100","0.867","0"
"2020","-4 points","Quintile 5","All","All","75","70","0.895","0"
"2021","-4 points","Quintile 5","All","All","70","65","0.914","0"
"2022","-4 points","Quintile 5","All","All","115","105","0.897","0"
"2023","-4 points","Quintile 5","All","All","145","135","0.918","0"
"2010","-5 points","Quintile 5","All","All","80","75","0.924","0"
"2011","-5 points","Quintile 5","All","All","70","65","0.926","0"
"2012","-5 points","Quintile 5","All","All","85","70","0.81","0"
"2013","-5 points","Quintile 5","All","All","110","100","0.911","0"
"2014","-5 points","Quintile 5","All","All","90","75","0.875","0"
"2015","-5 points","Quintile 5","All","All","90","85","0.9450000000000001","0"
"2016","-5 points","Quintile 5","All","All","75","75","0.961","0"
"2017","-5 points","Quintile 5","All","All","80","75","0.914","0"
"2018","-5 points","Quintile 5","All","All","85","75","0.885","0"
"2019","-5 points","Quintile 5","All","All","90","85","0.9450000000000001","0"
"2020","-5 points","Quintile 5","All","All","45","40","0.911","0"
"2021","-5 points","Quintile 5","All","All","50","45","0.898","0"
"2022","-5 points","Quintile 5","All","All","95","85","0.894","0"
"2023","-5 points","Quintile 5","All","All","115","110","0.9480000000000001","0"
"2010","-6 points","Quintile 5","All","All","60","50","0.864","0"
"2011","-6 points","Quintile 5","All","All","60","50","0.864","0"
"2012","-6 points","Quintile 5","All","All","65","60","0.923","0"
"2013","-6 points","Quintile 5","All","All","50","45","0.885","0"
"2014","-6 points","Quintile 5","All","All","60","50","0.867","0"
"2015","-6 points","Quintile 5","All","All","60","50","0.845","0"
"2016","-6 points","Quintile 5","All","All","70","60","0.912","0"
"2017","-6 points","Quintile 5","All","All","55","50","0.906","0"
"2018","-6 points","Quintile 5","All","All","50","45","0.878","0"
"2019","-6 points","Quintile 5","All","All","50","45","0.88","0"
"2020","-6 points","Quintile 5","All","All","25","25","0.96","0"
"2021","-6 points","Quintile 5","All","All","30","25","0.893","0"
"2022","-6 points","Quintile 5","All","All","60","55","0.902","0"
"2023","-6 points","Quintile 5","All","All","65","60","0.9380000000000001","0"
"2010","Less than -6 points","Quintile 5","All","All","125","110","0.894","0"
"2011","Less than -6 points","Quintile 5","All","All","125","105","0.87","0"
"2012","Less than -6 points","Quintile 5","All","All","105","95","0.879","0"
"2013","Less than -6 points","Quintile 5","All","All","120","105","0.875","0"
"2014","Less than -6 points","Quintile 5","All","All","130","120","0.924","0"
"2015","Less than -6 points","Quintile 5","All","All","115","100","0.877","0"
"2016","Less than -6 points","Quintile 5","All","All","120","105","0.881","0"
"2017","Less than -6 points","Quintile 5","All","All","125","100","0.8230000000000001","0"
"2018","Less than -6 points","Quintile 5","All","All","115","105","0.922","0"
"2019","Less than -6 points","Quintile 5","All","All","120","100","0.8250000000000001","0"
"2020","Less than -6 points","Quintile 5","All","All","40","35","0.875","0"
"2021","Less than -6 points","Quintile 5","All","All","95","85","0.884","0"
"2022","Less than -6 points","Quintile 5","All","All","100","90","0.908","0"
"2023","Less than -6 points","Quintile 5","All","All","100","95","0.921","0"
"2011","All","Unknown","All","All","5","5"," ","0"
"2013","All","Unknown","All","All","5","0"," ","0"
"2010","All","Quintile 1","All","All","40","35","0.921","0"
"2011","All","Quintile 1","All","All","35","35","0.973","0"
"2012","All","Quintile 1","All","All","50","45","0.917","0"
"2013","All","Quintile 1","All","All","40","35","0.857","0"
"2014","All","Quintile 1","All","All","35","35","0.9460000000000001","0"
"2015","All","Quintile 1","All","All","55","50","0.906","0"
"2016","All","Quintile 1","All","All","55","45","0.849","0"
"2017","All","Quintile 1","All","All","65","60","0.909","0"
"2018","All","Quintile 1","All","All","55","50","0.911","0"
"2019","All","Quintile 1","All","All","65","60","0.925","0"
"2020","All","Quintile 1","All","All","80","70","0.91","0"
"2021","All","Quintile 1","All","All","85","80","0.9520000000000001","0"
"2022","All","Quintile 1","All","All","125","115","0.9510000000000001","0"
"2023","All","Quintile 1","All","All","100","95","0.9410000000000001","0"
"2010","All","Quintile 2","All","All","115","105","0.93","0"
"2011","All","Quintile 2","All","All","100","90","0.909","0"
"2012","All","Quintile 2","All","All","125","110","0.911","0"
"2013","All","Quintile 2","All","All","125","120","0.9440000000000001","0"
"2014","All","Quintile 2","All","All","125","120","0.96","0"
"2015","All","Quintile 2","All","All","115","100","0.894","0"
"2016","All","Quintile 2","All","All","145","135","0.917","0"
"2017","All","Quintile 2","All","All","115","105","0.896","0"
"2018","All","Quintile 2","All","All","175","155","0.902","0"
"2019","All","Quintile 2","All","All","165","155","0.9390000000000001","0"
"2020","All","Quintile 2","All","All","155","145","0.924","0"
"2021","All","Quintile 2","All","All","160","150","0.9430000000000001","0"
"2022","All","Quintile 2","All","All","190","175","0.92","0"
"2023","All","Quintile 2","All","All","190","185","0.968","0"
"2010","All","Quintile 3","All","All","215","195","0.903","0"
"2011","All","Quintile 3","All","All","235","215","0.919","0"
"2012","All","Quintile 3","All","All","240","215","0.888","0"
"2013","All","Quintile 3","All","All","255","235","0.925","0"
"2014","All","Quintile 3","All","All","275","245","0.887","0"
"2015","All","Quintile 3","All","All","270","245","0.901","0"
"2016","All","Quintile 3","All","All","275","245","0.892","0"
"2017","All","Quintile 3","All","All","270","250","0.929","0"
"2018","All","Quintile 3","All","All","280","255","0.904","0"
"2019","All","Quintile 3","All","All","295","275","0.929","0"
"2020","All","Quintile 3","All","All","290","270","0.928","0"
"2021","All","Quintile 3","All","All","325","300","0.911","0"
"2022","All","Quintile 3","All","All","375","335","0.901","0"
"2023","All","Quintile 3","All","All","365","350","0.962","0"
"2010","All","Quintile 4","All","All","390","360","0.923","0"
"2011","All","Quintile 4","All","All","415","375","0.901","0"
"2012","All","Quintile 4","All","All","410","370","0.907","0"
"2013","All","Quintile 4","All","All","425","385","0.906","0"
"2014","All","Quintile 4","All","All","440","415","0.934","0"
"2015","All","Quintile 4","All","All","465","420","0.901","0"
"2016","All","Quintile 4","All","All","445","410","0.928","0"
"2017","All","Quintile 4","All","All","460","420","0.905","0"
"2018","All","Quintile 4","All","All","460","430","0.935","0"
"2019","All","Quintile 4","All","All","405","370","0.914","0"
"2020","All","Quintile 4","All","All","440","405","0.912","0"
"2021","All","Quintile 4","All","All","475","425","0.897","0"
"2022","All","Quintile 4","All","All","525","490","0.926","0"
"2023","All","Quintile 4","All","All","605","565","0.937","0"
"2010","All","Quintile 5","All","All","1215","1110","0.914","0"
"2011","All","Quintile 5","All","All","1305","1195","0.916","0"
"2012","All","Quintile 5","All","All","1255","1120","0.892","0"
"2013","All","Quintile 5","All","All","1425","1310","0.921","0"
"2014","All","Quintile 5","All","All","1330","1210","0.911","0"
"2015","All","Quintile 5","All","All","1455","1330","0.913","0"
"2016","All","Quintile 5","All","All","1415","1295","0.915","0"
"2017","All","Quintile 5","All","All","1410","1290","0.913","0"
"2018","All","Quintile 5","All","All","1435","1320","0.919","0"
"2019","All","Quintile 5","All","All","1355","1255","0.926","0"
"2020","All","Quintile 5","All","All","1370","1275","0.929","0"
"2021","All","Quintile 5","All","All","1650","1515","0.916","0"
"2022","All","Quintile 5","All","All","1610","1475","0.916","0"
"2023","All","Quintile 5","All","All","1715","1610","0.9390000000000001","0"
"2010","0 points","All","All","All","475","445","0.937","0"
"2011","0 points","All","All","All","505","475","0.9430000000000001","0"
"2012","0 points","All","All","All","505","460","0.915","0"
"2013","0 points","All","All","All","610","565","0.921","0"
"2014","0 points","All","All","All","555","520","0.9390000000000001","0"
"2015","0 points","All","All","All","615","570","0.931","0"
"2016","0 points","All","All","All","685","635","0.928","0"
"2017","0 points","All","All","All","650","610","0.9400000000000001","0"
"2018","0 points","All","All","All","680","650","0.9500000000000001","0"
"2019","0 points","All","All","All","660","635","0.961","0"
"2020","0 points","All","All","All","1040","970","0.932","0"
"2021","0 points","All","All","All","1265","1175","0.929","0"
"2022","0 points","All","All","All","870","815","0.936","0"
"2023","0 points","All","All","All","850","815","0.9580000000000001","0"
"2010","1 points","All","All","All","85","75","0.916","0"
"2011","1 points","All","All","All","80","75","0.925","0"
"2012","1 points","All","All","All","75","70","0.907","0"
"2013","1 points","All","All","All","95","90","0.9570000000000001","0"
"2014","1 points","All","All","All","70","65","0.9420000000000001","0"
"2015","1 points","All","All","All","75","75","1","0"
"2016","1 points","All","All","All","95","90","0.968","0"
"2017","1 points","All","All","All","60","50","0.881","0"
"2018","1 points","All","All","All","80","70","0.872","0"
"2019","1 points","All","All","All","70","65","0.9440000000000001","0"
"2020","1 points","All","All","All","135","125","0.905","0"
"2021","1 points","All","All","All","150","130","0.88","0"
"2022","1 points","All","All","All","70","70","0.972","0"
"2023","1 points","All","All","All","70","65","0.887","0"
"2010","2 points","All","All","All","35","35","0.972","0"
"2011","2 points","All","All","All","25","25","0.963","0"
"2012","2 points","All","All","All","20","20","0.9","0"
"2013","2 points","All","All","All","30","30","0.903","0"
"2014","2 points","All","All","All","25","25","1","0"
"2015","2 points","All","All","All","25","20","0.875","0"
"2016","2 points","All","All","All","25","20","0.846","0"
"2017","2 points","All","All","All","20","15","0.895","0"
"2018","2 points","All","All","All","15","15","0.8130000000000001","0"
"2019","2 points","All","All","All","20","15","0.889","0"
"2020","2 points","All","All","All","35","35","1","0"
"2021","2 points","All","All","All","35","30","0.8240000000000001","0"
"2022","2 points","All","All","All","30","30","1","0"
"2023","2 points","All","All","All","20","15","0.833","0"
"2010","3 points","All","All","All","5","0"," ","0"
"2011","3 points","All","All","All","5","5"," ","0"
"2012","3 points","All","All","All","5","5"," ","0"
"2013","3 points","All","All","All","10","10"," ","0"
"2014","3 points","All","All","All","5","5"," ","0"
"2015","3 points","All","All","All","5","5"," ","0"
"2016","3 points","All","All","All","5","5"," ","0"
"2017","3 points","All","All","All","5","5"," ","0"
"2019","3 points","All","All","All","5","5"," ","0"
"2020","3 points","All","All","All","15","15","1","0"
"2021","3 points","All","All","All","10","10","0.917","0"
"2022","3 points","All","All","All","5","5"," ","0"
"2023","3 points","All","All","All","5","5"," ","0"
"2011","More than 3 points","All","All","All","5","5"," ","0"
"2012","More than 3 points","All","All","All","5","5"," ","0"
"2014","More than 3 points","All","All","All","5","5"," ","0"
"2010","-1 points","All","All","All","265","245","0.921","0"
"2011","-1 points","All","All","All","325","290","0.893","0"
"2012","-1 points","All","All","All","310","275","0.893","0"
"2013","-1 points","All","All","All","340","310","0.911","0"
"2014","-1 points","All","All","All","325","305","0.936","0"
"2015","-1 points","All","All","All","365","330","0.907","0"
"2016","-1 points","All","All","All","350","320","0.92","0"
"2017","-1 points","All","All","All","380","345","0.903","0"
"2018","-1 points","All","All","All","375","340","0.912","0"
"2019","-1 points","All","All","All","340","320","0.9410000000000001","0"
"2020","-1 points","All","All","All","365","335","0.926","0"
"2021","-1 points","All","All","All","390","360","0.92","0"
"2022","-1 points","All","All","All","430","390","0.914","0"
"2023","-1 points","All","All","All","440","420","0.9480000000000001","0"
"2010","-2 points","All","All","All","225","205","0.903","0"
"2011","-2 points","All","All","All","285","260","0.923","0"
"2012","-2 points","All","All","All","285","260","0.906","0"
"2013","-2 points","All","All","All","300","280","0.933","0"
"2014","-2 points","All","All","All","285","250","0.881","0"
"2015","-2 points","All","All","All","325","300","0.917","0"
"2016","-2 points","All","All","All","295","265","0.904","0"
"2017","-2 points","All","All","All","285","265","0.923","0"
"2018","-2 points","All","All","All","305","285","0.922","0"
"2019","-2 points","All","All","All","285","265","0.93","0"
"2020","-2 points","All","All","All","245","230","0.931","0"
"2021","-2 points","All","All","All","245","225","0.919","0"
"2022","-2 points","All","All","All","355","315","0.892","0"
"2023","-2 points","All","All","All","430","410","0.9530000000000001","0"
"2010","-3 points","All","All","All","230","205","0.892","0"
"2011","-3 points","All","All","All","230","215","0.931","0"
"2012","-3 points","All","All","All","200","180","0.91","0"
"2013","-3 points","All","All","All","215","200","0.925","0"
"2014","-3 points","All","All","All","260","240","0.93","0"
"2015","-3 points","All","All","All","245","220","0.898","0"
"2016","-3 points","All","All","All","225","205","0.894","0"
"2017","-3 points","All","All","All","260","235","0.911","0"
"2018","-3 points","All","All","All","245","220","0.887","0"
"2019","-3 points","All","All","All","230","215","0.934","0"
"2020","-3 points","All","All","All","170","155","0.912","0"
"2021","-3 points","All","All","All","150","135","0.895","0"
"2022","-3 points","All","All","All","290","260","0.897","0"
"2023","-3 points","All","All","All","310","280","0.909","0"
"2010","-4 points","All","All","All","195","180","0.924","0"
"2011","-4 points","All","All","All","215","190","0.892","0"
"2012","-4 points","All","All","All","215","190","0.889","0"
"2013","-4 points","All","All","All","185","175","0.93","0"
"2014","-4 points","All","All","All","205","190","0.913","0"
"2015","-4 points","All","All","All","215","195","0.912","0"
"2016","-4 points","All","All","All","200","180","0.899","0"
"2017","-4 points","All","All","All","180","165","0.901","0"
"2018","-4 points","All","All","All","205","190","0.922","0"
"2019","-4 points","All","All","All","200","180","0.881","0"
"2020","-4 points","All","All","All","125","110","0.888","0"
"2021","-4 points","All","All","All","135","125","0.933","0"
"2022","-4 points","All","All","All","230","210","0.905","0"
"2023","-4 points","All","All","All","295","280","0.9390000000000001","0"
"2010","-5 points","All","All","All","135","125","0.926","0"
"2011","-5 points","All","All","All","120","110","0.91","0"
"2012","-5 points","All","All","All","145","120","0.8250000000000001","0"
"2013","-5 points","All","All","All","175","160","0.903","0"
"2014","-5 points","All","All","All","145","130","0.884","0"
"2015","-5 points","All","All","All","165","150","0.902","0"
"2016","-5 points","All","All","All","135","125","0.926","0"
"2017","-5 points","All","All","All","155","140","0.922","0"
"2018","-5 points","All","All","All","160","145","0.9","0"
"2019","-5 points","All","All","All","165","155","0.928","0"
"2020","-5 points","All","All","All","75","65","0.892","0"
"2021","-5 points","All","All","All","95","85","0.884","0"
"2022","-5 points","All","All","All","190","170","0.905","0"
"2023","-5 points","All","All","All","205","195","0.9460000000000001","0"
"2010","-6 points","All","All","All","100","90","0.88","0"
"2011","-6 points","All","All","All","110","90","0.852","0"
"2012","-6 points","All","All","All","125","115","0.913","0"
"2013","-6 points","All","All","All","100","90","0.88","0"
"2014","-6 points","All","All","All","105","90","0.868","0"
"2015","-6 points","All","All","All","110","95","0.856","0"
"2016","-6 points","All","All","All","110","100","0.891","0"
"2017","-6 points","All","All","All","100","90","0.911","0"
"2018","-6 points","All","All","All","105","95","0.904","0"
"2019","-6 points","All","All","All","95","85","0.876","0"
"2020","-6 points","All","All","All","55","50","0.962","0"
"2021","-6 points","All","All","All","60","55","0.883","0"
"2022","-6 points","All","All","All","125","110","0.903","0"
"2023","-6 points","All","All","All","125","120","0.9520000000000001","0"
"2010","Less than -6 points","All","All","All","220","200","0.9","0"
"2011","Less than -6 points","All","All","All","190","170","0.889","0"
"2012","Less than -6 points","All","All","All","195","170","0.876","0"
"2013","Less than -6 points","All","All","All","215","195","0.894","0"
"2014","Less than -6 points","All","All","All","220","195","0.882","0"
"2015","Less than -6 points","All","All","All","215","180","0.84","0"
"2016","Less than -6 points","All","All","All","210","185","0.88","0"
"2017","Less than -6 points","All","All","All","230","195","0.847","0"
"2018","Less than -6 points","All","All","All","235","210","0.906","0"
"2019","Less than -6 points","All","All","All","215","175","0.8270000000000001","0"
"2020","Less than -6 points","All","All","All","80","70","0.887","0"
"2021","Less than -6 points","All","All","All","165","145","0.877","0"
"2022","Less than -6 points","All","All","All","230","210","0.921","0"
"2023","Less than -6 points","All","All","All","220","205","0.932","0"
"2010","All","All","All","All","1975","1810","0.916","0"
"2011","All","All","All","All","2095","1915","0.914","0"
"2012","All","All","All","All","2080","1865","0.897","0"
"2013","All","All","All","All","2275","2090","0.918","0"
"2014","All","All","All","All","2210","2025","0.916","0"
"2015","All","All","All","All","2360","2140","0.908","0"
"2016","All","All","All","All","2335","2130","0.913","0"
"2017","All","All","All","All","2325","2120","0.912","0"
"2018","All","All","All","All","2410","2210","0.919","0"
"2019","All","All","All","All","2290","2120","0.925","0"
"2020","All","All","All","All","2340","2160","0.925","0"
"2021","All","All","All","All","2700","2470","0.915","0"
"2022","All","All","All","All","2825","2590","0.917","0"
"2023","All","All","All","All","2975","2805","0.9430000000000001","0"