"Year","Predicted SQA advanced higher points","POLAR4 Quintile","Main scheme applicant","Main scheme application","Applicants","Accepted applicants","Acceptance rate","Applicants with no applications"
"2012","12 point(s)","Quintile 1","Main scheme applicant","Not main scheme application","5","5"," ","0"
"2020","12 point(s)","Quintile 1","Main scheme applicant","Not main scheme application","5","0"," ","0"
"2022","12 point(s)","Quintile 1","Main scheme applicant","Not main scheme application","5","5"," ","0"
"2010","9 point(s)","Quintile 2","Main scheme applicant","Not main scheme application","5","5"," ","0"
"2012","10 point(s)","Quintile 2","Main scheme applicant","Not main scheme application","5","5"," ","0"
"2016","12 point(s)","Quintile 2","Main scheme applicant","Not main scheme application","5","5"," ","0"
"2018","12 point(s)","Quintile 2","Main scheme applicant","Not main scheme application","5","5"," ","0"
"2020","12 point(s)","Quintile 2","Main scheme applicant","Not main scheme application","5","0"," ","0"
"2021","12 point(s)","Quintile 2","Main scheme applicant","Not main scheme application","5","0"," ","0"
"2023","12 point(s)","Quintile 2","Main scheme applicant","Not main scheme application","5","5"," ","0"
"2012","8 point(s)","Quintile 3","Main scheme applicant","Not main scheme application","5","0"," ","0"
"2020","9 point(s)","Quintile 3","Main scheme applicant","Not main scheme application","5","5"," ","0"
"2013","10 point(s)","Quintile 3","Main scheme applicant","Not main scheme application","5","5"," ","0"
"2014","10 point(s)","Quintile 3","Main scheme applicant","Not main scheme application","5","0"," ","0"
"2017","10 point(s)","Quintile 3","Main scheme applicant","Not main scheme application","5","0"," ","0"
"2016","11 point(s)","Quintile 3","Main scheme applicant","Not main scheme application","5","0"," ","0"
"2023","11 point(s)","Quintile 3","Main scheme applicant","Not main scheme application","5","5"," ","0"
"2010","12 point(s)","Quintile 3","Main scheme applicant","Not main scheme application","5","0"," ","0"
"2012","12 point(s)","Quintile 3","Main scheme applicant","Not main scheme application","5","5"," ","0"
"2014","12 point(s)","Quintile 3","Main scheme applicant","Not main scheme application","5","5"," ","0"
"2015","12 point(s)","Quintile 3","Main scheme applicant","Not main scheme application","5","5"," ","0"
"2016","12 point(s)","Quintile 3","Main scheme applicant","Not main scheme application","5","5"," ","0"
"2017","12 point(s)","Quintile 3","Main scheme applicant","Not main scheme application","5","5"," ","0"
"2018","12 point(s)","Quintile 3","Main scheme applicant","Not main scheme application","10","10","0.909","0"
"2019","12 point(s)","Quintile 3","Main scheme applicant","Not main scheme application","10","10"," ","0"
"2020","12 point(s)","Quintile 3","Main scheme applicant","Not main scheme application","5","5"," ","0"
"2022","12 point(s)","Quintile 3","Main scheme applicant","Not main scheme application","10","5"," ","0"
"2023","12 point(s)","Quintile 3","Main scheme applicant","Not main scheme application","5","5"," ","0"
"2011","6 point(s)","Quintile 4","Main scheme applicant","Not main scheme application","5","5"," ","0"
"2011","8 point(s)","Quintile 4","Main scheme applicant","Not main scheme application","5","5"," ","0"
"2013","8 point(s)","Quintile 4","Main scheme applicant","Not main scheme application","5","5"," ","0"
"2022","8 point(s)","Quintile 4","Main scheme applicant","Not main scheme application","5","5"," ","0"
"2013","9 point(s)","Quintile 4","Main scheme applicant","Not main scheme application","5","0"," ","0"
"2015","9 point(s)","Quintile 4","Main scheme applicant","Not main scheme application","5","5"," ","0"
"2019","9 point(s)","Quintile 4","Main scheme applicant","Not main scheme application","5","5"," ","0"
"2011","10 point(s)","Quintile 4","Main scheme applicant","Not main scheme application","5","5"," ","0"
"2014","10 point(s)","Quintile 4","Main scheme applicant","Not main scheme application","5","5"," ","0"
"2017","10 point(s)","Quintile 4","Main scheme applicant","Not main scheme application","5","5"," ","0"
"2022","10 point(s)","Quintile 4","Main scheme applicant","Not main scheme application","10","5"," ","0"
"2023","10 point(s)","Quintile 4","Main scheme applicant","Not main scheme application","5","5"," ","0"
"2012","11 point(s)","Quintile 4","Main scheme applicant","Not main scheme application","5","5"," ","0"
"2018","11 point(s)","Quintile 4","Main scheme applicant","Not main scheme application","5","5"," ","0"
"2019","11 point(s)","Quintile 4","Main scheme applicant","Not main scheme application","5","5"," ","0"
"2020","11 point(s)","Quintile 4","Main scheme applicant","Not main scheme application","5","5"," ","0"
"2021","11 point(s)","Quintile 4","Main scheme applicant","Not main scheme application","5","5"," ","0"
"2022","11 point(s)","Quintile 4","Main scheme applicant","Not main scheme application","5","0"," ","0"
"2011","12 point(s)","Quintile 4","Main scheme applicant","Not main scheme application","5","0"," ","0"
"2012","12 point(s)","Quintile 4","Main scheme applicant","Not main scheme application","5","5"," ","0"
"2013","12 point(s)","Quintile 4","Main scheme applicant","Not main scheme application","5","5"," ","0"
"2014","12 point(s)","Quintile 4","Main scheme applicant","Not main scheme application","5","5"," ","0"
"2015","12 point(s)","Quintile 4","Main scheme applicant","Not main scheme application","5","5"," ","0"
"2016","12 point(s)","Quintile 4","Main scheme applicant","Not main scheme application","5","5"," ","0"
"2017","12 point(s)","Quintile 4","Main scheme applicant","Not main scheme application","5","5"," ","0"
"2018","12 point(s)","Quintile 4","Main scheme applicant","Not main scheme application","5","5"," ","0"
"2019","12 point(s)","Quintile 4","Main scheme applicant","Not main scheme application","10","10","0.909","0"
"2020","12 point(s)","Quintile 4","Main scheme applicant","Not main scheme application","10","10","0.833","0"
"2021","12 point(s)","Quintile 4","Main scheme applicant","Not main scheme application","5","5"," ","0"
"2022","12 point(s)","Quintile 4","Main scheme applicant","Not main scheme application","15","10","0.923","0"
"2023","12 point(s)","Quintile 4","Main scheme applicant","Not main scheme application","10","10","0.833","0"
"2010","7 point(s)","Quintile 5","Main scheme applicant","Not main scheme application","5","5"," ","0"
"2012","7 point(s)","Quintile 5","Main scheme applicant","Not main scheme application","5","5"," ","0"
"2019","7 point(s)","Quintile 5","Main scheme applicant","Not main scheme application","5","0"," ","0"
"2020","7 point(s)","Quintile 5","Main scheme applicant","Not main scheme application","5","5"," ","0"
"2010","8 point(s)","Quintile 5","Main scheme applicant","Not main scheme application","5","0"," ","0"
"2012","8 point(s)","Quintile 5","Main scheme applicant","Not main scheme application","5","5"," ","0"
"2013","8 point(s)","Quintile 5","Main scheme applicant","Not main scheme application","5","5"," ","0"
"2015","8 point(s)","Quintile 5","Main scheme applicant","Not main scheme application","5","5"," ","0"
"2018","8 point(s)","Quintile 5","Main scheme applicant","Not main scheme application","5","5"," ","0"
"2010","9 point(s)","Quintile 5","Main scheme applicant","Not main scheme application","5","5"," ","0"
"2011","9 point(s)","Quintile 5","Main scheme applicant","Not main scheme application","5","5"," ","0"
"2012","9 point(s)","Quintile 5","Main scheme applicant","Not main scheme application","5","5"," ","0"
"2013","9 point(s)","Quintile 5","Main scheme applicant","Not main scheme application","5","5"," ","0"
"2014","9 point(s)","Quintile 5","Main scheme applicant","Not main scheme application","5","5"," ","0"
"2015","9 point(s)","Quintile 5","Main scheme applicant","Not main scheme application","5","5"," ","0"
"2016","9 point(s)","Quintile 5","Main scheme applicant","Not main scheme application","10","5"," ","0"
"2017","9 point(s)","Quintile 5","Main scheme applicant","Not main scheme application","5","5"," ","0"
"2019","9 point(s)","Quintile 5","Main scheme applicant","Not main scheme application","5","5"," ","0"
"2020","9 point(s)","Quintile 5","Main scheme applicant","Not main scheme application","10","5"," ","0"
"2021","9 point(s)","Quintile 5","Main scheme applicant","Not main scheme application","5","5"," ","0"
"2023","9 point(s)","Quintile 5","Main scheme applicant","Not main scheme application","5","5"," ","0"
"2010","10 point(s)","Quintile 5","Main scheme applicant","Not main scheme application","5","5"," ","0"
"2011","10 point(s)","Quintile 5","Main scheme applicant","Not main scheme application","10","5"," ","0"
"2012","10 point(s)","Quintile 5","Main scheme applicant","Not main scheme application","5","5"," ","0"
"2013","10 point(s)","Quintile 5","Main scheme applicant","Not main scheme application","5","0"," ","0"
"2014","10 point(s)","Quintile 5","Main scheme applicant","Not main scheme application","5","5"," ","0"
"2015","10 point(s)","Quintile 5","Main scheme applicant","Not main scheme application","5","5"," ","0"
"2016","10 point(s)","Quintile 5","Main scheme applicant","Not main scheme application","5","5"," ","0"
"2017","10 point(s)","Quintile 5","Main scheme applicant","Not main scheme application","5","5"," ","0"
"2019","10 point(s)","Quintile 5","Main scheme applicant","Not main scheme application","5","5"," ","0"
"2020","10 point(s)","Quintile 5","Main scheme applicant","Not main scheme application","5","5"," ","0"
"2021","10 point(s)","Quintile 5","Main scheme applicant","Not main scheme application","10","5"," ","0"
"2023","10 point(s)","Quintile 5","Main scheme applicant","Not main scheme application","10","10","1","0"
"2010","11 point(s)","Quintile 5","Main scheme applicant","Not main scheme application","5","5"," ","0"
"2012","11 point(s)","Quintile 5","Main scheme applicant","Not main scheme application","5","5"," ","0"
"2013","11 point(s)","Quintile 5","Main scheme applicant","Not main scheme application","5","0"," ","0"
"2014","11 point(s)","Quintile 5","Main scheme applicant","Not main scheme application","5","5"," ","0"
"2015","11 point(s)","Quintile 5","Main scheme applicant","Not main scheme application","5","5"," ","0"
"2016","11 point(s)","Quintile 5","Main scheme applicant","Not main scheme application","5","5"," ","0"
"2017","11 point(s)","Quintile 5","Main scheme applicant","Not main scheme application","5","5"," ","0"
"2018","11 point(s)","Quintile 5","Main scheme applicant","Not main scheme application","5","5"," ","0"
"2019","11 point(s)","Quintile 5","Main scheme applicant","Not main scheme application","5","5"," ","0"
"2020","11 point(s)","Quintile 5","Main scheme applicant","Not main scheme application","5","5"," ","0"
"2021","11 point(s)","Quintile 5","Main scheme applicant","Not main scheme application","10","10"," ","0"
"2022","11 point(s)","Quintile 5","Main scheme applicant","Not main scheme application","5","5"," ","0"
"2023","11 point(s)","Quintile 5","Main scheme applicant","Not main scheme application","5","5"," ","0"
"2010","12 point(s)","Quintile 5","Main scheme applicant","Not main scheme application","5","5"," ","0"
"2011","12 point(s)","Quintile 5","Main scheme applicant","Not main scheme application","10","10"," ","0"
"2012","12 point(s)","Quintile 5","Main scheme applicant","Not main scheme application","20","15","0.85","0"
"2013","12 point(s)","Quintile 5","Main scheme applicant","Not main scheme application","25","25","0.962","0"
"2014","12 point(s)","Quintile 5","Main scheme applicant","Not main scheme application","35","25","0.771","0"
"2015","12 point(s)","Quintile 5","Main scheme applicant","Not main scheme application","30","30","0.933","0"
"2016","12 point(s)","Quintile 5","Main scheme applicant","Not main scheme application","25","20","0.913","0"
"2017","12 point(s)","Quintile 5","Main scheme applicant","Not main scheme application","35","30","0.811","0"
"2018","12 point(s)","Quintile 5","Main scheme applicant","Not main scheme application","30","25","0.781","0"
"2019","12 point(s)","Quintile 5","Main scheme applicant","Not main scheme application","30","25","0.9","0"
"2020","12 point(s)","Quintile 5","Main scheme applicant","Not main scheme application","35","30","0.909","0"
"2021","12 point(s)","Quintile 5","Main scheme applicant","Not main scheme application","25","20","0.875","0"
"2022","12 point(s)","Quintile 5","Main scheme applicant","Not main scheme application","35","30","0.8240000000000001","0"
"2023","12 point(s)","Quintile 5","Main scheme applicant","Not main scheme application","25","20","0.846","0"
"2011","12 point(s)","Unknown","Main scheme applicant","Main scheme application","5","5"," ","0"
"2017","7 point(s)","Quintile 1","Main scheme applicant","Main scheme application","5","5"," ","0"
"2019","7 point(s)","Quintile 1","Main scheme applicant","Main scheme application","5","5"," ","0"
"2020","7 point(s)","Quintile 1","Main scheme applicant","Main scheme application","5","0"," ","0"
"2021","7 point(s)","Quintile 1","Main scheme applicant","Main scheme application","5","5"," ","0"
"2022","7 point(s)","Quintile 1","Main scheme applicant","Main scheme application","5","0"," ","0"
"2023","7 point(s)","Quintile 1","Main scheme applicant","Main scheme application","5","0"," ","0"
"2010","8 point(s)","Quintile 1","Main scheme applicant","Main scheme application","5","5"," ","0"
"2012","8 point(s)","Quintile 1","Main scheme applicant","Main scheme application","5","5"," ","0"
"2013","8 point(s)","Quintile 1","Main scheme applicant","Main scheme application","5","5"," ","0"
"2014","8 point(s)","Quintile 1","Main scheme applicant","Main scheme application","5","5"," ","0"
"2015","8 point(s)","Quintile 1","Main scheme applicant","Main scheme application","5","5"," ","0"
"2016","8 point(s)","Quintile 1","Main scheme applicant","Main scheme application","5","0"," ","0"
"2017","8 point(s)","Quintile 1","Main scheme applicant","Main scheme application","5","0"," ","0"
"2018","8 point(s)","Quintile 1","Main scheme applicant","Main scheme application","5","5"," ","0"
"2019","8 point(s)","Quintile 1","Main scheme applicant","Main scheme application","5","5"," ","0"
"2020","8 point(s)","Quintile 1","Main scheme applicant","Main scheme application","5","5"," ","0"
"2021","8 point(s)","Quintile 1","Main scheme applicant","Main scheme application","5","5"," ","0"
"2022","8 point(s)","Quintile 1","Main scheme applicant","Main scheme application","5","5"," ","0"
"2023","8 point(s)","Quintile 1","Main scheme applicant","Main scheme application","5","0"," ","0"
"2010","9 point(s)","Quintile 1","Main scheme applicant","Main scheme application","10","10"," ","0"
"2011","9 point(s)","Quintile 1","Main scheme applicant","Main scheme application","5","5"," ","0"
"2012","9 point(s)","Quintile 1","Main scheme applicant","Main scheme application","5","5"," ","0"
"2013","9 point(s)","Quintile 1","Main scheme applicant","Main scheme application","5","5"," ","0"
"2015","9 point(s)","Quintile 1","Main scheme applicant","Main scheme application","10","10"," ","0"
"2016","9 point(s)","Quintile 1","Main scheme applicant","Main scheme application","10","10"," ","0"
"2017","9 point(s)","Quintile 1","Main scheme applicant","Main scheme application","5","5"," ","0"
"2018","9 point(s)","Quintile 1","Main scheme applicant","Main scheme application","10","10"," ","0"
"2019","9 point(s)","Quintile 1","Main scheme applicant","Main scheme application","10","10","0.917","0"
"2020","9 point(s)","Quintile 1","Main scheme applicant","Main scheme application","5","5"," ","0"
"2021","9 point(s)","Quintile 1","Main scheme applicant","Main scheme application","10","5"," ","0"
"2022","9 point(s)","Quintile 1","Main scheme applicant","Main scheme application","10","10","0.833","0"
"2023","9 point(s)","Quintile 1","Main scheme applicant","Main scheme application","10","10"," ","0"
"2010","10 point(s)","Quintile 1","Main scheme applicant","Main scheme application","10","10"," ","0"
"2011","10 point(s)","Quintile 1","Main scheme applicant","Main scheme application","10","10"," ","0"
"2012","10 point(s)","Quintile 1","Main scheme applicant","Main scheme application","5","5"," ","0"
"2013","10 point(s)","Quintile 1","Main scheme applicant","Main scheme application","10","5"," ","0"
"2014","10 point(s)","Quintile 1","Main scheme applicant","Main scheme application","5","5"," ","0"
"2015","10 point(s)","Quintile 1","Main scheme applicant","Main scheme application","5","5"," ","0"
"2016","10 point(s)","Quintile 1","Main scheme applicant","Main scheme application","10","5"," ","0"
"2017","10 point(s)","Quintile 1","Main scheme applicant","Main scheme application","10","10"," ","0"
"2018","10 point(s)","Quintile 1","Main scheme applicant","Main scheme application","10","10","0.917","0"
"2019","10 point(s)","Quintile 1","Main scheme applicant","Main scheme application","10","10"," ","0"
"2020","10 point(s)","Quintile 1","Main scheme applicant","Main scheme application","10","10"," ","0"
"2021","10 point(s)","Quintile 1","Main scheme applicant","Main scheme application","5","5"," ","0"
"2022","10 point(s)","Quintile 1","Main scheme applicant","Main scheme application","15","15","0.8240000000000001","0"
"2023","10 point(s)","Quintile 1","Main scheme applicant","Main scheme application","10","10","1","0"
"2010","11 point(s)","Quintile 1","Main scheme applicant","Main scheme application","5","5"," ","0"
"2011","11 point(s)","Quintile 1","Main scheme applicant","Main scheme application","5","5"," ","0"
"2012","11 point(s)","Quintile 1","Main scheme applicant","Main scheme application","5","5"," ","0"
"2013","11 point(s)","Quintile 1","Main scheme applicant","Main scheme application","5","5"," ","0"
"2014","11 point(s)","Quintile 1","Main scheme applicant","Main scheme application","5","5"," ","0"
"2015","11 point(s)","Quintile 1","Main scheme applicant","Main scheme application","15","10","0.857","0"
"2016","11 point(s)","Quintile 1","Main scheme applicant","Main scheme application","10","10","0.909","0"
"2017","11 point(s)","Quintile 1","Main scheme applicant","Main scheme application","10","10","1","0"
"2018","11 point(s)","Quintile 1","Main scheme applicant","Main scheme application","5","5"," ","0"
"2019","11 point(s)","Quintile 1","Main scheme applicant","Main scheme application","10","10"," ","0"
"2020","11 point(s)","Quintile 1","Main scheme applicant","Main scheme application","15","10","0.786","0"
"2021","11 point(s)","Quintile 1","Main scheme applicant","Main scheme application","15","15","1","0"
"2022","11 point(s)","Quintile 1","Main scheme applicant","Main scheme application","25","25","0.923","0"
"2023","11 point(s)","Quintile 1","Main scheme applicant","Main scheme application","15","15","1","0"
"2010","12 point(s)","Quintile 1","Main scheme applicant","Main scheme application","10","10","0.917","0"
"2011","12 point(s)","Quintile 1","Main scheme applicant","Main scheme application","10","10","1","0"
"2012","12 point(s)","Quintile 1","Main scheme applicant","Main scheme application","20","20","0.857","0"
"2013","12 point(s)","Quintile 1","Main scheme applicant","Main scheme application","15","10","0.75","0"
"2014","12 point(s)","Quintile 1","Main scheme applicant","Main scheme application","20","20","1","0"
"2015","12 point(s)","Quintile 1","Main scheme applicant","Main scheme application","20","20","0.9500000000000001","0"
"2016","12 point(s)","Quintile 1","Main scheme applicant","Main scheme application","20","15","0.85","0"
"2017","12 point(s)","Quintile 1","Main scheme applicant","Main scheme application","30","30","0.968","0"
"2018","12 point(s)","Quintile 1","Main scheme applicant","Main scheme application","25","25","0.962","0"
"2019","12 point(s)","Quintile 1","Main scheme applicant","Main scheme application","25","25","0.9580000000000001","0"
"2020","12 point(s)","Quintile 1","Main scheme applicant","Main scheme application","40","35","0.897","0"
"2021","12 point(s)","Quintile 1","Main scheme applicant","Main scheme application","45","40","0.907","0"
"2022","12 point(s)","Quintile 1","Main scheme applicant","Main scheme application","60","50","0.879","0"
"2023","12 point(s)","Quintile 1","Main scheme applicant","Main scheme application","60","60","0.967","0"
"2010","6 point(s)","Quintile 2","Main scheme applicant","Main scheme application","5","5"," ","0"
"2014","6 point(s)","Quintile 2","Main scheme applicant","Main scheme application","5","0"," ","0"
"2023","6 point(s)","Quintile 2","Main scheme applicant","Main scheme application","5","0"," ","0"
"2010","7 point(s)","Quintile 2","Main scheme applicant","Main scheme application","5","5"," ","0"
"2011","7 point(s)","Quintile 2","Main scheme applicant","Main scheme application","5","5"," ","0"
"2012","7 point(s)","Quintile 2","Main scheme applicant","Main scheme application","5","5"," ","0"
"2013","7 point(s)","Quintile 2","Main scheme applicant","Main scheme application","5","5"," ","0"
"2014","7 point(s)","Quintile 2","Main scheme applicant","Main scheme application","5","5"," ","0"
"2018","7 point(s)","Quintile 2","Main scheme applicant","Main scheme application","10","10"," ","0"
"2019","7 point(s)","Quintile 2","Main scheme applicant","Main scheme application","5","5"," ","0"
"2021","7 point(s)","Quintile 2","Main scheme applicant","Main scheme application","5","5"," ","0"
"2022","7 point(s)","Quintile 2","Main scheme applicant","Main scheme application","5","5"," ","0"
"2023","7 point(s)","Quintile 2","Main scheme applicant","Main scheme application","5","5"," ","0"
"2010","8 point(s)","Quintile 2","Main scheme applicant","Main scheme application","15","15","0.875","0"
"2011","8 point(s)","Quintile 2","Main scheme applicant","Main scheme application","5","5"," ","0"
"2012","8 point(s)","Quintile 2","Main scheme applicant","Main scheme application","5","5"," ","0"
"2013","8 point(s)","Quintile 2","Main scheme applicant","Main scheme application","10","5"," ","0"
"2014","8 point(s)","Quintile 2","Main scheme applicant","Main scheme application","5","5"," ","0"
"2015","8 point(s)","Quintile 2","Main scheme applicant","Main scheme application","5","5"," ","0"
"2016","8 point(s)","Quintile 2","Main scheme applicant","Main scheme application","10","10"," ","0"
"2017","8 point(s)","Quintile 2","Main scheme applicant","Main scheme application","10","10"," ","0"
"2018","8 point(s)","Quintile 2","Main scheme applicant","Main scheme application","5","5"," ","0"
"2019","8 point(s)","Quintile 2","Main scheme applicant","Main scheme application","5","5"," ","0"
"2020","8 point(s)","Quintile 2","Main scheme applicant","Main scheme application","10","10","0.909","0"
"2021","8 point(s)","Quintile 2","Main scheme applicant","Main scheme application","5","5"," ","0"
"2022","8 point(s)","Quintile 2","Main scheme applicant","Main scheme application","10","5"," ","0"
"2023","8 point(s)","Quintile 2","Main scheme applicant","Main scheme application","10","5"," ","0"
"2010","9 point(s)","Quintile 2","Main scheme applicant","Main scheme application","20","15","0.789","0"
"2011","9 point(s)","Quintile 2","Main scheme applicant","Main scheme application","15","10","0.923","0"
"2012","9 point(s)","Quintile 2","Main scheme applicant","Main scheme application","25","20","0.8150000000000001","0"
"2013","9 point(s)","Quintile 2","Main scheme applicant","Main scheme application","20","15","0.842","0"
"2014","9 point(s)","Quintile 2","Main scheme applicant","Main scheme application","20","20","0.9520000000000001","0"
"2015","9 point(s)","Quintile 2","Main scheme applicant","Main scheme application","15","10"," ","0"
"2016","9 point(s)","Quintile 2","Main scheme applicant","Main scheme application","25","20","0.88","0"
"2017","9 point(s)","Quintile 2","Main scheme applicant","Main scheme application","15","15","0.933","0"
"2018","9 point(s)","Quintile 2","Main scheme applicant","Main scheme application","25","20","0.87","0"
"2019","9 point(s)","Quintile 2","Main scheme applicant","Main scheme application","25","25","0.885","0"
"2020","9 point(s)","Quintile 2","Main scheme applicant","Main scheme application","20","15","0.8","0"
"2021","9 point(s)","Quintile 2","Main scheme applicant","Main scheme application","15","15","1","0"
"2022","9 point(s)","Quintile 2","Main scheme applicant","Main scheme application","10","10","1","0"
"2023","9 point(s)","Quintile 2","Main scheme applicant","Main scheme application","35","35","0.972","0"
"2010","10 point(s)","Quintile 2","Main scheme applicant","Main scheme application","15","10","0.857","0"
"2011","10 point(s)","Quintile 2","Main scheme applicant","Main scheme application","20","20","0.9520000000000001","0"
"2012","10 point(s)","Quintile 2","Main scheme applicant","Main scheme application","20","15","0.7000000000000001","0"
"2013","10 point(s)","Quintile 2","Main scheme applicant","Main scheme application","20","20","0.9470000000000001","0"
"2014","10 point(s)","Quintile 2","Main scheme applicant","Main scheme application","20","20","0.857","0"
"2015","10 point(s)","Quintile 2","Main scheme applicant","Main scheme application","20","20","0.9520000000000001","0"
"2016","10 point(s)","Quintile 2","Main scheme applicant","Main scheme application","25","20","0.913","0"
"2017","10 point(s)","Quintile 2","Main scheme applicant","Main scheme application","10","10"," ","0"
"2018","10 point(s)","Quintile 2","Main scheme applicant","Main scheme application","30","30","0.903","0"
"2019","10 point(s)","Quintile 2","Main scheme applicant","Main scheme application","25","25","1","0"
"2020","10 point(s)","Quintile 2","Main scheme applicant","Main scheme application","20","15","0.85","0"
"2021","10 point(s)","Quintile 2","Main scheme applicant","Main scheme application","20","20","0.905","0"
"2022","10 point(s)","Quintile 2","Main scheme applicant","Main scheme application","25","25","0.96","0"
"2023","10 point(s)","Quintile 2","Main scheme applicant","Main scheme application","30","30","0.933","0"
"2010","11 point(s)","Quintile 2","Main scheme applicant","Main scheme application","15","15","0.8130000000000001","0"
"2011","11 point(s)","Quintile 2","Main scheme applicant","Main scheme application","20","15","0.889","0"
"2012","11 point(s)","Quintile 2","Main scheme applicant","Main scheme application","15","10","0.75","0"
"2013","11 point(s)","Quintile 2","Main scheme applicant","Main scheme application","20","20","0.9500000000000001","0"
"2014","11 point(s)","Quintile 2","Main scheme applicant","Main scheme application","20","20","1","0"
"2015","11 point(s)","Quintile 2","Main scheme applicant","Main scheme application","20","15","0.895","0"
"2016","11 point(s)","Quintile 2","Main scheme applicant","Main scheme application","20","15","0.85","0"
"2017","11 point(s)","Quintile 2","Main scheme applicant","Main scheme application","25","20","0.87","0"
"2018","11 point(s)","Quintile 2","Main scheme applicant","Main scheme application","20","15","0.889","0"
"2019","11 point(s)","Quintile 2","Main scheme applicant","Main scheme application","30","25","0.931","0"
"2020","11 point(s)","Quintile 2","Main scheme applicant","Main scheme application","30","25","0.931","0"
"2021","11 point(s)","Quintile 2","Main scheme applicant","Main scheme application","35","35","0.917","0"
"2022","11 point(s)","Quintile 2","Main scheme applicant","Main scheme application","25","25","0.852","0"
"2023","11 point(s)","Quintile 2","Main scheme applicant","Main scheme application","15","15","0.9410000000000001","0"
"2010","12 point(s)","Quintile 2","Main scheme applicant","Main scheme application","40","35","0.881","0"
"2011","12 point(s)","Quintile 2","Main scheme applicant","Main scheme application","30","30","0.906","0"
"2012","12 point(s)","Quintile 2","Main scheme applicant","Main scheme application","50","50","0.98","0"
"2013","12 point(s)","Quintile 2","Main scheme applicant","Main scheme application","50","45","0.9400000000000001","0"
"2014","12 point(s)","Quintile 2","Main scheme applicant","Main scheme application","45","45","0.936","0"
"2015","12 point(s)","Quintile 2","Main scheme applicant","Main scheme application","50","45","0.92","0"
"2016","12 point(s)","Quintile 2","Main scheme applicant","Main scheme application","65","60","0.894","0"
"2017","12 point(s)","Quintile 2","Main scheme applicant","Main scheme application","55","50","0.891","0"
"2018","12 point(s)","Quintile 2","Main scheme applicant","Main scheme application","85","70","0.847","0"
"2019","12 point(s)","Quintile 2","Main scheme applicant","Main scheme application","75","65","0.904","0"
"2020","12 point(s)","Quintile 2","Main scheme applicant","Main scheme application","75","70","0.907","0"
"2021","12 point(s)","Quintile 2","Main scheme applicant","Main scheme application","70","65","0.917","0"
"2022","12 point(s)","Quintile 2","Main scheme applicant","Main scheme application","110","100","0.9","0"
"2023","12 point(s)","Quintile 2","Main scheme applicant","Main scheme application","90","85","0.9550000000000001","0"
"2023","5 point(s)","Quintile 3","Main scheme applicant","Main scheme application","5","0"," ","0"
"2012","6 point(s)","Quintile 3","Main scheme applicant","Main scheme application","5","5"," ","0"
"2013","6 point(s)","Quintile 3","Main scheme applicant","Main scheme application","5","5"," ","0"
"2014","6 point(s)","Quintile 3","Main scheme applicant","Main scheme application","5","0"," ","0"
"2016","6 point(s)","Quintile 3","Main scheme applicant","Main scheme application","5","0"," ","0"
"2019","6 point(s)","Quintile 3","Main scheme applicant","Main scheme application","5","0"," ","0"
"2020","6 point(s)","Quintile 3","Main scheme applicant","Main scheme application","5","5"," ","0"
"2021","6 point(s)","Quintile 3","Main scheme applicant","Main scheme application","5","5"," ","0"
"2022","6 point(s)","Quintile 3","Main scheme applicant","Main scheme application","5","5"," ","0"
"2023","6 point(s)","Quintile 3","Main scheme applicant","Main scheme application","5","5"," ","0"
"2010","7 point(s)","Quintile 3","Main scheme applicant","Main scheme application","10","5"," ","0"
"2011","7 point(s)","Quintile 3","Main scheme applicant","Main scheme application","10","5"," ","0"
"2012","7 point(s)","Quintile 3","Main scheme applicant","Main scheme application","5","5"," ","0"
"2013","7 point(s)","Quintile 3","Main scheme applicant","Main scheme application","10","10","0.833","0"
"2014","7 point(s)","Quintile 3","Main scheme applicant","Main scheme application","10","5"," ","0"
"2015","7 point(s)","Quintile 3","Main scheme applicant","Main scheme application","5","5"," ","0"
"2018","7 point(s)","Quintile 3","Main scheme applicant","Main scheme application","5","0"," ","0"
"2019","7 point(s)","Quintile 3","Main scheme applicant","Main scheme application","5","5"," ","0"
"2020","7 point(s)","Quintile 3","Main scheme applicant","Main scheme application","5","5"," ","0"
"2021","7 point(s)","Quintile 3","Main scheme applicant","Main scheme application","5","5"," ","0"
"2022","7 point(s)","Quintile 3","Main scheme applicant","Main scheme application","10","5"," ","0"
"2023","7 point(s)","Quintile 3","Main scheme applicant","Main scheme application","5","5"," ","0"
"2010","8 point(s)","Quintile 3","Main scheme applicant","Main scheme application","25","20","0.75","0"
"2011","8 point(s)","Quintile 3","Main scheme applicant","Main scheme application","15","15","0.882","0"
"2012","8 point(s)","Quintile 3","Main scheme applicant","Main scheme application","30","20","0.6880000000000001","0"
"2013","8 point(s)","Quintile 3","Main scheme applicant","Main scheme application","20","20","0.864","0"
"2014","8 point(s)","Quintile 3","Main scheme applicant","Main scheme application","20","15","0.833","0"
"2015","8 point(s)","Quintile 3","Main scheme applicant","Main scheme application","10","10"," ","0"
"2016","8 point(s)","Quintile 3","Main scheme applicant","Main scheme application","20","15","0.737","0"
"2017","8 point(s)","Quintile 3","Main scheme applicant","Main scheme application","15","15","0.765","0"
"2018","8 point(s)","Quintile 3","Main scheme applicant","Main scheme application","15","10","0.769","0"
"2019","8 point(s)","Quintile 3","Main scheme applicant","Main scheme application","15","15","0.8240000000000001","0"
"2020","8 point(s)","Quintile 3","Main scheme applicant","Main scheme application","10","10"," ","0"
"2021","8 point(s)","Quintile 3","Main scheme applicant","Main scheme application","10","5"," ","0"
"2022","8 point(s)","Quintile 3","Main scheme applicant","Main scheme application","20","15","0.833","0"
"2023","8 point(s)","Quintile 3","Main scheme applicant","Main scheme application","10","10"," ","0"
"2010","9 point(s)","Quintile 3","Main scheme applicant","Main scheme application","35","30","0.879","0"
"2011","9 point(s)","Quintile 3","Main scheme applicant","Main scheme application","30","25","0.893","0"
"2012","9 point(s)","Quintile 3","Main scheme applicant","Main scheme application","30","25","0.833","0"
"2013","9 point(s)","Quintile 3","Main scheme applicant","Main scheme application","40","35","0.902","0"
"2014","9 point(s)","Quintile 3","Main scheme applicant","Main scheme application","45","40","0.884","0"
"2015","9 point(s)","Quintile 3","Main scheme applicant","Main scheme application","35","35","0.892","0"
"2016","9 point(s)","Quintile 3","Main scheme applicant","Main scheme application","35","30","0.806","0"
"2017","9 point(s)","Quintile 3","Main scheme applicant","Main scheme application","40","35","0.923","0"
"2018","9 point(s)","Quintile 3","Main scheme applicant","Main scheme application","35","30","0.865","0"
"2019","9 point(s)","Quintile 3","Main scheme applicant","Main scheme application","45","40","0.884","0"
"2020","9 point(s)","Quintile 3","Main scheme applicant","Main scheme application","30","25","0.862","0"
"2021","9 point(s)","Quintile 3","Main scheme applicant","Main scheme application","20","20","0.8180000000000001","0"
"2022","9 point(s)","Quintile 3","Main scheme applicant","Main scheme application","25","20","0.833","0"
"2023","9 point(s)","Quintile 3","Main scheme applicant","Main scheme application","25","25","0.923","0"
"2010","10 point(s)","Quintile 3","Main scheme applicant","Main scheme application","40","40","0.905","0"
"2011","10 point(s)","Quintile 3","Main scheme applicant","Main scheme application","45","40","0.886","0"
"2012","10 point(s)","Quintile 3","Main scheme applicant","Main scheme application","30","25","0.806","0"
"2013","10 point(s)","Quintile 3","Main scheme applicant","Main scheme application","40","35","0.872","0"
"2014","10 point(s)","Quintile 3","Main scheme applicant","Main scheme application","55","45","0.887","0"
"2015","10 point(s)","Quintile 3","Main scheme applicant","Main scheme application","45","40","0.889","0"
"2016","10 point(s)","Quintile 3","Main scheme applicant","Main scheme application","35","30","0.853","0"
"2017","10 point(s)","Quintile 3","Main scheme applicant","Main scheme application","35","30","0.909","0"
"2018","10 point(s)","Quintile 3","Main scheme applicant","Main scheme application","30","25","0.75","0"
"2019","10 point(s)","Quintile 3","Main scheme applicant","Main scheme application","40","35","0.833","0"
"2020","10 point(s)","Quintile 3","Main scheme applicant","Main scheme application","50","45","0.904","0"
"2021","10 point(s)","Quintile 3","Main scheme applicant","Main scheme application","45","45","0.915","0"
"2022","10 point(s)","Quintile 3","Main scheme applicant","Main scheme application","40","40","0.929","0"
"2023","10 point(s)","Quintile 3","Main scheme applicant","Main scheme application","60","55","0.931","0"
"2010","11 point(s)","Quintile 3","Main scheme applicant","Main scheme application","35","30","0.9410000000000001","0"
"2011","11 point(s)","Quintile 3","Main scheme applicant","Main scheme application","40","35","0.925","0"
"2012","11 point(s)","Quintile 3","Main scheme applicant","Main scheme application","45","40","0.848","0"
"2013","11 point(s)","Quintile 3","Main scheme applicant","Main scheme application","40","35","0.878","0"
"2014","11 point(s)","Quintile 3","Main scheme applicant","Main scheme application","30","30","0.906","0"
"2015","11 point(s)","Quintile 3","Main scheme applicant","Main scheme application","45","40","0.93","0"
"2016","11 point(s)","Quintile 3","Main scheme applicant","Main scheme application","45","40","0.872","0"
"2017","11 point(s)","Quintile 3","Main scheme applicant","Main scheme application","50","45","0.922","0"
"2018","11 point(s)","Quintile 3","Main scheme applicant","Main scheme application","40","40","0.905","0"
"2019","11 point(s)","Quintile 3","Main scheme applicant","Main scheme application","40","35","0.925","0"
"2020","11 point(s)","Quintile 3","Main scheme applicant","Main scheme application","45","40","0.9550000000000001","0"
"2021","11 point(s)","Quintile 3","Main scheme applicant","Main scheme application","60","55","0.917","0"
"2022","11 point(s)","Quintile 3","Main scheme applicant","Main scheme application","60","55","0.871","0"
"2023","11 point(s)","Quintile 3","Main scheme applicant","Main scheme application","60","55","0.903","0"
"2010","12 point(s)","Quintile 3","Main scheme applicant","Main scheme application","75","60","0.849","0"
"2011","12 point(s)","Quintile 3","Main scheme applicant","Main scheme application","95","90","0.9380000000000001","0"
"2012","12 point(s)","Quintile 3","Main scheme applicant","Main scheme application","95","90","0.927","0"
"2013","12 point(s)","Quintile 3","Main scheme applicant","Main scheme application","95","90","0.9380000000000001","0"
"2014","12 point(s)","Quintile 3","Main scheme applicant","Main scheme application","115","95","0.842","0"
"2015","12 point(s)","Quintile 3","Main scheme applicant","Main scheme application","125","110","0.858","0"
"2016","12 point(s)","Quintile 3","Main scheme applicant","Main scheme application","135","125","0.905","0"
"2017","12 point(s)","Quintile 3","Main scheme applicant","Main scheme application","125","115","0.912","0"
"2018","12 point(s)","Quintile 3","Main scheme applicant","Main scheme application","155","135","0.877","0"
"2019","12 point(s)","Quintile 3","Main scheme applicant","Main scheme application","145","130","0.903","0"
"2020","12 point(s)","Quintile 3","Main scheme applicant","Main scheme application","145","130","0.884","0"
"2021","12 point(s)","Quintile 3","Main scheme applicant","Main scheme application","180","160","0.899","0"
"2022","12 point(s)","Quintile 3","Main scheme applicant","Main scheme application","215","185","0.869","0"
"2023","12 point(s)","Quintile 3","Main scheme applicant","Main scheme application","195","185","0.9490000000000001","0"
"2010","6 point(s)","Quintile 4","Main scheme applicant","Main scheme application","10","5"," ","0"
"2011","6 point(s)","Quintile 4","Main scheme applicant","Main scheme application","5","0"," ","0"
"2012","6 point(s)","Quintile 4","Main scheme applicant","Main scheme application","5","5"," ","0"
"2013","6 point(s)","Quintile 4","Main scheme applicant","Main scheme application","5","0"," ","0"
"2014","6 point(s)","Quintile 4","Main scheme applicant","Main scheme application","5","0"," ","0"
"2015","6 point(s)","Quintile 4","Main scheme applicant","Main scheme application","5","5"," ","0"
"2017","6 point(s)","Quintile 4","Main scheme applicant","Main scheme application","5","0"," ","0"
"2018","6 point(s)","Quintile 4","Main scheme applicant","Main scheme application","5","5"," ","0"
"2019","6 point(s)","Quintile 4","Main scheme applicant","Main scheme application","5","0"," ","0"
"2020","6 point(s)","Quintile 4","Main scheme applicant","Main scheme application","5","5"," ","0"
"2021","6 point(s)","Quintile 4","Main scheme applicant","Main scheme application","5","5"," ","0"
"2022","6 point(s)","Quintile 4","Main scheme applicant","Main scheme application","5","5"," ","0"
"2023","6 point(s)","Quintile 4","Main scheme applicant","Main scheme application","5","5"," ","0"
"2010","7 point(s)","Quintile 4","Main scheme applicant","Main scheme application","15","15","0.9410000000000001","0"
"2011","7 point(s)","Quintile 4","Main scheme applicant","Main scheme application","20","10","0.611","0"
"2012","7 point(s)","Quintile 4","Main scheme applicant","Main scheme application","10","10","0.833","0"
"2013","7 point(s)","Quintile 4","Main scheme applicant","Main scheme application","15","15","0.867","0"
"2014","7 point(s)","Quintile 4","Main scheme applicant","Main scheme application","15","10","0.75","0"
"2015","7 point(s)","Quintile 4","Main scheme applicant","Main scheme application","15","10"," ","0"
"2016","7 point(s)","Quintile 4","Main scheme applicant","Main scheme application","10","10","0.833","0"
"2017","7 point(s)","Quintile 4","Main scheme applicant","Main scheme application","10","5"," ","0"
"2018","7 point(s)","Quintile 4","Main scheme applicant","Main scheme application","5","5"," ","0"
"2019","7 point(s)","Quintile 4","Main scheme applicant","Main scheme application","5","5"," ","0"
"2022","7 point(s)","Quintile 4","Main scheme applicant","Main scheme application","5","5"," ","0"
"2023","7 point(s)","Quintile 4","Main scheme applicant","Main scheme application","10","5"," ","0"
"2010","8 point(s)","Quintile 4","Main scheme applicant","Main scheme application","25","25","0.885","0"
"2011","8 point(s)","Quintile 4","Main scheme applicant","Main scheme application","30","20","0.759","0"
"2012","8 point(s)","Quintile 4","Main scheme applicant","Main scheme application","30","25","0.8280000000000001","0"
"2013","8 point(s)","Quintile 4","Main scheme applicant","Main scheme application","30","25","0.8280000000000001","0"
"2014","8 point(s)","Quintile 4","Main scheme applicant","Main scheme application","15","15","0.875","0"
"2015","8 point(s)","Quintile 4","Main scheme applicant","Main scheme application","20","20","0.905","0"
"2016","8 point(s)","Quintile 4","Main scheme applicant","Main scheme application","15","15","0.765","0"
"2017","8 point(s)","Quintile 4","Main scheme applicant","Main scheme application","10","10","0.833","0"
"2018","8 point(s)","Quintile 4","Main scheme applicant","Main scheme application","15","10","0.857","0"
"2019","8 point(s)","Quintile 4","Main scheme applicant","Main scheme application","20","15","0.833","0"
"2020","8 point(s)","Quintile 4","Main scheme applicant","Main scheme application","15","10","0.786","0"
"2021","8 point(s)","Quintile 4","Main scheme applicant","Main scheme application","20","15","0.778","0"
"2022","8 point(s)","Quintile 4","Main scheme applicant","Main scheme application","20","15","0.833","0"
"2023","8 point(s)","Quintile 4","Main scheme applicant","Main scheme application","25","20","0.72","0"
"2010","9 point(s)","Quintile 4","Main scheme applicant","Main scheme application","50","40","0.84","0"
"2011","9 point(s)","Quintile 4","Main scheme applicant","Main scheme application","60","50","0.862","0"
"2012","9 point(s)","Quintile 4","Main scheme applicant","Main scheme application","50","40","0.808","0"
"2013","9 point(s)","Quintile 4","Main scheme applicant","Main scheme application","45","40","0.809","0"
"2014","9 point(s)","Quintile 4","Main scheme applicant","Main scheme application","45","40","0.848","0"
"2015","9 point(s)","Quintile 4","Main scheme applicant","Main scheme application","55","45","0.804","0"
"2016","9 point(s)","Quintile 4","Main scheme applicant","Main scheme application","50","45","0.885","0"
"2017","9 point(s)","Quintile 4","Main scheme applicant","Main scheme application","45","35","0.778","0"
"2018","9 point(s)","Quintile 4","Main scheme applicant","Main scheme application","50","45","0.843","0"
"2019","9 point(s)","Quintile 4","Main scheme applicant","Main scheme application","50","45","0.878","0"
"2020","9 point(s)","Quintile 4","Main scheme applicant","Main scheme application","35","35","0.9430000000000001","0"
"2021","9 point(s)","Quintile 4","Main scheme applicant","Main scheme application","35","30","0.882","0"
"2022","9 point(s)","Quintile 4","Main scheme applicant","Main scheme application","35","30","0.838","0"
"2023","9 point(s)","Quintile 4","Main scheme applicant","Main scheme application","45","35","0.86","0"
"2010","10 point(s)","Quintile 4","Main scheme applicant","Main scheme application","70","60","0.884","0"
"2011","10 point(s)","Quintile 4","Main scheme applicant","Main scheme application","60","55","0.885","0"
"2012","10 point(s)","Quintile 4","Main scheme applicant","Main scheme application","65","60","0.879","0"
"2013","10 point(s)","Quintile 4","Main scheme applicant","Main scheme application","70","60","0.871","0"
"2014","10 point(s)","Quintile 4","Main scheme applicant","Main scheme application","75","65","0.867","0"
"2015","10 point(s)","Quintile 4","Main scheme applicant","Main scheme application","70","65","0.875","0"
"2016","10 point(s)","Quintile 4","Main scheme applicant","Main scheme application","50","50","0.9420000000000001","0"
"2017","10 point(s)","Quintile 4","Main scheme applicant","Main scheme application","70","60","0.855","0"
"2018","10 point(s)","Quintile 4","Main scheme applicant","Main scheme application","60","55","0.898","0"
"2019","10 point(s)","Quintile 4","Main scheme applicant","Main scheme application","45","35","0.841","0"
"2020","10 point(s)","Quintile 4","Main scheme applicant","Main scheme application","55","50","0.907","0"
"2021","10 point(s)","Quintile 4","Main scheme applicant","Main scheme application","50","45","0.8270000000000001","0"
"2022","10 point(s)","Quintile 4","Main scheme applicant","Main scheme application","65","55","0.806","0"
"2023","10 point(s)","Quintile 4","Main scheme applicant","Main scheme application","60","50","0.867","0"
"2010","11 point(s)","Quintile 4","Main scheme applicant","Main scheme application","70","70","0.972","0"
"2011","11 point(s)","Quintile 4","Main scheme applicant","Main scheme application","70","65","0.887","0"
"2012","11 point(s)","Quintile 4","Main scheme applicant","Main scheme application","70","60","0.861","0"
"2013","11 point(s)","Quintile 4","Main scheme applicant","Main scheme application","80","75","0.9380000000000001","0"
"2014","11 point(s)","Quintile 4","Main scheme applicant","Main scheme application","60","55","0.934","0"
"2015","11 point(s)","Quintile 4","Main scheme applicant","Main scheme application","80","70","0.923","0"
"2016","11 point(s)","Quintile 4","Main scheme applicant","Main scheme application","100","90","0.908","0"
"2017","11 point(s)","Quintile 4","Main scheme applicant","Main scheme application","95","85","0.875","0"
"2018","11 point(s)","Quintile 4","Main scheme applicant","Main scheme application","85","80","0.92","0"
"2019","11 point(s)","Quintile 4","Main scheme applicant","Main scheme application","60","55","0.869","0"
"2020","11 point(s)","Quintile 4","Main scheme applicant","Main scheme application","80","60","0.785","0"
"2021","11 point(s)","Quintile 4","Main scheme applicant","Main scheme application","85","70","0.857","0"
"2022","11 point(s)","Quintile 4","Main scheme applicant","Main scheme application","85","80","0.929","0"
"2023","11 point(s)","Quintile 4","Main scheme applicant","Main scheme application","100","95","0.9500000000000001","0"
"2010","12 point(s)","Quintile 4","Main scheme applicant","Main scheme application","145","130","0.904","0"
"2011","12 point(s)","Quintile 4","Main scheme applicant","Main scheme application","170","150","0.894","0"
"2012","12 point(s)","Quintile 4","Main scheme applicant","Main scheme application","170","160","0.929","0"
"2013","12 point(s)","Quintile 4","Main scheme applicant","Main scheme application","180","160","0.878","0"
"2014","12 point(s)","Quintile 4","Main scheme applicant","Main scheme application","225","210","0.929","0"
"2015","12 point(s)","Quintile 4","Main scheme applicant","Main scheme application","220","195","0.899","0"
"2016","12 point(s)","Quintile 4","Main scheme applicant","Main scheme application","210","190","0.904","0"
"2017","12 point(s)","Quintile 4","Main scheme applicant","Main scheme application","230","210","0.908","0"
"2018","12 point(s)","Quintile 4","Main scheme applicant","Main scheme application","240","220","0.929","0"
"2019","12 point(s)","Quintile 4","Main scheme applicant","Main scheme application","220","195","0.883","0"
"2020","12 point(s)","Quintile 4","Main scheme applicant","Main scheme application","255","220","0.877","0"
"2021","12 point(s)","Quintile 4","Main scheme applicant","Main scheme application","280","255","0.897","0"
"2022","12 point(s)","Quintile 4","Main scheme applicant","Main scheme application","310","275","0.887","0"
"2023","12 point(s)","Quintile 4","Main scheme applicant","Main scheme application","365","335","0.92","0"
"2012","5 point(s)","Quintile 5","Main scheme applicant","Main scheme application","5","5"," ","0"
"2010","6 point(s)","Quintile 5","Main scheme applicant","Main scheme application","10","5"," ","0"
"2011","6 point(s)","Quintile 5","Main scheme applicant","Main scheme application","15","10","0.857","0"
"2012","6 point(s)","Quintile 5","Main scheme applicant","Main scheme application","10","10"," ","0"
"2013","6 point(s)","Quintile 5","Main scheme applicant","Main scheme application","10","5"," ","0"
"2014","6 point(s)","Quintile 5","Main scheme applicant","Main scheme application","5","5"," ","0"
"2015","6 point(s)","Quintile 5","Main scheme applicant","Main scheme application","10","10"," ","0"
"2016","6 point(s)","Quintile 5","Main scheme applicant","Main scheme application","5","5"," ","0"
"2017","6 point(s)","Quintile 5","Main scheme applicant","Main scheme application","5","5"," ","0"
"2018","6 point(s)","Quintile 5","Main scheme applicant","Main scheme application","5","5"," ","0"
"2019","6 point(s)","Quintile 5","Main scheme applicant","Main scheme application","5","5"," ","0"
"2020","6 point(s)","Quintile 5","Main scheme applicant","Main scheme application","5","5"," ","0"
"2021","6 point(s)","Quintile 5","Main scheme applicant","Main scheme application","5","0"," ","0"
"2022","6 point(s)","Quintile 5","Main scheme applicant","Main scheme application","5","5"," ","0"
"2023","6 point(s)","Quintile 5","Main scheme applicant","Main scheme application","5","5"," ","0"
"2010","7 point(s)","Quintile 5","Main scheme applicant","Main scheme application","30","25","0.8130000000000001","0"
"2011","7 point(s)","Quintile 5","Main scheme applicant","Main scheme application","25","20","0.76","0"
"2012","7 point(s)","Quintile 5","Main scheme applicant","Main scheme application","20","10","0.524","0"
"2013","7 point(s)","Quintile 5","Main scheme applicant","Main scheme application","25","15","0.739","0"
"2014","7 point(s)","Quintile 5","Main scheme applicant","Main scheme application","20","15","0.85","0"
"2015","7 point(s)","Quintile 5","Main scheme applicant","Main scheme application","15","15","0.9380000000000001","0"
"2016","7 point(s)","Quintile 5","Main scheme applicant","Main scheme application","15","10","0.733","0"
"2017","7 point(s)","Quintile 5","Main scheme applicant","Main scheme application","10","10","0.909","0"
"2018","7 point(s)","Quintile 5","Main scheme applicant","Main scheme application","10","10"," ","0"
"2019","7 point(s)","Quintile 5","Main scheme applicant","Main scheme application","5","5"," ","0"
"2020","7 point(s)","Quintile 5","Main scheme applicant","Main scheme application","10","10"," ","0"
"2021","7 point(s)","Quintile 5","Main scheme applicant","Main scheme application","10","5"," ","0"
"2022","7 point(s)","Quintile 5","Main scheme applicant","Main scheme application","20","15","0.85","0"
"2023","7 point(s)","Quintile 5","Main scheme applicant","Main scheme application","10","10","0.917","0"
"2010","8 point(s)","Quintile 5","Main scheme applicant","Main scheme application","65","55","0.864","0"
"2011","8 point(s)","Quintile 5","Main scheme applicant","Main scheme application","60","55","0.918","0"
"2012","8 point(s)","Quintile 5","Main scheme applicant","Main scheme application","40","30","0.8","0"
"2013","8 point(s)","Quintile 5","Main scheme applicant","Main scheme application","60","45","0.767","0"
"2014","8 point(s)","Quintile 5","Main scheme applicant","Main scheme application","35","30","0.861","0"
"2015","8 point(s)","Quintile 5","Main scheme applicant","Main scheme application","40","30","0.775","0"
"2016","8 point(s)","Quintile 5","Main scheme applicant","Main scheme application","40","40","0.9520000000000001","0"
"2017","8 point(s)","Quintile 5","Main scheme applicant","Main scheme application","15","15","0.875","0"
"2018","8 point(s)","Quintile 5","Main scheme applicant","Main scheme application","35","30","0.833","0"
"2019","8 point(s)","Quintile 5","Main scheme applicant","Main scheme application","30","25","0.929","0"
"2020","8 point(s)","Quintile 5","Main scheme applicant","Main scheme application","20","20","0.905","0"
"2021","8 point(s)","Quintile 5","Main scheme applicant","Main scheme application","30","25","0.742","0"
"2022","8 point(s)","Quintile 5","Main scheme applicant","Main scheme application","30","25","0.793","0"
"2023","8 point(s)","Quintile 5","Main scheme applicant","Main scheme application","25","25","0.923","0"
"2010","9 point(s)","Quintile 5","Main scheme applicant","Main scheme application","120","105","0.877","0"
"2011","9 point(s)","Quintile 5","Main scheme applicant","Main scheme application","120","100","0.856","0"
"2012","9 point(s)","Quintile 5","Main scheme applicant","Main scheme application","120","105","0.844","0"
"2013","9 point(s)","Quintile 5","Main scheme applicant","Main scheme application","120","105","0.875","0"
"2014","9 point(s)","Quintile 5","Main scheme applicant","Main scheme application","85","70","0.857","0"
"2015","9 point(s)","Quintile 5","Main scheme applicant","Main scheme application","130","115","0.863","0"
"2016","9 point(s)","Quintile 5","Main scheme applicant","Main scheme application","105","90","0.868","0"
"2017","9 point(s)","Quintile 5","Main scheme applicant","Main scheme application","95","80","0.851","0"
"2018","9 point(s)","Quintile 5","Main scheme applicant","Main scheme application","90","80","0.91","0"
"2019","9 point(s)","Quintile 5","Main scheme applicant","Main scheme application","105","95","0.915","0"
"2020","9 point(s)","Quintile 5","Main scheme applicant","Main scheme application","85","70","0.867","0"
"2021","9 point(s)","Quintile 5","Main scheme applicant","Main scheme application","85","70","0.802","0"
"2022","9 point(s)","Quintile 5","Main scheme applicant","Main scheme application","70","65","0.9440000000000001","0"
"2023","9 point(s)","Quintile 5","Main scheme applicant","Main scheme application","90","70","0.795","0"
"2010","10 point(s)","Quintile 5","Main scheme applicant","Main scheme application","155","140","0.89","0"
"2011","10 point(s)","Quintile 5","Main scheme applicant","Main scheme application","170","155","0.905","0"
"2012","10 point(s)","Quintile 5","Main scheme applicant","Main scheme application","160","135","0.861","0"
"2013","10 point(s)","Quintile 5","Main scheme applicant","Main scheme application","155","140","0.902","0"
"2014","10 point(s)","Quintile 5","Main scheme applicant","Main scheme application","160","145","0.93","0"
"2015","10 point(s)","Quintile 5","Main scheme applicant","Main scheme application","150","140","0.914","0"
"2016","10 point(s)","Quintile 5","Main scheme applicant","Main scheme application","140","125","0.886","0"
"2017","10 point(s)","Quintile 5","Main scheme applicant","Main scheme application","130","115","0.891","0"
"2018","10 point(s)","Quintile 5","Main scheme applicant","Main scheme application","105","95","0.915","0"
"2019","10 point(s)","Quintile 5","Main scheme applicant","Main scheme application","130","115","0.891","0"
"2020","10 point(s)","Quintile 5","Main scheme applicant","Main scheme application","130","120","0.917","0"
"2021","10 point(s)","Quintile 5","Main scheme applicant","Main scheme application","125","105","0.862","0"
"2022","10 point(s)","Quintile 5","Main scheme applicant","Main scheme application","115","105","0.906","0"
"2023","10 point(s)","Quintile 5","Main scheme applicant","Main scheme application","125","110","0.864","0"
"2010","11 point(s)","Quintile 5","Main scheme applicant","Main scheme application","190","170","0.889","0"
"2011","11 point(s)","Quintile 5","Main scheme applicant","Main scheme application","210","195","0.915","0"
"2012","11 point(s)","Quintile 5","Main scheme applicant","Main scheme application","190","165","0.87","0"
"2013","11 point(s)","Quintile 5","Main scheme applicant","Main scheme application","220","205","0.919","0"
"2014","11 point(s)","Quintile 5","Main scheme applicant","Main scheme application","215","195","0.898","0"
"2015","11 point(s)","Quintile 5","Main scheme applicant","Main scheme application","230","210","0.913","0"
"2016","11 point(s)","Quintile 5","Main scheme applicant","Main scheme application","225","200","0.888","0"
"2017","11 point(s)","Quintile 5","Main scheme applicant","Main scheme application","185","165","0.891","0"
"2018","11 point(s)","Quintile 5","Main scheme applicant","Main scheme application","220","200","0.905","0"
"2019","11 point(s)","Quintile 5","Main scheme applicant","Main scheme application","165","150","0.91","0"
"2020","11 point(s)","Quintile 5","Main scheme applicant","Main scheme application","180","160","0.883","0"
"2021","11 point(s)","Quintile 5","Main scheme applicant","Main scheme application","185","165","0.877","0"
"2022","11 point(s)","Quintile 5","Main scheme applicant","Main scheme application","170","155","0.912","0"
"2023","11 point(s)","Quintile 5","Main scheme applicant","Main scheme application","205","185","0.899","0"
"2010","12 point(s)","Quintile 5","Main scheme applicant","Main scheme application","640","580","0.911","0"
"2011","12 point(s)","Quintile 5","Main scheme applicant","Main scheme application","705","640","0.907","0"
"2012","12 point(s)","Quintile 5","Main scheme applicant","Main scheme application","710","620","0.873","0"
"2013","12 point(s)","Quintile 5","Main scheme applicant","Main scheme application","840","755","0.901","0"
"2014","12 point(s)","Quintile 5","Main scheme applicant","Main scheme application","810","705","0.87","0"
"2015","12 point(s)","Quintile 5","Main scheme applicant","Main scheme application","875","765","0.877","0"
"2016","12 point(s)","Quintile 5","Main scheme applicant","Main scheme application","880","785","0.889","0"
"2017","12 point(s)","Quintile 5","Main scheme applicant","Main scheme application","970","855","0.881","0"
"2018","12 point(s)","Quintile 5","Main scheme applicant","Main scheme application","970","865","0.894","0"
"2019","12 point(s)","Quintile 5","Main scheme applicant","Main scheme application","915","820","0.896","0"
"2020","12 point(s)","Quintile 5","Main scheme applicant","Main scheme application","935","840","0.895","0"
"2021","12 point(s)","Quintile 5","Main scheme applicant","Main scheme application","1210","1100","0.909","0"
"2022","12 point(s)","Quintile 5","Main scheme applicant","Main scheme application","1195","1060","0.887","0"
"2023","12 point(s)","Quintile 5","Main scheme applicant","Main scheme application","1250","1160","0.929","0"
"2011","All","Quintile 1","Main scheme applicant","Not main scheme application","5","5"," ","0"
"2012","All","Quintile 1","Main scheme applicant","Not main scheme application","5","5"," ","0"
"2018","All","Quintile 1","Main scheme applicant","Not main scheme application","5","0"," ","0"
"2020","All","Quintile 1","Main scheme applicant","Not main scheme application","5","5"," ","0"
"2021","All","Quintile 1","Main scheme applicant","Not main scheme application","5","5"," ","0"
"2022","All","Quintile 1","Main scheme applicant","Not main scheme application","10","10","1","0"
"2010","All","Quintile 2","Main scheme applicant","Not main scheme application","10","10"," ","0"
"2012","All","Quintile 2","Main scheme applicant","Not main scheme application","10","10"," ","0"
"2013","All","Quintile 2","Main scheme applicant","Not main scheme application","5","5"," ","0"
"2014","All","Quintile 2","Main scheme applicant","Not main scheme application","5","5"," ","0"
"2015","All","Quintile 2","Main scheme applicant","Not main scheme application","5","5"," ","0"
"2016","All","Quintile 2","Main scheme applicant","Not main scheme application","10","5"," ","0"
"2017","All","Quintile 2","Main scheme applicant","Not main scheme application","5","0"," ","0"
"2018","All","Quintile 2","Main scheme applicant","Not main scheme application","10","5"," ","0"
"2019","All","Quintile 2","Main scheme applicant","Not main scheme application","5","5"," ","0"
"2020","All","Quintile 2","Main scheme applicant","Not main scheme application","5","5"," ","0"
"2021","All","Quintile 2","Main scheme applicant","Not main scheme application","5","5"," ","0"
"2022","All","Quintile 2","Main scheme applicant","Not main scheme application","5","5"," ","0"
"2023","All","Quintile 2","Main scheme applicant","Not main scheme application","5","5"," ","0"
"2010","All","Quintile 3","Main scheme applicant","Not main scheme application","10","10"," ","0"
"2011","All","Quintile 3","Main scheme applicant","Not main scheme application","5","5"," ","0"
"2012","All","Quintile 3","Main scheme applicant","Not main scheme application","10","10"," ","0"
"2013","All","Quintile 3","Main scheme applicant","Not main scheme application","5","5"," ","0"
"2014","All","Quintile 3","Main scheme applicant","Not main scheme application","15","10"," ","0"
"2015","All","Quintile 3","Main scheme applicant","Not main scheme application","10","10","0.909","0"
"2016","All","Quintile 3","Main scheme applicant","Not main scheme application","15","5"," ","0"
"2017","All","Quintile 3","Main scheme applicant","Not main scheme application","10","10"," ","0"
"2018","All","Quintile 3","Main scheme applicant","Not main scheme application","15","15","0.933","0"
"2019","All","Quintile 3","Main scheme applicant","Not main scheme application","15","15","1","0"
"2020","All","Quintile 3","Main scheme applicant","Not main scheme application","5","5"," ","0"
"2021","All","Quintile 3","Main scheme applicant","Not main scheme application","5","5"," ","0"
"2022","All","Quintile 3","Main scheme applicant","Not main scheme application","10","10","0.833","0"
"2023","All","Quintile 3","Main scheme applicant","Not main scheme application","10","10","0.917","0"
"2010","All","Quintile 4","Main scheme applicant","Not main scheme application","10","10","1","0"
"2011","All","Quintile 4","Main scheme applicant","Not main scheme application","20","15","0.81","0"
"2012","All","Quintile 4","Main scheme applicant","Not main scheme application","15","10","0.8","0"
"2013","All","Quintile 4","Main scheme applicant","Not main scheme application","15","15","0.8240000000000001","0"
"2014","All","Quintile 4","Main scheme applicant","Not main scheme application","20","15","0.833","0"
"2015","All","Quintile 4","Main scheme applicant","Not main scheme application","15","10","0.786","0"
"2016","All","Quintile 4","Main scheme applicant","Not main scheme application","15","15","1","0"
"2017","All","Quintile 4","Main scheme applicant","Not main scheme application","15","15","0.933","0"
"2018","All","Quintile 4","Main scheme applicant","Not main scheme application","10","10","1","0"
"2019","All","Quintile 4","Main scheme applicant","Not main scheme application","20","20","0.909","0"
"2020","All","Quintile 4","Main scheme applicant","Not main scheme application","25","20","0.833","0"
"2021","All","Quintile 4","Main scheme applicant","Not main scheme application","10","10","0.909","0"
"2022","All","Quintile 4","Main scheme applicant","Not main scheme application","30","25","0.8280000000000001","0"
"2023","All","Quintile 4","Main scheme applicant","Not main scheme application","20","20","0.9","0"
"2010","All","Quintile 5","Main scheme applicant","Not main scheme application","30","25","0.893","0"
"2011","All","Quintile 5","Main scheme applicant","Not main scheme application","30","20","0.724","0"
"2012","All","Quintile 5","Main scheme applicant","Not main scheme application","45","40","0.8300000000000001","0"
"2013","All","Quintile 5","Main scheme applicant","Not main scheme application","45","40","0.907","0"
"2014","All","Quintile 5","Main scheme applicant","Not main scheme application","50","40","0.8160000000000001","0"
"2015","All","Quintile 5","Main scheme applicant","Not main scheme application","50","45","0.863","0"
"2016","All","Quintile 5","Main scheme applicant","Not main scheme application","45","40","0.891","0"
"2017","All","Quintile 5","Main scheme applicant","Not main scheme application","60","45","0.783","0"
"2018","All","Quintile 5","Main scheme applicant","Not main scheme application","40","35","0.81","0"
"2019","All","Quintile 5","Main scheme applicant","Not main scheme application","45","40","0.851","0"
"2020","All","Quintile 5","Main scheme applicant","Not main scheme application","55","50","0.909","0"
"2021","All","Quintile 5","Main scheme applicant","Not main scheme application","55","40","0.774","0"
"2022","All","Quintile 5","Main scheme applicant","Not main scheme application","50","40","0.796","0"
"2023","All","Quintile 5","Main scheme applicant","Not main scheme application","50","45","0.896","0"
"2011","All","Unknown","Main scheme applicant","Main scheme application","5","5"," ","0"
"2013","All","Unknown","Main scheme applicant","Main scheme application","5","0"," ","0"
"2010","All","Quintile 1","Main scheme applicant","Main scheme application","40","35","0.921","0"
"2011","All","Quintile 1","Main scheme applicant","Main scheme application","35","35","0.892","0"
"2012","All","Quintile 1","Main scheme applicant","Main scheme application","50","40","0.854","0"
"2013","All","Quintile 1","Main scheme applicant","Main scheme application","40","35","0.833","0"
"2014","All","Quintile 1","Main scheme applicant","Main scheme application","35","35","0.9460000000000001","0"
"2015","All","Quintile 1","Main scheme applicant","Main scheme application","55","45","0.887","0"
"2016","All","Quintile 1","Main scheme applicant","Main scheme application","55","45","0.849","0"
"2017","All","Quintile 1","Main scheme applicant","Main scheme application","65","60","0.909","0"
"2018","All","Quintile 1","Main scheme applicant","Main scheme application","55","50","0.893","0"
"2019","All","Quintile 1","Main scheme applicant","Main scheme application","65","60","0.896","0"
"2020","All","Quintile 1","Main scheme applicant","Main scheme application","80","65","0.859","0"
"2021","All","Quintile 1","Main scheme applicant","Main scheme application","85","75","0.917","0"
"2022","All","Quintile 1","Main scheme applicant","Main scheme application","125","105","0.87","0"
"2023","All","Quintile 1","Main scheme applicant","Main scheme application","100","95","0.931","0"
"2010","All","Quintile 2","Main scheme applicant","Main scheme application","115","95","0.851","0"
"2011","All","Quintile 2","Main scheme applicant","Main scheme application","100","90","0.889","0"
"2012","All","Quintile 2","Main scheme applicant","Main scheme application","125","105","0.846","0"
"2013","All","Quintile 2","Main scheme applicant","Main scheme application","125","115","0.912","0"
"2014","All","Quintile 2","Main scheme applicant","Main scheme application","125","115","0.928","0"
"2015","All","Quintile 2","Main scheme applicant","Main scheme application","115","100","0.867","0"
"2016","All","Quintile 2","Main scheme applicant","Main scheme application","145","130","0.883","0"
"2017","All","Quintile 2","Main scheme applicant","Main scheme application","115","100","0.878","0"
"2018","All","Quintile 2","Main scheme applicant","Main scheme application","175","150","0.861","0"
"2019","All","Quintile 2","Main scheme applicant","Main scheme application","165","150","0.921","0"
"2020","All","Quintile 2","Main scheme applicant","Main scheme application","155","140","0.892","0"
"2021","All","Quintile 2","Main scheme applicant","Main scheme application","160","145","0.918","0"
"2022","All","Quintile 2","Main scheme applicant","Main scheme application","190","170","0.899","0"
"2023","All","Quintile 2","Main scheme applicant","Main scheme application","190","175","0.932","0"
"2010","All","Quintile 3","Main scheme applicant","Main scheme application","215","185","0.866","0"
"2011","All","Quintile 3","Main scheme applicant","Main scheme application","235","210","0.898","0"
"2012","All","Quintile 3","Main scheme applicant","Main scheme application","240","205","0.851","0"
"2013","All","Quintile 3","Main scheme applicant","Main scheme application","255","230","0.902","0"
"2014","All","Quintile 3","Main scheme applicant","Main scheme application","275","235","0.854","0"
"2015","All","Quintile 3","Main scheme applicant","Main scheme application","270","235","0.864","0"
"2016","All","Quintile 3","Main scheme applicant","Main scheme application","275","240","0.866","0"
"2017","All","Quintile 3","Main scheme applicant","Main scheme application","270","240","0.896","0"
"2018","All","Quintile 3","Main scheme applicant","Main scheme application","280","240","0.854","0"
"2019","All","Quintile 3","Main scheme applicant","Main scheme application","295","260","0.882","0"
"2020","All","Quintile 3","Main scheme applicant","Main scheme application","290","260","0.903","0"
"2021","All","Quintile 3","Main scheme applicant","Main scheme application","325","295","0.899","0"
"2022","All","Quintile 3","Main scheme applicant","Main scheme application","375","325","0.874","0"
"2023","All","Quintile 3","Main scheme applicant","Main scheme application","365","340","0.931","0"
"2010","All","Quintile 4","Main scheme applicant","Main scheme application","390","350","0.895","0"
"2011","All","Quintile 4","Main scheme applicant","Main scheme application","415","355","0.86","0"
"2012","All","Quintile 4","Main scheme applicant","Main scheme application","410","360","0.878","0"
"2013","All","Quintile 4","Main scheme applicant","Main scheme application","425","370","0.873","0"
"2014","All","Quintile 4","Main scheme applicant","Main scheme application","440","400","0.9","0"
"2015","All","Quintile 4","Main scheme applicant","Main scheme application","465","410","0.877","0"
"2016","All","Quintile 4","Main scheme applicant","Main scheme application","445","400","0.896","0"
"2017","All","Quintile 4","Main scheme applicant","Main scheme application","460","405","0.874","0"
"2018","All","Quintile 4","Main scheme applicant","Main scheme application","460","420","0.913","0"
"2019","All","Quintile 4","Main scheme applicant","Main scheme application","405","350","0.864","0"
"2020","All","Quintile 4","Main scheme applicant","Main scheme application","440","380","0.866","0"
"2021","All","Quintile 4","Main scheme applicant","Main scheme application","475","415","0.876","0"
"2022","All","Quintile 4","Main scheme applicant","Main scheme application","525","465","0.88","0"
"2023","All","Quintile 4","Main scheme applicant","Main scheme application","605","550","0.907","0"
"2010","All","Quintile 5","Main scheme applicant","Main scheme application","1215","1085","0.894","0"
"2011","All","Quintile 5","Main scheme applicant","Main scheme application","1305","1175","0.9","0"
"2012","All","Quintile 5","Main scheme applicant","Main scheme application","1255","1080","0.861","0"
"2013","All","Quintile 5","Main scheme applicant","Main scheme application","1425","1275","0.893","0"
"2014","All","Quintile 5","Main scheme applicant","Main scheme application","1330","1170","0.88","0"
"2015","All","Quintile 5","Main scheme applicant","Main scheme application","1455","1285","0.883","0"
"2016","All","Quintile 5","Main scheme applicant","Main scheme application","1415","1250","0.886","0"
"2017","All","Quintile 5","Main scheme applicant","Main scheme application","1410","1240","0.88","0"
"2018","All","Quintile 5","Main scheme applicant","Main scheme application","1435","1285","0.895","0"
"2019","All","Quintile 5","Main scheme applicant","Main scheme application","1355","1215","0.896","0"
"2020","All","Quintile 5","Main scheme applicant","Main scheme application","1370","1225","0.893","0"
"2021","All","Quintile 5","Main scheme applicant","Main scheme application","1650","1475","0.892","0"
"2022","All","Quintile 5","Main scheme applicant","Main scheme application","1610","1435","0.891","0"
"2023","All","Quintile 5","Main scheme applicant","Main scheme application","1715","1565","0.914","0"
"2010","6 point(s)","All","Main scheme applicant","Not main scheme application","5","5"," ","0"
"2011","6 point(s)","All","Main scheme applicant","Not main scheme application","5","5"," ","0"
"2010","7 point(s)","All","Main scheme applicant","Not main scheme application","5","5"," ","0"
"2011","7 point(s)","All","Main scheme applicant","Not main scheme application","5","5"," ","0"
"2012","7 point(s)","All","Main scheme applicant","Not main scheme application","5","5"," ","0"
"2013","7 point(s)","All","Main scheme applicant","Not main scheme application","5","5"," ","0"
"2014","7 point(s)","All","Main scheme applicant","Not main scheme application","5","5"," ","0"
"2019","7 point(s)","All","Main scheme applicant","Not main scheme application","10","5"," ","0"
"2020","7 point(s)","All","Main scheme applicant","Not main scheme application","5","5"," ","0"
"2022","7 point(s)","All","Main scheme applicant","Not main scheme application","5","0"," ","0"
"2023","7 point(s)","All","Main scheme applicant","Not main scheme application","5","5"," ","0"
"2010","8 point(s)","All","Main scheme applicant","Not main scheme application","5","5"," ","0"
"2011","8 point(s)","All","Main scheme applicant","Not main scheme application","5","5"," ","0"
"2012","8 point(s)","All","Main scheme applicant","Not main scheme application","5","5"," ","0"
"2013","8 point(s)","All","Main scheme applicant","Not main scheme application","5","5"," ","0"
"2014","8 point(s)","All","Main scheme applicant","Not main scheme application","5","5"," ","0"
"2015","8 point(s)","All","Main scheme applicant","Not main scheme application","5","5"," ","0"
"2016","8 point(s)","All","Main scheme applicant","Not main scheme application","5","5"," ","0"
"2017","8 point(s)","All","Main scheme applicant","Not main scheme application","5","0"," ","0"
"2018","8 point(s)","All","Main scheme applicant","Not main scheme application","5","5"," ","0"
"2020","8 point(s)","All","Main scheme applicant","Not main scheme application","5","5"," ","0"
"2021","8 point(s)","All","Main scheme applicant","Not main scheme application","5","5"," ","0"
"2022","8 point(s)","All","Main scheme applicant","Not main scheme application","5","5"," ","0"
"2023","8 point(s)","All","Main scheme applicant","Not main scheme application","5","5"," ","0"
"2010","9 point(s)","All","Main scheme applicant","Not main scheme application","10","10","1","0"
"2011","9 point(s)","All","Main scheme applicant","Not main scheme application","10","5"," ","0"
"2012","9 point(s)","All","Main scheme applicant","Not main scheme application","10","10"," ","0"
"2013","9 point(s)","All","Main scheme applicant","Not main scheme application","10","10"," ","0"
"2014","9 point(s)","All","Main scheme applicant","Not main scheme application","5","5"," ","0"
"2015","9 point(s)","All","Main scheme applicant","Not main scheme application","15","10"," ","0"
"2016","9 point(s)","All","Main scheme applicant","Not main scheme application","15","5"," ","0"
"2017","9 point(s)","All","Main scheme applicant","Not main scheme application","10","5"," ","0"
"2018","9 point(s)","All","Main scheme applicant","Not main scheme application","5","5"," ","0"
"2019","9 point(s)","All","Main scheme applicant","Not main scheme application","10","10"," ","0"
"2020","9 point(s)","All","Main scheme applicant","Not main scheme application","15","15","0.933","0"
"2021","9 point(s)","All","Main scheme applicant","Not main scheme application","10","5"," ","0"
"2022","9 point(s)","All","Main scheme applicant","Not main scheme application","5","5"," ","0"
"2023","9 point(s)","All","Main scheme applicant","Not main scheme application","10","10","1","0"
"2010","10 point(s)","All","Main scheme applicant","Not main scheme application","10","5"," ","0"
"2011","10 point(s)","All","Main scheme applicant","Not main scheme application","15","10","0.667","0"
"2012","10 point(s)","All","Main scheme applicant","Not main scheme application","10","10","0.833","0"
"2013","10 point(s)","All","Main scheme applicant","Not main scheme application","10","5"," ","0"
"2014","10 point(s)","All","Main scheme applicant","Not main scheme application","10","10","0.917","0"
"2015","10 point(s)","All","Main scheme applicant","Not main scheme application","10","5"," ","0"
"2016","10 point(s)","All","Main scheme applicant","Not main scheme application","10","10","1","0"
"2017","10 point(s)","All","Main scheme applicant","Not main scheme application","15","10","0.8","0"
"2018","10 point(s)","All","Main scheme applicant","Not main scheme application","5","5"," ","0"
"2019","10 point(s)","All","Main scheme applicant","Not main scheme application","5","5"," ","0"
"2020","10 point(s)","All","Main scheme applicant","Not main scheme application","10","10"," ","0"
"2021","10 point(s)","All","Main scheme applicant","Not main scheme application","10","5"," ","0"
"2022","10 point(s)","All","Main scheme applicant","Not main scheme application","15","10"," ","0"
"2023","10 point(s)","All","Main scheme applicant","Not main scheme application","15","15","0.9380000000000001","0"
"2010","11 point(s)","All","Main scheme applicant","Not main scheme application","5","5"," ","0"
"2011","11 point(s)","All","Main scheme applicant","Not main scheme application","5","5"," ","0"
"2012","11 point(s)","All","Main scheme applicant","Not main scheme application","15","10","0.857","0"
"2013","11 point(s)","All","Main scheme applicant","Not main scheme application","5","5"," ","0"
"2014","11 point(s)","All","Main scheme applicant","Not main scheme application","10","5"," ","0"
"2015","11 point(s)","All","Main scheme applicant","Not main scheme application","10","10"," ","0"
"2016","11 point(s)","All","Main scheme applicant","Not main scheme application","15","10","0.786","0"
"2017","11 point(s)","All","Main scheme applicant","Not main scheme application","10","5"," ","0"
"2018","11 point(s)","All","Main scheme applicant","Not main scheme application","10","10"," ","0"
"2019","11 point(s)","All","Main scheme applicant","Not main scheme application","10","10"," ","0"
"2020","11 point(s)","All","Main scheme applicant","Not main scheme application","10","10"," ","0"
"2021","11 point(s)","All","Main scheme applicant","Not main scheme application","20","15","0.789","0"
"2022","11 point(s)","All","Main scheme applicant","Not main scheme application","15","10","0.857","0"
"2023","11 point(s)","All","Main scheme applicant","Not main scheme application","10","5"," ","0"
"2010","12 point(s)","All","Main scheme applicant","Not main scheme application","15","10","0.923","0"
"2011","12 point(s)","All","Main scheme applicant","Not main scheme application","15","10","0.75","0"
"2012","12 point(s)","All","Main scheme applicant","Not main scheme application","35","30","0.879","0"
"2013","12 point(s)","All","Main scheme applicant","Not main scheme application","35","35","0.9430000000000001","0"
"2014","12 point(s)","All","Main scheme applicant","Not main scheme application","50","35","0.771","0"
"2015","12 point(s)","All","Main scheme applicant","Not main scheme application","45","40","0.93","0"
"2016","12 point(s)","All","Main scheme applicant","Not main scheme application","40","35","0.872","0"
"2017","12 point(s)","All","Main scheme applicant","Not main scheme application","50","45","0.86","0"
"2018","12 point(s)","All","Main scheme applicant","Not main scheme application","50","45","0.843","0"
"2019","12 point(s)","All","Main scheme applicant","Not main scheme application","50","45","0.922","0"
"2020","12 point(s)","All","Main scheme applicant","Not main scheme application","55","45","0.855","0"
"2021","12 point(s)","All","Main scheme applicant","Not main scheme application","35","30","0.882","0"
"2022","12 point(s)","All","Main scheme applicant","Not main scheme application","60","55","0.855","0"
"2023","12 point(s)","All","Main scheme applicant","Not main scheme application","45","40","0.87","0"
"2012","5 point(s)","All","Main scheme applicant","Main scheme application","5","5"," ","0"
"2015","5 point(s)","All","Main scheme applicant","Main scheme application","5","0"," ","0"
"2019","5 point(s)","All","Main scheme applicant","Main scheme application","5","5"," ","0"
"2021","5 point(s)","All","Main scheme applicant","Main scheme application","5","0"," ","0"
"2022","5 point(s)","All","Main scheme applicant","Main scheme application","5","0"," ","0"
"2023","5 point(s)","All","Main scheme applicant","Main scheme application","5","5"," ","0"
"2010","6 point(s)","All","Main scheme applicant","Main scheme application","25","15","0.654","0"
"2011","6 point(s)","All","Main scheme applicant","Main scheme application","25","15","0.739","0"
"2012","6 point(s)","All","Main scheme applicant","Main scheme application","20","15","0.762","0"
"2013","6 point(s)","All","Main scheme applicant","Main scheme application","20","15","0.833","0"
"2014","6 point(s)","All","Main scheme applicant","Main scheme application","20","10","0.667","0"
"2015","6 point(s)","All","Main scheme applicant","Main scheme application","20","15","0.65","0"
"2016","6 point(s)","All","Main scheme applicant","Main scheme application","10","5"," ","0"
"2017","6 point(s)","All","Main scheme applicant","Main scheme application","15","5"," ","0"
"2018","6 point(s)","All","Main scheme applicant","Main scheme application","10","10"," ","0"
"2019","6 point(s)","All","Main scheme applicant","Main scheme application","15","10"," ","0"
"2020","6 point(s)","All","Main scheme applicant","Main scheme application","15","15","0.882","0"
"2021","6 point(s)","All","Main scheme applicant","Main scheme application","15","10","0.846","0"
"2022","6 point(s)","All","Main scheme applicant","Main scheme application","15","15","1","0"
"2023","6 point(s)","All","Main scheme applicant","Main scheme application","15","15","0.929","0"
"2010","7 point(s)","All","Main scheme applicant","Main scheme application","60","55","0.855","0"
"2011","7 point(s)","All","Main scheme applicant","Main scheme application","60","40","0.672","0"
"2012","7 point(s)","All","Main scheme applicant","Main scheme application","40","30","0.683","0"
"2013","7 point(s)","All","Main scheme applicant","Main scheme application","55","45","0.807","0"
"2014","7 point(s)","All","Main scheme applicant","Main scheme application","50","40","0.784","0"
"2015","7 point(s)","All","Main scheme applicant","Main scheme application","40","30","0.842","0"
"2016","7 point(s)","All","Main scheme applicant","Main scheme application","30","25","0.767","0"
"2017","7 point(s)","All","Main scheme applicant","Main scheme application","30","20","0.714","0"
"2018","7 point(s)","All","Main scheme applicant","Main scheme application","30","25","0.793","0"
"2019","7 point(s)","All","Main scheme applicant","Main scheme application","30","20","0.6","0"
"2020","7 point(s)","All","Main scheme applicant","Main scheme application","20","20","0.8180000000000001","0"
"2021","7 point(s)","All","Main scheme applicant","Main scheme application","25","20","0.875","0"
"2022","7 point(s)","All","Main scheme applicant","Main scheme application","40","35","0.85","0"
"2023","7 point(s)","All","Main scheme applicant","Main scheme application","40","30","0.789","0"
"2010","8 point(s)","All","Main scheme applicant","Main scheme application","135","115","0.846","0"
"2011","8 point(s)","All","Main scheme applicant","Main scheme application","115","100","0.863","0"
"2012","8 point(s)","All","Main scheme applicant","Main scheme application","115","90","0.788","0"
"2013","8 point(s)","All","Main scheme applicant","Main scheme application","120","100","0.803","0"
"2014","8 point(s)","All","Main scheme applicant","Main scheme application","80","70","0.864","0"
"2015","8 point(s)","All","Main scheme applicant","Main scheme application","80","65","0.79","0"
"2016","8 point(s)","All","Main scheme applicant","Main scheme application","90","80","0.857","0"
"2017","8 point(s)","All","Main scheme applicant","Main scheme application","55","50","0.842","0"
"2018","8 point(s)","All","Main scheme applicant","Main scheme application","70","60","0.8310000000000001","0"
"2019","8 point(s)","All","Main scheme applicant","Main scheme application","75","65","0.892","0"
"2020","8 point(s)","All","Main scheme applicant","Main scheme application","60","55","0.883","0"
"2021","8 point(s)","All","Main scheme applicant","Main scheme application","70","55","0.809","0"
"2022","8 point(s)","All","Main scheme applicant","Main scheme application","80","65","0.8130000000000001","0"
"2023","8 point(s)","All","Main scheme applicant","Main scheme application","70","60","0.8170000000000001","0"
"2010","9 point(s)","All","Main scheme applicant","Main scheme application","230","200","0.866","0"
"2011","9 point(s)","All","Main scheme applicant","Main scheme application","225","195","0.871","0"
"2012","9 point(s)","All","Main scheme applicant","Main scheme application","240","195","0.8280000000000001","0"
"2013","9 point(s)","All","Main scheme applicant","Main scheme application","235","200","0.856","0"
"2014","9 point(s)","All","Main scheme applicant","Main scheme application","195","170","0.872","0"
"2015","9 point(s)","All","Main scheme applicant","Main scheme application","250","210","0.839","0"
"2016","9 point(s)","All","Main scheme applicant","Main scheme application","230","195","0.864","0"
"2017","9 point(s)","All","Main scheme applicant","Main scheme application","200","170","0.855","0"
"2018","9 point(s)","All","Main scheme applicant","Main scheme application","210","185","0.88","0"
"2019","9 point(s)","All","Main scheme applicant","Main scheme application","235","210","0.898","0"
"2020","9 point(s)","All","Main scheme applicant","Main scheme application","175","150","0.873","0"
"2021","9 point(s)","All","Main scheme applicant","Main scheme application","170","140","0.833","0"
"2022","9 point(s)","All","Main scheme applicant","Main scheme application","155","140","0.897","0"
"2023","9 point(s)","All","Main scheme applicant","Main scheme application","200","175","0.866","0"
"2010","10 point(s)","All","Main scheme applicant","Main scheme application","290","255","0.889","0"
"2011","10 point(s)","All","Main scheme applicant","Main scheme application","305","275","0.905","0"
"2012","10 point(s)","All","Main scheme applicant","Main scheme application","280","240","0.851","0"
"2013","10 point(s)","All","Main scheme applicant","Main scheme application","290","255","0.889","0"
"2014","10 point(s)","All","Main scheme applicant","Main scheme application","315","285","0.904","0"
"2015","10 point(s)","All","Main scheme applicant","Main scheme application","295","265","0.901","0"
"2016","10 point(s)","All","Main scheme applicant","Main scheme application","255","230","0.895","0"
"2017","10 point(s)","All","Main scheme applicant","Main scheme application","250","220","0.884","0"
"2018","10 point(s)","All","Main scheme applicant","Main scheme application","240","215","0.887","0"
"2019","10 point(s)","All","Main scheme applicant","Main scheme application","250","220","0.883","0"
"2020","10 point(s)","All","Main scheme applicant","Main scheme application","270","245","0.907","0"
"2021","10 point(s)","All","Main scheme applicant","Main scheme application","250","215","0.871","0"
"2022","10 point(s)","All","Main scheme applicant","Main scheme application","270","235","0.884","0"
"2023","10 point(s)","All","Main scheme applicant","Main scheme application","285","250","0.89","0"
"2010","11 point(s)","All","Main scheme applicant","Main scheme application","315","285","0.911","0"
"2011","11 point(s)","All","Main scheme applicant","Main scheme application","350","315","0.899","0"
"2012","11 point(s)","All","Main scheme applicant","Main scheme application","330","285","0.861","0"
"2013","11 point(s)","All","Main scheme applicant","Main scheme application","370","340","0.921","0"
"2014","11 point(s)","All","Main scheme applicant","Main scheme application","335","305","0.913","0"
"2015","11 point(s)","All","Main scheme applicant","Main scheme application","385","350","0.914","0"
"2016","11 point(s)","All","Main scheme applicant","Main scheme application","400","355","0.89","0"
"2017","11 point(s)","All","Main scheme applicant","Main scheme application","365","325","0.893","0"
"2018","11 point(s)","All","Main scheme applicant","Main scheme application","375","335","0.903","0"
"2019","11 point(s)","All","Main scheme applicant","Main scheme application","305","275","0.902","0"
"2020","11 point(s)","All","Main scheme applicant","Main scheme application","345","300","0.87","0"
"2021","11 point(s)","All","Main scheme applicant","Main scheme application","385","340","0.888","0"
"2022","11 point(s)","All","Main scheme applicant","Main scheme application","370","335","0.906","0"
"2023","11 point(s)","All","Main scheme applicant","Main scheme application","400","370","0.918","0"
"2010","12 point(s)","All","Main scheme applicant","Main scheme application","910","825","0.903","0"
"2011","12 point(s)","All","Main scheme applicant","Main scheme application","1020","925","0.909","0"
"2012","12 point(s)","All","Main scheme applicant","Main scheme application","1045","935","0.892","0"
"2013","12 point(s)","All","Main scheme applicant","Main scheme application","1180","1065","0.9","0"
"2014","12 point(s)","All","Main scheme applicant","Main scheme application","1215","1070","0.883","0"
"2015","12 point(s)","All","Main scheme applicant","Main scheme application","1290","1135","0.881","0"
"2016","12 point(s)","All","Main scheme applicant","Main scheme application","1315","1170","0.892","0"
"2017","12 point(s)","All","Main scheme applicant","Main scheme application","1410","1255","0.89","0"
"2018","12 point(s)","All","Main scheme applicant","Main scheme application","1475","1320","0.896","0"
"2019","12 point(s)","All","Main scheme applicant","Main scheme application","1380","1235","0.896","0"
"2020","12 point(s)","All","Main scheme applicant","Main scheme application","1450","1295","0.892","0"
"2021","12 point(s)","All","Main scheme applicant","Main scheme application","1790","1620","0.907","0"
"2022","12 point(s)","All","Main scheme applicant","Main scheme application","1890","1675","0.886","0"
"2023","12 point(s)","All","Main scheme applicant","Main scheme application","1955","1825","0.932","0"
"2010","All","All","Main scheme applicant","Not main scheme application","55","55","0.93","0"
"2011","All","All","Main scheme applicant","Not main scheme application","60","50","0.774","0"
"2012","All","All","Main scheme applicant","Not main scheme application","85","70","0.845","0"
"2013","All","All","Main scheme applicant","Not main scheme application","70","65","0.903","0"
"2014","All","All","Main scheme applicant","Not main scheme application","85","70","0.81","0"
"2015","All","All","Main scheme applicant","Not main scheme application","80","70","0.841","0"
"2016","All","All","Main scheme applicant","Not main scheme application","80","65","0.8170000000000001","0"
"2017","All","All","Main scheme applicant","Not main scheme application","90","70","0.791","0"
"2018","All","All","Main scheme applicant","Not main scheme application","80","65","0.846","0"
"2019","All","All","Main scheme applicant","Not main scheme application","90","80","0.888","0"
"2020","All","All","Main scheme applicant","Not main scheme application","100","85","0.878","0"
"2021","All","All","Main scheme applicant","Not main scheme application","75","60","0.8160000000000001","0"
"2022","All","All","Main scheme applicant","Not main scheme application","105","85","0.8210000000000001","0"
"2023","All","All","Main scheme applicant","Not main scheme application","90","80","0.909","0"
"2010","All","All","Main scheme applicant","Main scheme application","1975","1755","0.889","0"
"2011","All","All","Main scheme applicant","Main scheme application","2095","1870","0.891","0"
"2012","All","All","Main scheme applicant","Main scheme application","2080","1795","0.862","0"
"2013","All","All","Main scheme applicant","Main scheme application","2275","2025","0.89","0"
"2014","All","All","Main scheme applicant","Main scheme application","2210","1955","0.885","0"
"2015","All","All","Main scheme applicant","Main scheme application","2360","2075","0.879","0"
"2016","All","All","Main scheme applicant","Main scheme application","2335","2065","0.884","0"
"2017","All","All","Main scheme applicant","Main scheme application","2325","2050","0.881","0"
"2018","All","All","Main scheme applicant","Main scheme application","2410","2145","0.891","0"
"2019","All","All","Main scheme applicant","Main scheme application","2290","2040","0.89","0"
"2020","All","All","Main scheme applicant","Main scheme application","2335","2075","0.888","0"
"2021","All","All","Main scheme applicant","Main scheme application","2700","2410","0.892","0"
"2022","All","All","Main scheme applicant","Main scheme application","2825","2505","0.887","0"
"2023","All","All","Main scheme applicant","Main scheme application","2975","2725","0.916","0"
"2012","12 point(s)","Quintile 1","All","Not main scheme application","5","5"," ","0"
"2020","12 point(s)","Quintile 1","All","Not main scheme application","5","0"," ","0"
"2022","12 point(s)","Quintile 1","All","Not main scheme application","5","5"," ","0"
"2010","9 point(s)","Quintile 2","All","Not main scheme application","5","5"," ","0"
"2012","10 point(s)","Quintile 2","All","Not main scheme application","5","5"," ","0"
"2016","12 point(s)","Quintile 2","All","Not main scheme application","5","5"," ","0"
"2018","12 point(s)","Quintile 2","All","Not main scheme application","5","5"," ","0"
"2020","12 point(s)","Quintile 2","All","Not main scheme application","5","0"," ","0"
"2021","12 point(s)","Quintile 2","All","Not main scheme application","5","0"," ","0"
"2023","12 point(s)","Quintile 2","All","Not main scheme application","5","5"," ","0"
"2012","8 point(s)","Quintile 3","All","Not main scheme application","5","0"," ","0"
"2020","9 point(s)","Quintile 3","All","Not main scheme application","5","5"," ","0"
"2013","10 point(s)","Quintile 3","All","Not main scheme application","5","5"," ","0"
"2014","10 point(s)","Quintile 3","All","Not main scheme application","5","0"," ","0"
"2017","10 point(s)","Quintile 3","All","Not main scheme application","5","0"," ","0"
"2016","11 point(s)","Quintile 3","All","Not main scheme application","5","0"," ","0"
"2023","11 point(s)","Quintile 3","All","Not main scheme application","5","5"," ","0"
"2010","12 point(s)","Quintile 3","All","Not main scheme application","5","0"," ","0"
"2012","12 point(s)","Quintile 3","All","Not main scheme application","5","5"," ","0"
"2014","12 point(s)","Quintile 3","All","Not main scheme application","5","5"," ","0"
"2015","12 point(s)","Quintile 3","All","Not main scheme application","5","5"," ","0"
"2016","12 point(s)","Quintile 3","All","Not main scheme application","5","5"," ","0"
"2017","12 point(s)","Quintile 3","All","Not main scheme application","5","5"," ","0"
"2018","12 point(s)","Quintile 3","All","Not main scheme application","10","10","0.909","0"
"2019","12 point(s)","Quintile 3","All","Not main scheme application","10","10"," ","0"
"2020","12 point(s)","Quintile 3","All","Not main scheme application","5","5"," ","0"
"2022","12 point(s)","Quintile 3","All","Not main scheme application","10","5"," ","0"
"2023","12 point(s)","Quintile 3","All","Not main scheme application","5","5"," ","0"
"2011","6 point(s)","Quintile 4","All","Not main scheme application","5","5"," ","0"
"2011","8 point(s)","Quintile 4","All","Not main scheme application","5","5"," ","0"
"2013","8 point(s)","Quintile 4","All","Not main scheme application","5","5"," ","0"
"2022","8 point(s)","Quintile 4","All","Not main scheme application","5","5"," ","0"
"2013","9 point(s)","Quintile 4","All","Not main scheme application","5","0"," ","0"
"2015","9 point(s)","Quintile 4","All","Not main scheme application","5","5"," ","0"
"2019","9 point(s)","Quintile 4","All","Not main scheme application","5","5"," ","0"
"2011","10 point(s)","Quintile 4","All","Not main scheme application","5","5"," ","0"
"2014","10 point(s)","Quintile 4","All","Not main scheme application","5","5"," ","0"
"2017","10 point(s)","Quintile 4","All","Not main scheme application","5","5"," ","0"
"2022","10 point(s)","Quintile 4","All","Not main scheme application","10","5"," ","0"
"2023","10 point(s)","Quintile 4","All","Not main scheme application","5","5"," ","0"
"2012","11 point(s)","Quintile 4","All","Not main scheme application","5","5"," ","0"
"2018","11 point(s)","Quintile 4","All","Not main scheme application","5","5"," ","0"
"2019","11 point(s)","Quintile 4","All","Not main scheme application","5","5"," ","0"
"2020","11 point(s)","Quintile 4","All","Not main scheme application","5","5"," ","0"
"2021","11 point(s)","Quintile 4","All","Not main scheme application","5","5"," ","0"
"2022","11 point(s)","Quintile 4","All","Not main scheme application","5","0"," ","0"
"2011","12 point(s)","Quintile 4","All","Not main scheme application","5","0"," ","0"
"2012","12 point(s)","Quintile 4","All","Not main scheme application","5","5"," ","0"
"2013","12 point(s)","Quintile 4","All","Not main scheme application","5","5"," ","0"
"2014","12 point(s)","Quintile 4","All","Not main scheme application","5","5"," ","0"
"2015","12 point(s)","Quintile 4","All","Not main scheme application","5","5"," ","0"
"2016","12 point(s)","Quintile 4","All","Not main scheme application","5","5"," ","0"
"2017","12 point(s)","Quintile 4","All","Not main scheme application","5","5"," ","0"
"2018","12 point(s)","Quintile 4","All","Not main scheme application","5","5"," ","0"
"2019","12 point(s)","Quintile 4","All","Not main scheme application","10","10","0.909","0"
"2020","12 point(s)","Quintile 4","All","Not main scheme application","10","10","0.833","0"
"2021","12 point(s)","Quintile 4","All","Not main scheme application","5","5"," ","0"
"2022","12 point(s)","Quintile 4","All","Not main scheme application","15","10","0.923","0"
"2023","12 point(s)","Quintile 4","All","Not main scheme application","10","10","0.833","0"
"2010","7 point(s)","Quintile 5","All","Not main scheme application","5","5"," ","0"
"2012","7 point(s)","Quintile 5","All","Not main scheme application","5","5"," ","0"
"2019","7 point(s)","Quintile 5","All","Not main scheme application","5","0"," ","0"
"2020","7 point(s)","Quintile 5","All","Not main scheme application","5","5"," ","0"
"2010","8 point(s)","Quintile 5","All","Not main scheme application","5","0"," ","0"
"2012","8 point(s)","Quintile 5","All","Not main scheme application","5","5"," ","0"
"2013","8 point(s)","Quintile 5","All","Not main scheme application","5","5"," ","0"
"2015","8 point(s)","Quintile 5","All","Not main scheme application","5","5"," ","0"
"2018","8 point(s)","Quintile 5","All","Not main scheme application","5","5"," ","0"
"2010","9 point(s)","Quintile 5","All","Not main scheme application","5","5"," ","0"
"2011","9 point(s)","Quintile 5","All","Not main scheme application","5","5"," ","0"
"2012","9 point(s)","Quintile 5","All","Not main scheme application","5","5"," ","0"
"2013","9 point(s)","Quintile 5","All","Not main scheme application","5","5"," ","0"
"2014","9 point(s)","Quintile 5","All","Not main scheme application","5","5"," ","0"
"2015","9 point(s)","Quintile 5","All","Not main scheme application","5","5"," ","0"
"2016","9 point(s)","Quintile 5","All","Not main scheme application","10","5"," ","0"
"2017","9 point(s)","Quintile 5","All","Not main scheme application","5","5"," ","0"
"2019","9 point(s)","Quintile 5","All","Not main scheme application","5","5"," ","0"
"2020","9 point(s)","Quintile 5","All","Not main scheme application","10","5"," ","0"
"2021","9 point(s)","Quintile 5","All","Not main scheme application","5","5"," ","0"
"2023","9 point(s)","Quintile 5","All","Not main scheme application","5","5"," ","0"
"2010","10 point(s)","Quintile 5","All","Not main scheme application","5","5"," ","0"
"2011","10 point(s)","Quintile 5","All","Not main scheme application","10","5"," ","0"
"2012","10 point(s)","Quintile 5","All","Not main scheme application","5","5"," ","0"
"2013","10 point(s)","Quintile 5","All","Not main scheme application","5","0"," ","0"
"2014","10 point(s)","Quintile 5","All","Not main scheme application","5","5"," ","0"
"2015","10 point(s)","Quintile 5","All","Not main scheme application","5","5"," ","0"
"2016","10 point(s)","Quintile 5","All","Not main scheme application","5","5"," ","0"
"2017","10 point(s)","Quintile 5","All","Not main scheme application","5","5"," ","0"
"2019","10 point(s)","Quintile 5","All","Not main scheme application","5","5"," ","0"
"2020","10 point(s)","Quintile 5","All","Not main scheme application","5","5"," ","0"
"2021","10 point(s)","Quintile 5","All","Not main scheme application","10","5"," ","0"
"2023","10 point(s)","Quintile 5","All","Not main scheme application","10","10","1","0"
"2010","11 point(s)","Quintile 5","All","Not main scheme application","5","5"," ","0"
"2012","11 point(s)","Quintile 5","All","Not main scheme application","5","5"," ","0"
"2013","11 point(s)","Quintile 5","All","Not main scheme application","5","0"," ","0"
"2014","11 point(s)","Quintile 5","All","Not main scheme application","5","5"," ","0"
"2015","11 point(s)","Quintile 5","All","Not main scheme application","5","5"," ","0"
"2016","11 point(s)","Quintile 5","All","Not main scheme application","5","5"," ","0"
"2017","11 point(s)","Quintile 5","All","Not main scheme application","5","5"," ","0"
"2018","11 point(s)","Quintile 5","All","Not main scheme application","5","5"," ","0"
"2019","11 point(s)","Quintile 5","All","Not main scheme application","5","5"," ","0"
"2020","11 point(s)","Quintile 5","All","Not main scheme application","5","5"," ","0"
"2021","11 point(s)","Quintile 5","All","Not main scheme application","10","10"," ","0"
"2022","11 point(s)","Quintile 5","All","Not main scheme application","5","5"," ","0"
"2023","11 point(s)","Quintile 5","All","Not main scheme application","5","5"," ","0"
"2010","12 point(s)","Quintile 5","All","Not main scheme application","5","5"," ","0"
"2011","12 point(s)","Quintile 5","All","Not main scheme application","10","10"," ","0"
"2012","12 point(s)","Quintile 5","All","Not main scheme application","20","15","0.85","0"
"2013","12 point(s)","Quintile 5","All","Not main scheme application","25","25","0.962","0"
"2014","12 point(s)","Quintile 5","All","Not main scheme application","35","25","0.771","0"
"2015","12 point(s)","Quintile 5","All","Not main scheme application","30","30","0.933","0"
"2016","12 point(s)","Quintile 5","All","Not main scheme application","25","20","0.913","0"
"2017","12 point(s)","Quintile 5","All","Not main scheme application","35","30","0.811","0"
"2018","12 point(s)","Quintile 5","All","Not main scheme application","30","25","0.781","0"
"2019","12 point(s)","Quintile 5","All","Not main scheme application","30","25","0.9","0"
"2020","12 point(s)","Quintile 5","All","Not main scheme application","35","30","0.909","0"
"2021","12 point(s)","Quintile 5","All","Not main scheme application","25","20","0.875","0"
"2022","12 point(s)","Quintile 5","All","Not main scheme application","35","30","0.8240000000000001","0"
"2023","12 point(s)","Quintile 5","All","Not main scheme application","25","20","0.846","0"
"2011","12 point(s)","Unknown","All","Main scheme application","5","5"," ","0"
"2017","7 point(s)","Quintile 1","All","Main scheme application","5","5"," ","0"
"2019","7 point(s)","Quintile 1","All","Main scheme application","5","5"," ","0"
"2020","7 point(s)","Quintile 1","All","Main scheme application","5","0"," ","0"
"2021","7 point(s)","Quintile 1","All","Main scheme application","5","5"," ","0"
"2022","7 point(s)","Quintile 1","All","Main scheme application","5","0"," ","0"
"2023","7 point(s)","Quintile 1","All","Main scheme application","5","0"," ","0"
"2010","8 point(s)","Quintile 1","All","Main scheme application","5","5"," ","0"
"2012","8 point(s)","Quintile 1","All","Main scheme application","5","5"," ","0"
"2013","8 point(s)","Quintile 1","All","Main scheme application","5","5"," ","0"
"2014","8 point(s)","Quintile 1","All","Main scheme application","5","5"," ","0"
"2015","8 point(s)","Quintile 1","All","Main scheme application","5","5"," ","0"
"2016","8 point(s)","Quintile 1","All","Main scheme application","5","0"," ","0"
"2017","8 point(s)","Quintile 1","All","Main scheme application","5","0"," ","0"
"2018","8 point(s)","Quintile 1","All","Main scheme application","5","5"," ","0"
"2019","8 point(s)","Quintile 1","All","Main scheme application","5","5"," ","0"
"2020","8 point(s)","Quintile 1","All","Main scheme application","5","5"," ","0"
"2021","8 point(s)","Quintile 1","All","Main scheme application","5","5"," ","0"
"2022","8 point(s)","Quintile 1","All","Main scheme application","5","5"," ","0"
"2023","8 point(s)","Quintile 1","All","Main scheme application","5","0"," ","0"
"2010","9 point(s)","Quintile 1","All","Main scheme application","10","10"," ","0"
"2011","9 point(s)","Quintile 1","All","Main scheme application","5","5"," ","0"
"2012","9 point(s)","Quintile 1","All","Main scheme application","5","5"," ","0"
"2013","9 point(s)","Quintile 1","All","Main scheme application","5","5"," ","0"
"2015","9 point(s)","Quintile 1","All","Main scheme application","10","10"," ","0"
"2016","9 point(s)","Quintile 1","All","Main scheme application","10","10"," ","0"
"2017","9 point(s)","Quintile 1","All","Main scheme application","5","5"," ","0"
"2018","9 point(s)","Quintile 1","All","Main scheme application","10","10"," ","0"
"2019","9 point(s)","Quintile 1","All","Main scheme application","10","10","0.917","0"
"2020","9 point(s)","Quintile 1","All","Main scheme application","5","5"," ","0"
"2021","9 point(s)","Quintile 1","All","Main scheme application","10","5"," ","0"
"2022","9 point(s)","Quintile 1","All","Main scheme application","10","10","0.833","0"
"2023","9 point(s)","Quintile 1","All","Main scheme application","10","10"," ","0"
"2010","10 point(s)","Quintile 1","All","Main scheme application","10","10"," ","0"
"2011","10 point(s)","Quintile 1","All","Main scheme application","10","10"," ","0"
"2012","10 point(s)","Quintile 1","All","Main scheme application","5","5"," ","0"
"2013","10 point(s)","Quintile 1","All","Main scheme application","10","5"," ","0"
"2014","10 point(s)","Quintile 1","All","Main scheme application","5","5"," ","0"
"2015","10 point(s)","Quintile 1","All","Main scheme application","5","5"," ","0"
"2016","10 point(s)","Quintile 1","All","Main scheme application","10","5"," ","0"
"2017","10 point(s)","Quintile 1","All","Main scheme application","10","10"," ","0"
"2018","10 point(s)","Quintile 1","All","Main scheme application","10","10","0.917","0"
"2019","10 point(s)","Quintile 1","All","Main scheme application","10","10"," ","0"
"2020","10 point(s)","Quintile 1","All","Main scheme application","10","10"," ","0"
"2021","10 point(s)","Quintile 1","All","Main scheme application","5","5"," ","0"
"2022","10 point(s)","Quintile 1","All","Main scheme application","15","15","0.8240000000000001","0"
"2023","10 point(s)","Quintile 1","All","Main scheme application","10","10","1","0"
"2010","11 point(s)","Quintile 1","All","Main scheme application","5","5"," ","0"
"2011","11 point(s)","Quintile 1","All","Main scheme application","5","5"," ","0"
"2012","11 point(s)","Quintile 1","All","Main scheme application","5","5"," ","0"
"2013","11 point(s)","Quintile 1","All","Main scheme application","5","5"," ","0"
"2014","11 point(s)","Quintile 1","All","Main scheme application","5","5"," ","0"
"2015","11 point(s)","Quintile 1","All","Main scheme application","15","10","0.857","0"
"2016","11 point(s)","Quintile 1","All","Main scheme application","10","10","0.909","0"
"2017","11 point(s)","Quintile 1","All","Main scheme application","10","10","1","0"
"2018","11 point(s)","Quintile 1","All","Main scheme application","5","5"," ","0"
"2019","11 point(s)","Quintile 1","All","Main scheme application","10","10"," ","0"
"2020","11 point(s)","Quintile 1","All","Main scheme application","15","10","0.786","0"
"2021","11 point(s)","Quintile 1","All","Main scheme application","15","15","1","0"
"2022","11 point(s)","Quintile 1","All","Main scheme application","25","25","0.923","0"
"2023","11 point(s)","Quintile 1","All","Main scheme application","15","15","1","0"
"2010","12 point(s)","Quintile 1","All","Main scheme application","10","10","0.917","0"
"2011","12 point(s)","Quintile 1","All","Main scheme application","10","10","1","0"
"2012","12 point(s)","Quintile 1","All","Main scheme application","20","20","0.857","0"
"2013","12 point(s)","Quintile 1","All","Main scheme application","15","10","0.75","0"
"2014","12 point(s)","Quintile 1","All","Main scheme application","20","20","1","0"
"2015","12 point(s)","Quintile 1","All","Main scheme application","20","20","0.9500000000000001","0"
"2016","12 point(s)","Quintile 1","All","Main scheme application","20","15","0.85","0"
"2017","12 point(s)","Quintile 1","All","Main scheme application","30","30","0.968","0"
"2018","12 point(s)","Quintile 1","All","Main scheme application","25","25","0.962","0"
"2019","12 point(s)","Quintile 1","All","Main scheme application","25","25","0.9580000000000001","0"
"2020","12 point(s)","Quintile 1","All","Main scheme application","40","35","0.897","0"
"2021","12 point(s)","Quintile 1","All","Main scheme application","45","40","0.907","0"
"2022","12 point(s)","Quintile 1","All","Main scheme application","60","50","0.879","0"
"2023","12 point(s)","Quintile 1","All","Main scheme application","60","60","0.967","0"
"2010","6 point(s)","Quintile 2","All","Main scheme application","5","5"," ","0"
"2014","6 point(s)","Quintile 2","All","Main scheme application","5","0"," ","0"
"2023","6 point(s)","Quintile 2","All","Main scheme application","5","0"," ","0"
"2010","7 point(s)","Quintile 2","All","Main scheme application","5","5"," ","0"
"2011","7 point(s)","Quintile 2","All","Main scheme application","5","5"," ","0"
"2012","7 point(s)","Quintile 2","All","Main scheme application","5","5"," ","0"
"2013","7 point(s)","Quintile 2","All","Main scheme application","5","5"," ","0"
"2014","7 point(s)","Quintile 2","All","Main scheme application","5","5"," ","0"
"2018","7 point(s)","Quintile 2","All","Main scheme application","10","10"," ","0"
"2019","7 point(s)","Quintile 2","All","Main scheme application","5","5"," ","0"
"2021","7 point(s)","Quintile 2","All","Main scheme application","5","5"," ","0"
"2022","7 point(s)","Quintile 2","All","Main scheme application","5","5"," ","0"
"2023","7 point(s)","Quintile 2","All","Main scheme application","5","5"," ","0"
"2010","8 point(s)","Quintile 2","All","Main scheme application","15","15","0.875","0"
"2011","8 point(s)","Quintile 2","All","Main scheme application","5","5"," ","0"
"2012","8 point(s)","Quintile 2","All","Main scheme application","5","5"," ","0"
"2013","8 point(s)","Quintile 2","All","Main scheme application","10","5"," ","0"
"2014","8 point(s)","Quintile 2","All","Main scheme application","5","5"," ","0"
"2015","8 point(s)","Quintile 2","All","Main scheme application","5","5"," ","0"
"2016","8 point(s)","Quintile 2","All","Main scheme application","10","10"," ","0"
"2017","8 point(s)","Quintile 2","All","Main scheme application","10","10"," ","0"
"2018","8 point(s)","Quintile 2","All","Main scheme application","5","5"," ","0"
"2019","8 point(s)","Quintile 2","All","Main scheme application","5","5"," ","0"
"2020","8 point(s)","Quintile 2","All","Main scheme application","10","10","0.909","0"
"2021","8 point(s)","Quintile 2","All","Main scheme application","5","5"," ","0"
"2022","8 point(s)","Quintile 2","All","Main scheme application","10","5"," ","0"
"2023","8 point(s)","Quintile 2","All","Main scheme application","10","5"," ","0"
"2010","9 point(s)","Quintile 2","All","Main scheme application","20","15","0.789","0"
"2011","9 point(s)","Quintile 2","All","Main scheme application","15","10","0.923","0"
"2012","9 point(s)","Quintile 2","All","Main scheme application","25","20","0.8150000000000001","0"
"2013","9 point(s)","Quintile 2","All","Main scheme application","20","15","0.842","0"
"2014","9 point(s)","Quintile 2","All","Main scheme application","20","20","0.9520000000000001","0"
"2015","9 point(s)","Quintile 2","All","Main scheme application","15","10"," ","0"
"2016","9 point(s)","Quintile 2","All","Main scheme application","25","20","0.88","0"
"2017","9 point(s)","Quintile 2","All","Main scheme application","15","15","0.933","0"
"2018","9 point(s)","Quintile 2","All","Main scheme application","25","20","0.87","0"
"2019","9 point(s)","Quintile 2","All","Main scheme application","25","25","0.885","0"
"2020","9 point(s)","Quintile 2","All","Main scheme application","20","15","0.8","0"
"2021","9 point(s)","Quintile 2","All","Main scheme application","15","15","1","0"
"2022","9 point(s)","Quintile 2","All","Main scheme application","10","10","1","0"
"2023","9 point(s)","Quintile 2","All","Main scheme application","35","35","0.972","0"
"2010","10 point(s)","Quintile 2","All","Main scheme application","15","10","0.857","0"
"2011","10 point(s)","Quintile 2","All","Main scheme application","20","20","0.9520000000000001","0"
"2012","10 point(s)","Quintile 2","All","Main scheme application","20","15","0.7000000000000001","0"
"2013","10 point(s)","Quintile 2","All","Main scheme application","20","20","0.9470000000000001","0"
"2014","10 point(s)","Quintile 2","All","Main scheme application","20","20","0.857","0"
"2015","10 point(s)","Quintile 2","All","Main scheme application","20","20","0.9520000000000001","0"
"2016","10 point(s)","Quintile 2","All","Main scheme application","25","20","0.913","0"
"2017","10 point(s)","Quintile 2","All","Main scheme application","10","10"," ","0"
"2018","10 point(s)","Quintile 2","All","Main scheme application","30","30","0.903","0"
"2019","10 point(s)","Quintile 2","All","Main scheme application","25","25","1","0"
"2020","10 point(s)","Quintile 2","All","Main scheme application","20","15","0.85","0"
"2021","10 point(s)","Quintile 2","All","Main scheme application","20","20","0.905","0"
"2022","10 point(s)","Quintile 2","All","Main scheme application","25","25","0.96","0"
"2023","10 point(s)","Quintile 2","All","Main scheme application","30","30","0.933","0"
"2010","11 point(s)","Quintile 2","All","Main scheme application","15","15","0.8130000000000001","0"
"2011","11 point(s)","Quintile 2","All","Main scheme application","20","15","0.889","0"
"2012","11 point(s)","Quintile 2","All","Main scheme application","15","10","0.75","0"
"2013","11 point(s)","Quintile 2","All","Main scheme application","20","20","0.9500000000000001","0"
"2014","11 point(s)","Quintile 2","All","Main scheme application","20","20","1","0"
"2015","11 point(s)","Quintile 2","All","Main scheme application","20","15","0.895","0"
"2016","11 point(s)","Quintile 2","All","Main scheme application","20","15","0.85","0"
"2017","11 point(s)","Quintile 2","All","Main scheme application","25","20","0.87","0"
"2018","11 point(s)","Quintile 2","All","Main scheme application","20","15","0.889","0"
"2019","11 point(s)","Quintile 2","All","Main scheme application","30","25","0.931","0"
"2020","11 point(s)","Quintile 2","All","Main scheme application","30","25","0.931","0"
"2021","11 point(s)","Quintile 2","All","Main scheme application","35","35","0.917","0"
"2022","11 point(s)","Quintile 2","All","Main scheme application","25","25","0.852","0"
"2023","11 point(s)","Quintile 2","All","Main scheme application","15","15","0.9410000000000001","0"
"2010","12 point(s)","Quintile 2","All","Main scheme application","40","35","0.881","0"
"2011","12 point(s)","Quintile 2","All","Main scheme application","30","30","0.906","0"
"2012","12 point(s)","Quintile 2","All","Main scheme application","50","50","0.98","0"
"2013","12 point(s)","Quintile 2","All","Main scheme application","50","45","0.9400000000000001","0"
"2014","12 point(s)","Quintile 2","All","Main scheme application","45","45","0.936","0"
"2015","12 point(s)","Quintile 2","All","Main scheme application","50","45","0.92","0"
"2016","12 point(s)","Quintile 2","All","Main scheme application","65","60","0.894","0"
"2017","12 point(s)","Quintile 2","All","Main scheme application","55","50","0.891","0"
"2018","12 point(s)","Quintile 2","All","Main scheme application","85","70","0.847","0"
"2019","12 point(s)","Quintile 2","All","Main scheme application","75","65","0.904","0"
"2020","12 point(s)","Quintile 2","All","Main scheme application","75","70","0.907","0"
"2021","12 point(s)","Quintile 2","All","Main scheme application","70","65","0.917","0"
"2022","12 point(s)","Quintile 2","All","Main scheme application","110","100","0.9","0"
"2023","12 point(s)","Quintile 2","All","Main scheme application","90","85","0.9550000000000001","0"
"2023","5 point(s)","Quintile 3","All","Main scheme application","5","0"," ","0"
"2012","6 point(s)","Quintile 3","All","Main scheme application","5","5"," ","0"
"2013","6 point(s)","Quintile 3","All","Main scheme application","5","5"," ","0"
"2014","6 point(s)","Quintile 3","All","Main scheme application","5","0"," ","0"
"2016","6 point(s)","Quintile 3","All","Main scheme application","5","0"," ","0"
"2019","6 point(s)","Quintile 3","All","Main scheme application","5","0"," ","0"
"2020","6 point(s)","Quintile 3","All","Main scheme application","5","5"," ","0"
"2021","6 point(s)","Quintile 3","All","Main scheme application","5","5"," ","0"
"2022","6 point(s)","Quintile 3","All","Main scheme application","5","5"," ","0"
"2023","6 point(s)","Quintile 3","All","Main scheme application","5","5"," ","0"
"2010","7 point(s)","Quintile 3","All","Main scheme application","10","5"," ","0"
"2011","7 point(s)","Quintile 3","All","Main scheme application","10","5"," ","0"
"2012","7 point(s)","Quintile 3","All","Main scheme application","5","5"," ","0"
"2013","7 point(s)","Quintile 3","All","Main scheme application","10","10","0.833","0"
"2014","7 point(s)","Quintile 3","All","Main scheme application","10","5"," ","0"
"2015","7 point(s)","Quintile 3","All","Main scheme application","5","5"," ","0"
"2018","7 point(s)","Quintile 3","All","Main scheme application","5","0"," ","0"
"2019","7 point(s)","Quintile 3","All","Main scheme application","5","5"," ","0"
"2020","7 point(s)","Quintile 3","All","Main scheme application","5","5"," ","0"
"2021","7 point(s)","Quintile 3","All","Main scheme application","5","5"," ","0"
"2022","7 point(s)","Quintile 3","All","Main scheme application","10","5"," ","0"
"2023","7 point(s)","Quintile 3","All","Main scheme application","5","5"," ","0"
"2010","8 point(s)","Quintile 3","All","Main scheme application","25","20","0.75","0"
"2011","8 point(s)","Quintile 3","All","Main scheme application","15","15","0.882","0"
"2012","8 point(s)","Quintile 3","All","Main scheme application","30","20","0.6880000000000001","0"
"2013","8 point(s)","Quintile 3","All","Main scheme application","20","20","0.864","0"
"2014","8 point(s)","Quintile 3","All","Main scheme application","20","15","0.833","0"
"2015","8 point(s)","Quintile 3","All","Main scheme application","10","10"," ","0"
"2016","8 point(s)","Quintile 3","All","Main scheme application","20","15","0.737","0"
"2017","8 point(s)","Quintile 3","All","Main scheme application","15","15","0.765","0"
"2018","8 point(s)","Quintile 3","All","Main scheme application","15","10","0.769","0"
"2019","8 point(s)","Quintile 3","All","Main scheme application","15","15","0.8240000000000001","0"
"2020","8 point(s)","Quintile 3","All","Main scheme application","10","10"," ","0"
"2021","8 point(s)","Quintile 3","All","Main scheme application","10","5"," ","0"
"2022","8 point(s)","Quintile 3","All","Main scheme application","20","15","0.833","0"
"2023","8 point(s)","Quintile 3","All","Main scheme application","10","10"," ","0"
"2010","9 point(s)","Quintile 3","All","Main scheme application","35","30","0.879","0"
"2011","9 point(s)","Quintile 3","All","Main scheme application","30","25","0.893","0"
"2012","9 point(s)","Quintile 3","All","Main scheme application","30","25","0.833","0"
"2013","9 point(s)","Quintile 3","All","Main scheme application","40","35","0.902","0"
"2014","9 point(s)","Quintile 3","All","Main scheme application","45","40","0.884","0"
"2015","9 point(s)","Quintile 3","All","Main scheme application","35","35","0.892","0"
"2016","9 point(s)","Quintile 3","All","Main scheme application","35","30","0.806","0"
"2017","9 point(s)","Quintile 3","All","Main scheme application","40","35","0.923","0"
"2018","9 point(s)","Quintile 3","All","Main scheme application","35","30","0.865","0"
"2019","9 point(s)","Quintile 3","All","Main scheme application","45","40","0.884","0"
"2020","9 point(s)","Quintile 3","All","Main scheme application","30","25","0.862","0"
"2021","9 point(s)","Quintile 3","All","Main scheme application","20","20","0.8180000000000001","0"
"2022","9 point(s)","Quintile 3","All","Main scheme application","25","20","0.833","0"
"2023","9 point(s)","Quintile 3","All","Main scheme application","25","25","0.923","0"
"2010","10 point(s)","Quintile 3","All","Main scheme application","40","40","0.905","0"
"2011","10 point(s)","Quintile 3","All","Main scheme application","45","40","0.886","0"
"2012","10 point(s)","Quintile 3","All","Main scheme application","30","25","0.806","0"
"2013","10 point(s)","Quintile 3","All","Main scheme application","40","35","0.872","0"
"2014","10 point(s)","Quintile 3","All","Main scheme application","55","45","0.887","0"
"2015","10 point(s)","Quintile 3","All","Main scheme application","45","40","0.889","0"
"2016","10 point(s)","Quintile 3","All","Main scheme application","35","30","0.853","0"
"2017","10 point(s)","Quintile 3","All","Main scheme application","35","30","0.909","0"
"2018","10 point(s)","Quintile 3","All","Main scheme application","30","25","0.75","0"
"2019","10 point(s)","Quintile 3","All","Main scheme application","40","35","0.833","0"
"2020","10 point(s)","Quintile 3","All","Main scheme application","50","45","0.904","0"
"2021","10 point(s)","Quintile 3","All","Main scheme application","45","45","0.915","0"
"2022","10 point(s)","Quintile 3","All","Main scheme application","40","40","0.929","0"
"2023","10 point(s)","Quintile 3","All","Main scheme application","60","55","0.931","0"
"2010","11 point(s)","Quintile 3","All","Main scheme application","35","30","0.9410000000000001","0"
"2011","11 point(s)","Quintile 3","All","Main scheme application","40","35","0.925","0"
"2012","11 point(s)","Quintile 3","All","Main scheme application","45","40","0.848","0"
"2013","11 point(s)","Quintile 3","All","Main scheme application","40","35","0.878","0"
"2014","11 point(s)","Quintile 3","All","Main scheme application","30","30","0.906","0"
"2015","11 point(s)","Quintile 3","All","Main scheme application","45","40","0.93","0"
"2016","11 point(s)","Quintile 3","All","Main scheme application","45","40","0.872","0"
"2017","11 point(s)","Quintile 3","All","Main scheme application","50","45","0.922","0"
"2018","11 point(s)","Quintile 3","All","Main scheme application","40","40","0.905","0"
"2019","11 point(s)","Quintile 3","All","Main scheme application","40","35","0.925","0"
"2020","11 point(s)","Quintile 3","All","Main scheme application","45","40","0.9550000000000001","0"
"2021","11 point(s)","Quintile 3","All","Main scheme application","60","55","0.917","0"
"2022","11 point(s)","Quintile 3","All","Main scheme application","60","55","0.871","0"
"2023","11 point(s)","Quintile 3","All","Main scheme application","60","55","0.903","0"
"2010","12 point(s)","Quintile 3","All","Main scheme application","75","60","0.849","0"
"2011","12 point(s)","Quintile 3","All","Main scheme application","95","90","0.9380000000000001","0"
"2012","12 point(s)","Quintile 3","All","Main scheme application","95","90","0.927","0"
"2013","12 point(s)","Quintile 3","All","Main scheme application","95","90","0.9380000000000001","0"
"2014","12 point(s)","Quintile 3","All","Main scheme application","115","95","0.842","0"
"2015","12 point(s)","Quintile 3","All","Main scheme application","125","110","0.858","0"
"2016","12 point(s)","Quintile 3","All","Main scheme application","135","125","0.905","0"
"2017","12 point(s)","Quintile 3","All","Main scheme application","125","115","0.912","0"
"2018","12 point(s)","Quintile 3","All","Main scheme application","155","135","0.877","0"
"2019","12 point(s)","Quintile 3","All","Main scheme application","145","130","0.903","0"
"2020","12 point(s)","Quintile 3","All","Main scheme application","145","130","0.884","0"
"2021","12 point(s)","Quintile 3","All","Main scheme application","180","160","0.899","0"
"2022","12 point(s)","Quintile 3","All","Main scheme application","215","185","0.869","0"
"2023","12 point(s)","Quintile 3","All","Main scheme application","195","185","0.9490000000000001","0"
"2010","6 point(s)","Quintile 4","All","Main scheme application","10","5"," ","0"
"2011","6 point(s)","Quintile 4","All","Main scheme application","5","0"," ","0"
"2012","6 point(s)","Quintile 4","All","Main scheme application","5","5"," ","0"
"2013","6 point(s)","Quintile 4","All","Main scheme application","5","0"," ","0"
"2014","6 point(s)","Quintile 4","All","Main scheme application","5","0"," ","0"
"2015","6 point(s)","Quintile 4","All","Main scheme application","5","5"," ","0"
"2017","6 point(s)","Quintile 4","All","Main scheme application","5","0"," ","0"
"2018","6 point(s)","Quintile 4","All","Main scheme application","5","5"," ","0"
"2019","6 point(s)","Quintile 4","All","Main scheme application","5","0"," ","0"
"2020","6 point(s)","Quintile 4","All","Main scheme application","5","5"," ","0"
"2021","6 point(s)","Quintile 4","All","Main scheme application","5","5"," ","0"
"2022","6 point(s)","Quintile 4","All","Main scheme application","5","5"," ","0"
"2023","6 point(s)","Quintile 4","All","Main scheme application","5","5"," ","0"
"2010","7 point(s)","Quintile 4","All","Main scheme application","15","15","0.9410000000000001","0"
"2011","7 point(s)","Quintile 4","All","Main scheme application","20","10","0.611","0"
"2012","7 point(s)","Quintile 4","All","Main scheme application","10","10","0.833","0"
"2013","7 point(s)","Quintile 4","All","Main scheme application","15","15","0.867","0"
"2014","7 point(s)","Quintile 4","All","Main scheme application","15","10","0.75","0"
"2015","7 point(s)","Quintile 4","All","Main scheme application","15","10"," ","0"
"2016","7 point(s)","Quintile 4","All","Main scheme application","10","10","0.833","0"
"2017","7 point(s)","Quintile 4","All","Main scheme application","10","5"," ","0"
"2018","7 point(s)","Quintile 4","All","Main scheme application","5","5"," ","0"
"2019","7 point(s)","Quintile 4","All","Main scheme application","5","5"," ","0"
"2022","7 point(s)","Quintile 4","All","Main scheme application","5","5"," ","0"
"2023","7 point(s)","Quintile 4","All","Main scheme application","10","5"," ","0"
"2010","8 point(s)","Quintile 4","All","Main scheme application","25","25","0.885","0"
"2011","8 point(s)","Quintile 4","All","Main scheme application","30","20","0.759","0"
"2012","8 point(s)","Quintile 4","All","Main scheme application","30","25","0.8280000000000001","0"
"2013","8 point(s)","Quintile 4","All","Main scheme application","30","25","0.8280000000000001","0"
"2014","8 point(s)","Quintile 4","All","Main scheme application","15","15","0.875","0"
"2015","8 point(s)","Quintile 4","All","Main scheme application","20","20","0.905","0"
"2016","8 point(s)","Quintile 4","All","Main scheme application","15","15","0.765","0"
"2017","8 point(s)","Quintile 4","All","Main scheme application","10","10","0.833","0"
"2018","8 point(s)","Quintile 4","All","Main scheme application","15","10","0.857","0"
"2019","8 point(s)","Quintile 4","All","Main scheme application","20","15","0.833","0"
"2020","8 point(s)","Quintile 4","All","Main scheme application","15","10","0.786","0"
"2021","8 point(s)","Quintile 4","All","Main scheme application","20","15","0.778","0"
"2022","8 point(s)","Quintile 4","All","Main scheme application","20","15","0.833","0"
"2023","8 point(s)","Quintile 4","All","Main scheme application","25","20","0.72","0"
"2010","9 point(s)","Quintile 4","All","Main scheme application","50","40","0.84","0"
"2011","9 point(s)","Quintile 4","All","Main scheme application","60","50","0.862","0"
"2012","9 point(s)","Quintile 4","All","Main scheme application","50","40","0.808","0"
"2013","9 point(s)","Quintile 4","All","Main scheme application","45","40","0.809","0"
"2014","9 point(s)","Quintile 4","All","Main scheme application","45","40","0.848","0"
"2015","9 point(s)","Quintile 4","All","Main scheme application","55","45","0.804","0"
"2016","9 point(s)","Quintile 4","All","Main scheme application","50","45","0.885","0"
"2017","9 point(s)","Quintile 4","All","Main scheme application","45","35","0.778","0"
"2018","9 point(s)","Quintile 4","All","Main scheme application","50","45","0.843","0"
"2019","9 point(s)","Quintile 4","All","Main scheme application","50","45","0.878","0"
"2020","9 point(s)","Quintile 4","All","Main scheme application","35","35","0.9430000000000001","0"
"2021","9 point(s)","Quintile 4","All","Main scheme application","35","30","0.882","0"
"2022","9 point(s)","Quintile 4","All","Main scheme application","35","30","0.838","0"
"2023","9 point(s)","Quintile 4","All","Main scheme application","45","35","0.86","0"
"2010","10 point(s)","Quintile 4","All","Main scheme application","70","60","0.884","0"
"2011","10 point(s)","Quintile 4","All","Main scheme application","60","55","0.885","0"
"2012","10 point(s)","Quintile 4","All","Main scheme application","65","60","0.879","0"
"2013","10 point(s)","Quintile 4","All","Main scheme application","70","60","0.871","0"
"2014","10 point(s)","Quintile 4","All","Main scheme application","75","65","0.867","0"
"2015","10 point(s)","Quintile 4","All","Main scheme application","70","65","0.875","0"
"2016","10 point(s)","Quintile 4","All","Main scheme application","50","50","0.9420000000000001","0"
"2017","10 point(s)","Quintile 4","All","Main scheme application","70","60","0.855","0"
"2018","10 point(s)","Quintile 4","All","Main scheme application","60","55","0.898","0"
"2019","10 point(s)","Quintile 4","All","Main scheme application","45","35","0.841","0"
"2020","10 point(s)","Quintile 4","All","Main scheme application","55","50","0.907","0"
"2021","10 point(s)","Quintile 4","All","Main scheme application","50","45","0.8270000000000001","0"
"2022","10 point(s)","Quintile 4","All","Main scheme application","65","55","0.806","0"
"2023","10 point(s)","Quintile 4","All","Main scheme application","60","50","0.867","0"
"2010","11 point(s)","Quintile 4","All","Main scheme application","70","70","0.972","0"
"2011","11 point(s)","Quintile 4","All","Main scheme application","70","65","0.887","0"
"2012","11 point(s)","Quintile 4","All","Main scheme application","70","60","0.861","0"
"2013","11 point(s)","Quintile 4","All","Main scheme application","80","75","0.9380000000000001","0"
"2014","11 point(s)","Quintile 4","All","Main scheme application","60","55","0.934","0"
"2015","11 point(s)","Quintile 4","All","Main scheme application","80","70","0.923","0"
"2016","11 point(s)","Quintile 4","All","Main scheme application","100","90","0.908","0"
"2017","11 point(s)","Quintile 4","All","Main scheme application","95","85","0.875","0"
"2018","11 point(s)","Quintile 4","All","Main scheme application","85","80","0.92","0"
"2019","11 point(s)","Quintile 4","All","Main scheme application","60","55","0.869","0"
"2020","11 point(s)","Quintile 4","All","Main scheme application","80","60","0.785","0"
"2021","11 point(s)","Quintile 4","All","Main scheme application","85","70","0.857","0"
"2022","11 point(s)","Quintile 4","All","Main scheme application","85","80","0.929","0"
"2023","11 point(s)","Quintile 4","All","Main scheme application","100","95","0.9500000000000001","0"
"2010","12 point(s)","Quintile 4","All","Main scheme application","145","130","0.904","0"
"2011","12 point(s)","Quintile 4","All","Main scheme application","170","150","0.894","0"
"2012","12 point(s)","Quintile 4","All","Main scheme application","170","160","0.929","0"
"2013","12 point(s)","Quintile 4","All","Main scheme application","180","160","0.878","0"
"2014","12 point(s)","Quintile 4","All","Main scheme application","225","210","0.929","0"
"2015","12 point(s)","Quintile 4","All","Main scheme application","220","195","0.899","0"
"2016","12 point(s)","Quintile 4","All","Main scheme application","210","190","0.904","0"
"2017","12 point(s)","Quintile 4","All","Main scheme application","230","210","0.908","0"
"2018","12 point(s)","Quintile 4","All","Main scheme application","240","220","0.929","0"
"2019","12 point(s)","Quintile 4","All","Main scheme application","220","195","0.883","0"
"2020","12 point(s)","Quintile 4","All","Main scheme application","255","220","0.877","0"
"2021","12 point(s)","Quintile 4","All","Main scheme application","280","255","0.897","0"
"2022","12 point(s)","Quintile 4","All","Main scheme application","310","275","0.887","0"
"2023","12 point(s)","Quintile 4","All","Main scheme application","365","335","0.92","0"
"2012","5 point(s)","Quintile 5","All","Main scheme application","5","5"," ","0"
"2010","6 point(s)","Quintile 5","All","Main scheme application","10","5"," ","0"
"2011","6 point(s)","Quintile 5","All","Main scheme application","15","10","0.857","0"
"2012","6 point(s)","Quintile 5","All","Main scheme application","10","10"," ","0"
"2013","6 point(s)","Quintile 5","All","Main scheme application","10","5"," ","0"
"2014","6 point(s)","Quintile 5","All","Main scheme application","5","5"," ","0"
"2015","6 point(s)","Quintile 5","All","Main scheme application","10","10"," ","0"
"2016","6 point(s)","Quintile 5","All","Main scheme application","5","5"," ","0"
"2017","6 point(s)","Quintile 5","All","Main scheme application","5","5"," ","0"
"2018","6 point(s)","Quintile 5","All","Main scheme application","5","5"," ","0"
"2019","6 point(s)","Quintile 5","All","Main scheme application","5","5"," ","0"
"2020","6 point(s)","Quintile 5","All","Main scheme application","5","5"," ","0"
"2021","6 point(s)","Quintile 5","All","Main scheme application","5","0"," ","0"
"2022","6 point(s)","Quintile 5","All","Main scheme application","5","5"," ","0"
"2023","6 point(s)","Quintile 5","All","Main scheme application","5","5"," ","0"
"2010","7 point(s)","Quintile 5","All","Main scheme application","30","25","0.8130000000000001","0"
"2011","7 point(s)","Quintile 5","All","Main scheme application","25","20","0.76","0"
"2012","7 point(s)","Quintile 5","All","Main scheme application","20","10","0.524","0"
"2013","7 point(s)","Quintile 5","All","Main scheme application","25","15","0.739","0"
"2014","7 point(s)","Quintile 5","All","Main scheme application","20","15","0.85","0"
"2015","7 point(s)","Quintile 5","All","Main scheme application","15","15","0.9380000000000001","0"
"2016","7 point(s)","Quintile 5","All","Main scheme application","15","10","0.733","0"
"2017","7 point(s)","Quintile 5","All","Main scheme application","10","10","0.909","0"
"2018","7 point(s)","Quintile 5","All","Main scheme application","10","10"," ","0"
"2019","7 point(s)","Quintile 5","All","Main scheme application","5","5"," ","0"
"2020","7 point(s)","Quintile 5","All","Main scheme application","10","10"," ","0"
"2021","7 point(s)","Quintile 5","All","Main scheme application","10","5"," ","0"
"2022","7 point(s)","Quintile 5","All","Main scheme application","20","15","0.85","0"
"2023","7 point(s)","Quintile 5","All","Main scheme application","10","10","0.917","0"
"2010","8 point(s)","Quintile 5","All","Main scheme application","65","55","0.864","0"
"2011","8 point(s)","Quintile 5","All","Main scheme application","60","55","0.918","0"
"2012","8 point(s)","Quintile 5","All","Main scheme application","40","30","0.8","0"
"2013","8 point(s)","Quintile 5","All","Main scheme application","60","45","0.767","0"
"2014","8 point(s)","Quintile 5","All","Main scheme application","35","30","0.861","0"
"2015","8 point(s)","Quintile 5","All","Main scheme application","40","30","0.775","0"
"2016","8 point(s)","Quintile 5","All","Main scheme application","40","40","0.9520000000000001","0"
"2017","8 point(s)","Quintile 5","All","Main scheme application","15","15","0.875","0"
"2018","8 point(s)","Quintile 5","All","Main scheme application","35","30","0.833","0"
"2019","8 point(s)","Quintile 5","All","Main scheme application","30","25","0.929","0"
"2020","8 point(s)","Quintile 5","All","Main scheme application","20","20","0.905","0"
"2021","8 point(s)","Quintile 5","All","Main scheme application","30","25","0.742","0"
"2022","8 point(s)","Quintile 5","All","Main scheme application","30","25","0.793","0"
"2023","8 point(s)","Quintile 5","All","Main scheme application","25","25","0.923","0"
"2010","9 point(s)","Quintile 5","All","Main scheme application","120","105","0.877","0"
"2011","9 point(s)","Quintile 5","All","Main scheme application","120","100","0.856","0"
"2012","9 point(s)","Quintile 5","All","Main scheme application","120","105","0.844","0"
"2013","9 point(s)","Quintile 5","All","Main scheme application","120","105","0.875","0"
"2014","9 point(s)","Quintile 5","All","Main scheme application","85","70","0.857","0"
"2015","9 point(s)","Quintile 5","All","Main scheme application","130","115","0.863","0"
"2016","9 point(s)","Quintile 5","All","Main scheme application","105","90","0.868","0"
"2017","9 point(s)","Quintile 5","All","Main scheme application","95","80","0.851","0"
"2018","9 point(s)","Quintile 5","All","Main scheme application","90","80","0.91","0"
"2019","9 point(s)","Quintile 5","All","Main scheme application","105","95","0.915","0"
"2020","9 point(s)","Quintile 5","All","Main scheme application","85","70","0.867","0"
"2021","9 point(s)","Quintile 5","All","Main scheme application","85","70","0.802","0"
"2022","9 point(s)","Quintile 5","All","Main scheme application","70","65","0.9440000000000001","0"
"2023","9 point(s)","Quintile 5","All","Main scheme application","90","70","0.795","0"
"2010","10 point(s)","Quintile 5","All","Main scheme application","155","140","0.89","0"
"2011","10 point(s)","Quintile 5","All","Main scheme application","170","155","0.905","0"
"2012","10 point(s)","Quintile 5","All","Main scheme application","160","135","0.861","0"
"2013","10 point(s)","Quintile 5","All","Main scheme application","155","140","0.902","0"
"2014","10 point(s)","Quintile 5","All","Main scheme application","160","145","0.93","0"
"2015","10 point(s)","Quintile 5","All","Main scheme application","150","140","0.914","0"
"2016","10 point(s)","Quintile 5","All","Main scheme application","140","125","0.886","0"
"2017","10 point(s)","Quintile 5","All","Main scheme application","130","115","0.891","0"
"2018","10 point(s)","Quintile 5","All","Main scheme application","105","95","0.915","0"
"2019","10 point(s)","Quintile 5","All","Main scheme application","130","115","0.891","0"
"2020","10 point(s)","Quintile 5","All","Main scheme application","130","120","0.917","0"
"2021","10 point(s)","Quintile 5","All","Main scheme application","125","105","0.862","0"
"2022","10 point(s)","Quintile 5","All","Main scheme application","115","105","0.906","0"
"2023","10 point(s)","Quintile 5","All","Main scheme application","125","110","0.864","0"
"2010","11 point(s)","Quintile 5","All","Main scheme application","190","170","0.889","0"
"2011","11 point(s)","Quintile 5","All","Main scheme application","210","195","0.915","0"
"2012","11 point(s)","Quintile 5","All","Main scheme application","190","165","0.87","0"
"2013","11 point(s)","Quintile 5","All","Main scheme application","220","205","0.919","0"
"2014","11 point(s)","Quintile 5","All","Main scheme application","215","195","0.898","0"
"2015","11 point(s)","Quintile 5","All","Main scheme application","230","210","0.913","0"
"2016","11 point(s)","Quintile 5","All","Main scheme application","225","200","0.888","0"
"2017","11 point(s)","Quintile 5","All","Main scheme application","185","165","0.891","0"
"2018","11 point(s)","Quintile 5","All","Main scheme application","220","200","0.905","0"
"2019","11 point(s)","Quintile 5","All","Main scheme application","165","150","0.91","0"
"2020","11 point(s)","Quintile 5","All","Main scheme application","180","160","0.883","0"
"2021","11 point(s)","Quintile 5","All","Main scheme application","185","165","0.877","0"
"2022","11 point(s)","Quintile 5","All","Main scheme application","170","155","0.912","0"
"2023","11 point(s)","Quintile 5","All","Main scheme application","205","185","0.899","0"
"2010","12 point(s)","Quintile 5","All","Main scheme application","640","580","0.911","0"
"2011","12 point(s)","Quintile 5","All","Main scheme application","705","640","0.907","0"
"2012","12 point(s)","Quintile 5","All","Main scheme application","710","620","0.873","0"
"2013","12 point(s)","Quintile 5","All","Main scheme application","840","755","0.901","0"
"2014","12 point(s)","Quintile 5","All","Main scheme application","810","705","0.87","0"
"2015","12 point(s)","Quintile 5","All","Main scheme application","875","765","0.877","0"
"2016","12 point(s)","Quintile 5","All","Main scheme application","880","785","0.889","0"
"2017","12 point(s)","Quintile 5","All","Main scheme application","970","855","0.881","0"
"2018","12 point(s)","Quintile 5","All","Main scheme application","970","865","0.894","0"
"2019","12 point(s)","Quintile 5","All","Main scheme application","915","820","0.896","0"
"2020","12 point(s)","Quintile 5","All","Main scheme application","935","840","0.895","0"
"2021","12 point(s)","Quintile 5","All","Main scheme application","1210","1100","0.909","0"
"2022","12 point(s)","Quintile 5","All","Main scheme application","1195","1060","0.887","0"
"2023","12 point(s)","Quintile 5","All","Main scheme application","1250","1160","0.929","0"
"2011","All","Quintile 1","All","Not main scheme application","5","5"," ","0"
"2012","All","Quintile 1","All","Not main scheme application","5","5"," ","0"
"2018","All","Quintile 1","All","Not main scheme application","5","0"," ","0"
"2020","All","Quintile 1","All","Not main scheme application","5","5"," ","0"
"2021","All","Quintile 1","All","Not main scheme application","5","5"," ","0"
"2022","All","Quintile 1","All","Not main scheme application","10","10","1","0"
"2010","All","Quintile 2","All","Not main scheme application","10","10"," ","0"
"2012","All","Quintile 2","All","Not main scheme application","10","10"," ","0"
"2013","All","Quintile 2","All","Not main scheme application","5","5"," ","0"
"2014","All","Quintile 2","All","Not main scheme application","5","5"," ","0"
"2015","All","Quintile 2","All","Not main scheme application","5","5"," ","0"
"2016","All","Quintile 2","All","Not main scheme application","10","5"," ","0"
"2017","All","Quintile 2","All","Not main scheme application","5","0"," ","0"
"2018","All","Quintile 2","All","Not main scheme application","10","5"," ","0"
"2019","All","Quintile 2","All","Not main scheme application","5","5"," ","0"
"2020","All","Quintile 2","All","Not main scheme application","5","5"," ","0"
"2021","All","Quintile 2","All","Not main scheme application","5","5"," ","0"
"2022","All","Quintile 2","All","Not main scheme application","5","5"," ","0"
"2023","All","Quintile 2","All","Not main scheme application","5","5"," ","0"
"2010","All","Quintile 3","All","Not main scheme application","10","10"," ","0"
"2011","All","Quintile 3","All","Not main scheme application","5","5"," ","0"
"2012","All","Quintile 3","All","Not main scheme application","10","10"," ","0"
"2013","All","Quintile 3","All","Not main scheme application","5","5"," ","0"
"2014","All","Quintile 3","All","Not main scheme application","15","10"," ","0"
"2015","All","Quintile 3","All","Not main scheme application","10","10","0.909","0"
"2016","All","Quintile 3","All","Not main scheme application","15","5"," ","0"
"2017","All","Quintile 3","All","Not main scheme application","10","10"," ","0"
"2018","All","Quintile 3","All","Not main scheme application","15","15","0.933","0"
"2019","All","Quintile 3","All","Not main scheme application","15","15","1","0"
"2020","All","Quintile 3","All","Not main scheme application","5","5"," ","0"
"2021","All","Quintile 3","All","Not main scheme application","5","5"," ","0"
"2022","All","Quintile 3","All","Not main scheme application","10","10","0.833","0"
"2023","All","Quintile 3","All","Not main scheme application","10","10","0.917","0"
"2010","All","Quintile 4","All","Not main scheme application","10","10","1","0"
"2011","All","Quintile 4","All","Not main scheme application","20","15","0.81","0"
"2012","All","Quintile 4","All","Not main scheme application","15","10","0.8","0"
"2013","All","Quintile 4","All","Not main scheme application","15","15","0.8240000000000001","0"
"2014","All","Quintile 4","All","Not main scheme application","20","15","0.833","0"
"2015","All","Quintile 4","All","Not main scheme application","15","10","0.786","0"
"2016","All","Quintile 4","All","Not main scheme application","15","15","1","0"
"2017","All","Quintile 4","All","Not main scheme application","15","15","0.933","0"
"2018","All","Quintile 4","All","Not main scheme application","10","10","1","0"
"2019","All","Quintile 4","All","Not main scheme application","20","20","0.909","0"
"2020","All","Quintile 4","All","Not main scheme application","25","20","0.84","0"
"2021","All","Quintile 4","All","Not main scheme application","10","10","0.909","0"
"2022","All","Quintile 4","All","Not main scheme application","30","25","0.8280000000000001","0"
"2023","All","Quintile 4","All","Not main scheme application","20","20","0.9","0"
"2010","All","Quintile 5","All","Not main scheme application","30","25","0.893","0"
"2011","All","Quintile 5","All","Not main scheme application","30","20","0.724","0"
"2012","All","Quintile 5","All","Not main scheme application","45","40","0.8300000000000001","0"
"2013","All","Quintile 5","All","Not main scheme application","45","40","0.907","0"
"2014","All","Quintile 5","All","Not main scheme application","50","40","0.8160000000000001","0"
"2015","All","Quintile 5","All","Not main scheme application","50","45","0.863","0"
"2016","All","Quintile 5","All","Not main scheme application","45","40","0.891","0"
"2017","All","Quintile 5","All","Not main scheme application","60","45","0.783","0"
"2018","All","Quintile 5","All","Not main scheme application","40","35","0.81","0"
"2019","All","Quintile 5","All","Not main scheme application","45","40","0.851","0"
"2020","All","Quintile 5","All","Not main scheme application","55","50","0.909","0"
"2021","All","Quintile 5","All","Not main scheme application","55","40","0.774","0"
"2022","All","Quintile 5","All","Not main scheme application","50","40","0.796","0"
"2023","All","Quintile 5","All","Not main scheme application","50","45","0.896","0"
"2011","All","Unknown","All","Main scheme application","5","5"," ","0"
"2013","All","Unknown","All","Main scheme application","5","0"," ","0"
"2010","All","Quintile 1","All","Main scheme application","40","35","0.921","0"
"2011","All","Quintile 1","All","Main scheme application","35","35","0.892","0"
"2012","All","Quintile 1","All","Main scheme application","50","40","0.854","0"
"2013","All","Quintile 1","All","Main scheme application","40","35","0.833","0"
"2014","All","Quintile 1","All","Main scheme application","35","35","0.9460000000000001","0"
"2015","All","Quintile 1","All","Main scheme application","55","45","0.887","0"
"2016","All","Quintile 1","All","Main scheme application","55","45","0.849","0"
"2017","All","Quintile 1","All","Main scheme application","65","60","0.909","0"
"2018","All","Quintile 1","All","Main scheme application","55","50","0.893","0"
"2019","All","Quintile 1","All","Main scheme application","65","60","0.896","0"
"2020","All","Quintile 1","All","Main scheme application","80","65","0.859","0"
"2021","All","Quintile 1","All","Main scheme application","85","75","0.917","0"
"2022","All","Quintile 1","All","Main scheme application","125","105","0.87","0"
"2023","All","Quintile 1","All","Main scheme application","100","95","0.931","0"
"2010","All","Quintile 2","All","Main scheme application","115","95","0.851","0"
"2011","All","Quintile 2","All","Main scheme application","100","90","0.889","0"
"2012","All","Quintile 2","All","Main scheme application","125","105","0.846","0"
"2013","All","Quintile 2","All","Main scheme application","125","115","0.912","0"
"2014","All","Quintile 2","All","Main scheme application","125","115","0.928","0"
"2015","All","Quintile 2","All","Main scheme application","115","100","0.867","0"
"2016","All","Quintile 2","All","Main scheme application","145","130","0.883","0"
"2017","All","Quintile 2","All","Main scheme application","115","100","0.878","0"
"2018","All","Quintile 2","All","Main scheme application","175","150","0.861","0"
"2019","All","Quintile 2","All","Main scheme application","165","150","0.921","0"
"2020","All","Quintile 2","All","Main scheme application","155","140","0.892","0"
"2021","All","Quintile 2","All","Main scheme application","160","145","0.918","0"
"2022","All","Quintile 2","All","Main scheme application","190","170","0.899","0"
"2023","All","Quintile 2","All","Main scheme application","190","175","0.932","0"
"2010","All","Quintile 3","All","Main scheme application","215","185","0.866","0"
"2011","All","Quintile 3","All","Main scheme application","235","210","0.898","0"
"2012","All","Quintile 3","All","Main scheme application","240","205","0.851","0"
"2013","All","Quintile 3","All","Main scheme application","255","230","0.902","0"
"2014","All","Quintile 3","All","Main scheme application","275","235","0.854","0"
"2015","All","Quintile 3","All","Main scheme application","270","235","0.864","0"
"2016","All","Quintile 3","All","Main scheme application","275","240","0.866","0"
"2017","All","Quintile 3","All","Main scheme application","270","240","0.896","0"
"2018","All","Quintile 3","All","Main scheme application","280","240","0.854","0"
"2019","All","Quintile 3","All","Main scheme application","295","260","0.882","0"
"2020","All","Quintile 3","All","Main scheme application","290","260","0.903","0"
"2021","All","Quintile 3","All","Main scheme application","325","295","0.899","0"
"2022","All","Quintile 3","All","Main scheme application","375","325","0.874","0"
"2023","All","Quintile 3","All","Main scheme application","365","340","0.931","0"
"2010","All","Quintile 4","All","Main scheme application","390","350","0.895","0"
"2011","All","Quintile 4","All","Main scheme application","415","355","0.86","0"
"2012","All","Quintile 4","All","Main scheme application","410","360","0.878","0"
"2013","All","Quintile 4","All","Main scheme application","425","370","0.873","0"
"2014","All","Quintile 4","All","Main scheme application","440","400","0.9","0"
"2015","All","Quintile 4","All","Main scheme application","465","410","0.877","0"
"2016","All","Quintile 4","All","Main scheme application","445","400","0.896","0"
"2017","All","Quintile 4","All","Main scheme application","460","405","0.874","0"
"2018","All","Quintile 4","All","Main scheme application","460","420","0.913","0"
"2019","All","Quintile 4","All","Main scheme application","405","350","0.864","0"
"2020","All","Quintile 4","All","Main scheme application","440","380","0.866","0"
"2021","All","Quintile 4","All","Main scheme application","475","415","0.876","0"
"2022","All","Quintile 4","All","Main scheme application","525","465","0.88","0"
"2023","All","Quintile 4","All","Main scheme application","605","550","0.907","0"
"2010","All","Quintile 5","All","Main scheme application","1215","1085","0.894","0"
"2011","All","Quintile 5","All","Main scheme application","1305","1175","0.9","0"
"2012","All","Quintile 5","All","Main scheme application","1255","1080","0.861","0"
"2013","All","Quintile 5","All","Main scheme application","1425","1275","0.893","0"
"2014","All","Quintile 5","All","Main scheme application","1330","1170","0.88","0"
"2015","All","Quintile 5","All","Main scheme application","1455","1285","0.883","0"
"2016","All","Quintile 5","All","Main scheme application","1415","1250","0.886","0"
"2017","All","Quintile 5","All","Main scheme application","1410","1240","0.88","0"
"2018","All","Quintile 5","All","Main scheme application","1435","1285","0.895","0"
"2019","All","Quintile 5","All","Main scheme application","1355","1215","0.896","0"
"2020","All","Quintile 5","All","Main scheme application","1370","1225","0.893","0"
"2021","All","Quintile 5","All","Main scheme application","1650","1475","0.892","0"
"2022","All","Quintile 5","All","Main scheme application","1610","1435","0.891","0"
"2023","All","Quintile 5","All","Main scheme application","1715","1565","0.914","0"
"2010","6 point(s)","All","All","Not main scheme application","5","5"," ","0"
"2011","6 point(s)","All","All","Not main scheme application","5","5"," ","0"
"2010","7 point(s)","All","All","Not main scheme application","5","5"," ","0"
"2011","7 point(s)","All","All","Not main scheme application","5","5"," ","0"
"2012","7 point(s)","All","All","Not main scheme application","5","5"," ","0"
"2013","7 point(s)","All","All","Not main scheme application","5","5"," ","0"
"2014","7 point(s)","All","All","Not main scheme application","5","5"," ","0"
"2019","7 point(s)","All","All","Not main scheme application","10","5"," ","0"
"2020","7 point(s)","All","All","Not main scheme application","5","5"," ","0"
"2022","7 point(s)","All","All","Not main scheme application","5","0"," ","0"
"2023","7 point(s)","All","All","Not main scheme application","5","5"," ","0"
"2010","8 point(s)","All","All","Not main scheme application","5","5"," ","0"
"2011","8 point(s)","All","All","Not main scheme application","5","5"," ","0"
"2012","8 point(s)","All","All","Not main scheme application","5","5"," ","0"
"2013","8 point(s)","All","All","Not main scheme application","5","5"," ","0"
"2014","8 point(s)","All","All","Not main scheme application","5","5"," ","0"
"2015","8 point(s)","All","All","Not main scheme application","5","5"," ","0"
"2016","8 point(s)","All","All","Not main scheme application","5","5"," ","0"
"2017","8 point(s)","All","All","Not main scheme application","5","0"," ","0"
"2018","8 point(s)","All","All","Not main scheme application","5","5"," ","0"
"2020","8 point(s)","All","All","Not main scheme application","5","5"," ","0"
"2021","8 point(s)","All","All","Not main scheme application","5","5"," ","0"
"2022","8 point(s)","All","All","Not main scheme application","5","5"," ","0"
"2023","8 point(s)","All","All","Not main scheme application","5","5"," ","0"
"2010","9 point(s)","All","All","Not main scheme application","10","10","1","0"
"2011","9 point(s)","All","All","Not main scheme application","10","5"," ","0"
"2012","9 point(s)","All","All","Not main scheme application","10","10"," ","0"
"2013","9 point(s)","All","All","Not main scheme application","10","10"," ","0"
"2014","9 point(s)","All","All","Not main scheme application","5","5"," ","0"
"2015","9 point(s)","All","All","Not main scheme application","15","10"," ","0"
"2016","9 point(s)","All","All","Not main scheme application","15","5"," ","0"
"2017","9 point(s)","All","All","Not main scheme application","10","5"," ","0"
"2018","9 point(s)","All","All","Not main scheme application","5","5"," ","0"
"2019","9 point(s)","All","All","Not main scheme application","10","10"," ","0"
"2020","9 point(s)","All","All","Not main scheme application","15","15","0.933","0"
"2021","9 point(s)","All","All","Not main scheme application","10","5"," ","0"
"2022","9 point(s)","All","All","Not main scheme application","5","5"," ","0"
"2023","9 point(s)","All","All","Not main scheme application","10","10","1","0"
"2010","10 point(s)","All","All","Not main scheme application","10","5"," ","0"
"2011","10 point(s)","All","All","Not main scheme application","15","10","0.667","0"
"2012","10 point(s)","All","All","Not main scheme application","10","10","0.833","0"
"2013","10 point(s)","All","All","Not main scheme application","10","5"," ","0"
"2014","10 point(s)","All","All","Not main scheme application","10","10","0.917","0"
"2015","10 point(s)","All","All","Not main scheme application","10","5"," ","0"
"2016","10 point(s)","All","All","Not main scheme application","10","10","1","0"
"2017","10 point(s)","All","All","Not main scheme application","15","10","0.8","0"
"2018","10 point(s)","All","All","Not main scheme application","5","5"," ","0"
"2019","10 point(s)","All","All","Not main scheme application","5","5"," ","0"
"2020","10 point(s)","All","All","Not main scheme application","10","10"," ","0"
"2021","10 point(s)","All","All","Not main scheme application","10","5"," ","0"
"2022","10 point(s)","All","All","Not main scheme application","15","10"," ","0"
"2023","10 point(s)","All","All","Not main scheme application","15","15","0.9380000000000001","0"
"2010","11 point(s)","All","All","Not main scheme application","5","5"," ","0"
"2011","11 point(s)","All","All","Not main scheme application","5","5"," ","0"
"2012","11 point(s)","All","All","Not main scheme application","15","10","0.857","0"
"2013","11 point(s)","All","All","Not main scheme application","5","5"," ","0"
"2014","11 point(s)","All","All","Not main scheme application","10","5"," ","0"
"2015","11 point(s)","All","All","Not main scheme application","10","10"," ","0"
"2016","11 point(s)","All","All","Not main scheme application","15","10","0.786","0"
"2017","11 point(s)","All","All","Not main scheme application","10","5"," ","0"
"2018","11 point(s)","All","All","Not main scheme application","10","10"," ","0"
"2019","11 point(s)","All","All","Not main scheme application","10","10"," ","0"
"2020","11 point(s)","All","All","Not main scheme application","10","10"," ","0"
"2021","11 point(s)","All","All","Not main scheme application","20","15","0.789","0"
"2022","11 point(s)","All","All","Not main scheme application","15","10","0.857","0"
"2023","11 point(s)","All","All","Not main scheme application","10","5"," ","0"
"2010","12 point(s)","All","All","Not main scheme application","15","10","0.923","0"
"2011","12 point(s)","All","All","Not main scheme application","15","10","0.75","0"
"2012","12 point(s)","All","All","Not main scheme application","35","30","0.879","0"
"2013","12 point(s)","All","All","Not main scheme application","35","35","0.9430000000000001","0"
"2014","12 point(s)","All","All","Not main scheme application","50","35","0.771","0"
"2015","12 point(s)","All","All","Not main scheme application","45","40","0.93","0"
"2016","12 point(s)","All","All","Not main scheme application","40","35","0.872","0"
"2017","12 point(s)","All","All","Not main scheme application","50","45","0.86","0"
"2018","12 point(s)","All","All","Not main scheme application","50","45","0.843","0"
"2019","12 point(s)","All","All","Not main scheme application","50","45","0.922","0"
"2020","12 point(s)","All","All","Not main scheme application","55","45","0.855","0"
"2021","12 point(s)","All","All","Not main scheme application","35","30","0.882","0"
"2022","12 point(s)","All","All","Not main scheme application","60","55","0.855","0"
"2023","12 point(s)","All","All","Not main scheme application","45","40","0.87","0"
"2012","5 point(s)","All","All","Main scheme application","5","5"," ","0"
"2015","5 point(s)","All","All","Main scheme application","5","0"," ","0"
"2019","5 point(s)","All","All","Main scheme application","5","5"," ","0"
"2021","5 point(s)","All","All","Main scheme application","5","0"," ","0"
"2022","5 point(s)","All","All","Main scheme application","5","0"," ","0"
"2023","5 point(s)","All","All","Main scheme application","5","5"," ","0"
"2010","6 point(s)","All","All","Main scheme application","25","15","0.654","0"
"2011","6 point(s)","All","All","Main scheme application","25","15","0.739","0"
"2012","6 point(s)","All","All","Main scheme application","20","15","0.762","0"
"2013","6 point(s)","All","All","Main scheme application","20","15","0.833","0"
"2014","6 point(s)","All","All","Main scheme application","20","10","0.667","0"
"2015","6 point(s)","All","All","Main scheme application","20","15","0.65","0"
"2016","6 point(s)","All","All","Main scheme application","10","5"," ","0"
"2017","6 point(s)","All","All","Main scheme application","15","5"," ","0"
"2018","6 point(s)","All","All","Main scheme application","10","10"," ","0"
"2019","6 point(s)","All","All","Main scheme application","15","10"," ","0"
"2020","6 point(s)","All","All","Main scheme application","15","15","0.882","0"
"2021","6 point(s)","All","All","Main scheme application","15","10","0.846","0"
"2022","6 point(s)","All","All","Main scheme application","15","15","1","0"
"2023","6 point(s)","All","All","Main scheme application","15","15","0.929","0"
"2010","7 point(s)","All","All","Main scheme application","60","55","0.855","0"
"2011","7 point(s)","All","All","Main scheme application","60","40","0.672","0"
"2012","7 point(s)","All","All","Main scheme application","40","30","0.683","0"
"2013","7 point(s)","All","All","Main scheme application","55","45","0.807","0"
"2014","7 point(s)","All","All","Main scheme application","50","40","0.784","0"
"2015","7 point(s)","All","All","Main scheme application","40","30","0.842","0"
"2016","7 point(s)","All","All","Main scheme application","30","25","0.767","0"
"2017","7 point(s)","All","All","Main scheme application","30","20","0.714","0"
"2018","7 point(s)","All","All","Main scheme application","30","25","0.793","0"
"2019","7 point(s)","All","All","Main scheme application","30","20","0.6","0"
"2020","7 point(s)","All","All","Main scheme application","20","20","0.8180000000000001","0"
"2021","7 point(s)","All","All","Main scheme application","25","20","0.875","0"
"2022","7 point(s)","All","All","Main scheme application","40","35","0.85","0"
"2023","7 point(s)","All","All","Main scheme application","40","30","0.789","0"
"2010","8 point(s)","All","All","Main scheme application","135","115","0.846","0"
"2011","8 point(s)","All","All","Main scheme application","115","100","0.863","0"
"2012","8 point(s)","All","All","Main scheme application","115","90","0.788","0"
"2013","8 point(s)","All","All","Main scheme application","120","100","0.803","0"
"2014","8 point(s)","All","All","Main scheme application","80","70","0.864","0"
"2015","8 point(s)","All","All","Main scheme application","80","65","0.79","0"
"2016","8 point(s)","All","All","Main scheme application","90","80","0.857","0"
"2017","8 point(s)","All","All","Main scheme application","55","50","0.842","0"
"2018","8 point(s)","All","All","Main scheme application","70","60","0.8310000000000001","0"
"2019","8 point(s)","All","All","Main scheme application","75","65","0.892","0"
"2020","8 point(s)","All","All","Main scheme application","60","55","0.883","0"
"2021","8 point(s)","All","All","Main scheme application","70","55","0.809","0"
"2022","8 point(s)","All","All","Main scheme application","80","65","0.8130000000000001","0"
"2023","8 point(s)","All","All","Main scheme application","70","60","0.8170000000000001","0"
"2010","9 point(s)","All","All","Main scheme application","230","200","0.866","0"
"2011","9 point(s)","All","All","Main scheme application","225","195","0.871","0"
"2012","9 point(s)","All","All","Main scheme application","240","195","0.8280000000000001","0"
"2013","9 point(s)","All","All","Main scheme application","235","200","0.856","0"
"2014","9 point(s)","All","All","Main scheme application","195","170","0.872","0"
"2015","9 point(s)","All","All","Main scheme application","250","210","0.839","0"
"2016","9 point(s)","All","All","Main scheme application","230","195","0.864","0"
"2017","9 point(s)","All","All","Main scheme application","200","170","0.855","0"
"2018","9 point(s)","All","All","Main scheme application","210","185","0.88","0"
"2019","9 point(s)","All","All","Main scheme application","235","210","0.898","0"
"2020","9 point(s)","All","All","Main scheme application","175","150","0.873","0"
"2021","9 point(s)","All","All","Main scheme application","170","140","0.833","0"
"2022","9 point(s)","All","All","Main scheme application","155","140","0.897","0"
"2023","9 point(s)","All","All","Main scheme application","200","175","0.866","0"
"2010","10 point(s)","All","All","Main scheme application","290","255","0.889","0"
"2011","10 point(s)","All","All","Main scheme application","305","275","0.905","0"
"2012","10 point(s)","All","All","Main scheme application","280","240","0.851","0"
"2013","10 point(s)","All","All","Main scheme application","290","255","0.889","0"
"2014","10 point(s)","All","All","Main scheme application","315","285","0.904","0"
"2015","10 point(s)","All","All","Main scheme application","295","265","0.901","0"
"2016","10 point(s)","All","All","Main scheme application","255","230","0.895","0"
"2017","10 point(s)","All","All","Main scheme application","250","220","0.884","0"
"2018","10 point(s)","All","All","Main scheme application","240","215","0.887","0"
"2019","10 point(s)","All","All","Main scheme application","250","220","0.883","0"
"2020","10 point(s)","All","All","Main scheme application","270","245","0.907","0"
"2021","10 point(s)","All","All","Main scheme application","250","215","0.871","0"
"2022","10 point(s)","All","All","Main scheme application","270","235","0.884","0"
"2023","10 point(s)","All","All","Main scheme application","285","250","0.89","0"
"2010","11 point(s)","All","All","Main scheme application","315","285","0.911","0"
"2011","11 point(s)","All","All","Main scheme application","350","315","0.899","0"
"2012","11 point(s)","All","All","Main scheme application","330","285","0.861","0"
"2013","11 point(s)","All","All","Main scheme application","370","340","0.921","0"
"2014","11 point(s)","All","All","Main scheme application","335","305","0.913","0"
"2015","11 point(s)","All","All","Main scheme application","385","350","0.914","0"
"2016","11 point(s)","All","All","Main scheme application","400","355","0.89","0"
"2017","11 point(s)","All","All","Main scheme application","365","325","0.893","0"
"2018","11 point(s)","All","All","Main scheme application","375","335","0.903","0"
"2019","11 point(s)","All","All","Main scheme application","305","275","0.902","0"
"2020","11 point(s)","All","All","Main scheme application","345","300","0.87","0"
"2021","11 point(s)","All","All","Main scheme application","385","340","0.888","0"
"2022","11 point(s)","All","All","Main scheme application","370","335","0.906","0"
"2023","11 point(s)","All","All","Main scheme application","400","370","0.918","0"
"2010","12 point(s)","All","All","Main scheme application","910","825","0.903","0"
"2011","12 point(s)","All","All","Main scheme application","1020","925","0.909","0"
"2012","12 point(s)","All","All","Main scheme application","1045","935","0.892","0"
"2013","12 point(s)","All","All","Main scheme application","1180","1065","0.9","0"
"2014","12 point(s)","All","All","Main scheme application","1215","1070","0.883","0"
"2015","12 point(s)","All","All","Main scheme application","1290","1135","0.881","0"
"2016","12 point(s)","All","All","Main scheme application","1315","1170","0.892","0"
"2017","12 point(s)","All","All","Main scheme application","1410","1255","0.89","0"
"2018","12 point(s)","All","All","Main scheme application","1475","1320","0.896","0"
"2019","12 point(s)","All","All","Main scheme application","1380","1235","0.896","0"
"2020","12 point(s)","All","All","Main scheme application","1450","1295","0.892","0"
"2021","12 point(s)","All","All","Main scheme application","1790","1620","0.907","0"
"2022","12 point(s)","All","All","Main scheme application","1890","1675","0.886","0"
"2023","12 point(s)","All","All","Main scheme application","1955","1825","0.932","0"
"2010","All","All","All","Not main scheme application","55","55","0.93","0"
"2011","All","All","All","Not main scheme application","60","50","0.774","0"
"2012","All","All","All","Not main scheme application","85","70","0.845","0"
"2013","All","All","All","Not main scheme application","70","65","0.903","0"
"2014","All","All","All","Not main scheme application","85","70","0.81","0"
"2015","All","All","All","Not main scheme application","80","70","0.841","0"
"2016","All","All","All","Not main scheme application","80","65","0.8170000000000001","0"
"2017","All","All","All","Not main scheme application","90","70","0.791","0"
"2018","All","All","All","Not main scheme application","80","65","0.846","0"
"2019","All","All","All","Not main scheme application","90","80","0.888","0"
"2020","All","All","All","Not main scheme application","100","85","0.879","0"
"2021","All","All","All","Not main scheme application","75","60","0.8160000000000001","0"
"2022","All","All","All","Not main scheme application","105","85","0.8210000000000001","0"
"2023","All","All","All","Not main scheme application","90","80","0.909","0"
"2010","All","All","All","Main scheme application","1975","1755","0.889","0"
"2011","All","All","All","Main scheme application","2095","1870","0.891","0"
"2012","All","All","All","Main scheme application","2080","1795","0.862","0"
"2013","All","All","All","Main scheme application","2275","2025","0.89","0"
"2014","All","All","All","Main scheme application","2210","1955","0.885","0"
"2015","All","All","All","Main scheme application","2360","2075","0.879","0"
"2016","All","All","All","Main scheme application","2335","2065","0.884","0"
"2017","All","All","All","Main scheme application","2325","2050","0.881","0"
"2018","All","All","All","Main scheme application","2410","2145","0.891","0"
"2019","All","All","All","Main scheme application","2290","2040","0.89","0"
"2020","All","All","All","Main scheme application","2335","2075","0.888","0"
"2021","All","All","All","Main scheme application","2700","2410","0.892","0"
"2022","All","All","All","Main scheme application","2825","2505","0.887","0"
"2023","All","All","All","Main scheme application","2975","2725","0.916","0"
"2011","12 point(s)","Unknown","Main scheme applicant","All","5","5"," ","0"
"2017","7 point(s)","Quintile 1","Main scheme applicant","All","5","5"," ","0"
"2019","7 point(s)","Quintile 1","Main scheme applicant","All","5","5"," ","0"
"2020","7 point(s)","Quintile 1","Main scheme applicant","All","5","5"," ","0"
"2021","7 point(s)","Quintile 1","Main scheme applicant","All","5","5"," ","0"
"2022","7 point(s)","Quintile 1","Main scheme applicant","All","5","5"," ","0"
"2023","7 point(s)","Quintile 1","Main scheme applicant","All","5","0"," ","0"
"2010","8 point(s)","Quintile 1","Main scheme applicant","All","5","5"," ","0"
"2012","8 point(s)","Quintile 1","Main scheme applicant","All","5","5"," ","0"
"2013","8 point(s)","Quintile 1","Main scheme applicant","All","5","5"," ","0"
"2014","8 point(s)","Quintile 1","Main scheme applicant","All","5","5"," ","0"
"2015","8 point(s)","Quintile 1","Main scheme applicant","All","5","5"," ","0"
"2016","8 point(s)","Quintile 1","Main scheme applicant","All","5","0"," ","0"
"2017","8 point(s)","Quintile 1","Main scheme applicant","All","5","0"," ","0"
"2018","8 point(s)","Quintile 1","Main scheme applicant","All","5","5"," ","0"
"2019","8 point(s)","Quintile 1","Main scheme applicant","All","5","5"," ","0"
"2020","8 point(s)","Quintile 1","Main scheme applicant","All","5","5"," ","0"
"2021","8 point(s)","Quintile 1","Main scheme applicant","All","5","5"," ","0"
"2022","8 point(s)","Quintile 1","Main scheme applicant","All","5","5"," ","0"
"2023","8 point(s)","Quintile 1","Main scheme applicant","All","5","0"," ","0"
"2010","9 point(s)","Quintile 1","Main scheme applicant","All","10","10"," ","0"
"2011","9 point(s)","Quintile 1","Main scheme applicant","All","5","5"," ","0"
"2012","9 point(s)","Quintile 1","Main scheme applicant","All","5","5"," ","0"
"2013","9 point(s)","Quintile 1","Main scheme applicant","All","5","5"," ","0"
"2015","9 point(s)","Quintile 1","Main scheme applicant","All","10","10"," ","0"
"2016","9 point(s)","Quintile 1","Main scheme applicant","All","10","10"," ","0"
"2017","9 point(s)","Quintile 1","Main scheme applicant","All","5","5"," ","0"
"2018","9 point(s)","Quintile 1","Main scheme applicant","All","10","10"," ","0"
"2019","9 point(s)","Quintile 1","Main scheme applicant","All","10","10","0.917","0"
"2020","9 point(s)","Quintile 1","Main scheme applicant","All","5","5"," ","0"
"2021","9 point(s)","Quintile 1","Main scheme applicant","All","10","10"," ","0"
"2022","9 point(s)","Quintile 1","Main scheme applicant","All","10","10","1","0"
"2023","9 point(s)","Quintile 1","Main scheme applicant","All","10","10"," ","0"
"2010","10 point(s)","Quintile 1","Main scheme applicant","All","10","10"," ","0"
"2011","10 point(s)","Quintile 1","Main scheme applicant","All","10","10"," ","0"
"2012","10 point(s)","Quintile 1","Main scheme applicant","All","5","5"," ","0"
"2013","10 point(s)","Quintile 1","Main scheme applicant","All","10","5"," ","0"
"2014","10 point(s)","Quintile 1","Main scheme applicant","All","5","5"," ","0"
"2015","10 point(s)","Quintile 1","Main scheme applicant","All","5","5"," ","0"
"2016","10 point(s)","Quintile 1","Main scheme applicant","All","10","5"," ","0"
"2017","10 point(s)","Quintile 1","Main scheme applicant","All","10","10"," ","0"
"2018","10 point(s)","Quintile 1","Main scheme applicant","All","10","10","1","0"
"2019","10 point(s)","Quintile 1","Main scheme applicant","All","10","10"," ","0"
"2020","10 point(s)","Quintile 1","Main scheme applicant","All","10","10","1","0"
"2021","10 point(s)","Quintile 1","Main scheme applicant","All","5","5"," ","0"
"2022","10 point(s)","Quintile 1","Main scheme applicant","All","15","15","0.882","0"
"2023","10 point(s)","Quintile 1","Main scheme applicant","All","10","10","1","0"
"2010","11 point(s)","Quintile 1","Main scheme applicant","All","5","5"," ","0"
"2011","11 point(s)","Quintile 1","Main scheme applicant","All","5","5"," ","0"
"2012","11 point(s)","Quintile 1","Main scheme applicant","All","5","5"," ","0"
"2013","11 point(s)","Quintile 1","Main scheme applicant","All","5","5"," ","0"
"2014","11 point(s)","Quintile 1","Main scheme applicant","All","5","5"," ","0"
"2015","11 point(s)","Quintile 1","Main scheme applicant","All","15","10","0.857","0"
"2016","11 point(s)","Quintile 1","Main scheme applicant","All","10","10","0.909","0"
"2017","11 point(s)","Quintile 1","Main scheme applicant","All","10","10","1","0"
"2018","11 point(s)","Quintile 1","Main scheme applicant","All","5","5"," ","0"
"2019","11 point(s)","Quintile 1","Main scheme applicant","All","10","10"," ","0"
"2020","11 point(s)","Quintile 1","Main scheme applicant","All","15","10","0.786","0"
"2021","11 point(s)","Quintile 1","Main scheme applicant","All","15","15","1","0"
"2022","11 point(s)","Quintile 1","Main scheme applicant","All","25","25","0.962","0"
"2023","11 point(s)","Quintile 1","Main scheme applicant","All","15","15","1","0"
"2010","12 point(s)","Quintile 1","Main scheme applicant","All","10","10","0.917","0"
"2011","12 point(s)","Quintile 1","Main scheme applicant","All","10","10","1","0"
"2012","12 point(s)","Quintile 1","Main scheme applicant","All","20","20","1","0"
"2013","12 point(s)","Quintile 1","Main scheme applicant","All","15","15","0.8130000000000001","0"
"2014","12 point(s)","Quintile 1","Main scheme applicant","All","20","20","1","0"
"2015","12 point(s)","Quintile 1","Main scheme applicant","All","20","20","0.9500000000000001","0"
"2016","12 point(s)","Quintile 1","Main scheme applicant","All","20","15","0.85","0"
"2017","12 point(s)","Quintile 1","Main scheme applicant","All","30","30","0.968","0"
"2018","12 point(s)","Quintile 1","Main scheme applicant","All","25","25","0.962","0"
"2019","12 point(s)","Quintile 1","Main scheme applicant","All","25","25","0.9580000000000001","0"
"2020","12 point(s)","Quintile 1","Main scheme applicant","All","40","35","0.9490000000000001","0"
"2021","12 point(s)","Quintile 1","Main scheme applicant","All","45","40","0.9530000000000001","0"
"2022","12 point(s)","Quintile 1","Main scheme applicant","All","60","55","0.966","0"
"2023","12 point(s)","Quintile 1","Main scheme applicant","All","60","60","0.983","0"
"2010","6 point(s)","Quintile 2","Main scheme applicant","All","5","5"," ","0"
"2014","6 point(s)","Quintile 2","Main scheme applicant","All","5","0"," ","0"
"2023","6 point(s)","Quintile 2","Main scheme applicant","All","5","0"," ","0"
"2010","7 point(s)","Quintile 2","Main scheme applicant","All","5","5"," ","0"
"2011","7 point(s)","Quintile 2","Main scheme applicant","All","5","5"," ","0"
"2012","7 point(s)","Quintile 2","Main scheme applicant","All","5","5"," ","0"
"2013","7 point(s)","Quintile 2","Main scheme applicant","All","5","5"," ","0"
"2014","7 point(s)","Quintile 2","Main scheme applicant","All","5","5"," ","0"
"2018","7 point(s)","Quintile 2","Main scheme applicant","All","10","10"," ","0"
"2019","7 point(s)","Quintile 2","Main scheme applicant","All","5","5"," ","0"
"2021","7 point(s)","Quintile 2","Main scheme applicant","All","5","5"," ","0"
"2022","7 point(s)","Quintile 2","Main scheme applicant","All","5","5"," ","0"
"2023","7 point(s)","Quintile 2","Main scheme applicant","All","5","5"," ","0"
"2010","8 point(s)","Quintile 2","Main scheme applicant","All","15","15","0.9380000000000001","0"
"2011","8 point(s)","Quintile 2","Main scheme applicant","All","5","5"," ","0"
"2012","8 point(s)","Quintile 2","Main scheme applicant","All","5","5"," ","0"
"2013","8 point(s)","Quintile 2","Main scheme applicant","All","10","5"," ","0"
"2014","8 point(s)","Quintile 2","Main scheme applicant","All","5","5"," ","0"
"2015","8 point(s)","Quintile 2","Main scheme applicant","All","5","5"," ","0"
"2016","8 point(s)","Quintile 2","Main scheme applicant","All","10","10","1","0"
"2017","8 point(s)","Quintile 2","Main scheme applicant","All","10","10"," ","0"
"2018","8 point(s)","Quintile 2","Main scheme applicant","All","5","5"," ","0"
"2019","8 point(s)","Quintile 2","Main scheme applicant","All","5","5"," ","0"
"2020","8 point(s)","Quintile 2","Main scheme applicant","All","10","10","0.909","0"
"2021","8 point(s)","Quintile 2","Main scheme applicant","All","5","5"," ","0"
"2022","8 point(s)","Quintile 2","Main scheme applicant","All","10","5"," ","0"
"2023","8 point(s)","Quintile 2","Main scheme applicant","All","10","5"," ","0"
"2010","9 point(s)","Quintile 2","Main scheme applicant","All","20","20","0.9470000000000001","0"
"2011","9 point(s)","Quintile 2","Main scheme applicant","All","15","10","0.923","0"
"2012","9 point(s)","Quintile 2","Main scheme applicant","All","25","25","0.852","0"
"2013","9 point(s)","Quintile 2","Main scheme applicant","All","20","20","0.9470000000000001","0"
"2014","9 point(s)","Quintile 2","Main scheme applicant","All","20","20","0.9520000000000001","0"
"2015","9 point(s)","Quintile 2","Main scheme applicant","All","15","10"," ","0"
"2016","9 point(s)","Quintile 2","Main scheme applicant","All","25","20","0.88","0"
"2017","9 point(s)","Quintile 2","Main scheme applicant","All","15","15","0.933","0"
"2018","9 point(s)","Quintile 2","Main scheme applicant","All","25","20","0.87","0"
"2019","9 point(s)","Quintile 2","Main scheme applicant","All","25","25","0.885","0"
"2020","9 point(s)","Quintile 2","Main scheme applicant","All","20","20","0.9","0"
"2021","9 point(s)","Quintile 2","Main scheme applicant","All","15","15","1","0"
"2022","9 point(s)","Quintile 2","Main scheme applicant","All","10","10","1","0"
"2023","9 point(s)","Quintile 2","Main scheme applicant","All","35","35","0.972","0"
"2010","10 point(s)","Quintile 2","Main scheme applicant","All","15","15","0.929","0"
"2011","10 point(s)","Quintile 2","Main scheme applicant","All","20","20","0.9520000000000001","0"
"2012","10 point(s)","Quintile 2","Main scheme applicant","All","20","15","0.85","0"
"2013","10 point(s)","Quintile 2","Main scheme applicant","All","20","20","0.9470000000000001","0"
"2014","10 point(s)","Quintile 2","Main scheme applicant","All","20","20","0.905","0"
"2015","10 point(s)","Quintile 2","Main scheme applicant","All","20","20","0.9520000000000001","0"
"2016","10 point(s)","Quintile 2","Main scheme applicant","All","25","20","0.9570000000000001","0"
"2017","10 point(s)","Quintile 2","Main scheme applicant","All","10","10"," ","0"
"2018","10 point(s)","Quintile 2","Main scheme applicant","All","30","30","0.903","0"
"2019","10 point(s)","Quintile 2","Main scheme applicant","All","25","25","1","0"
"2020","10 point(s)","Quintile 2","Main scheme applicant","All","20","20","0.9","0"
"2021","10 point(s)","Quintile 2","Main scheme applicant","All","20","20","0.9520000000000001","0"
"2022","10 point(s)","Quintile 2","Main scheme applicant","All","25","25","0.96","0"
"2023","10 point(s)","Quintile 2","Main scheme applicant","All","30","30","0.967","0"
"2010","11 point(s)","Quintile 2","Main scheme applicant","All","15","15","0.9380000000000001","0"
"2011","11 point(s)","Quintile 2","Main scheme applicant","All","20","15","0.889","0"
"2012","11 point(s)","Quintile 2","Main scheme applicant","All","15","15","0.8130000000000001","0"
"2013","11 point(s)","Quintile 2","Main scheme applicant","All","20","20","0.9500000000000001","0"
"2014","11 point(s)","Quintile 2","Main scheme applicant","All","20","20","1","0"
"2015","11 point(s)","Quintile 2","Main scheme applicant","All","20","20","0.9470000000000001","0"
"2016","11 point(s)","Quintile 2","Main scheme applicant","All","20","15","0.85","0"
"2017","11 point(s)","Quintile 2","Main scheme applicant","All","25","20","0.87","0"
"2018","11 point(s)","Quintile 2","Main scheme applicant","All","20","15","0.9440000000000001","0"
"2019","11 point(s)","Quintile 2","Main scheme applicant","All","30","25","0.931","0"
"2020","11 point(s)","Quintile 2","Main scheme applicant","All","30","25","0.931","0"
"2021","11 point(s)","Quintile 2","Main scheme applicant","All","35","35","0.917","0"
"2022","11 point(s)","Quintile 2","Main scheme applicant","All","25","25","0.926","0"
"2023","11 point(s)","Quintile 2","Main scheme applicant","All","15","15","0.9410000000000001","0"
"2010","12 point(s)","Quintile 2","Main scheme applicant","All","40","40","0.929","0"
"2011","12 point(s)","Quintile 2","Main scheme applicant","All","30","30","0.9380000000000001","0"
"2012","12 point(s)","Quintile 2","Main scheme applicant","All","50","50","1","0"
"2013","12 point(s)","Quintile 2","Main scheme applicant","All","50","50","0.96","0"
"2014","12 point(s)","Quintile 2","Main scheme applicant","All","45","45","0.979","0"
"2015","12 point(s)","Quintile 2","Main scheme applicant","All","50","50","0.96","0"
"2016","12 point(s)","Quintile 2","Main scheme applicant","All","65","60","0.9390000000000001","0"
"2017","12 point(s)","Quintile 2","Main scheme applicant","All","55","50","0.909","0"
"2018","12 point(s)","Quintile 2","Main scheme applicant","All","85","75","0.906","0"
"2019","12 point(s)","Quintile 2","Main scheme applicant","All","75","70","0.932","0"
"2020","12 point(s)","Quintile 2","Main scheme applicant","All","75","70","0.933","0"
"2021","12 point(s)","Quintile 2","Main scheme applicant","All","70","70","0.9440000000000001","0"
"2022","12 point(s)","Quintile 2","Main scheme applicant","All","110","100","0.909","0"
"2023","12 point(s)","Quintile 2","Main scheme applicant","All","90","90","0.989","0"
"2023","5 point(s)","Quintile 3","Main scheme applicant","All","5","0"," ","0"
"2012","6 point(s)","Quintile 3","Main scheme applicant","All","5","5"," ","0"
"2013","6 point(s)","Quintile 3","Main scheme applicant","All","5","5"," ","0"
"2014","6 point(s)","Quintile 3","Main scheme applicant","All","5","5"," ","0"
"2016","6 point(s)","Quintile 3","Main scheme applicant","All","5","0"," ","0"
"2019","6 point(s)","Quintile 3","Main scheme applicant","All","5","0"," ","0"
"2020","6 point(s)","Quintile 3","Main scheme applicant","All","5","5"," ","0"
"2021","6 point(s)","Quintile 3","Main scheme applicant","All","5","5"," ","0"
"2022","6 point(s)","Quintile 3","Main scheme applicant","All","5","5"," ","0"
"2023","6 point(s)","Quintile 3","Main scheme applicant","All","5","5"," ","0"
"2010","7 point(s)","Quintile 3","Main scheme applicant","All","10","10"," ","0"
"2011","7 point(s)","Quintile 3","Main scheme applicant","All","10","5"," ","0"
"2012","7 point(s)","Quintile 3","Main scheme applicant","All","5","5"," ","0"
"2013","7 point(s)","Quintile 3","Main scheme applicant","All","10","10","0.917","0"
"2014","7 point(s)","Quintile 3","Main scheme applicant","All","10","10"," ","0"
"2015","7 point(s)","Quintile 3","Main scheme applicant","All","5","5"," ","0"
"2018","7 point(s)","Quintile 3","Main scheme applicant","All","5","0"," ","0"
"2019","7 point(s)","Quintile 3","Main scheme applicant","All","5","5"," ","0"
"2020","7 point(s)","Quintile 3","Main scheme applicant","All","5","5"," ","0"
"2021","7 point(s)","Quintile 3","Main scheme applicant","All","5","5"," ","0"
"2022","7 point(s)","Quintile 3","Main scheme applicant","All","10","5"," ","0"
"2023","7 point(s)","Quintile 3","Main scheme applicant","All","5","5"," ","0"
"2010","8 point(s)","Quintile 3","Main scheme applicant","All","25","20","0.833","0"
"2011","8 point(s)","Quintile 3","Main scheme applicant","All","15","15","0.882","0"
"2012","8 point(s)","Quintile 3","Main scheme applicant","All","30","25","0.719","0"
"2013","8 point(s)","Quintile 3","Main scheme applicant","All","20","20","0.864","0"
"2014","8 point(s)","Quintile 3","Main scheme applicant","All","20","15","0.889","0"
"2015","8 point(s)","Quintile 3","Main scheme applicant","All","10","10"," ","0"
"2016","8 point(s)","Quintile 3","Main scheme applicant","All","20","15","0.737","0"
"2017","8 point(s)","Quintile 3","Main scheme applicant","All","15","15","0.8240000000000001","0"
"2018","8 point(s)","Quintile 3","Main scheme applicant","All","15","10","0.769","0"
"2019","8 point(s)","Quintile 3","Main scheme applicant","All","15","15","0.882","0"
"2020","8 point(s)","Quintile 3","Main scheme applicant","All","10","10"," ","0"
"2021","8 point(s)","Quintile 3","Main scheme applicant","All","10","10"," ","0"
"2022","8 point(s)","Quintile 3","Main scheme applicant","All","20","15","0.833","0"
"2023","8 point(s)","Quintile 3","Main scheme applicant","All","10","10"," ","0"
"2010","9 point(s)","Quintile 3","Main scheme applicant","All","35","30","0.909","0"
"2011","9 point(s)","Quintile 3","Main scheme applicant","All","30","25","0.964","0"
"2012","9 point(s)","Quintile 3","Main scheme applicant","All","30","25","0.9","0"
"2013","9 point(s)","Quintile 3","Main scheme applicant","All","40","35","0.902","0"
"2014","9 point(s)","Quintile 3","Main scheme applicant","All","45","40","0.884","0"
"2015","9 point(s)","Quintile 3","Main scheme applicant","All","35","35","0.892","0"
"2016","9 point(s)","Quintile 3","Main scheme applicant","All","35","30","0.833","0"
"2017","9 point(s)","Quintile 3","Main scheme applicant","All","40","35","0.9490000000000001","0"
"2018","9 point(s)","Quintile 3","Main scheme applicant","All","35","35","0.919","0"
"2019","9 point(s)","Quintile 3","Main scheme applicant","All","45","40","0.93","0"
"2020","9 point(s)","Quintile 3","Main scheme applicant","All","30","30","0.966","0"
"2021","9 point(s)","Quintile 3","Main scheme applicant","All","20","20","0.8180000000000001","0"
"2022","9 point(s)","Quintile 3","Main scheme applicant","All","25","20","0.833","0"
"2023","9 point(s)","Quintile 3","Main scheme applicant","All","25","25","0.962","0"
"2010","10 point(s)","Quintile 3","Main scheme applicant","All","40","40","0.905","0"
"2011","10 point(s)","Quintile 3","Main scheme applicant","All","45","40","0.932","0"
"2012","10 point(s)","Quintile 3","Main scheme applicant","All","30","25","0.839","0"
"2013","10 point(s)","Quintile 3","Main scheme applicant","All","40","35","0.9490000000000001","0"
"2014","10 point(s)","Quintile 3","Main scheme applicant","All","55","50","0.925","0"
"2015","10 point(s)","Quintile 3","Main scheme applicant","All","45","40","0.911","0"
"2016","10 point(s)","Quintile 3","Main scheme applicant","All","35","30","0.882","0"
"2017","10 point(s)","Quintile 3","Main scheme applicant","All","35","30","0.9390000000000001","0"
"2018","10 point(s)","Quintile 3","Main scheme applicant","All","30","25","0.75","0"
"2019","10 point(s)","Quintile 3","Main scheme applicant","All","40","35","0.857","0"
"2020","10 point(s)","Quintile 3","Main scheme applicant","All","50","50","0.923","0"
"2021","10 point(s)","Quintile 3","Main scheme applicant","All","45","45","0.915","0"
"2022","10 point(s)","Quintile 3","Main scheme applicant","All","40","40","0.976","0"
"2023","10 point(s)","Quintile 3","Main scheme applicant","All","60","55","0.9480000000000001","0"
"2010","11 point(s)","Quintile 3","Main scheme applicant","All","35","35","0.971","0"
"2011","11 point(s)","Quintile 3","Main scheme applicant","All","40","35","0.925","0"
"2012","11 point(s)","Quintile 3","Main scheme applicant","All","45","40","0.891","0"
"2013","11 point(s)","Quintile 3","Main scheme applicant","All","40","40","0.927","0"
"2014","11 point(s)","Quintile 3","Main scheme applicant","All","30","30","0.906","0"
"2015","11 point(s)","Quintile 3","Main scheme applicant","All","45","40","0.977","0"
"2016","11 point(s)","Quintile 3","Main scheme applicant","All","45","45","0.915","0"
"2017","11 point(s)","Quintile 3","Main scheme applicant","All","50","45","0.922","0"
"2018","11 point(s)","Quintile 3","Main scheme applicant","All","40","40","0.9520000000000001","0"
"2019","11 point(s)","Quintile 3","Main scheme applicant","All","40","40","0.9500000000000001","0"
"2020","11 point(s)","Quintile 3","Main scheme applicant","All","45","40","0.9550000000000001","0"
"2021","11 point(s)","Quintile 3","Main scheme applicant","All","60","55","0.9500000000000001","0"
"2022","11 point(s)","Quintile 3","Main scheme applicant","All","60","55","0.887","0"
"2023","11 point(s)","Quintile 3","Main scheme applicant","All","60","60","0.968","0"
"2010","12 point(s)","Quintile 3","Main scheme applicant","All","75","65","0.877","0"
"2011","12 point(s)","Quintile 3","Main scheme applicant","All","95","90","0.9380000000000001","0"
"2012","12 point(s)","Quintile 3","Main scheme applicant","All","95","90","0.9580000000000001","0"
"2013","12 point(s)","Quintile 3","Main scheme applicant","All","95","90","0.9380000000000001","0"
"2014","12 point(s)","Quintile 3","Main scheme applicant","All","115","100","0.868","0"
"2015","12 point(s)","Quintile 3","Main scheme applicant","All","125","115","0.913","0"
"2016","12 point(s)","Quintile 3","Main scheme applicant","All","135","125","0.927","0"
"2017","12 point(s)","Quintile 3","Main scheme applicant","All","125","120","0.9520000000000001","0"
"2018","12 point(s)","Quintile 3","Main scheme applicant","All","155","145","0.9420000000000001","0"
"2019","12 point(s)","Quintile 3","Main scheme applicant","All","145","140","0.9590000000000001","0"
"2020","12 point(s)","Quintile 3","Main scheme applicant","All","145","130","0.904","0"
"2021","12 point(s)","Quintile 3","Main scheme applicant","All","180","160","0.905","0"
"2022","12 point(s)","Quintile 3","Main scheme applicant","All","215","195","0.902","0"
"2023","12 point(s)","Quintile 3","Main scheme applicant","All","195","190","0.969","0"
"2010","6 point(s)","Quintile 4","Main scheme applicant","All","10","10"," ","0"
"2011","6 point(s)","Quintile 4","Main scheme applicant","All","5","5"," ","0"
"2012","6 point(s)","Quintile 4","Main scheme applicant","All","5","5"," ","0"
"2013","6 point(s)","Quintile 4","Main scheme applicant","All","5","0"," ","0"
"2014","6 point(s)","Quintile 4","Main scheme applicant","All","5","0"," ","0"
"2015","6 point(s)","Quintile 4","Main scheme applicant","All","5","5"," ","0"
"2017","6 point(s)","Quintile 4","Main scheme applicant","All","5","0"," ","0"
"2018","6 point(s)","Quintile 4","Main scheme applicant","All","5","5"," ","0"
"2019","6 point(s)","Quintile 4","Main scheme applicant","All","5","0"," ","0"
"2020","6 point(s)","Quintile 4","Main scheme applicant","All","5","5"," ","0"
"2021","6 point(s)","Quintile 4","Main scheme applicant","All","5","5"," ","0"
"2022","6 point(s)","Quintile 4","Main scheme applicant","All","5","5"," ","0"
"2023","6 point(s)","Quintile 4","Main scheme applicant","All","5","5"," ","0"
"2010","7 point(s)","Quintile 4","Main scheme applicant","All","15","15","1","0"
"2011","7 point(s)","Quintile 4","Main scheme applicant","All","20","15","0.722","0"
"2012","7 point(s)","Quintile 4","Main scheme applicant","All","10","10","0.917","0"
"2013","7 point(s)","Quintile 4","Main scheme applicant","All","15","15","0.867","0"
"2014","7 point(s)","Quintile 4","Main scheme applicant","All","15","15","0.8130000000000001","0"
"2015","7 point(s)","Quintile 4","Main scheme applicant","All","15","10","0.769","0"
"2016","7 point(s)","Quintile 4","Main scheme applicant","All","10","10","0.917","0"
"2017","7 point(s)","Quintile 4","Main scheme applicant","All","10","5"," ","0"
"2018","7 point(s)","Quintile 4","Main scheme applicant","All","5","5"," ","0"
"2019","7 point(s)","Quintile 4","Main scheme applicant","All","5","5"," ","0"
"2022","7 point(s)","Quintile 4","Main scheme applicant","All","5","5"," ","0"
"2023","7 point(s)","Quintile 4","Main scheme applicant","All","10","10"," ","0"
"2010","8 point(s)","Quintile 4","Main scheme applicant","All","25","25","0.885","0"
"2011","8 point(s)","Quintile 4","Main scheme applicant","All","30","25","0.862","0"
"2012","8 point(s)","Quintile 4","Main scheme applicant","All","30","25","0.8280000000000001","0"
"2013","8 point(s)","Quintile 4","Main scheme applicant","All","30","25","0.931","0"
"2014","8 point(s)","Quintile 4","Main scheme applicant","All","15","15","0.9380000000000001","0"
"2015","8 point(s)","Quintile 4","Main scheme applicant","All","20","20","0.9520000000000001","0"
"2016","8 point(s)","Quintile 4","Main scheme applicant","All","15","15","0.882","0"
"2017","8 point(s)","Quintile 4","Main scheme applicant","All","10","10","0.833","0"
"2018","8 point(s)","Quintile 4","Main scheme applicant","All","15","15","0.929","0"
"2019","8 point(s)","Quintile 4","Main scheme applicant","All","20","15","0.889","0"
"2020","8 point(s)","Quintile 4","Main scheme applicant","All","15","15","0.929","0"
"2021","8 point(s)","Quintile 4","Main scheme applicant","All","20","15","0.778","0"
"2022","8 point(s)","Quintile 4","Main scheme applicant","All","20","20","1","0"
"2023","8 point(s)","Quintile 4","Main scheme applicant","All","25","20","0.8","0"
"2010","9 point(s)","Quintile 4","Main scheme applicant","All","50","45","0.88","0"
"2011","9 point(s)","Quintile 4","Main scheme applicant","All","60","50","0.879","0"
"2012","9 point(s)","Quintile 4","Main scheme applicant","All","50","45","0.8270000000000001","0"
"2013","9 point(s)","Quintile 4","Main scheme applicant","All","45","40","0.851","0"
"2014","9 point(s)","Quintile 4","Main scheme applicant","All","45","40","0.891","0"
"2015","9 point(s)","Quintile 4","Main scheme applicant","All","55","50","0.857","0"
"2016","9 point(s)","Quintile 4","Main scheme applicant","All","50","45","0.904","0"
"2017","9 point(s)","Quintile 4","Main scheme applicant","All","45","35","0.8","0"
"2018","9 point(s)","Quintile 4","Main scheme applicant","All","50","45","0.863","0"
"2019","9 point(s)","Quintile 4","Main scheme applicant","All","50","45","0.9390000000000001","0"
"2020","9 point(s)","Quintile 4","Main scheme applicant","All","35","35","1","0"
"2021","9 point(s)","Quintile 4","Main scheme applicant","All","35","30","0.912","0"
"2022","9 point(s)","Quintile 4","Main scheme applicant","All","35","35","0.892","0"
"2023","9 point(s)","Quintile 4","Main scheme applicant","All","45","40","0.907","0"
"2010","10 point(s)","Quintile 4","Main scheme applicant","All","70","65","0.913","0"
"2011","10 point(s)","Quintile 4","Main scheme applicant","All","60","60","0.967","0"
"2012","10 point(s)","Quintile 4","Main scheme applicant","All","65","60","0.894","0"
"2013","10 point(s)","Quintile 4","Main scheme applicant","All","70","65","0.9","0"
"2014","10 point(s)","Quintile 4","Main scheme applicant","All","75","70","0.933","0"
"2015","10 point(s)","Quintile 4","Main scheme applicant","All","70","65","0.903","0"
"2016","10 point(s)","Quintile 4","Main scheme applicant","All","50","50","0.962","0"
"2017","10 point(s)","Quintile 4","Main scheme applicant","All","70","65","0.928","0"
"2018","10 point(s)","Quintile 4","Main scheme applicant","All","60","55","0.932","0"
"2019","10 point(s)","Quintile 4","Main scheme applicant","All","45","40","0.864","0"
"2020","10 point(s)","Quintile 4","Main scheme applicant","All","55","50","0.907","0"
"2021","10 point(s)","Quintile 4","Main scheme applicant","All","50","45","0.8270000000000001","0"
"2022","10 point(s)","Quintile 4","Main scheme applicant","All","65","60","0.881","0"
"2023","10 point(s)","Quintile 4","Main scheme applicant","All","60","55","0.917","0"
"2010","11 point(s)","Quintile 4","Main scheme applicant","All","70","70","0.986","0"
"2011","11 point(s)","Quintile 4","Main scheme applicant","All","70","65","0.901","0"
"2012","11 point(s)","Quintile 4","Main scheme applicant","All","70","65","0.903","0"
"2013","11 point(s)","Quintile 4","Main scheme applicant","All","80","75","0.9500000000000001","0"
"2014","11 point(s)","Quintile 4","Main scheme applicant","All","60","60","0.9510000000000001","0"
"2015","11 point(s)","Quintile 4","Main scheme applicant","All","80","75","0.936","0"
"2016","11 point(s)","Quintile 4","Main scheme applicant","All","100","90","0.929","0"
"2017","11 point(s)","Quintile 4","Main scheme applicant","All","95","85","0.885","0"
"2018","11 point(s)","Quintile 4","Main scheme applicant","All","85","85","0.9540000000000001","0"
"2019","11 point(s)","Quintile 4","Main scheme applicant","All","60","55","0.918","0"
"2020","11 point(s)","Quintile 4","Main scheme applicant","All","80","65","0.848","0"
"2021","11 point(s)","Quintile 4","Main scheme applicant","All","85","75","0.905","0"
"2022","11 point(s)","Quintile 4","Main scheme applicant","All","85","80","0.9530000000000001","0"
"2023","11 point(s)","Quintile 4","Main scheme applicant","All","100","95","0.9500000000000001","0"
"2010","12 point(s)","Quintile 4","Main scheme applicant","All","145","135","0.918","0"
"2011","12 point(s)","Quintile 4","Main scheme applicant","All","170","155","0.906","0"
"2012","12 point(s)","Quintile 4","Main scheme applicant","All","170","165","0.9590000000000001","0"
"2013","12 point(s)","Quintile 4","Main scheme applicant","All","180","165","0.912","0"
"2014","12 point(s)","Quintile 4","Main scheme applicant","All","225","215","0.9510000000000001","0"
"2015","12 point(s)","Quintile 4","Main scheme applicant","All","220","200","0.913","0"
"2016","12 point(s)","Quintile 4","Main scheme applicant","All","210","195","0.9380000000000001","0"
"2017","12 point(s)","Quintile 4","Main scheme applicant","All","230","215","0.9390000000000001","0"
"2018","12 point(s)","Quintile 4","Main scheme applicant","All","240","225","0.9410000000000001","0"
"2019","12 point(s)","Quintile 4","Main scheme applicant","All","220","205","0.928","0"
"2020","12 point(s)","Quintile 4","Main scheme applicant","All","255","230","0.917","0"
"2021","12 point(s)","Quintile 4","Main scheme applicant","All","280","255","0.911","0"
"2022","12 point(s)","Quintile 4","Main scheme applicant","All","310","285","0.926","0"
"2023","12 point(s)","Quintile 4","Main scheme applicant","All","365","345","0.9480000000000001","0"
"2012","5 point(s)","Quintile 5","Main scheme applicant","All","5","5"," ","0"
"2010","6 point(s)","Quintile 5","Main scheme applicant","All","10","5"," ","0"
"2011","6 point(s)","Quintile 5","Main scheme applicant","All","15","10","0.857","0"
"2012","6 point(s)","Quintile 5","Main scheme applicant","All","10","10"," ","0"
"2013","6 point(s)","Quintile 5","Main scheme applicant","All","10","5"," ","0"
"2014","6 point(s)","Quintile 5","Main scheme applicant","All","5","5"," ","0"
"2015","6 point(s)","Quintile 5","Main scheme applicant","All","10","10"," ","0"
"2016","6 point(s)","Quintile 5","Main scheme applicant","All","5","5"," ","0"
"2017","6 point(s)","Quintile 5","Main scheme applicant","All","5","5"," ","0"
"2018","6 point(s)","Quintile 5","Main scheme applicant","All","5","5"," ","0"
"2019","6 point(s)","Quintile 5","Main scheme applicant","All","5","5"," ","0"
"2020","6 point(s)","Quintile 5","Main scheme applicant","All","5","5"," ","0"
"2021","6 point(s)","Quintile 5","Main scheme applicant","All","5","0"," ","0"
"2022","6 point(s)","Quintile 5","Main scheme applicant","All","5","5"," ","0"
"2023","6 point(s)","Quintile 5","Main scheme applicant","All","5","5"," ","0"
"2010","7 point(s)","Quintile 5","Main scheme applicant","All","30","30","0.906","0"
"2011","7 point(s)","Quintile 5","Main scheme applicant","All","25","20","0.84","0"
"2012","7 point(s)","Quintile 5","Main scheme applicant","All","20","15","0.667","0"
"2013","7 point(s)","Quintile 5","Main scheme applicant","All","25","20","0.8260000000000001","0"
"2014","7 point(s)","Quintile 5","Main scheme applicant","All","20","20","0.9500000000000001","0"
"2015","7 point(s)","Quintile 5","Main scheme applicant","All","15","15","0.9380000000000001","0"
"2016","7 point(s)","Quintile 5","Main scheme applicant","All","15","10","0.8","0"
"2017","7 point(s)","Quintile 5","Main scheme applicant","All","10","10","1","0"
"2018","7 point(s)","Quintile 5","Main scheme applicant","All","10","10"," ","0"
"2019","7 point(s)","Quintile 5","Main scheme applicant","All","5","5"," ","0"
"2020","7 point(s)","Quintile 5","Main scheme applicant","All","10","10","1","0"
"2021","7 point(s)","Quintile 5","Main scheme applicant","All","10","5"," ","0"
"2022","7 point(s)","Quintile 5","Main scheme applicant","All","20","15","0.85","0"
"2023","7 point(s)","Quintile 5","Main scheme applicant","All","10","10","1","0"
"2010","8 point(s)","Quintile 5","Main scheme applicant","All","65","60","0.894","0"
"2011","8 point(s)","Quintile 5","Main scheme applicant","All","60","60","0.9510000000000001","0"
"2012","8 point(s)","Quintile 5","Main scheme applicant","All","40","35","0.875","0"
"2013","8 point(s)","Quintile 5","Main scheme applicant","All","60","50","0.833","0"
"2014","8 point(s)","Quintile 5","Main scheme applicant","All","35","30","0.861","0"
"2015","8 point(s)","Quintile 5","Main scheme applicant","All","40","35","0.875","0"
"2016","8 point(s)","Quintile 5","Main scheme applicant","All","40","40","0.9520000000000001","0"
"2017","8 point(s)","Quintile 5","Main scheme applicant","All","15","15","0.875","0"
"2018","8 point(s)","Quintile 5","Main scheme applicant","All","35","35","0.917","0"
"2019","8 point(s)","Quintile 5","Main scheme applicant","All","30","25","0.929","0"
"2020","8 point(s)","Quintile 5","Main scheme applicant","All","20","20","0.9520000000000001","0"
"2021","8 point(s)","Quintile 5","Main scheme applicant","All","30","25","0.806","0"
"2022","8 point(s)","Quintile 5","Main scheme applicant","All","30","25","0.8280000000000001","0"
"2023","8 point(s)","Quintile 5","Main scheme applicant","All","25","25","0.923","0"
"2010","9 point(s)","Quintile 5","Main scheme applicant","All","120","115","0.926","0"
"2011","9 point(s)","Quintile 5","Main scheme applicant","All","120","105","0.881","0"
"2012","9 point(s)","Quintile 5","Main scheme applicant","All","120","110","0.885","0"
"2013","9 point(s)","Quintile 5","Main scheme applicant","All","120","110","0.908","0"
"2014","9 point(s)","Quintile 5","Main scheme applicant","All","85","75","0.905","0"
"2015","9 point(s)","Quintile 5","Main scheme applicant","All","130","120","0.901","0"
"2016","9 point(s)","Quintile 5","Main scheme applicant","All","105","95","0.915","0"
"2017","9 point(s)","Quintile 5","Main scheme applicant","All","95","85","0.904","0"
"2018","9 point(s)","Quintile 5","Main scheme applicant","All","90","80","0.921","0"
"2019","9 point(s)","Quintile 5","Main scheme applicant","All","105","100","0.9530000000000001","0"
"2020","9 point(s)","Quintile 5","Main scheme applicant","All","85","80","0.9520000000000001","0"
"2021","9 point(s)","Quintile 5","Main scheme applicant","All","85","75","0.86","0"
"2022","9 point(s)","Quintile 5","Main scheme applicant","All","70","70","0.972","0"
"2023","9 point(s)","Quintile 5","Main scheme applicant","All","90","75","0.875","0"
"2010","10 point(s)","Quintile 5","Main scheme applicant","All","155","140","0.916","0"
"2011","10 point(s)","Quintile 5","Main scheme applicant","All","170","155","0.923","0"
"2012","10 point(s)","Quintile 5","Main scheme applicant","All","160","140","0.892","0"
"2013","10 point(s)","Quintile 5","Main scheme applicant","All","155","140","0.915","0"
"2014","10 point(s)","Quintile 5","Main scheme applicant","All","160","150","0.9490000000000001","0"
"2015","10 point(s)","Quintile 5","Main scheme applicant","All","150","140","0.934","0"
"2016","10 point(s)","Quintile 5","Main scheme applicant","All","140","130","0.936","0"
"2017","10 point(s)","Quintile 5","Main scheme applicant","All","130","120","0.93","0"
"2018","10 point(s)","Quintile 5","Main scheme applicant","All","105","100","0.934","0"
"2019","10 point(s)","Quintile 5","Main scheme applicant","All","130","120","0.922","0"
"2020","10 point(s)","Quintile 5","Main scheme applicant","All","130","125","0.962","0"
"2021","10 point(s)","Quintile 5","Main scheme applicant","All","125","110","0.894","0"
"2022","10 point(s)","Quintile 5","Main scheme applicant","All","115","105","0.915","0"
"2023","10 point(s)","Quintile 5","Main scheme applicant","All","125","120","0.9440000000000001","0"
"2010","11 point(s)","Quintile 5","Main scheme applicant","All","190","170","0.905","0"
"2011","11 point(s)","Quintile 5","Main scheme applicant","All","210","195","0.925","0"
"2012","11 point(s)","Quintile 5","Main scheme applicant","All","190","175","0.901","0"
"2013","11 point(s)","Quintile 5","Main scheme applicant","All","220","205","0.928","0"
"2014","11 point(s)","Quintile 5","Main scheme applicant","All","215","200","0.917","0"
"2015","11 point(s)","Quintile 5","Main scheme applicant","All","230","215","0.93","0"
"2016","11 point(s)","Quintile 5","Main scheme applicant","All","225","205","0.92","0"
"2017","11 point(s)","Quintile 5","Main scheme applicant","All","185","170","0.918","0"
"2018","11 point(s)","Quintile 5","Main scheme applicant","All","220","205","0.919","0"
"2019","11 point(s)","Quintile 5","Main scheme applicant","All","165","155","0.934","0"
"2020","11 point(s)","Quintile 5","Main scheme applicant","All","180","160","0.899","0"
"2021","11 point(s)","Quintile 5","Main scheme applicant","All","185","175","0.925","0"
"2022","11 point(s)","Quintile 5","Main scheme applicant","All","170","160","0.9470000000000001","0"
"2023","11 point(s)","Quintile 5","Main scheme applicant","All","205","190","0.913","0"
"2010","12 point(s)","Quintile 5","Main scheme applicant","All","640","585","0.92","0"
"2011","12 point(s)","Quintile 5","Main scheme applicant","All","705","650","0.919","0"
"2012","12 point(s)","Quintile 5","Main scheme applicant","All","710","635","0.897","0"
"2013","12 point(s)","Quintile 5","Main scheme applicant","All","840","780","0.931","0"
"2014","12 point(s)","Quintile 5","Main scheme applicant","All","810","730","0.904","0"
"2015","12 point(s)","Quintile 5","Main scheme applicant","All","875","795","0.909","0"
"2016","12 point(s)","Quintile 5","Main scheme applicant","All","880","805","0.913","0"
"2017","12 point(s)","Quintile 5","Main scheme applicant","All","970","885","0.911","0"
"2018","12 point(s)","Quintile 5","Main scheme applicant","All","970","890","0.919","0"
"2019","12 point(s)","Quintile 5","Main scheme applicant","All","915","845","0.926","0"
"2020","12 point(s)","Quintile 5","Main scheme applicant","All","935","870","0.927","0"
"2021","12 point(s)","Quintile 5","Main scheme applicant","All","1210","1125","0.927","0"
"2022","12 point(s)","Quintile 5","Main scheme applicant","All","1195","1090","0.911","0"
"2023","12 point(s)","Quintile 5","Main scheme applicant","All","1250","1180","0.9460000000000001","0"
"2011","All","Unknown","Main scheme applicant","All","5","5"," ","0"
"2013","All","Unknown","Main scheme applicant","All","5","0"," ","0"
"2010","All","Quintile 1","Main scheme applicant","All","40","35","0.921","0"
"2011","All","Quintile 1","Main scheme applicant","All","35","35","0.973","0"
"2012","All","Quintile 1","Main scheme applicant","All","50","45","0.917","0"
"2013","All","Quintile 1","Main scheme applicant","All","40","35","0.857","0"
"2014","All","Quintile 1","Main scheme applicant","All","35","35","0.9460000000000001","0"
"2015","All","Quintile 1","Main scheme applicant","All","55","50","0.906","0"
"2016","All","Quintile 1","Main scheme applicant","All","55","45","0.849","0"
"2017","All","Quintile 1","Main scheme applicant","All","65","60","0.909","0"
"2018","All","Quintile 1","Main scheme applicant","All","55","50","0.911","0"
"2019","All","Quintile 1","Main scheme applicant","All","65","60","0.925","0"
"2020","All","Quintile 1","Main scheme applicant","All","80","70","0.91","0"
"2021","All","Quintile 1","Main scheme applicant","All","85","80","0.9520000000000001","0"
"2022","All","Quintile 1","Main scheme applicant","All","125","115","0.9510000000000001","0"
"2023","All","Quintile 1","Main scheme applicant","All","100","95","0.9410000000000001","0"
"2010","All","Quintile 2","Main scheme applicant","All","115","105","0.93","0"
"2011","All","Quintile 2","Main scheme applicant","All","100","90","0.909","0"
"2012","All","Quintile 2","Main scheme applicant","All","125","110","0.911","0"
"2013","All","Quintile 2","Main scheme applicant","All","125","120","0.9440000000000001","0"
"2014","All","Quintile 2","Main scheme applicant","All","125","120","0.96","0"
"2015","All","Quintile 2","Main scheme applicant","All","115","100","0.894","0"
"2016","All","Quintile 2","Main scheme applicant","All","145","135","0.917","0"
"2017","All","Quintile 2","Main scheme applicant","All","115","105","0.896","0"
"2018","All","Quintile 2","Main scheme applicant","All","175","155","0.902","0"
"2019","All","Quintile 2","Main scheme applicant","All","165","155","0.9390000000000001","0"
"2020","All","Quintile 2","Main scheme applicant","All","155","145","0.924","0"
"2021","All","Quintile 2","Main scheme applicant","All","160","150","0.9430000000000001","0"
"2022","All","Quintile 2","Main scheme applicant","All","190","175","0.92","0"
"2023","All","Quintile 2","Main scheme applicant","All","190","185","0.968","0"
"2010","All","Quintile 3","Main scheme applicant","All","215","195","0.903","0"
"2011","All","Quintile 3","Main scheme applicant","All","235","215","0.919","0"
"2012","All","Quintile 3","Main scheme applicant","All","240","215","0.888","0"
"2013","All","Quintile 3","Main scheme applicant","All","255","235","0.925","0"
"2014","All","Quintile 3","Main scheme applicant","All","275","245","0.887","0"
"2015","All","Quintile 3","Main scheme applicant","All","270","245","0.901","0"
"2016","All","Quintile 3","Main scheme applicant","All","275","245","0.892","0"
"2017","All","Quintile 3","Main scheme applicant","All","270","250","0.929","0"
"2018","All","Quintile 3","Main scheme applicant","All","280","255","0.904","0"
"2019","All","Quintile 3","Main scheme applicant","All","295","275","0.929","0"
"2020","All","Quintile 3","Main scheme applicant","All","290","270","0.928","0"
"2021","All","Quintile 3","Main scheme applicant","All","325","300","0.911","0"
"2022","All","Quintile 3","Main scheme applicant","All","375","335","0.901","0"
"2023","All","Quintile 3","Main scheme applicant","All","365","350","0.962","0"
"2010","All","Quintile 4","Main scheme applicant","All","390","360","0.923","0"
"2011","All","Quintile 4","Main scheme applicant","All","415","375","0.901","0"
"2012","All","Quintile 4","Main scheme applicant","All","410","370","0.907","0"
"2013","All","Quintile 4","Main scheme applicant","All","425","385","0.906","0"
"2014","All","Quintile 4","Main scheme applicant","All","440","415","0.934","0"
"2015","All","Quintile 4","Main scheme applicant","All","465","420","0.901","0"
"2016","All","Quintile 4","Main scheme applicant","All","445","410","0.928","0"
"2017","All","Quintile 4","Main scheme applicant","All","460","420","0.905","0"
"2018","All","Quintile 4","Main scheme applicant","All","460","430","0.935","0"
"2019","All","Quintile 4","Main scheme applicant","All","405","370","0.914","0"
"2020","All","Quintile 4","Main scheme applicant","All","440","400","0.912","0"
"2021","All","Quintile 4","Main scheme applicant","All","475","425","0.897","0"
"2022","All","Quintile 4","Main scheme applicant","All","525","490","0.926","0"
"2023","All","Quintile 4","Main scheme applicant","All","605","565","0.937","0"
"2010","All","Quintile 5","Main scheme applicant","All","1215","1110","0.914","0"
"2011","All","Quintile 5","Main scheme applicant","All","1305","1195","0.916","0"
"2012","All","Quintile 5","Main scheme applicant","All","1255","1120","0.892","0"
"2013","All","Quintile 5","Main scheme applicant","All","1425","1310","0.921","0"
"2014","All","Quintile 5","Main scheme applicant","All","1330","1210","0.911","0"
"2015","All","Quintile 5","Main scheme applicant","All","1455","1330","0.913","0"
"2016","All","Quintile 5","Main scheme applicant","All","1415","1295","0.915","0"
"2017","All","Quintile 5","Main scheme applicant","All","1410","1290","0.913","0"
"2018","All","Quintile 5","Main scheme applicant","All","1435","1320","0.919","0"
"2019","All","Quintile 5","Main scheme applicant","All","1355","1255","0.926","0"
"2020","All","Quintile 5","Main scheme applicant","All","1370","1275","0.929","0"
"2021","All","Quintile 5","Main scheme applicant","All","1650","1515","0.916","0"
"2022","All","Quintile 5","Main scheme applicant","All","1610","1475","0.916","0"
"2023","All","Quintile 5","Main scheme applicant","All","1715","1610","0.9390000000000001","0"
"2012","5 point(s)","All","Main scheme applicant","All","5","5"," ","0"
"2015","5 point(s)","All","Main scheme applicant","All","5","0"," ","0"
"2019","5 point(s)","All","Main scheme applicant","All","5","5"," ","0"
"2021","5 point(s)","All","Main scheme applicant","All","5","0"," ","0"
"2022","5 point(s)","All","Main scheme applicant","All","5","5"," ","0"
"2023","5 point(s)","All","Main scheme applicant","All","5","5"," ","0"
"2010","6 point(s)","All","Main scheme applicant","All","25","20","0.769","0"
"2011","6 point(s)","All","Main scheme applicant","All","25","20","0.87","0"
"2012","6 point(s)","All","Main scheme applicant","All","20","15","0.762","0"
"2013","6 point(s)","All","Main scheme applicant","All","20","15","0.833","0"
"2014","6 point(s)","All","Main scheme applicant","All","20","15","0.778","0"
"2015","6 point(s)","All","Main scheme applicant","All","20","15","0.65","0"
"2016","6 point(s)","All","Main scheme applicant","All","10","5"," ","0"
"2017","6 point(s)","All","Main scheme applicant","All","15","10"," ","0"
"2018","6 point(s)","All","Main scheme applicant","All","10","10"," ","0"
"2019","6 point(s)","All","Main scheme applicant","All","15","10"," ","0"
"2020","6 point(s)","All","Main scheme applicant","All","15","15","0.9410000000000001","0"
"2021","6 point(s)","All","Main scheme applicant","All","15","10","0.846","0"
"2022","6 point(s)","All","Main scheme applicant","All","15","15","1","0"
"2023","6 point(s)","All","Main scheme applicant","All","15","15","0.929","0"
"2010","7 point(s)","All","Main scheme applicant","All","60","60","0.9520000000000001","0"
"2011","7 point(s)","All","Main scheme applicant","All","60","45","0.776","0"
"2012","7 point(s)","All","Main scheme applicant","All","40","35","0.805","0"
"2013","7 point(s)","All","Main scheme applicant","All","55","50","0.877","0"
"2014","7 point(s)","All","Main scheme applicant","All","50","45","0.863","0"
"2015","7 point(s)","All","Main scheme applicant","All","40","35","0.868","0"
"2016","7 point(s)","All","Main scheme applicant","All","30","25","0.833","0"
"2017","7 point(s)","All","Main scheme applicant","All","30","20","0.786","0"
"2018","7 point(s)","All","Main scheme applicant","All","30","25","0.793","0"
"2019","7 point(s)","All","Main scheme applicant","All","30","25","0.8","0"
"2020","7 point(s)","All","Main scheme applicant","All","20","20","1","0"
"2021","7 point(s)","All","Main scheme applicant","All","25","20","0.917","0"
"2022","7 point(s)","All","Main scheme applicant","All","40","35","0.9","0"
"2023","7 point(s)","All","Main scheme applicant","All","40","35","0.921","0"
"2010","8 point(s)","All","Main scheme applicant","All","135","120","0.882","0"
"2011","8 point(s)","All","Main scheme applicant","All","115","105","0.915","0"
"2012","8 point(s)","All","Main scheme applicant","All","115","95","0.8230000000000001","0"
"2013","8 point(s)","All","Main scheme applicant","All","120","105","0.861","0"
"2014","8 point(s)","All","Main scheme applicant","All","80","75","0.901","0"
"2015","8 point(s)","All","Main scheme applicant","All","80","70","0.864","0"
"2016","8 point(s)","All","Main scheme applicant","All","90","80","0.89","0"
"2017","8 point(s)","All","Main scheme applicant","All","55","50","0.86","0"
"2018","8 point(s)","All","Main scheme applicant","All","70","65","0.901","0"
"2019","8 point(s)","All","Main scheme applicant","All","75","70","0.919","0"
"2020","8 point(s)","All","Main scheme applicant","All","60","55","0.933","0"
"2021","8 point(s)","All","Main scheme applicant","All","70","60","0.853","0"
"2022","8 point(s)","All","Main scheme applicant","All","80","70","0.863","0"
"2023","8 point(s)","All","Main scheme applicant","All","70","60","0.859","0"
"2010","9 point(s)","All","Main scheme applicant","All","230","215","0.918","0"
"2011","9 point(s)","All","Main scheme applicant","All","225","200","0.897","0"
"2012","9 point(s)","All","Main scheme applicant","All","240","205","0.866","0"
"2013","9 point(s)","All","Main scheme applicant","All","235","210","0.894","0"
"2014","9 point(s)","All","Main scheme applicant","All","195","175","0.903","0"
"2015","9 point(s)","All","Main scheme applicant","All","250","215","0.871","0"
"2016","9 point(s)","All","Main scheme applicant","All","230","205","0.895","0"
"2017","9 point(s)","All","Main scheme applicant","All","200","180","0.89","0"
"2018","9 point(s)","All","Main scheme applicant","All","210","190","0.9","0"
"2019","9 point(s)","All","Main scheme applicant","All","235","220","0.936","0"
"2020","9 point(s)","All","Main scheme applicant","All","175","165","0.9540000000000001","0"
"2021","9 point(s)","All","Main scheme applicant","All","170","145","0.875","0"
"2022","9 point(s)","All","Main scheme applicant","All","155","145","0.935","0"
"2023","9 point(s)","All","Main scheme applicant","All","200","185","0.915","0"
"2010","10 point(s)","All","Main scheme applicant","All","290","265","0.913","0"
"2011","10 point(s)","All","Main scheme applicant","All","305","285","0.9380000000000001","0"
"2012","10 point(s)","All","Main scheme applicant","All","280","250","0.887","0"
"2013","10 point(s)","All","Main scheme applicant","All","290","265","0.913","0"
"2014","10 point(s)","All","Main scheme applicant","All","315","295","0.9390000000000001","0"
"2015","10 point(s)","All","Main scheme applicant","All","295","270","0.922","0"
"2016","10 point(s)","All","Main scheme applicant","All","255","240","0.934","0"
"2017","10 point(s)","All","Main scheme applicant","All","250","230","0.932","0"
"2018","10 point(s)","All","Main scheme applicant","All","240","220","0.908","0"
"2019","10 point(s)","All","Main scheme applicant","All","250","225","0.907","0"
"2020","10 point(s)","All","Main scheme applicant","All","270","250","0.9400000000000001","0"
"2021","10 point(s)","All","Main scheme applicant","All","250","220","0.892","0"
"2022","10 point(s)","All","Main scheme applicant","All","270","245","0.918","0"
"2023","10 point(s)","All","Main scheme applicant","All","285","265","0.9430000000000001","0"
"2010","11 point(s)","All","Main scheme applicant","All","315","295","0.933","0"
"2011","11 point(s)","All","Main scheme applicant","All","350","320","0.914","0"
"2012","11 point(s)","All","Main scheme applicant","All","330","295","0.897","0"
"2013","11 point(s)","All","Main scheme applicant","All","370","345","0.935","0"
"2014","11 point(s)","All","Main scheme applicant","All","335","310","0.928","0"
"2015","11 point(s)","All","Main scheme applicant","All","385","360","0.935","0"
"2016","11 point(s)","All","Main scheme applicant","All","400","370","0.918","0"
"2017","11 point(s)","All","Main scheme applicant","All","365","330","0.909","0"
"2018","11 point(s)","All","Main scheme applicant","All","375","345","0.928","0"
"2019","11 point(s)","All","Main scheme applicant","All","305","285","0.932","0"
"2020","11 point(s)","All","Main scheme applicant","All","345","310","0.893","0"
"2021","11 point(s)","All","Main scheme applicant","All","385","355","0.927","0"
"2022","11 point(s)","All","Main scheme applicant","All","370","350","0.9380000000000001","0"
"2023","11 point(s)","All","Main scheme applicant","All","400","375","0.935","0"
"2010","12 point(s)","All","Main scheme applicant","All","910","835","0.917","0"
"2011","12 point(s)","All","Main scheme applicant","All","1020","940","0.921","0"
"2012","12 point(s)","All","Main scheme applicant","All","1045","965","0.92","0"
"2013","12 point(s)","All","Main scheme applicant","All","1180","1095","0.928","0"
"2014","12 point(s)","All","Main scheme applicant","All","1215","1110","0.914","0"
"2015","12 point(s)","All","Main scheme applicant","All","1290","1175","0.912","0"
"2016","12 point(s)","All","Main scheme applicant","All","1315","1205","0.918","0"
"2017","12 point(s)","All","Main scheme applicant","All","1410","1300","0.921","0"
"2018","12 point(s)","All","Main scheme applicant","All","1475","1365","0.925","0"
"2019","12 point(s)","All","Main scheme applicant","All","1380","1285","0.93","0"
"2020","12 point(s)","All","Main scheme applicant","All","1450","1340","0.924","0"
"2021","12 point(s)","All","Main scheme applicant","All","1790","1650","0.923","0"
"2022","12 point(s)","All","Main scheme applicant","All","1890","1725","0.914","0"
"2023","12 point(s)","All","Main scheme applicant","All","1955","1865","0.9520000000000001","0"
"2010","All","All","Main scheme applicant","All","1975","1810","0.916","0"
"2011","All","All","Main scheme applicant","All","2095","1915","0.914","0"
"2012","All","All","Main scheme applicant","All","2080","1865","0.897","0"
"2013","All","All","Main scheme applicant","All","2275","2090","0.918","0"
"2014","All","All","Main scheme applicant","All","2210","2025","0.916","0"
"2015","All","All","Main scheme applicant","All","2360","2140","0.908","0"
"2016","All","All","Main scheme applicant","All","2335","2130","0.913","0"
"2017","All","All","Main scheme applicant","All","2325","2120","0.912","0"
"2018","All","All","Main scheme applicant","All","2410","2210","0.919","0"
"2019","All","All","Main scheme applicant","All","2290","2120","0.925","0"
"2020","All","All","Main scheme applicant","All","2335","2160","0.925","0"
"2021","All","All","Main scheme applicant","All","2700","2470","0.915","0"
"2022","All","All","Main scheme applicant","All","2825","2590","0.917","0"
"2023","All","All","Main scheme applicant","All","2975","2805","0.9430000000000001","0"
"2011","12 point(s)","Unknown","All","All","5","5"," ","0"
"2017","7 point(s)","Quintile 1","All","All","5","5"," ","0"
"2019","7 point(s)","Quintile 1","All","All","5","5"," ","0"
"2020","7 point(s)","Quintile 1","All","All","5","5"," ","0"
"2021","7 point(s)","Quintile 1","All","All","5","5"," ","0"
"2022","7 point(s)","Quintile 1","All","All","5","5"," ","0"
"2023","7 point(s)","Quintile 1","All","All","5","0"," ","0"
"2010","8 point(s)","Quintile 1","All","All","5","5"," ","0"
"2012","8 point(s)","Quintile 1","All","All","5","5"," ","0"
"2013","8 point(s)","Quintile 1","All","All","5","5"," ","0"
"2014","8 point(s)","Quintile 1","All","All","5","5"," ","0"
"2015","8 point(s)","Quintile 1","All","All","5","5"," ","0"
"2016","8 point(s)","Quintile 1","All","All","5","0"," ","0"
"2017","8 point(s)","Quintile 1","All","All","5","0"," ","0"
"2018","8 point(s)","Quintile 1","All","All","5","5"," ","0"
"2019","8 point(s)","Quintile 1","All","All","5","5"," ","0"
"2020","8 point(s)","Quintile 1","All","All","5","5"," ","0"
"2021","8 point(s)","Quintile 1","All","All","5","5"," ","0"
"2022","8 point(s)","Quintile 1","All","All","5","5"," ","0"
"2023","8 point(s)","Quintile 1","All","All","5","0"," ","0"
"2010","9 point(s)","Quintile 1","All","All","10","10"," ","0"
"2011","9 point(s)","Quintile 1","All","All","5","5"," ","0"
"2012","9 point(s)","Quintile 1","All","All","5","5"," ","0"
"2013","9 point(s)","Quintile 1","All","All","5","5"," ","0"
"2015","9 point(s)","Quintile 1","All","All","10","10"," ","0"
"2016","9 point(s)","Quintile 1","All","All","10","10"," ","0"
"2017","9 point(s)","Quintile 1","All","All","5","5"," ","0"
"2018","9 point(s)","Quintile 1","All","All","10","10"," ","0"
"2019","9 point(s)","Quintile 1","All","All","10","10","0.917","0"
"2020","9 point(s)","Quintile 1","All","All","5","5"," ","0"
"2021","9 point(s)","Quintile 1","All","All","10","10"," ","0"
"2022","9 point(s)","Quintile 1","All","All","10","10","1","0"
"2023","9 point(s)","Quintile 1","All","All","10","10"," ","0"
"2010","10 point(s)","Quintile 1","All","All","10","10"," ","0"
"2011","10 point(s)","Quintile 1","All","All","10","10"," ","0"
"2012","10 point(s)","Quintile 1","All","All","5","5"," ","0"
"2013","10 point(s)","Quintile 1","All","All","10","5"," ","0"
"2014","10 point(s)","Quintile 1","All","All","5","5"," ","0"
"2015","10 point(s)","Quintile 1","All","All","5","5"," ","0"
"2016","10 point(s)","Quintile 1","All","All","10","5"," ","0"
"2017","10 point(s)","Quintile 1","All","All","10","10"," ","0"
"2018","10 point(s)","Quintile 1","All","All","10","10","1","0"
"2019","10 point(s)","Quintile 1","All","All","10","10"," ","0"
"2020","10 point(s)","Quintile 1","All","All","10","10","1","0"
"2021","10 point(s)","Quintile 1","All","All","5","5"," ","0"
"2022","10 point(s)","Quintile 1","All","All","15","15","0.882","0"
"2023","10 point(s)","Quintile 1","All","All","10","10","1","0"
"2010","11 point(s)","Quintile 1","All","All","5","5"," ","0"
"2011","11 point(s)","Quintile 1","All","All","5","5"," ","0"
"2012","11 point(s)","Quintile 1","All","All","5","5"," ","0"
"2013","11 point(s)","Quintile 1","All","All","5","5"," ","0"
"2014","11 point(s)","Quintile 1","All","All","5","5"," ","0"
"2015","11 point(s)","Quintile 1","All","All","15","10","0.857","0"
"2016","11 point(s)","Quintile 1","All","All","10","10","0.909","0"
"2017","11 point(s)","Quintile 1","All","All","10","10","1","0"
"2018","11 point(s)","Quintile 1","All","All","5","5"," ","0"
"2019","11 point(s)","Quintile 1","All","All","10","10"," ","0"
"2020","11 point(s)","Quintile 1","All","All","15","10","0.786","0"
"2021","11 point(s)","Quintile 1","All","All","15","15","1","0"
"2022","11 point(s)","Quintile 1","All","All","25","25","0.962","0"
"2023","11 point(s)","Quintile 1","All","All","15","15","1","0"
"2010","12 point(s)","Quintile 1","All","All","10","10","0.917","0"
"2011","12 point(s)","Quintile 1","All","All","10","10","1","0"
"2012","12 point(s)","Quintile 1","All","All","20","20","1","0"
"2013","12 point(s)","Quintile 1","All","All","15","15","0.8130000000000001","0"
"2014","12 point(s)","Quintile 1","All","All","20","20","1","0"
"2015","12 point(s)","Quintile 1","All","All","20","20","0.9500000000000001","0"
"2016","12 point(s)","Quintile 1","All","All","20","15","0.85","0"
"2017","12 point(s)","Quintile 1","All","All","30","30","0.968","0"
"2018","12 point(s)","Quintile 1","All","All","25","25","0.962","0"
"2019","12 point(s)","Quintile 1","All","All","25","25","0.9580000000000001","0"
"2020","12 point(s)","Quintile 1","All","All","40","35","0.9490000000000001","0"
"2021","12 point(s)","Quintile 1","All","All","45","40","0.9530000000000001","0"
"2022","12 point(s)","Quintile 1","All","All","60","55","0.966","0"
"2023","12 point(s)","Quintile 1","All","All","60","60","0.983","0"
"2010","6 point(s)","Quintile 2","All","All","5","5"," ","0"
"2014","6 point(s)","Quintile 2","All","All","5","0"," ","0"
"2023","6 point(s)","Quintile 2","All","All","5","0"," ","0"
"2010","7 point(s)","Quintile 2","All","All","5","5"," ","0"
"2011","7 point(s)","Quintile 2","All","All","5","5"," ","0"
"2012","7 point(s)","Quintile 2","All","All","5","5"," ","0"
"2013","7 point(s)","Quintile 2","All","All","5","5"," ","0"
"2014","7 point(s)","Quintile 2","All","All","5","5"," ","0"
"2018","7 point(s)","Quintile 2","All","All","10","10"," ","0"
"2019","7 point(s)","Quintile 2","All","All","5","5"," ","0"
"2021","7 point(s)","Quintile 2","All","All","5","5"," ","0"
"2022","7 point(s)","Quintile 2","All","All","5","5"," ","0"
"2023","7 point(s)","Quintile 2","All","All","5","5"," ","0"
"2010","8 point(s)","Quintile 2","All","All","15","15","0.9380000000000001","0"
"2011","8 point(s)","Quintile 2","All","All","5","5"," ","0"
"2012","8 point(s)","Quintile 2","All","All","5","5"," ","0"
"2013","8 point(s)","Quintile 2","All","All","10","5"," ","0"
"2014","8 point(s)","Quintile 2","All","All","5","5"," ","0"
"2015","8 point(s)","Quintile 2","All","All","5","5"," ","0"
"2016","8 point(s)","Quintile 2","All","All","10","10","1","0"
"2017","8 point(s)","Quintile 2","All","All","10","10"," ","0"
"2018","8 point(s)","Quintile 2","All","All","5","5"," ","0"
"2019","8 point(s)","Quintile 2","All","All","5","5"," ","0"
"2020","8 point(s)","Quintile 2","All","All","10","10","0.909","0"
"2021","8 point(s)","Quintile 2","All","All","5","5"," ","0"
"2022","8 point(s)","Quintile 2","All","All","10","5"," ","0"
"2023","8 point(s)","Quintile 2","All","All","10","5"," ","0"
"2010","9 point(s)","Quintile 2","All","All","20","20","0.9470000000000001","0"
"2011","9 point(s)","Quintile 2","All","All","15","10","0.923","0"
"2012","9 point(s)","Quintile 2","All","All","25","25","0.852","0"
"2013","9 point(s)","Quintile 2","All","All","20","20","0.9470000000000001","0"
"2014","9 point(s)","Quintile 2","All","All","20","20","0.9520000000000001","0"
"2015","9 point(s)","Quintile 2","All","All","15","10"," ","0"
"2016","9 point(s)","Quintile 2","All","All","25","20","0.88","0"
"2017","9 point(s)","Quintile 2","All","All","15","15","0.933","0"
"2018","9 point(s)","Quintile 2","All","All","25","20","0.87","0"
"2019","9 point(s)","Quintile 2","All","All","25","25","0.885","0"
"2020","9 point(s)","Quintile 2","All","All","20","20","0.9","0"
"2021","9 point(s)","Quintile 2","All","All","15","15","1","0"
"2022","9 point(s)","Quintile 2","All","All","10","10","1","0"
"2023","9 point(s)","Quintile 2","All","All","35","35","0.972","0"
"2010","10 point(s)","Quintile 2","All","All","15","15","0.929","0"
"2011","10 point(s)","Quintile 2","All","All","20","20","0.9520000000000001","0"
"2012","10 point(s)","Quintile 2","All","All","20","15","0.85","0"
"2013","10 point(s)","Quintile 2","All","All","20","20","0.9470000000000001","0"
"2014","10 point(s)","Quintile 2","All","All","20","20","0.905","0"
"2015","10 point(s)","Quintile 2","All","All","20","20","0.9520000000000001","0"
"2016","10 point(s)","Quintile 2","All","All","25","20","0.9570000000000001","0"
"2017","10 point(s)","Quintile 2","All","All","10","10"," ","0"
"2018","10 point(s)","Quintile 2","All","All","30","30","0.903","0"
"2019","10 point(s)","Quintile 2","All","All","25","25","1","0"
"2020","10 point(s)","Quintile 2","All","All","20","20","0.9","0"
"2021","10 point(s)","Quintile 2","All","All","20","20","0.9520000000000001","0"
"2022","10 point(s)","Quintile 2","All","All","25","25","0.96","0"
"2023","10 point(s)","Quintile 2","All","All","30","30","0.967","0"
"2010","11 point(s)","Quintile 2","All","All","15","15","0.9380000000000001","0"
"2011","11 point(s)","Quintile 2","All","All","20","15","0.889","0"
"2012","11 point(s)","Quintile 2","All","All","15","15","0.8130000000000001","0"
"2013","11 point(s)","Quintile 2","All","All","20","20","0.9500000000000001","0"
"2014","11 point(s)","Quintile 2","All","All","20","20","1","0"
"2015","11 point(s)","Quintile 2","All","All","20","20","0.9470000000000001","0"
"2016","11 point(s)","Quintile 2","All","All","20","15","0.85","0"
"2017","11 point(s)","Quintile 2","All","All","25","20","0.87","0"
"2018","11 point(s)","Quintile 2","All","All","20","15","0.9440000000000001","0"
"2019","11 point(s)","Quintile 2","All","All","30","25","0.931","0"
"2020","11 point(s)","Quintile 2","All","All","30","25","0.931","0"
"2021","11 point(s)","Quintile 2","All","All","35","35","0.917","0"
"2022","11 point(s)","Quintile 2","All","All","25","25","0.926","0"
"2023","11 point(s)","Quintile 2","All","All","15","15","0.9410000000000001","0"
"2010","12 point(s)","Quintile 2","All","All","40","40","0.929","0"
"2011","12 point(s)","Quintile 2","All","All","30","30","0.9380000000000001","0"
"2012","12 point(s)","Quintile 2","All","All","50","50","1","0"
"2013","12 point(s)","Quintile 2","All","All","50","50","0.96","0"
"2014","12 point(s)","Quintile 2","All","All","45","45","0.979","0"
"2015","12 point(s)","Quintile 2","All","All","50","50","0.96","0"
"2016","12 point(s)","Quintile 2","All","All","65","60","0.9390000000000001","0"
"2017","12 point(s)","Quintile 2","All","All","55","50","0.909","0"
"2018","12 point(s)","Quintile 2","All","All","85","75","0.906","0"
"2019","12 point(s)","Quintile 2","All","All","75","70","0.932","0"
"2020","12 point(s)","Quintile 2","All","All","75","70","0.933","0"
"2021","12 point(s)","Quintile 2","All","All","70","70","0.9440000000000001","0"
"2022","12 point(s)","Quintile 2","All","All","110","100","0.909","0"
"2023","12 point(s)","Quintile 2","All","All","90","90","0.989","0"
"2023","5 point(s)","Quintile 3","All","All","5","0"," ","0"
"2012","6 point(s)","Quintile 3","All","All","5","5"," ","0"
"2013","6 point(s)","Quintile 3","All","All","5","5"," ","0"
"2014","6 point(s)","Quintile 3","All","All","5","5"," ","0"
"2016","6 point(s)","Quintile 3","All","All","5","0"," ","0"
"2019","6 point(s)","Quintile 3","All","All","5","0"," ","0"
"2020","6 point(s)","Quintile 3","All","All","5","5"," ","0"
"2021","6 point(s)","Quintile 3","All","All","5","5"," ","0"
"2022","6 point(s)","Quintile 3","All","All","5","5"," ","0"
"2023","6 point(s)","Quintile 3","All","All","5","5"," ","0"
"2010","7 point(s)","Quintile 3","All","All","10","10"," ","0"
"2011","7 point(s)","Quintile 3","All","All","10","5"," ","0"
"2012","7 point(s)","Quintile 3","All","All","5","5"," ","0"
"2013","7 point(s)","Quintile 3","All","All","10","10","0.917","0"
"2014","7 point(s)","Quintile 3","All","All","10","10"," ","0"
"2015","7 point(s)","Quintile 3","All","All","5","5"," ","0"
"2018","7 point(s)","Quintile 3","All","All","5","0"," ","0"
"2019","7 point(s)","Quintile 3","All","All","5","5"," ","0"
"2020","7 point(s)","Quintile 3","All","All","5","5"," ","0"
"2021","7 point(s)","Quintile 3","All","All","5","5"," ","0"
"2022","7 point(s)","Quintile 3","All","All","10","5"," ","0"
"2023","7 point(s)","Quintile 3","All","All","5","5"," ","0"
"2010","8 point(s)","Quintile 3","All","All","25","20","0.833","0"
"2011","8 point(s)","Quintile 3","All","All","15","15","0.882","0"
"2012","8 point(s)","Quintile 3","All","All","30","25","0.719","0"
"2013","8 point(s)","Quintile 3","All","All","20","20","0.864","0"
"2014","8 point(s)","Quintile 3","All","All","20","15","0.889","0"
"2015","8 point(s)","Quintile 3","All","All","10","10"," ","0"
"2016","8 point(s)","Quintile 3","All","All","20","15","0.737","0"
"2017","8 point(s)","Quintile 3","All","All","15","15","0.8240000000000001","0"
"2018","8 point(s)","Quintile 3","All","All","15","10","0.769","0"
"2019","8 point(s)","Quintile 3","All","All","15","15","0.882","0"
"2020","8 point(s)","Quintile 3","All","All","10","10"," ","0"
"2021","8 point(s)","Quintile 3","All","All","10","10"," ","0"
"2022","8 point(s)","Quintile 3","All","All","20","15","0.833","0"
"2023","8 point(s)","Quintile 3","All","All","10","10"," ","0"
"2010","9 point(s)","Quintile 3","All","All","35","30","0.909","0"
"2011","9 point(s)","Quintile 3","All","All","30","25","0.964","0"
"2012","9 point(s)","Quintile 3","All","All","30","25","0.9","0"
"2013","9 point(s)","Quintile 3","All","All","40","35","0.902","0"
"2014","9 point(s)","Quintile 3","All","All","45","40","0.884","0"
"2015","9 point(s)","Quintile 3","All","All","35","35","0.892","0"
"2016","9 point(s)","Quintile 3","All","All","35","30","0.833","0"
"2017","9 point(s)","Quintile 3","All","All","40","35","0.9490000000000001","0"
"2018","9 point(s)","Quintile 3","All","All","35","35","0.919","0"
"2019","9 point(s)","Quintile 3","All","All","45","40","0.93","0"
"2020","9 point(s)","Quintile 3","All","All","30","30","0.966","0"
"2021","9 point(s)","Quintile 3","All","All","20","20","0.8180000000000001","0"
"2022","9 point(s)","Quintile 3","All","All","25","20","0.833","0"
"2023","9 point(s)","Quintile 3","All","All","25","25","0.962","0"
"2010","10 point(s)","Quintile 3","All","All","40","40","0.905","0"
"2011","10 point(s)","Quintile 3","All","All","45","40","0.932","0"
"2012","10 point(s)","Quintile 3","All","All","30","25","0.839","0"
"2013","10 point(s)","Quintile 3","All","All","40","35","0.9490000000000001","0"
"2014","10 point(s)","Quintile 3","All","All","55","50","0.925","0"
"2015","10 point(s)","Quintile 3","All","All","45","40","0.911","0"
"2016","10 point(s)","Quintile 3","All","All","35","30","0.882","0"
"2017","10 point(s)","Quintile 3","All","All","35","30","0.9390000000000001","0"
"2018","10 point(s)","Quintile 3","All","All","30","25","0.75","0"
"2019","10 point(s)","Quintile 3","All","All","40","35","0.857","0"
"2020","10 point(s)","Quintile 3","All","All","50","50","0.923","0"
"2021","10 point(s)","Quintile 3","All","All","45","45","0.915","0"
"2022","10 point(s)","Quintile 3","All","All","40","40","0.976","0"
"2023","10 point(s)","Quintile 3","All","All","60","55","0.9480000000000001","0"
"2010","11 point(s)","Quintile 3","All","All","35","35","0.971","0"
"2011","11 point(s)","Quintile 3","All","All","40","35","0.925","0"
"2012","11 point(s)","Quintile 3","All","All","45","40","0.891","0"
"2013","11 point(s)","Quintile 3","All","All","40","40","0.927","0"
"2014","11 point(s)","Quintile 3","All","All","30","30","0.906","0"
"2015","11 point(s)","Quintile 3","All","All","45","40","0.977","0"
"2016","11 point(s)","Quintile 3","All","All","45","45","0.915","0"
"2017","11 point(s)","Quintile 3","All","All","50","45","0.922","0"
"2018","11 point(s)","Quintile 3","All","All","40","40","0.9520000000000001","0"
"2019","11 point(s)","Quintile 3","All","All","40","40","0.9500000000000001","0"
"2020","11 point(s)","Quintile 3","All","All","45","40","0.9550000000000001","0"
"2021","11 point(s)","Quintile 3","All","All","60","55","0.9500000000000001","0"
"2022","11 point(s)","Quintile 3","All","All","60","55","0.887","0"
"2023","11 point(s)","Quintile 3","All","All","60","60","0.968","0"
"2010","12 point(s)","Quintile 3","All","All","75","65","0.877","0"
"2011","12 point(s)","Quintile 3","All","All","95","90","0.9380000000000001","0"
"2012","12 point(s)","Quintile 3","All","All","95","90","0.9580000000000001","0"
"2013","12 point(s)","Quintile 3","All","All","95","90","0.9380000000000001","0"
"2014","12 point(s)","Quintile 3","All","All","115","100","0.868","0"
"2015","12 point(s)","Quintile 3","All","All","125","115","0.913","0"
"2016","12 point(s)","Quintile 3","All","All","135","125","0.927","0"
"2017","12 point(s)","Quintile 3","All","All","125","120","0.9520000000000001","0"
"2018","12 point(s)","Quintile 3","All","All","155","145","0.9420000000000001","0"
"2019","12 point(s)","Quintile 3","All","All","145","140","0.9590000000000001","0"
"2020","12 point(s)","Quintile 3","All","All","145","130","0.904","0"
"2021","12 point(s)","Quintile 3","All","All","180","160","0.905","0"
"2022","12 point(s)","Quintile 3","All","All","215","195","0.902","0"
"2023","12 point(s)","Quintile 3","All","All","195","190","0.969","0"
"2010","6 point(s)","Quintile 4","All","All","10","10"," ","0"
"2011","6 point(s)","Quintile 4","All","All","5","5"," ","0"
"2012","6 point(s)","Quintile 4","All","All","5","5"," ","0"
"2013","6 point(s)","Quintile 4","All","All","5","0"," ","0"
"2014","6 point(s)","Quintile 4","All","All","5","0"," ","0"
"2015","6 point(s)","Quintile 4","All","All","5","5"," ","0"
"2017","6 point(s)","Quintile 4","All","All","5","0"," ","0"
"2018","6 point(s)","Quintile 4","All","All","5","5"," ","0"
"2019","6 point(s)","Quintile 4","All","All","5","0"," ","0"
"2020","6 point(s)","Quintile 4","All","All","5","5"," ","0"
"2021","6 point(s)","Quintile 4","All","All","5","5"," ","0"
"2022","6 point(s)","Quintile 4","All","All","5","5"," ","0"
"2023","6 point(s)","Quintile 4","All","All","5","5"," ","0"
"2010","7 point(s)","Quintile 4","All","All","15","15","1","0"
"2011","7 point(s)","Quintile 4","All","All","20","15","0.722","0"
"2012","7 point(s)","Quintile 4","All","All","10","10","0.917","0"
"2013","7 point(s)","Quintile 4","All","All","15","15","0.867","0"
"2014","7 point(s)","Quintile 4","All","All","15","15","0.8130000000000001","0"
"2015","7 point(s)","Quintile 4","All","All","15","10","0.769","0"
"2016","7 point(s)","Quintile 4","All","All","10","10","0.917","0"
"2017","7 point(s)","Quintile 4","All","All","10","5"," ","0"
"2018","7 point(s)","Quintile 4","All","All","5","5"," ","0"
"2019","7 point(s)","Quintile 4","All","All","5","5"," ","0"
"2022","7 point(s)","Quintile 4","All","All","5","5"," ","0"
"2023","7 point(s)","Quintile 4","All","All","10","10"," ","0"
"2010","8 point(s)","Quintile 4","All","All","25","25","0.885","0"
"2011","8 point(s)","Quintile 4","All","All","30","25","0.862","0"
"2012","8 point(s)","Quintile 4","All","All","30","25","0.8280000000000001","0"
"2013","8 point(s)","Quintile 4","All","All","30","25","0.931","0"
"2014","8 point(s)","Quintile 4","All","All","15","15","0.9380000000000001","0"
"2015","8 point(s)","Quintile 4","All","All","20","20","0.9520000000000001","0"
"2016","8 point(s)","Quintile 4","All","All","15","15","0.882","0"
"2017","8 point(s)","Quintile 4","All","All","10","10","0.833","0"
"2018","8 point(s)","Quintile 4","All","All","15","15","0.929","0"
"2019","8 point(s)","Quintile 4","All","All","20","15","0.889","0"
"2020","8 point(s)","Quintile 4","All","All","15","15","0.929","0"
"2021","8 point(s)","Quintile 4","All","All","20","15","0.778","0"
"2022","8 point(s)","Quintile 4","All","All","20","20","1","0"
"2023","8 point(s)","Quintile 4","All","All","25","20","0.8","0"
"2010","9 point(s)","Quintile 4","All","All","50","45","0.88","0"
"2011","9 point(s)","Quintile 4","All","All","60","50","0.879","0"
"2012","9 point(s)","Quintile 4","All","All","50","45","0.8270000000000001","0"
"2013","9 point(s)","Quintile 4","All","All","45","40","0.851","0"
"2014","9 point(s)","Quintile 4","All","All","45","40","0.891","0"
"2015","9 point(s)","Quintile 4","All","All","55","50","0.857","0"
"2016","9 point(s)","Quintile 4","All","All","50","45","0.904","0"
"2017","9 point(s)","Quintile 4","All","All","45","35","0.8","0"
"2018","9 point(s)","Quintile 4","All","All","50","45","0.863","0"
"2019","9 point(s)","Quintile 4","All","All","50","45","0.9390000000000001","0"
"2020","9 point(s)","Quintile 4","All","All","35","35","1","0"
"2021","9 point(s)","Quintile 4","All","All","35","30","0.912","0"
"2022","9 point(s)","Quintile 4","All","All","35","35","0.892","0"
"2023","9 point(s)","Quintile 4","All","All","45","40","0.907","0"
"2010","10 point(s)","Quintile 4","All","All","70","65","0.913","0"
"2011","10 point(s)","Quintile 4","All","All","60","60","0.967","0"
"2012","10 point(s)","Quintile 4","All","All","65","60","0.894","0"
"2013","10 point(s)","Quintile 4","All","All","70","65","0.9","0"
"2014","10 point(s)","Quintile 4","All","All","75","70","0.933","0"
"2015","10 point(s)","Quintile 4","All","All","70","65","0.903","0"
"2016","10 point(s)","Quintile 4","All","All","50","50","0.962","0"
"2017","10 point(s)","Quintile 4","All","All","70","65","0.928","0"
"2018","10 point(s)","Quintile 4","All","All","60","55","0.932","0"
"2019","10 point(s)","Quintile 4","All","All","45","40","0.864","0"
"2020","10 point(s)","Quintile 4","All","All","55","50","0.907","0"
"2021","10 point(s)","Quintile 4","All","All","50","45","0.8270000000000001","0"
"2022","10 point(s)","Quintile 4","All","All","65","60","0.881","0"
"2023","10 point(s)","Quintile 4","All","All","60","55","0.917","0"
"2010","11 point(s)","Quintile 4","All","All","70","70","0.986","0"
"2011","11 point(s)","Quintile 4","All","All","70","65","0.901","0"
"2012","11 point(s)","Quintile 4","All","All","70","65","0.903","0"
"2013","11 point(s)","Quintile 4","All","All","80","75","0.9500000000000001","0"
"2014","11 point(s)","Quintile 4","All","All","60","60","0.9510000000000001","0"
"2015","11 point(s)","Quintile 4","All","All","80","75","0.936","0"
"2016","11 point(s)","Quintile 4","All","All","100","90","0.929","0"
"2017","11 point(s)","Quintile 4","All","All","95","85","0.885","0"
"2018","11 point(s)","Quintile 4","All","All","85","85","0.9540000000000001","0"
"2019","11 point(s)","Quintile 4","All","All","60","55","0.918","0"
"2020","11 point(s)","Quintile 4","All","All","80","65","0.848","0"
"2021","11 point(s)","Quintile 4","All","All","85","75","0.905","0"
"2022","11 point(s)","Quintile 4","All","All","85","80","0.9530000000000001","0"
"2023","11 point(s)","Quintile 4","All","All","100","95","0.9500000000000001","0"
"2010","12 point(s)","Quintile 4","All","All","145","135","0.918","0"
"2011","12 point(s)","Quintile 4","All","All","170","155","0.906","0"
"2012","12 point(s)","Quintile 4","All","All","170","165","0.9590000000000001","0"
"2013","12 point(s)","Quintile 4","All","All","180","165","0.912","0"
"2014","12 point(s)","Quintile 4","All","All","225","215","0.9510000000000001","0"
"2015","12 point(s)","Quintile 4","All","All","220","200","0.913","0"
"2016","12 point(s)","Quintile 4","All","All","210","195","0.9380000000000001","0"
"2017","12 point(s)","Quintile 4","All","All","230","215","0.9390000000000001","0"
"2018","12 point(s)","Quintile 4","All","All","240","225","0.9410000000000001","0"
"2019","12 point(s)","Quintile 4","All","All","220","205","0.928","0"
"2020","12 point(s)","Quintile 4","All","All","255","230","0.917","0"
"2021","12 point(s)","Quintile 4","All","All","280","255","0.911","0"
"2022","12 point(s)","Quintile 4","All","All","310","285","0.926","0"
"2023","12 point(s)","Quintile 4","All","All","365","345","0.9480000000000001","0"
"2012","5 point(s)","Quintile 5","All","All","5","5"," ","0"
"2010","6 point(s)","Quintile 5","All","All","10","5"," ","0"
"2011","6 point(s)","Quintile 5","All","All","15","10","0.857","0"
"2012","6 point(s)","Quintile 5","All","All","10","10"," ","0"
"2013","6 point(s)","Quintile 5","All","All","10","5"," ","0"
"2014","6 point(s)","Quintile 5","All","All","5","5"," ","0"
"2015","6 point(s)","Quintile 5","All","All","10","10"," ","0"
"2016","6 point(s)","Quintile 5","All","All","5","5"," ","0"
"2017","6 point(s)","Quintile 5","All","All","5","5"," ","0"
"2018","6 point(s)","Quintile 5","All","All","5","5"," ","0"
"2019","6 point(s)","Quintile 5","All","All","5","5"," ","0"
"2020","6 point(s)","Quintile 5","All","All","5","5"," ","0"
"2021","6 point(s)","Quintile 5","All","All","5","0"," ","0"
"2022","6 point(s)","Quintile 5","All","All","5","5"," ","0"
"2023","6 point(s)","Quintile 5","All","All","5","5"," ","0"
"2010","7 point(s)","Quintile 5","All","All","30","30","0.906","0"
"2011","7 point(s)","Quintile 5","All","All","25","20","0.84","0"
"2012","7 point(s)","Quintile 5","All","All","20","15","0.667","0"
"2013","7 point(s)","Quintile 5","All","All","25","20","0.8260000000000001","0"
"2014","7 point(s)","Quintile 5","All","All","20","20","0.9500000000000001","0"
"2015","7 point(s)","Quintile 5","All","All","15","15","0.9380000000000001","0"
"2016","7 point(s)","Quintile 5","All","All","15","10","0.8","0"
"2017","7 point(s)","Quintile 5","All","All","10","10","1","0"
"2018","7 point(s)","Quintile 5","All","All","10","10"," ","0"
"2019","7 point(s)","Quintile 5","All","All","5","5"," ","0"
"2020","7 point(s)","Quintile 5","All","All","10","10","1","0"
"2021","7 point(s)","Quintile 5","All","All","10","5"," ","0"
"2022","7 point(s)","Quintile 5","All","All","20","15","0.85","0"
"2023","7 point(s)","Quintile 5","All","All","10","10","1","0"
"2010","8 point(s)","Quintile 5","All","All","65","60","0.894","0"
"2011","8 point(s)","Quintile 5","All","All","60","60","0.9510000000000001","0"
"2012","8 point(s)","Quintile 5","All","All","40","35","0.875","0"
"2013","8 point(s)","Quintile 5","All","All","60","50","0.833","0"
"2014","8 point(s)","Quintile 5","All","All","35","30","0.861","0"
"2015","8 point(s)","Quintile 5","All","All","40","35","0.875","0"
"2016","8 point(s)","Quintile 5","All","All","40","40","0.9520000000000001","0"
"2017","8 point(s)","Quintile 5","All","All","15","15","0.875","0"
"2018","8 point(s)","Quintile 5","All","All","35","35","0.917","0"
"2019","8 point(s)","Quintile 5","All","All","30","25","0.929","0"
"2020","8 point(s)","Quintile 5","All","All","20","20","0.9520000000000001","0"
"2021","8 point(s)","Quintile 5","All","All","30","25","0.806","0"
"2022","8 point(s)","Quintile 5","All","All","30","25","0.8280000000000001","0"
"2023","8 point(s)","Quintile 5","All","All","25","25","0.923","0"
"2010","9 point(s)","Quintile 5","All","All","120","115","0.926","0"
"2011","9 point(s)","Quintile 5","All","All","120","105","0.881","0"
"2012","9 point(s)","Quintile 5","All","All","120","110","0.885","0"
"2013","9 point(s)","Quintile 5","All","All","120","110","0.908","0"
"2014","9 point(s)","Quintile 5","All","All","85","75","0.905","0"
"2015","9 point(s)","Quintile 5","All","All","130","120","0.901","0"
"2016","9 point(s)","Quintile 5","All","All","105","95","0.915","0"
"2017","9 point(s)","Quintile 5","All","All","95","85","0.904","0"
"2018","9 point(s)","Quintile 5","All","All","90","80","0.921","0"
"2019","9 point(s)","Quintile 5","All","All","105","100","0.9530000000000001","0"
"2020","9 point(s)","Quintile 5","All","All","85","80","0.9520000000000001","0"
"2021","9 point(s)","Quintile 5","All","All","85","75","0.86","0"
"2022","9 point(s)","Quintile 5","All","All","70","70","0.972","0"
"2023","9 point(s)","Quintile 5","All","All","90","75","0.875","0"
"2010","10 point(s)","Quintile 5","All","All","155","140","0.916","0"
"2011","10 point(s)","Quintile 5","All","All","170","155","0.923","0"
"2012","10 point(s)","Quintile 5","All","All","160","140","0.892","0"
"2013","10 point(s)","Quintile 5","All","All","155","140","0.915","0"
"2014","10 point(s)","Quintile 5","All","All","160","150","0.9490000000000001","0"
"2015","10 point(s)","Quintile 5","All","All","150","140","0.934","0"
"2016","10 point(s)","Quintile 5","All","All","140","130","0.936","0"
"2017","10 point(s)","Quintile 5","All","All","130","120","0.93","0"
"2018","10 point(s)","Quintile 5","All","All","105","100","0.934","0"
"2019","10 point(s)","Quintile 5","All","All","130","120","0.922","0"
"2020","10 point(s)","Quintile 5","All","All","130","125","0.962","0"
"2021","10 point(s)","Quintile 5","All","All","125","110","0.894","0"
"2022","10 point(s)","Quintile 5","All","All","115","105","0.915","0"
"2023","10 point(s)","Quintile 5","All","All","125","120","0.9440000000000001","0"
"2010","11 point(s)","Quintile 5","All","All","190","170","0.905","0"
"2011","11 point(s)","Quintile 5","All","All","210","195","0.925","0"
"2012","11 point(s)","Quintile 5","All","All","190","175","0.901","0"
"2013","11 point(s)","Quintile 5","All","All","220","205","0.928","0"
"2014","11 point(s)","Quintile 5","All","All","215","200","0.917","0"
"2015","11 point(s)","Quintile 5","All","All","230","215","0.93","0"
"2016","11 point(s)","Quintile 5","All","All","225","205","0.92","0"
"2017","11 point(s)","Quintile 5","All","All","185","170","0.918","0"
"2018","11 point(s)","Quintile 5","All","All","220","205","0.919","0"
"2019","11 point(s)","Quintile 5","All","All","165","155","0.934","0"
"2020","11 point(s)","Quintile 5","All","All","180","160","0.899","0"
"2021","11 point(s)","Quintile 5","All","All","185","175","0.925","0"
"2022","11 point(s)","Quintile 5","All","All","170","160","0.9470000000000001","0"
"2023","11 point(s)","Quintile 5","All","All","205","190","0.913","0"
"2010","12 point(s)","Quintile 5","All","All","640","585","0.92","0"
"2011","12 point(s)","Quintile 5","All","All","705","650","0.919","0"
"2012","12 point(s)","Quintile 5","All","All","710","635","0.897","0"
"2013","12 point(s)","Quintile 5","All","All","840","780","0.931","0"
"2014","12 point(s)","Quintile 5","All","All","810","730","0.904","0"
"2015","12 point(s)","Quintile 5","All","All","875","795","0.909","0"
"2016","12 point(s)","Quintile 5","All","All","880","805","0.913","0"
"2017","12 point(s)","Quintile 5","All","All","970","885","0.911","0"
"2018","12 point(s)","Quintile 5","All","All","970","890","0.919","0"
"2019","12 point(s)","Quintile 5","All","All","915","845","0.926","0"
"2020","12 point(s)","Quintile 5","All","All","935","870","0.927","0"
"2021","12 point(s)","Quintile 5","All","All","1210","1125","0.927","0"
"2022","12 point(s)","Quintile 5","All","All","1195","1090","0.911","0"
"2023","12 point(s)","Quintile 5","All","All","1250","1180","0.9460000000000001","0"
"2011","All","Unknown","All","All","5","5"," ","0"
"2013","All","Unknown","All","All","5","0"," ","0"
"2010","All","Quintile 1","All","All","40","35","0.921","0"
"2011","All","Quintile 1","All","All","35","35","0.973","0"
"2012","All","Quintile 1","All","All","50","45","0.917","0"
"2013","All","Quintile 1","All","All","40","35","0.857","0"
"2014","All","Quintile 1","All","All","35","35","0.9460000000000001","0"
"2015","All","Quintile 1","All","All","55","50","0.906","0"
"2016","All","Quintile 1","All","All","55","45","0.849","0"
"2017","All","Quintile 1","All","All","65","60","0.909","0"
"2018","All","Quintile 1","All","All","55","50","0.911","0"
"2019","All","Quintile 1","All","All","65","60","0.925","0"
"2020","All","Quintile 1","All","All","80","70","0.91","0"
"2021","All","Quintile 1","All","All","85","80","0.9520000000000001","0"
"2022","All","Quintile 1","All","All","125","115","0.9510000000000001","0"
"2023","All","Quintile 1","All","All","100","95","0.9410000000000001","0"
"2010","All","Quintile 2","All","All","115","105","0.93","0"
"2011","All","Quintile 2","All","All","100","90","0.909","0"
"2012","All","Quintile 2","All","All","125","110","0.911","0"
"2013","All","Quintile 2","All","All","125","120","0.9440000000000001","0"
"2014","All","Quintile 2","All","All","125","120","0.96","0"
"2015","All","Quintile 2","All","All","115","100","0.894","0"
"2016","All","Quintile 2","All","All","145","135","0.917","0"
"2017","All","Quintile 2","All","All","115","105","0.896","0"
"2018","All","Quintile 2","All","All","175","155","0.902","0"
"2019","All","Quintile 2","All","All","165","155","0.9390000000000001","0"
"2020","All","Quintile 2","All","All","155","145","0.924","0"
"2021","All","Quintile 2","All","All","160","150","0.9430000000000001","0"
"2022","All","Quintile 2","All","All","190","175","0.92","0"
"2023","All","Quintile 2","All","All","190","185","0.968","0"
"2010","All","Quintile 3","All","All","215","195","0.903","0"
"2011","All","Quintile 3","All","All","235","215","0.919","0"
"2012","All","Quintile 3","All","All","240","215","0.888","0"
"2013","All","Quintile 3","All","All","255","235","0.925","0"
"2014","All","Quintile 3","All","All","275","245","0.887","0"
"2015","All","Quintile 3","All","All","270","245","0.901","0"
"2016","All","Quintile 3","All","All","275","245","0.892","0"
"2017","All","Quintile 3","All","All","270","250","0.929","0"
"2018","All","Quintile 3","All","All","280","255","0.904","0"
"2019","All","Quintile 3","All","All","295","275","0.929","0"
"2020","All","Quintile 3","All","All","290","270","0.928","0"
"2021","All","Quintile 3","All","All","325","300","0.911","0"
"2022","All","Quintile 3","All","All","375","335","0.901","0"
"2023","All","Quintile 3","All","All","365","350","0.962","0"
"2010","All","Quintile 4","All","All","390","360","0.923","0"
"2011","All","Quintile 4","All","All","415","375","0.901","0"
"2012","All","Quintile 4","All","All","410","370","0.907","0"
"2013","All","Quintile 4","All","All","425","385","0.906","0"
"2014","All","Quintile 4","All","All","440","415","0.934","0"
"2015","All","Quintile 4","All","All","465","420","0.901","0"
"2016","All","Quintile 4","All","All","445","410","0.928","0"
"2017","All","Quintile 4","All","All","460","420","0.905","0"
"2018","All","Quintile 4","All","All","460","430","0.935","0"
"2019","All","Quintile 4","All","All","405","370","0.914","0"
"2020","All","Quintile 4","All","All","440","405","0.912","0"
"2021","All","Quintile 4","All","All","475","425","0.897","0"
"2022","All","Quintile 4","All","All","525","490","0.926","0"
"2023","All","Quintile 4","All","All","605","565","0.937","0"
"2010","All","Quintile 5","All","All","1215","1110","0.914","0"
"2011","All","Quintile 5","All","All","1305","1195","0.916","0"
"2012","All","Quintile 5","All","All","1255","1120","0.892","0"
"2013","All","Quintile 5","All","All","1425","1310","0.921","0"
"2014","All","Quintile 5","All","All","1330","1210","0.911","0"
"2015","All","Quintile 5","All","All","1455","1330","0.913","0"
"2016","All","Quintile 5","All","All","1415","1295","0.915","0"
"2017","All","Quintile 5","All","All","1410","1290","0.913","0"
"2018","All","Quintile 5","All","All","1435","1320","0.919","0"
"2019","All","Quintile 5","All","All","1355","1255","0.926","0"
"2020","All","Quintile 5","All","All","1370","1275","0.929","0"
"2021","All","Quintile 5","All","All","1650","1515","0.916","0"
"2022","All","Quintile 5","All","All","1610","1475","0.916","0"
"2023","All","Quintile 5","All","All","1715","1610","0.9390000000000001","0"
"2012","5 point(s)","All","All","All","5","5"," ","0"
"2015","5 point(s)","All","All","All","5","0"," ","0"
"2019","5 point(s)","All","All","All","5","5"," ","0"
"2021","5 point(s)","All","All","All","5","0"," ","0"
"2022","5 point(s)","All","All","All","5","5"," ","0"
"2023","5 point(s)","All","All","All","5","5"," ","0"
"2010","6 point(s)","All","All","All","25","20","0.769","0"
"2011","6 point(s)","All","All","All","25","20","0.87","0"
"2012","6 point(s)","All","All","All","20","15","0.762","0"
"2013","6 point(s)","All","All","All","20","15","0.833","0"
"2014","6 point(s)","All","All","All","20","15","0.778","0"
"2015","6 point(s)","All","All","All","20","15","0.65","0"
"2016","6 point(s)","All","All","All","10","5"," ","0"
"2017","6 point(s)","All","All","All","15","10"," ","0"
"2018","6 point(s)","All","All","All","10","10"," ","0"
"2019","6 point(s)","All","All","All","15","10"," ","0"
"2020","6 point(s)","All","All","All","15","15","0.9410000000000001","0"
"2021","6 point(s)","All","All","All","15","10","0.846","0"
"2022","6 point(s)","All","All","All","15","15","1","0"
"2023","6 point(s)","All","All","All","15","15","0.929","0"
"2010","7 point(s)","All","All","All","60","60","0.9520000000000001","0"
"2011","7 point(s)","All","All","All","60","45","0.776","0"
"2012","7 point(s)","All","All","All","40","35","0.805","0"
"2013","7 point(s)","All","All","All","55","50","0.877","0"
"2014","7 point(s)","All","All","All","50","45","0.863","0"
"2015","7 point(s)","All","All","All","40","35","0.868","0"
"2016","7 point(s)","All","All","All","30","25","0.833","0"
"2017","7 point(s)","All","All","All","30","20","0.786","0"
"2018","7 point(s)","All","All","All","30","25","0.793","0"
"2019","7 point(s)","All","All","All","30","25","0.8","0"
"2020","7 point(s)","All","All","All","20","20","1","0"
"2021","7 point(s)","All","All","All","25","20","0.917","0"
"2022","7 point(s)","All","All","All","40","35","0.9","0"
"2023","7 point(s)","All","All","All","40","35","0.921","0"
"2010","8 point(s)","All","All","All","135","120","0.882","0"
"2011","8 point(s)","All","All","All","115","105","0.915","0"
"2012","8 point(s)","All","All","All","115","95","0.8230000000000001","0"
"2013","8 point(s)","All","All","All","120","105","0.861","0"
"2014","8 point(s)","All","All","All","80","75","0.901","0"
"2015","8 point(s)","All","All","All","80","70","0.864","0"
"2016","8 point(s)","All","All","All","90","80","0.89","0"
"2017","8 point(s)","All","All","All","55","50","0.86","0"
"2018","8 point(s)","All","All","All","70","65","0.901","0"
"2019","8 point(s)","All","All","All","75","70","0.919","0"
"2020","8 point(s)","All","All","All","60","55","0.933","0"
"2021","8 point(s)","All","All","All","70","60","0.853","0"
"2022","8 point(s)","All","All","All","80","70","0.863","0"
"2023","8 point(s)","All","All","All","70","60","0.859","0"
"2010","9 point(s)","All","All","All","230","215","0.918","0"
"2011","9 point(s)","All","All","All","225","200","0.897","0"
"2012","9 point(s)","All","All","All","240","205","0.866","0"
"2013","9 point(s)","All","All","All","235","210","0.894","0"
"2014","9 point(s)","All","All","All","195","175","0.903","0"
"2015","9 point(s)","All","All","All","250","215","0.871","0"
"2016","9 point(s)","All","All","All","230","205","0.895","0"
"2017","9 point(s)","All","All","All","200","180","0.89","0"
"2018","9 point(s)","All","All","All","210","190","0.9","0"
"2019","9 point(s)","All","All","All","235","220","0.936","0"
"2020","9 point(s)","All","All","All","175","165","0.9540000000000001","0"
"2021","9 point(s)","All","All","All","170","145","0.875","0"
"2022","9 point(s)","All","All","All","155","145","0.935","0"
"2023","9 point(s)","All","All","All","200","185","0.915","0"
"2010","10 point(s)","All","All","All","290","265","0.913","0"
"2011","10 point(s)","All","All","All","305","285","0.9380000000000001","0"
"2012","10 point(s)","All","All","All","280","250","0.887","0"
"2013","10 point(s)","All","All","All","290","265","0.913","0"
"2014","10 point(s)","All","All","All","315","295","0.9390000000000001","0"
"2015","10 point(s)","All","All","All","295","270","0.922","0"
"2016","10 point(s)","All","All","All","255","240","0.934","0"
"2017","10 point(s)","All","All","All","250","230","0.932","0"
"2018","10 point(s)","All","All","All","240","220","0.908","0"
"2019","10 point(s)","All","All","All","250","225","0.907","0"
"2020","10 point(s)","All","All","All","270","250","0.9400000000000001","0"
"2021","10 point(s)","All","All","All","250","220","0.892","0"
"2022","10 point(s)","All","All","All","270","245","0.918","0"
"2023","10 point(s)","All","All","All","285","265","0.9430000000000001","0"
"2010","11 point(s)","All","All","All","315","295","0.933","0"
"2011","11 point(s)","All","All","All","350","320","0.914","0"
"2012","11 point(s)","All","All","All","330","295","0.897","0"
"2013","11 point(s)","All","All","All","370","345","0.935","0"
"2014","11 point(s)","All","All","All","335","310","0.928","0"
"2015","11 point(s)","All","All","All","385","360","0.935","0"
"2016","11 point(s)","All","All","All","400","370","0.918","0"
"2017","11 point(s)","All","All","All","365","330","0.909","0"
"2018","11 point(s)","All","All","All","375","345","0.928","0"
"2019","11 point(s)","All","All","All","305","285","0.932","0"
"2020","11 point(s)","All","All","All","345","310","0.893","0"
"2021","11 point(s)","All","All","All","385","355","0.927","0"
"2022","11 point(s)","All","All","All","370","350","0.9380000000000001","0"
"2023","11 point(s)","All","All","All","400","375","0.935","0"
"2010","12 point(s)","All","All","All","910","835","0.917","0"
"2011","12 point(s)","All","All","All","1020","940","0.921","0"
"2012","12 point(s)","All","All","All","1045","965","0.92","0"
"2013","12 point(s)","All","All","All","1180","1095","0.928","0"
"2014","12 point(s)","All","All","All","1215","1110","0.914","0"
"2015","12 point(s)","All","All","All","1290","1175","0.912","0"
"2016","12 point(s)","All","All","All","1315","1205","0.918","0"
"2017","12 point(s)","All","All","All","1410","1300","0.921","0"
"2018","12 point(s)","All","All","All","1475","1365","0.925","0"
"2019","12 point(s)","All","All","All","1380","1285","0.93","0"
"2020","12 point(s)","All","All","All","1450","1340","0.924","0"
"2021","12 point(s)","All","All","All","1790","1650","0.923","0"
"2022","12 point(s)","All","All","All","1890","1725","0.914","0"
"2023","12 point(s)","All","All","All","1955","1865","0.9520000000000001","0"
"2010","All","All","All","All","1975","1810","0.916","0"
"2011","All","All","All","All","2095","1915","0.914","0"
"2012","All","All","All","All","2080","1865","0.897","0"
"2013","All","All","All","All","2275","2090","0.918","0"
"2014","All","All","All","All","2210","2025","0.916","0"
"2015","All","All","All","All","2360","2140","0.908","0"
"2016","All","All","All","All","2335","2130","0.913","0"
"2017","All","All","All","All","2325","2120","0.912","0"
"2018","All","All","All","All","2410","2210","0.919","0"
"2019","All","All","All","All","2290","2120","0.925","0"
"2020","All","All","All","All","2340","2160","0.925","0"
"2021","All","All","All","All","2700","2470","0.915","0"
"2022","All","All","All","All","2825","2590","0.917","0"
"2023","All","All","All","All","2975","2805","0.9430000000000001","0"